Waktu Update,Ticker,Broksum,Kategori,Valuasi,PER (x),PBV (x),Open,High,Low,Harga (Rp),Harga MA20,Support,Resistance,Change (%),Volume,Vol Breakout,RSI (14D),Momentum,MA Signal,MA Cross,MACD,"Trend MA (5,20,50)",Status Bandar,OBV Trend,Status Gap,Tekanan Bandar,Status BB,Risiko,Pola Candle,Posisi Entry,Likuiditas,Posisi VWAP,Kekuatan A/D,Kelas Transaksi,RVOL (Anomali Vol),Fase Siklus Bandar,Karakter Gorengan,Sinyal Cuci Barang,Streak Harian,Auto Trading Plan,Status Open,Risk/Reward Ratio,Status Stochastic,Status Sentimen,Kondisi Supply,Status Fibonacci,Total Score,Rekomendasi,Signal Quant,Score Quant,Alasan Sinyal,Status Akuisisi,Terakhir Update,Prediksi Machine Learning
13:41,AALI,Token Mati (Perlu Update),Big Cap (Lapis 1),Undervalued (Murah),8.831648,0.68772984,8600.0,8700.0,8500.0,8575.0,8091,7100,8700,-0.29069767441860467,596300,Normal,74,Negatif,Uptrend,Bullish,Strong Bullish,Perfect Uptrend (5>20>50),Normal,Distribusi (Turun),Normal,Seimbang / Adu Mekanik,Normal,Tinggi,Normal,Rawan Pucuk (High Risk),> 1 Miliar,Persis di VWAP,Akumulasi Pro (Smart Money),Ritel Aktif (5M - 50M),Sepi (< 50%),Mark-Up (Fase Pesta),Normal,Normal,Turun 1 Hari Beruntun,TP: 8896 | CL: 8360,Normal,Tidak Ideal (< 1:1),Overbought (Jenuh Beli - Rawan),Netral / Sepi Berita,Normal / Sedang Transisi,Mengambang (Jauh dari Fibo),4,WAIT & SEE,HOLD / NEUTRAL,-0.5,MA20 di atas MA50 (Uptrend) | RSI Overbought Pucuk (74.0),TIDAK ADA,2026-09-10 13:41:26,Biasa / Mengikuti Pasar
13:41,ABDA,Transaksi Sepi (Skip Broksum),Mid Cap (Lapis 2),Overvalued (Mahal),27.453016,1.7339071,5225.0,5225.0,5025.0,5025.0,4097,3800,5450,-3.3653846153846154,14500,Normal,85,Negatif,Uptrend,Bullish,Strong Bullish,Perfect Uptrend (5>20>50),Normal,Akumulasi (Naik),Normal,Dominan Jual (Guyur),Breakout Upper,Tinggi,Normal,Rawan Pucuk (High Risk),< 1 Miliar,Di Atas VWAP (Kuat),Distribusi Pro (Guyuran),Gorengan Sepi (< 5M),Sepi (< 50%),Mark-Up (Fase Pesta),Spesialis Tiang Jemuran (Banting Pucuk),Normal,Turun 1 Hari Beruntun,TP: 5495 | CL: 4711,Open = High (Tekanan Jual),Tidak Ideal (< 1:1),Death Cross (Awal Bearish),Netral / Sepi Berita,Supply Banjir (Distribusi) 🌊,Mendekati Fibo 23.6%,5,WAIT & SEE,HOLD / NEUTRAL,0.5,MA20 di atas MA50 (Uptrend) | RSI Overbought Pucuk (85.0) | Harga di atas VWAP Intraday,TIDAK ADA,2026-09-10 13:41:26,Biasa / Mengikuti Pasar
13:41,ABMM,Token Mati (Perlu Update),Mid Cap (Lapis 2),Overvalued (Mahal),5.4065104,9009.287,2950.0,2980.0,2900.0,2910.0,2761,2620,2980,-0.6825938566552902,564100,Tembus MA20,72,Negatif,Uptrend,Bullish,Strong Bullish,Perfect Uptrend (5>20>50),Normal,Akumulasi (Naik),Normal,Dominan Jual (Guyur),Normal,Sedang,Normal,Rawan Pucuk (High Risk),> 1 Miliar,Persis di VWAP,Akumulasi Pro (Smart Money),Gorengan Sepi (< 5M),Normal (50-150%),Mark-Up (Fase Pesta),Normal,Normal,Turun 1 Hari Beruntun,TP: 3010 | CL: 2842,Normal,Tidak Ideal (< 1:1),Death Cross (Awal Bearish),Netral / Sepi Berita,Normal / Sedang Transisi,Mendekati Fibo 23.6%,6,WAIT & SEE,HOLD / NEUTRAL,-0.5,MA20 di atas MA50 (Uptrend) | RSI Overbought Pucuk (72.0),TIDAK ADA,2026-09-10 13:41:26,Biasa / Mengikuti Pasar
13:41,ACES,Token Mati (Perlu Update),Mid Cap (Lapis 2),Undervalued (Murah),7.9749107,0.9576972,354.0,360.0,352.0,356.0,356,348,368,0.5649717514124294,10391200,Normal,51,Positif,Downtrend,Bearish,Bearish MACD,Konsolidasi / Transisi,Normal,Akumulasi (Naik),Normal,Seimbang / Adu Mekanik,Squeeze,Rendah,Normal,Dekat Support (Low Risk),> 1 Miliar,Persis di VWAP,Akumulasi Pro (Smart Money),Gorengan Sepi (< 5M),Normal (50-150%),Distribution (Fase Jualan),Solid (Jarang Dibanting),Normal,Naik 1 Hari Beruntun,TP: 367 | CL: 348,Normal,Menengah (1:1),Golden Cross (Awal Bullish),Netral / Sepi Berita,Normal / Sedang Transisi,Dekat Support Fibo 23.6%,3,WAIT & SEE,BUY,2.5,MA20 di atas MA50 (Uptrend) | Volatilitas Bollinger Squeeze (Siap Meledak),TIDAK ADA,2026-09-10 13:41:26,Biasa / Mengikuti Pasar
13:41,ACST,Transaksi Sepi (Skip Broksum),Mid Cap (Lapis 2),Fair Value (Wajar),0.0,-3.5605996,128.0,128.0,128.0,128.0,91,83,128,9.401709401709402,7298500,Tembus MA20,92,Positif,Uptrend,Bullish,Strong Bullish,Perfect Uptrend (5>20>50),Normal,Akumulasi (Naik),Gap Up (+9.4%),Tidak Ada Transaksi,Breakout Upper,Tinggi,Doji (Ragu-ragu),Rawan Pucuk (High Risk),< 1 Miliar,Di Atas VWAP (Kuat),Akumulasi Pro (Smart Money),Gorengan Sepi (< 5M),Ledakan Ekstrem (> 300%),Mark-Up (Fase Pesta),Normal,Normal,Naik 7 Hari Beruntun,TP: 133 | CL: 124,Normal,Tidak Ideal (< 1:1),Overbought (Jenuh Beli - Rawan),Netral / Sepi Berita,Normal / Sedang Transisi,Mengambang (Jauh dari Fibo),8,BELI,HOLD / NEUTRAL,0.6,MA20 di atas MA50 (Uptrend) | RSI Overbought Pucuk (92.0) | Harga di atas VWAP Intraday | Volume Lonjak 5.4x MA20,TIDAK ADA,2026-09-10 13:41:26,⚠️ Anomali (Sudah Terbang)
13:41,ADES,Transaksi Sepi (Skip Broksum),Big Cap (Lapis 1),Overvalued (Mahal),19.311516,5.2249775,31350.0,31350.0,31275.0,31275.0,32282,31275,33000,-0.1596169193934557,7400,Normal,37,Negatif,Downtrend,Bearish,Strong Bearish,Strong Downtrend (5<20<50),Normal,Distribusi (Turun),Normal,Dominan Jual (Guyur),Squeeze,Rendah,Normal,Dekat Support (Low Risk),< 1 Miliar,Persis di VWAP,Distribusi Pro (Guyuran),Gorengan Sepi (< 5M),Normal (50-150%),Mark-Down (Fase Runtuh),Solid (Jarang Dibanting),Normal,Turun 9 Hari Beruntun,TP: 31583 | CL: 31069,Open = High (Tekanan Jual),Di Area Support,Oversold (Jenuh Jual - Peluang),Netral / Sepi Berita,Normal / Sedang Transisi,Golden Rebound Fibo 50.0% 🎯,0,WAIT & SEE,HOLD / NEUTRAL,0.0,MA20 di bawah MA50 (Downtrend) | RSI Rebound Area Murah (37.0) | Volatilitas Bollinger Squeeze (Siap Meledak),TIDAK ADA,2026-09-10 13:41:26,Biasa / Mengikuti Pasar
13:41,AISA,Transaksi Sepi (Skip Broksum),Small Cap (Lapis 3),Undervalued (Murah),12.4203825,0.91719383,118.0,118.0,116.0,117.0,118,111,127,0.0,2116300,Normal,49,Negatif,Downtrend,Bearish,Bearish MACD,Konsolidasi / Transisi,Normal,Distribusi (Turun),Normal,Seimbang / Adu Mekanik,Squeeze,Rendah,Normal,Area Tengah,< 1 Miliar,Persis di VWAP,Distribusi Pro (Guyuran),Gorengan Sepi (< 5M),Sepi (< 50%),Distribution (Fase Jualan),Spesialis Tiang Jemuran (Banting Pucuk),Normal,Sideways / Stagnan,TP: 123 | CL: 112,Open = High (Tekanan Jual),Ideal (1:2),Golden Cross (Awal Bullish),Netral / Sepi Berita,Normal / Sedang Transisi,Dekat Support Fibo 50.0%,0,WAIT & SEE,BUY,2.5,MA20 di atas MA50 (Uptrend) | Volatilitas Bollinger Squeeze (Siap Meledak),TIDAK ADA,2026-09-10 13:41:26,Biasa / Mengikuti Pasar
13:41,AKPI,Transaksi Sepi (Skip Broksum),Small Cap (Lapis 3),Undervalued (Murah),3.873512,0.17393516,530.0,560.0,525.0,550.0,516,494,560,3.7735849056603774,307400,Normal,69,Positif,Uptrend,Bullish,Strong Bullish,Perfect Uptrend (5>20>50),Normal,Akumulasi (Naik),Normal,Dominan Beli (Hajar Kanan),Breakout Upper,Sedang,Normal,Rawan Pucuk (High Risk),< 1 Miliar,Di Atas VWAP (Kuat),Akumulasi Pro (Smart Money),Gorengan Sepi (< 5M),Normal (50-150%),Mark-Up (Fase Pesta),Normal,Normal,Naik 1 Hari Beruntun,TP: 577 | CL: 532,Normal,Tidak Ideal (< 1:1),Netral / Sideways,Netral / Sepi Berita,Normal / Sedang Transisi,Dekat Support Fibo 38.2%,7,BELI,BUY,2.0,MA20 di atas MA50 (Uptrend) | RSI Mendekati Jenuh Beli (69.0) | Harga di atas VWAP Intraday,TIDAK ADA,2026-09-10 13:41:26,Biasa / Mengikuti Pasar
13:41,AKRA,Token Mati (Perlu Update),Big Cap (Lapis 1),Fair Value (Wajar),10.95791,2.3072069,1550.0,1560.0,1495.0,1510.0,1417,1350,1560,-2.5806451612903225,18103200,Tembus MA20,63,Negatif,Uptrend,Bullish,Strong Bullish,Perfect Uptrend (5>20>50),Normal,Akumulasi (Naik),Normal,Dominan Jual (Guyur),Normal,Sedang,Normal,Rawan Pucuk (High Risk),> 1 Miliar,Di Atas VWAP (Kuat),Akumulasi Pro (Smart Money),Sultan (> 50M/hari),Normal (50-150%),Mark-Up (Fase Pesta),Normal,Normal,Turun 1 Hari Beruntun,TP: 1585 | CL: 1460,Normal,Tidak Ideal (< 1:1),Death Cross (Awal Bearish),Netral / Sepi Berita,Normal / Sedang Transisi,Mendekati Fibo 23.6%,6,WAIT & SEE,BUY,2.0,MA20 di atas MA50 (Uptrend) | RSI Mendekati Jenuh Beli (63.0) | Harga di atas VWAP Intraday,TIDAK ADA,2026-09-10 13:41:26,Biasa / Mengikuti Pasar
13:41,AKSI,Transaksi Sepi (Skip Broksum),Small Cap (Lapis 3),Undervalued (Murah),12.171182,1.3985761,312.0,316.0,294.0,310.0,254,218,340,-1.2738853503184715,1533900,Normal,68,Negatif,Uptrend,Bullish,Strong Bullish,Perfect Uptrend (5>20>50),Normal,Akumulasi (Naik),Normal,Dominan Beli (Hajar Kanan),Normal,Tinggi,Doji (Ragu-ragu),Rawan Pucuk (High Risk),< 1 Miliar,Di Atas VWAP (Kuat),Akumulasi Pro (Smart Money),Gorengan Sepi (< 5M),Normal (50-150%),Mark-Up (Fase Pesta),Spesialis Tiang Jemuran (Banting Pucuk),Jarum Bawah (Sinyal Pantulan Kuat),Turun 1 Hari Beruntun,TP: 354 | CL: 280,Normal,Tidak Ideal (< 1:1),Netral / Sideways,Netral / Sepi Berita,Supply Banjir (Distribusi) 🌊,Mendekati Fibo 23.6%,6,WAIT & SEE,BUY,2.0,MA20 di atas MA50 (Uptrend) | RSI Mendekati Jenuh Beli (68.0) | Harga di atas VWAP Intraday,TIDAK ADA,2026-09-10 13:41:26,Biasa / Mengikuti Pasar
13:41,ALDO,Transaksi Sepi (Skip Broksum),Mid Cap (Lapis 2),Overvalued (Mahal),28.327337,2.2981126,910.0,955.0,910.0,945.0,927,820,975,0.0,43000,Normal,62,Negatif,Uptrend,Bullish,Bearish MACD,Perfect Uptrend (5>20>50),Normal,Akumulasi (Naik),Gap Down (-3.7%),Dominan Beli (Hajar Kanan),Normal,Sedang,Normal,Rawan Pucuk (High Risk),< 1 Miliar,Persis di VWAP,Akumulasi Pro (Smart Money),Gorengan Sepi (< 5M),Normal (50-150%),Mark-Up (Fase Pesta),Normal,Normal,Sideways / Stagnan,TP: 1006 | CL: 904,Open = Low (Bullish Kuat),Tidak Ideal (< 1:1),Death Cross (Awal Bearish),Netral / Sepi Berita,Normal / Sedang Transisi,Mengambang (Jauh dari Fibo),5,WAIT & SEE,HOLD / NEUTRAL,1.0,MA20 di atas MA50 (Uptrend) | RSI Mendekati Jenuh Beli (62.0),TIDAK ADA,2026-09-10 13:41:26,Biasa / Mengikuti Pasar
13:41,ALKA,Transaksi Sepi (Skip Broksum),Mid Cap (Lapis 2),Overvalued (Mahal),131.35336,10.80176,4980.0,4980.0,4980.0,4980.0,4114,2290,5025,9.933774834437086,87100,Normal,76,Positif,Uptrend,Bullish,Bearish MACD,Perfect Uptrend (5>20>50),Normal,Akumulasi (Naik),Gap Up (+9.9%),Tidak Ada Transaksi,Normal,Tinggi,Doji (Ragu-ragu),Rawan Pucuk (High Risk),< 1 Miliar,Di Atas VWAP (Kuat),Akumulasi Pro (Smart Money),Gorengan Sepi (< 5M),Normal (50-150%),Mark-Up (Fase Pesta),Solid (Jarang Dibanting),Normal,Naik 3 Hari Beruntun,TP: 5211 | CL: 4825,Normal,Tidak Ideal (< 1:1),Netral / Sideways,Netral / Sepi Berita,Normal / Sedang Transisi,Mengambang (Jauh dari Fibo),6,WAIT & SEE,HOLD / NEUTRAL,0.5,MA20 di atas MA50 (Uptrend) | RSI Overbought Pucuk (76.0) | Harga di atas VWAP Intraday,TIDAK ADA,2026-09-10 13:41:26,Biasa / Mengikuti Pasar
13:41,AMAG,Transaksi Sepi (Skip Broksum),Mid Cap (Lapis 2),Undervalued (Murah),8.651059,0.89816475,388.0,390.0,386.0,388.0,389,372,390,0.0,59000,Normal,46,Negatif,Downtrend,Death Cross,Strong Bearish,Konsolidasi / Transisi,Normal,Distribusi (Turun),Normal,Seimbang / Adu Mekanik,Squeeze,Rendah,Doji (Ragu-ragu),Area Tengah,< 1 Miliar,Persis di VWAP,Akumulasi Pro (Smart Money),Gorengan Sepi (< 5M),Sepi (< 50%),Distribution (Fase Jualan),Solid (Jarang Dibanting),Normal,Sideways / Stagnan,TP: 394 | CL: 383,Normal,Tidak Ideal (< 1:1),Overbought (Jenuh Beli - Rawan),Netral / Sepi Berita,Normal / Sedang Transisi,Dekat Support Fibo 38.2%,0,WAIT & SEE,HOLD / NEUTRAL,-0.5,MA20 di bawah MA50 (Downtrend) | Volatilitas Bollinger Squeeze (Siap Meledak),TIDAK ADA,2026-09-10 13:41:26,Biasa / Mengikuti Pasar
13:41,AMFG,Transaksi Sepi (Skip Broksum),Mid Cap (Lapis 2),Undervalued (Murah),12.804245,0.30211645,3310.0,3330.0,3310.0,3330.0,3330,3260,3340,0.0,800,Normal,62,Negatif,Downtrend,Bearish,Bearish MACD,Konsolidasi / Transisi,Normal,Netral,Normal,Dominan Beli (Hajar Kanan),Squeeze,Rendah,Marubozu (Strong Bullish),Dekat Support (Low Risk),< 1 Miliar,Persis di VWAP,Akumulasi Pro (Smart Money),Gorengan Sepi (< 5M),Sepi (< 50%),Sideways,Solid (Jarang Dibanting),Normal,Sideways / Stagnan,TP: 3372 | CL: 3301,Open = Low (Bullish Kuat),Tidak Ideal (< 1:1),Overbought (Jenuh Beli - Rawan),Netral / Sepi Berita,Normal / Sedang Transisi,Mendekati Fibo 23.6%,2,WAIT & SEE,BUY,2.0,MA20 di atas MA50 (Uptrend) | RSI Mendekati Jenuh Beli (62.0) | Volatilitas Bollinger Squeeze (Siap Meledak),TIDAK ADA,2026-09-10 13:41:26,Biasa / Mengikuti Pasar
13:41,AMIN,Transaksi Sepi (Skip Broksum),Small Cap (Lapis 3),Fair Value (Wajar),0.0,1.3163813,244.0,246.0,238.0,242.0,242,230,300,-0.819672131147541,87000,Normal,48,Negatif,Downtrend,Golden Cross,Bullish MACD,Awal Reversal (5>20),Normal,Akumulasi (Naik),Normal,Seimbang / Adu Mekanik,Squeeze,Rendah,Normal,Area Tengah,< 1 Miliar,Persis di VWAP,Distribusi Pro (Guyuran),Gorengan Sepi (< 5M),Sepi (< 50%),Mark-Down (Fase Runtuh),Spesialis Tiang Jemuran (Banting Pucuk),Normal,Turun 1 Hari Beruntun,TP: 260 | CL: 229,Normal,Sangat Menarik (> 1:3),Oversold (Jenuh Jual - Peluang),Netral / Sepi Berita,Supply Kering (Siap Pump) 🏜️,Mendekati Fibo 78.6%,3,WAIT & SEE,HOLD / NEUTRAL,-0.5,MA20 di bawah MA50 (Downtrend) | Volatilitas Bollinger Squeeze (Siap Meledak),TIDAK ADA,2026-09-10 13:41:26,Biasa / Mengikuti Pasar
13:41,AMRT,Token Mati (Perlu Update),Big Cap (Lapis 1),Overvalued (Mahal),15.22017,3.0240421,1305.0,1320.0,1295.0,1305.0,1352,1290,1455,-0.38167938931297707,11003500,Normal,42,Negatif,Downtrend,Bearish,Strong Bearish,Strong Downtrend (5<20<50),Normal,Distribusi (Turun),Normal,Seimbang / Adu Mekanik,Normal,Sedang,Doji (Ragu-ragu),Dekat Support (Low Risk),> 1 Miliar,Persis di VWAP,Distribusi Pro (Guyuran),Ritel Aktif (5M - 50M),Sepi (< 50%),Mark-Down (Fase Runtuh),Spesialis Tiang Jemuran (Banting Pucuk),Normal,Turun 1 Hari Beruntun,TP: 1359 | CL: 1268,Normal,Sangat Menarik (> 1:3),Oversold (Jenuh Jual - Peluang),Netral / Sepi Berita,Normal / Sedang Transisi,Mendekati Fibo Bottom / 100%,0,WAIT & SEE,HOLD / NEUTRAL,-1.0,MA20 di bawah MA50 (Downtrend) | RSI Rebound Area Murah (42.0),TIDAK ADA,2026-09-10 13:41:26,Biasa / Mengikuti Pasar
13:41,ANJT,Transaksi Sepi (Skip Broksum),Mid Cap (Lapis 2),Fair Value (Wajar),0.0,1.2582645,1615.0,1615.0,1595.0,1595.0,1572,1475,1645,-0.9316770186335404,136700,Tembus MA20,60,Negatif,Uptrend,Bullish,Bearish MACD,Perfect Uptrend (5>20>50),Normal,Distribusi (Turun),Normal,Dominan Jual (Guyur),Normal,Sedang,Normal,Area Tengah,< 1 Miliar,Persis di VWAP,Distribusi Pro (Guyuran),Gorengan Sepi (< 5M),Normal (50-150%),Mark-Up (Fase Pesta),Spesialis Tiang Jemuran (Banting Pucuk),Normal,Turun 1 Hari Beruntun,TP: 1654 | CL: 1555,Open = High (Tekanan Jual),Tidak Ideal (< 1:1),Netral / Sideways,Netral / Sepi Berita,Normal / Sedang Transisi,Mendekati Fibo 23.6%,4,WAIT & SEE,HOLD / NEUTRAL,1.0,MA20 di atas MA50 (Uptrend) | RSI Mendekati Jenuh Beli (60.0),TIDAK ADA,2026-09-10 13:41:26,Biasa / Mengikuti Pasar
13:41,ANTM,Token Mati (Perlu Update),Big Cap (Lapis 1),Fair Value (Wajar),8.851468,2.1148615,3230.0,3330.0,3230.0,3270.0,3125,2970,3330,2.1875,160652200,Tembus MA20,63,Positif,Uptrend,Bullish,Strong Bullish,Perfect Uptrend (5>20>50),Normal,Akumulasi (Naik),Normal,Seimbang / Adu Mekanik,Breakout Upper,Sedang,Normal,Rawan Pucuk (High Risk),> 1 Miliar,Di Atas VWAP (Kuat),Akumulasi Pro (Smart Money),Sultan (> 50M/hari),Normal (50-150%),Mark-Up (Fase Pesta),Spesialis Tiang Jemuran (Banting Pucuk),Normal,Naik 2 Hari Beruntun,TP: 3392 | CL: 3188,Open = Low (Bullish Kuat),Tidak Ideal (< 1:1),Netral / Sideways,Netral / Sepi Berita,Normal / Sedang Transisi,Mendekati Fibo 23.6%,7,BELI,BUY,2.4,MA20 di atas MA50 (Uptrend) | RSI Mendekati Jenuh Beli (63.0) | Harga di atas VWAP Intraday | Volume Lonjak 1.6x MA20,TIDAK ADA,2026-09-10 13:41:26,Biasa / Mengikuti Pasar
13:41,APEX,Token Mati (Perlu Update),Small Cap (Lapis 3),Overvalued (Mahal),7.226428,10500.0,212.0,214.0,206.0,210.0,192,165,218,0.0,7701300,Normal,75,Negatif,Uptrend,Bullish,Strong Bullish,Perfect Uptrend (5>20>50),Normal,Akumulasi (Naik),Normal,Seimbang / Adu Mekanik,Normal,Tinggi,Normal,Rawan Pucuk (High Risk),> 1 Miliar,Di Atas VWAP (Kuat),Akumulasi Pro (Smart Money),Gorengan Sepi (< 5M),Sepi (< 50%),Mark-Up (Fase Pesta),Normal,Normal,Sideways / Stagnan,TP: 223 | CL: 201,Normal,Tidak Ideal (< 1:1),Netral / Sideways,Netral / Sepi Berita,Normal / Sedang Transisi,Mengambang (Jauh dari Fibo),5,WAIT & SEE,HOLD / NEUTRAL,0.5,MA20 di atas MA50 (Uptrend) | RSI Overbought Pucuk (75.0) | Harga di atas VWAP Intraday,TIDAK ADA,2026-09-10 13:41:26,Biasa / Mengikuti Pasar
13:41,APIC,Transaksi Sepi (Skip Broksum),Mid Cap (Lapis 2),Overvalued (Mahal),56.462585,1.8076093,510.0,510.0,490.0,498.0,523,480,585,-2.3529411764705883,1048000,Normal,34,Negatif,Downtrend,Bearish,Bullish MACD,Strong Downtrend (5<20<50),Normal,Distribusi (Turun),Normal,Seimbang / Adu Mekanik,Normal,Tinggi,Normal,Area Tengah,< 1 Miliar,Di Bawah VWAP (Lemah),Akumulasi Pro (Smart Money),Gorengan Sepi (< 5M),Normal (50-150%),Mark-Down (Fase Runtuh),Normal,Normal,Turun 1 Hari Beruntun,TP: 534 | CL: 473,Open = High (Tekanan Jual),Sangat Menarik (> 1:3),Netral / Sideways,Netral / Sepi Berita,Normal / Sedang Transisi,Mendekati Fibo Bottom / 100%,1,WAIT & SEE,SELL,-2.0,MA20 di bawah MA50 (Downtrend) | RSI Rebound Area Murah (34.0) | Harga di bawah VWAP Intraday,TIDAK ADA,2026-09-10 13:41:26,Biasa / Mengikuti Pasar
13:41,APII,Transaksi Sepi (Skip Broksum),Small Cap (Lapis 3),Undervalued (Murah),10.275796,0.510924,193.0,193.0,193.0,193.0,190,185,194,0.0,2400,Normal,60,Negatif,Uptrend,Bullish,Bearish MACD,Perfect Uptrend (5>20>50),Normal,Akumulasi (Naik),Normal,Tidak Ada Transaksi,Squeeze,Rendah,Doji (Ragu-ragu),Area Tengah,< 1 Miliar,Persis di VWAP,Akumulasi Pro (Smart Money),Gorengan Sepi (< 5M),Sepi (< 50%),Mark-Up (Fase Pesta),Solid (Jarang Dibanting),Normal,Sideways / Stagnan,TP: 197 | CL: 190,Normal,Tidak Ideal (< 1:1),Overbought (Jenuh Beli - Rawan),Netral / Sepi Berita,Supply Kering (Siap Pump) 🏜️,Golden Rebound Fibo 23.6% 🎯,4,WAIT & SEE,BUY,2.0,MA20 di atas MA50 (Uptrend) | RSI Mendekati Jenuh Beli (60.0) | Volatilitas Bollinger Squeeze (Siap Meledak),TIDAK ADA,2026-09-10 13:41:26,Biasa / Mengikuti Pasar
13:41,APLI,Transaksi Sepi (Skip Broksum),Small Cap (Lapis 3),Overvalued (Mahal),26.753977,1.3277192,284.0,288.0,276.0,284.0,271,252,320,0.7092198581560284,564600,Tembus MA20,69,Positif,Uptrend,Bullish,Strong Bullish,Perfect Uptrend (5>20>50),Normal,Akumulasi (Naik),Normal,Seimbang / Adu Mekanik,Normal,Sedang,Doji (Ragu-ragu),Rawan Pucuk (High Risk),< 1 Miliar,Di Atas VWAP (Kuat),Akumulasi Pro (Smart Money),Gorengan Sepi (< 5M),Anomali Tinggi (150-300%),Mark-Up (Fase Pesta),Spesialis Tiang Jemuran (Banting Pucuk),Jarum Bawah (Sinyal Pantulan Kuat),Naik 2 Hari Beruntun,TP: 299 | CL: 273,Normal,Menengah (1:1),Netral / Sideways,Netral / Sepi Berita,Normal / Sedang Transisi,Golden Rebound Fibo 38.2% 🎯,7,BELI,BUY,2.0,MA20 di atas MA50 (Uptrend) | RSI Mendekati Jenuh Beli (69.0) | Harga di atas VWAP Intraday,TIDAK ADA,2026-09-10 13:41:26,Biasa / Mengikuti Pasar
13:41,APLN,Token Mati (Perlu Update),Mid Cap (Lapis 2),Undervalued (Murah),7.2666297,0.25167897,132.0,133.0,129.0,130.0,135,123,163,-0.7633587786259541,16398400,Normal,46,Negatif,Downtrend,Bearish,Bearish MACD,Konsolidasi / Transisi,Normal,Distribusi (Turun),Normal,Dominan Jual (Guyur),Normal,Tinggi,Normal,Area Tengah,> 1 Miliar,Di Bawah VWAP (Lemah),Distribusi Pro (Guyuran),Gorengan Sepi (< 5M),Normal (50-150%),Distribution (Fase Jualan),Spesialis Tiang Jemuran (Banting Pucuk),Normal,Turun 2 Hari Beruntun,TP: 138 | CL: 124,Normal,Sangat Menarik (> 1:3),Oversold (Jenuh Jual - Peluang),Netral / Sepi Berita,Normal / Sedang Transisi,Mendekati Fibo 61.8% (Golden Ratio),0,WAIT & SEE,HOLD / NEUTRAL,0.5,MA20 di atas MA50 (Uptrend) | Harga di bawah VWAP Intraday,TIDAK ADA,2026-09-10 13:41:26,Biasa / Mengikuti Pasar
13:41,ARGO,Transaksi Sepi (Skip Broksum),Mid Cap (Lapis 2),Overvalued (Mahal),140.94775,23.079985,1180.0,1200.0,1160.0,1160.0,1158,1085,1225,-1.276595744680851,175800,Normal,56,Negatif,Uptrend,Bullish,Bearish MACD,Perfect Uptrend (5>20>50),Normal,Akumulasi (Naik),Normal,Dominan Jual (Guyur),Squeeze,Rendah,Normal,Area Tengah,< 1 Miliar,Di Bawah VWAP (Lemah),Distribusi Pro (Guyuran),Gorengan Sepi (< 5M),Normal (50-150%),Mark-Up (Fase Pesta),Normal,Normal,Turun 1 Hari Beruntun,TP: 1216 | CL: 1122,Normal,Tidak Ideal (< 1:1),Death Cross (Awal Bearish),Netral / Sepi Berita,Normal / Sedang Transisi,Mendekati Fibo 23.6%,4,WAIT & SEE,HOLD / NEUTRAL,1.0,MA20 di atas MA50 (Uptrend) | RSI Mendekati Jenuh Beli (56.0) | Harga di bawah VWAP Intraday | Volatilitas Bollinger Squeeze (Siap Meledak),TIDAK ADA,2026-09-10 13:41:26,Biasa / Mengikuti Pasar
13:41,ARII,Transaksi Sepi (Skip Broksum),Mid Cap (Lapis 2),Overvalued (Mahal),13.445377,14476.19,306.0,310.0,302.0,304.0,294,268,320,-0.6535947712418301,247800,Tembus MA20,63,Negatif,Uptrend,Bullish,Strong Bullish,Perfect Uptrend (5>20>50),Normal,Distribusi (Turun),Normal,Dominan Jual (Guyur),Normal,Sedang,Normal,Rawan Pucuk (High Risk),< 1 Miliar,Di Bawah VWAP (Lemah),Distribusi Pro (Guyuran),Gorengan Sepi (< 5M),Normal (50-150%),Mark-Up (Fase Pesta),Spesialis Tiang Jemuran (Banting Pucuk),Normal,Turun 3 Hari Beruntun,TP: 320 | CL: 293,Normal,Tidak Ideal (< 1:1),Death Cross (Awal Bearish),Netral / Sepi Berita,Normal / Sedang Transisi,Dekat Support Fibo 23.6%,5,WAIT & SEE,HOLD / NEUTRAL,0.0,MA20 di atas MA50 (Uptrend) | RSI Mendekati Jenuh Beli (63.0) | Harga di bawah VWAP Intraday | Volume Lonjak 1.6x MA20,TIDAK ADA,2026-09-10 13:41:26,Biasa / Mengikuti Pasar
13:41,ARNA,Transaksi Sepi (Skip Broksum),Mid Cap (Lapis 2),Fair Value (Wajar),8.549179,1.953586,515.0,515.0,505.0,505.0,499,484,515,-1.9417475728155338,1126200,Normal,62,Negatif,Uptrend,Bullish,Strong Bullish,Perfect Uptrend (5>20>50),Normal,Akumulasi (Naik),Normal,Dominan Jual (Guyur),Squeeze,Rendah,Normal,Area Tengah,< 1 Miliar,Di Bawah VWAP (Lemah),Akumulasi Pro (Smart Money),Gorengan Sepi (< 5M),Sepi (< 50%),Mark-Up (Fase Pesta),Solid (Jarang Dibanting),Normal,Turun 1 Hari Beruntun,TP: 518 | CL: 495,Open = High (Tekanan Jual),Tidak Ideal (< 1:1),Death Cross (Awal Bearish),Netral / Sepi Berita,Normal / Sedang Transisi,Mendekati Fibo 23.6%,5,WAIT & SEE,HOLD / NEUTRAL,1.0,MA20 di atas MA50 (Uptrend) | RSI Mendekati Jenuh Beli (62.0) | Harga di bawah VWAP Intraday | Volatilitas Bollinger Squeeze (Siap Meledak),TIDAK ADA,2026-09-10 13:41:26,Biasa / Mengikuti Pasar
13:41,ARTA,Transaksi Sepi (Skip Broksum),Mid Cap (Lapis 2),Overvalued (Mahal),0.0,7.2732897,2400.0,2400.0,2260.0,2350.0,2296,2210,2490,2.1739130434782608,6900,Tembus MA20,52,Positif,Uptrend,Golden Cross,Bullish MACD,Awal Reversal (5>20),Distribusi Kuat,Akumulasi (Naik),Gap Up (+4.3%),Seimbang / Adu Mekanik,Normal,Sedang,Normal,Area Tengah,< 1 Miliar,Di Atas VWAP (Kuat),Akumulasi Pro (Smart Money),Gorengan Sepi (< 5M),Anomali Tinggi (150-300%),Accumulation (Kumpul Barang),Normal,Normal,Naik 1 Hari Beruntun,TP: 2477 | CL: 2265,Open = High (Tekanan Jual),Menengah (1:1),Netral / Sideways,Netral / Sepi Berita,Normal / Sedang Transisi,Mendekati Fibo 78.6%,8,BELI,HOLD / NEUTRAL,-0.6,MA20 di bawah MA50 (Downtrend) | Harga di atas VWAP Intraday | Volume Lonjak 2.8x MA20,TIDAK ADA,2026-09-10 13:41:26,Biasa / Mengikuti Pasar
13:41,ARTO,Token Mati (Perlu Update),Big Cap (Lapis 1),Overvalued (Mahal),42.64214,1.5663487,1010.0,1050.0,1005.0,1020.0,1054,940,1275,1.4925373134328357,15828200,Normal,42,Positif,Downtrend,Bearish,Bullish MACD,Strong Downtrend (5<20<50),Normal,Akumulasi (Naik),Normal,Seimbang / Adu Mekanik,Normal,Tinggi,Normal,Area Tengah,> 1 Miliar,Di Bawah VWAP (Lemah),Distribusi Pro (Guyuran),Ritel Aktif (5M - 50M),Sepi (< 50%),Mark-Down (Fase Runtuh),Spesialis Tiang Jemuran (Banting Pucuk),Normal,Naik 1 Hari Beruntun,TP: 1090 | CL: 973,Normal,Sangat Menarik (> 1:3),Netral / Sideways,Netral / Sepi Berita,Normal / Sedang Transisi,Mendekati Fibo 78.6%,3,WAIT & SEE,SELL,-2.0,MA20 di bawah MA50 (Downtrend) | RSI Rebound Area Murah (42.0) | Harga di bawah VWAP Intraday,TIDAK ADA,2026-09-10 13:41:26,Biasa / Mengikuti Pasar
13:41,ASBI,Transaksi Sepi (Skip Broksum),Small Cap (Lapis 3),Undervalued (Murah),8.254381,0.30416223,404.0,410.0,402.0,406.0,407,390,525,1.5,12400,Normal,48,Positif,Downtrend,Bearish,Strong Bearish,Strong Downtrend (5<20<50),Normal,Distribusi (Turun),Normal,Seimbang / Adu Mekanik,Normal,Sedang,Normal,Area Tengah,< 1 Miliar,Persis di VWAP,Distribusi Pro (Guyuran),Gorengan Sepi (< 5M),Sepi (< 50%),Mark-Down (Fase Runtuh),Spesialis Tiang Jemuran (Banting Pucuk),Normal,Naik 1 Hari Beruntun,TP: 436 | CL: 385,Normal,Sangat Menarik (> 1:3),Oversold (Jenuh Jual - Peluang),Netral / Sepi Berita,Supply Kering (Siap Pump) 🏜️,Mengambang (Jauh dari Fibo),1,WAIT & SEE,SELL,-1.5,MA20 di bawah MA50 (Downtrend),TIDAK ADA,2026-09-10 13:41:26,Biasa / Mengikuti Pasar
13:41,ASDM,Transaksi Sepi (Skip Broksum),Small Cap (Lapis 3),Undervalued (Murah),10.7121,0.557958,510.0,525.0,510.0,525.0,513,498,555,2.941176470588235,13200,Normal,58,Positif,Uptrend,Bullish,Strong Bullish,Perfect Uptrend (5>20>50),Normal,Distribusi (Turun),Normal,Dominan Beli (Hajar Kanan),Squeeze,Rendah,Marubozu (Strong Bullish),Area Tengah,< 1 Miliar,Di Atas VWAP (Kuat),Distribusi Pro (Guyuran),Gorengan Sepi (< 5M),Sepi (< 50%),Mark-Up (Fase Pesta),Normal,Normal,Naik 1 Hari Beruntun,TP: 545 | CL: 511,Open = Low (Bullish Kuat),Menengah (1:1),Golden Cross (Awal Bullish),Netral / Sepi Berita,Normal / Sedang Transisi,Dekat Support Fibo 38.2%,6,WAIT & SEE,STRONG BUY,3.0,MA20 di atas MA50 (Uptrend) | RSI Mendekati Jenuh Beli (58.0) | Harga di atas VWAP Intraday | Volatilitas Bollinger Squeeze (Siap Meledak),TIDAK ADA,2026-09-10 13:41:26,Biasa / Mengikuti Pasar
13:41,ASGR,Transaksi Sepi (Skip Broksum),Mid Cap (Lapis 2),Undervalued (Murah),9.624811,1.4971201,2160.0,2170.0,2140.0,2140.0,2009,1740,2410,-0.9259259259259258,363900,Normal,66,Negatif,Uptrend,Bullish,Strong Bullish,Perfect Uptrend (5>20>50),Normal,Distribusi (Turun),Normal,Dominan Jual (Guyur),Normal,Tinggi,Normal,Rawan Pucuk (High Risk),< 1 Miliar,Di Bawah VWAP (Lemah),Distribusi Pro (Guyuran),Gorengan Sepi (< 5M),Sepi (< 50%),Mark-Up (Fase Pesta),Spesialis Tiang Jemuran (Banting Pucuk),Normal,Turun 1 Hari Beruntun,TP: 2307 | CL: 2028,Normal,Tidak Ideal (< 1:1),Death Cross (Awal Bearish),Netral / Sepi Berita,Normal / Sedang Transisi,Mengambang (Jauh dari Fibo),4,WAIT & SEE,HOLD / NEUTRAL,0.0,MA20 di atas MA50 (Uptrend) | RSI Mendekati Jenuh Beli (66.0) | Harga di bawah VWAP Intraday,TIDAK ADA,2026-09-10 13:41:26,Biasa / Mengikuti Pasar
13:41,ASII,Token Mati (Perlu Update),Big Cap (Lapis 1),Undervalued (Murah),6.607126,0.84848434,4860.0,4900.0,4850.0,4890.0,4835,4720,5050,0.8247422680412372,17762500,Normal,51,Positif,Uptrend,Bullish,Strong Bullish,Awal Reversal (5>20),Normal,Akumulasi (Naik),Normal,Dominan Beli (Hajar Kanan),Squeeze,Rendah,Normal,Area Tengah,> 1 Miliar,Persis di VWAP,Akumulasi Pro (Smart Money),Sultan (> 50M/hari),Sepi (< 50%),Accumulation (Kumpul Barang),Normal,Normal,Naik 1 Hari Beruntun,TP: 5035 | CL: 4792,Normal,Tidak Ideal (< 1:1),Netral / Sideways,Netral / Sepi Berita,Normal / Sedang Transisi,Dekat Support Fibo 50.0%,7,BELI,HOLD / NEUTRAL,-0.5,MA20 di bawah MA50 (Downtrend) | Volatilitas Bollinger Squeeze (Siap Meledak),TIDAK ADA,2026-09-10 13:41:26,Biasa / Mengikuti Pasar
13:41,ASJT,Transaksi Sepi (Skip Broksum),Small Cap (Lapis 3),Fair Value (Wajar),0.0,0.7548629,163.0,164.0,162.0,164.0,160,151,168,1.2345679012345678,82600,Normal,58,Positif,Uptrend,Bullish,Strong Bullish,Perfect Uptrend (5>20>50),Normal,Akumulasi (Naik),Normal,Dominan Beli (Hajar Kanan),Normal,Sedang,Normal,Area Tengah,< 1 Miliar,Di Atas VWAP (Kuat),Akumulasi Pro (Smart Money),Gorengan Sepi (< 5M),Sepi (< 50%),Mark-Up (Fase Pesta),Normal,Normal,Naik 2 Hari Beruntun,TP: 169 | CL: 160,Normal,Tidak Ideal (< 1:1),Netral / Sideways,Netral / Sepi Berita,Normal / Sedang Transisi,Mengambang (Jauh dari Fibo),7,BELI,BUY,2.0,MA20 di atas MA50 (Uptrend) | RSI Mendekati Jenuh Beli (58.0) | Harga di atas VWAP Intraday,TIDAK ADA,2026-09-10 13:41:26,Biasa / Mengikuti Pasar
13:41,ASMI,Transaksi Sepi (Skip Broksum),Small Cap (Lapis 3),Fair Value (Wajar),0.0,0.55347997,17.0,17.0,16.0,16.0,15,14,18,-5.88235294117647,8497100,Normal,50,Negatif,Uptrend,Bearish,Bullish MACD,Strong Downtrend (5<20<50),Normal,Akumulasi (Naik),Normal,Dominan Jual (Guyur),Normal,Tinggi,Normal,Rawan Pucuk (High Risk),< 1 Miliar,Di Bawah VWAP (Lemah),Distribusi Pro (Guyuran),Gorengan Sepi (< 5M),Normal (50-150%),Accumulation (Kumpul Barang),Normal,Normal,Turun 1 Hari Beruntun,TP: 17 | CL: 15,Open = High (Tekanan Jual),Menengah (1:1),Death Cross (Awal Bearish),Netral / Sepi Berita,Normal / Sedang Transisi,Dekat Support Fibo 78.6%,3,WAIT & SEE,SELL,-2.5,MA20 di bawah MA50 (Downtrend) | Harga di bawah VWAP Intraday,TIDAK ADA,2026-09-10 13:41:26,Biasa / Mengikuti Pasar
13:41,ASRI,Transaksi Sepi (Skip Broksum),Mid Cap (Lapis 2),Undervalued (Murah),8.914996,0.22018874,127.0,130.0,127.0,130.0,126,119,141,2.3622047244094486,4541000,Normal,60,Positif,Uptrend,Bullish,Strong Bullish,Perfect Uptrend (5>20>50),Normal,Distribusi (Turun),Normal,Dominan Beli (Hajar Kanan),Normal,Sedang,Marubozu (Strong Bullish),Area Tengah,< 1 Miliar,Persis di VWAP,Distribusi Pro (Guyuran),Gorengan Sepi (< 5M),Sepi (< 50%),Mark-Up (Fase Pesta),Spesialis Tiang Jemuran (Banting Pucuk),Normal,Naik 1 Hari Beruntun,TP: 135 | CL: 126,Open = Low (Bullish Kuat),Menengah (1:1),Netral / Sideways,Netral / Sepi Berita,Normal / Sedang Transisi,Mendekati Fibo 38.2%,6,WAIT & SEE,HOLD / NEUTRAL,1.0,MA20 di atas MA50 (Uptrend) | RSI Mendekati Jenuh Beli (60.0),TIDAK ADA,2026-09-10 13:41:26,Biasa / Mengikuti Pasar
13:41,ASRM,Transaksi Sepi (Skip Broksum),Small Cap (Lapis 3),Overvalued (Mahal),67.13948,0.46776074,284.0,286.0,284.0,284.0,276,250,288,0.0,2700,Normal,69,Negatif,Uptrend,Bullish,Strong Bullish,Perfect Uptrend (5>20>50),Normal,Akumulasi (Naik),Normal,Dominan Jual (Guyur),Normal,Sedang,Doji (Ragu-ragu),Rawan Pucuk (High Risk),< 1 Miliar,Persis di VWAP,Akumulasi Pro (Smart Money),Gorengan Sepi (< 5M),Sepi (< 50%),Mark-Up (Fase Pesta),Normal,Normal,Sideways / Stagnan,TP: 294 | CL: 277,Normal,Tidak Ideal (< 1:1),Netral / Sideways,Netral / Sepi Berita,Normal / Sedang Transisi,Mendekati Fibo 23.6%,5,WAIT & SEE,HOLD / NEUTRAL,1.0,MA20 di atas MA50 (Uptrend) | RSI Mendekati Jenuh Beli (69.0),TIDAK ADA,2026-09-10 13:41:26,Biasa / Mengikuti Pasar
13:41,ASSA,Token Mati (Perlu Update),Mid Cap (Lapis 2),Undervalued (Murah),5.579859,1.0203831,630.0,635.0,615.0,625.0,635,610,685,-1.574803149606299,19604900,Tembus MA20,47,Negatif,Downtrend,Bullish,Bearish MACD,Perfect Uptrend (5>20>50),Normal,Distribusi (Turun),Normal,Seimbang / Adu Mekanik,Squeeze,Rendah,Normal,Dekat Support (Low Risk),> 1 Miliar,Di Bawah VWAP (Lemah),Distribusi Pro (Guyuran),Ritel Aktif (5M - 50M),Normal (50-150%),Distribution (Fase Jualan),Spesialis Tiang Jemuran (Banting Pucuk),Normal,Turun 3 Hari Beruntun,TP: 661 | CL: 600,Normal,Sangat Menarik (> 1:3),Netral / Sideways,Netral / Sepi Berita,Normal / Sedang Transisi,Mendekati Fibo 50.0%,2,WAIT & SEE,BUY,1.8,MA20 di atas MA50 (Uptrend) | Harga di bawah VWAP Intraday | Volatilitas Bollinger Squeeze (Siap Meledak) | Volume Lonjak 1.6x MA20,TIDAK ADA,2026-09-10 13:41:26,Biasa / Mengikuti Pasar
13:41,ATIC,Transaksi Sepi (Skip Broksum),Mid Cap (Lapis 2),Fair Value (Wajar),7.435775,1.730605,468.0,468.0,460.0,466.0,465,450,472,-0.4273504273504274,174200,Tembus MA20,49,Negatif,Uptrend,Bullish,Bullish MACD,Awal Reversal (5>20),Distribusi Kuat,Distribusi (Turun),Normal,Dominan Beli (Hajar Kanan),Squeeze,Rendah,Hammer (Potensi Reversal),Area Tengah,< 1 Miliar,Persis di VWAP,Akumulasi Pro (Smart Money),Gorengan Sepi (< 5M),Anomali Tinggi (150-300%),Accumulation (Kumpul Barang),Normal,Jarum Bawah (Sinyal Pantulan Kuat),Turun 1 Hari Beruntun,TP: 479 | CL: 456,Open = High (Tekanan Jual),Tidak Ideal (< 1:1),Death Cross (Awal Bearish),Netral / Sepi Berita,Normal / Sedang Transisi,Mendekati Fibo Bottom / 100%,5,WAIT & SEE,HOLD / NEUTRAL,-0.6,MA20 di bawah MA50 (Downtrend) | Volatilitas Bollinger Squeeze (Siap Meledak) | Volume Lonjak 2.5x MA20,TIDAK ADA,2026-09-10 13:41:26,Biasa / Mengikuti Pasar
13:41,AUTO,Token Mati (Perlu Update),Big Cap (Lapis 1),Undervalued (Murah),6.6468396,1.0036889,3310.0,3370.0,3310.0,3330.0,3194,2800,3520,0.30120481927710846,1430600,Normal,74,Positif,Uptrend,Bullish,Bearish MACD,Perfect Uptrend (5>20>50),Normal,Distribusi (Turun),Normal,Seimbang / Adu Mekanik,Normal,Tinggi,Normal,Rawan Pucuk (High Risk),> 1 Miliar,Persis di VWAP,Distribusi Pro (Guyuran),Ritel Aktif (5M - 50M),Sepi (< 50%),Mark-Up (Fase Pesta),Normal,Normal,Naik 1 Hari Beruntun,TP: 3477 | CL: 3231,Open = Low (Bullish Kuat),Tidak Ideal (< 1:1),Death Cross (Awal Bearish),Netral / Sepi Berita,Normal / Sedang Transisi,Mendekati Fibo 23.6%,4,WAIT & SEE,HOLD / NEUTRAL,-0.5,MA20 di atas MA50 (Uptrend) | RSI Overbought Pucuk (74.0),TIDAK ADA,2026-09-10 13:41:26,Biasa / Mengikuti Pasar
13:41,BABP,Transaksi Sepi (Skip Broksum),Mid Cap (Lapis 2),Overvalued (Mahal),26.88172,0.58640707,50.0,50.0,50.0,50.0,50,50,50,0.0,171400,Normal,0,Negatif,Downtrend,Bearish,Bearish MACD,Konsolidasi / Transisi,Normal,Netral,Normal,Tidak Ada Transaksi,Squeeze,Rendah,Doji (Ragu-ragu),Dekat Support (Low Risk),< 1 Miliar,Persis di VWAP,Netral,Gorengan Sepi (< 5M),Normal (50-150%),Sideways,Solid (Jarang Dibanting),Normal,Sideways / Stagnan,TP: 51 | CL: 49,Normal,Di Area Support,Oversold (Jenuh Jual - Peluang),Netral / Sepi Berita,Supply Kering (Siap Pump) 🏜️,Golden Rebound Fibo Bottom / 100% 🎯,0,WAIT & SEE,BUY,1.5,MA20 di bawah MA50 (Downtrend) | RSI Oversold Kuat (0.0) | Volatilitas Bollinger Squeeze (Siap Meledak),TIDAK ADA,2026-09-10 13:41:26,🔥 ANOMALI BANDAR (Siap Ledakan)
13:41,BACA,Transaksi Sepi (Skip Broksum),Mid Cap (Lapis 2),Fair Value (Wajar),16.806723,0.35157624,119.0,121.0,119.0,120.0,118,114,127,0.8403361344537815,729200,Normal,56,Positif,Uptrend,Bullish,Bearish MACD,Perfect Uptrend (5>20>50),Normal,Distribusi (Turun),Normal,Seimbang / Adu Mekanik,Squeeze,Rendah,Normal,Area Tengah,< 1 Miliar,Persis di VWAP,Distribusi Pro (Guyuran),Gorengan Sepi (< 5M),Sepi (< 50%),Mark-Up (Fase Pesta),Normal,Normal,Naik 1 Hari Beruntun,TP: 126 | CL: 116,Open = Low (Bullish Kuat),Menengah (1:1),Golden Cross (Awal Bullish),Netral / Sepi Berita,Normal / Sedang Transisi,Dekat Support Fibo 38.2%,4,WAIT & SEE,BUY,2.0,MA20 di atas MA50 (Uptrend) | RSI Mendekati Jenuh Beli (56.0) | Volatilitas Bollinger Squeeze (Siap Meledak),TIDAK ADA,2026-09-10 13:41:26,Biasa / Mengikuti Pasar
13:41,BAJA,Token Mati (Perlu Update),Small Cap (Lapis 3),Overvalued (Mahal),379.74683,12.652355,316.0,318.0,292.0,298.0,299,244,362,-5.095541401273886,7279200,Normal,53,Negatif,Downtrend,Bearish,Bearish MACD,Konsolidasi / Transisi,Normal,Akumulasi (Naik),Normal,Dominan Jual (Guyur),Normal,Tinggi,Normal,Rawan Pucuk (High Risk),> 1 Miliar,Di Bawah VWAP (Lemah),Distribusi Pro (Guyuran),Ritel Aktif (5M - 50M),Sepi (< 50%),Distribution (Fase Jualan),Normal,Normal,Turun 1 Hari Beruntun,TP: 341 | CL: 269,Normal,Menengah (1:1),Netral / Sideways,Netral / Sepi Berita,Supply Banjir (Distribusi) 🌊,Mengambang (Jauh dari Fibo),2,WAIT & SEE,HOLD / NEUTRAL,0.5,MA20 di atas MA50 (Uptrend) | Harga di bawah VWAP Intraday,TIDAK ADA,2026-09-10 13:41:26,Biasa / Mengikuti Pasar
13:41,BALI,Transaksi Sepi (Skip Broksum),Mid Cap (Lapis 2),Overvalued (Mahal),29.288704,2.1524727,1340.0,1340.0,1285.0,1330.0,1299,1200,1575,0.7575757575757576,5600,Normal,55,Positif,Uptrend,Bullish,Bearish MACD,Perfect Uptrend (5>20>50),Normal,Akumulasi (Naik),Normal,Dominan Beli (Hajar Kanan),Normal,Tinggi,Hammer (Potensi Reversal),Rawan Pucuk (High Risk),< 1 Miliar,Persis di VWAP,Distribusi Pro (Guyuran),Gorengan Sepi (< 5M),Sepi (< 50%),Mark-Up (Fase Pesta),Spesialis Tiang Jemuran (Banting Pucuk),Jarum Bawah (Sinyal Pantulan Kuat),Naik 2 Hari Beruntun,TP: 1521 | CL: 1202,Open = High (Tekanan Jual),Ideal (1:2),Golden Cross (Awal Bullish),Netral / Sepi Berita,Normal / Sedang Transisi,Golden Rebound Fibo 61.8% (Golden Ratio) 🎯,6,WAIT & SEE,BUY,1.5,MA20 di atas MA50 (Uptrend),TIDAK ADA,2026-09-10 13:41:26,Biasa / Mengikuti Pasar
13:41,BAPA,Transaksi Sepi (Skip Broksum),Small Cap (Lapis 3),Fair Value (Wajar),0.0,0.80440605,137.0,138.0,136.0,137.0,146,135,179,-0.7246376811594203,3775600,Normal,38,Negatif,Downtrend,Bearish,Bullish MACD,Strong Downtrend (5<20<50),Normal,Distribusi (Turun),Normal,Seimbang / Adu Mekanik,Normal,Tinggi,Doji (Ragu-ragu),Dekat Support (Low Risk),< 1 Miliar,Persis di VWAP,Distribusi Pro (Guyuran),Gorengan Sepi (< 5M),Sepi (< 50%),Mark-Down (Fase Runtuh),Normal,Normal,Turun 1 Hari Beruntun,TP: 153 | CL: 125,Normal,Sangat Menarik (> 1:3),Oversold (Jenuh Jual - Peluang),Netral / Sepi Berita,Normal / Sedang Transisi,Golden Rebound Fibo Bottom / 100% 🎯,1,WAIT & SEE,HOLD / NEUTRAL,-1.0,MA20 di bawah MA50 (Downtrend) | RSI Rebound Area Murah (38.0),TIDAK ADA,2026-09-10 13:41:26,Biasa / Mengikuti Pasar
13:41,BAYU,Transaksi Sepi (Skip Broksum),Small Cap (Lapis 3),Overvalued (Mahal),57.57138,0.8061575,1360.0,1360.0,1330.0,1355.0,1301,1170,1420,-0.3676470588235294,80000,Normal,70,Negatif,Uptrend,Bullish,Strong Bullish,Perfect Uptrend (5>20>50),Normal,Distribusi (Turun),Normal,Dominan Beli (Hajar Kanan),Normal,Tinggi,Hammer (Potensi Reversal),Rawan Pucuk (High Risk),< 1 Miliar,Persis di VWAP,Distribusi Pro (Guyuran),Gorengan Sepi (< 5M),Sepi (< 50%),Mark-Up (Fase Pesta),Spesialis Tiang Jemuran (Banting Pucuk),Jarum Bawah (Sinyal Pantulan Kuat),Turun 1 Hari Beruntun,TP: 1424 | CL: 1308,Open = High (Tekanan Jual),Tidak Ideal (< 1:1),Netral / Sideways,Netral / Sepi Berita,Normal / Sedang Transisi,Golden Rebound Fibo 23.6% 🎯,5,WAIT & SEE,HOLD / NEUTRAL,1.0,MA20 di atas MA50 (Uptrend) | RSI Mendekati Jenuh Beli (70.0),TIDAK ADA,2026-09-10 13:41:26,Biasa / Mengikuti Pasar
13:41,BBCA,Token Mati (Perlu Update),Big Cap (Lapis 1),Fair Value (Wajar),13.619213,2.918449,6575.0,6600.0,6425.0,6425.0,6467,6200,6850,-1.532567049808429,110731600,Tembus MA20,49,Negatif,Downtrend,Bullish,Bearish MACD,Perfect Uptrend (5>20>50),Normal,Distribusi (Turun),Normal,Dominan Jual (Guyur),Normal,Sedang,Normal,Area Tengah,> 1 Miliar,Di Bawah VWAP (Lemah),Distribusi Pro (Guyuran),Sultan (> 50M/hari),Normal (50-150%),Distribution (Fase Jualan),Normal,Normal,Turun 2 Hari Beruntun,TP: 6639 | CL: 6282,Normal,Ideal (1:2),Netral / Sideways,Netral / Sepi Berita,Normal / Sedang Transisi,Mendekati Fibo 38.2%,2,WAIT & SEE,HOLD / NEUTRAL,0.5,MA20 di atas MA50 (Uptrend) | Harga di bawah VWAP Intraday,TIDAK ADA,2026-09-10 13:41:26,Biasa / Mengikuti Pasar
13:41,BBHI,Token Mati (Perlu Update),Big Cap (Lapis 1),Overvalued (Mahal),33.112583,2.649576,900.0,905.0,895.0,905.0,900,855,990,0.5555555555555556,8347700,Normal,51,Positif,Uptrend,Golden Cross,Bullish MACD,Awal Reversal (5>20),Normal,Akumulasi (Naik),Normal,Dominan Beli (Hajar Kanan),Squeeze,Rendah,Normal,Area Tengah,> 1 Miliar,Persis di VWAP,Distribusi Pro (Guyuran),Ritel Aktif (5M - 50M),Sepi (< 50%),Accumulation (Kumpul Barang),Normal,Normal,Naik 1 Hari Beruntun,TP: 941 | CL: 880,Normal,Ideal (1:2),Golden Cross (Awal Bullish),Netral / Sepi Berita,Normal / Sedang Transisi,Dekat Support Fibo 78.6%,7,BELI,HOLD / NEUTRAL,-0.5,MA20 di bawah MA50 (Downtrend) | Volatilitas Bollinger Squeeze (Siap Meledak),TIDAK ADA,2026-09-10 13:41:26,Biasa / Mengikuti Pasar
13:41,BBKP,Token Mati (Perlu Update),Mid Cap (Lapis 2),Fair Value (Wajar),0.0,1.2340217,54.0,54.0,53.0,53.0,54,53,57,-1.8518518518518516,65340600,Tembus MA20,40,Negatif,Downtrend,Bearish,Strong Bearish,Konsolidasi / Transisi,Normal,Distribusi (Turun),Normal,Dominan Jual (Guyur),Squeeze,Rendah,Normal,Dekat Support (Low Risk),> 1 Miliar,Di Bawah VWAP (Lemah),Distribusi Pro (Guyuran),Gorengan Sepi (< 5M),Normal (50-150%),Distribution (Fase Jualan),Normal,Normal,Turun 1 Hari Beruntun,TP: 55 | CL: 51,Open = High (Tekanan Jual),Di Area Support,Oversold (Jenuh Jual - Peluang),Netral / Sepi Berita,Normal / Sedang Transisi,Golden Rebound Fibo 61.8% (Golden Ratio) 🎯,1,WAIT & SEE,BUY,2.0,MA20 di atas MA50 (Uptrend) | RSI Rebound Area Murah (40.0) | Harga di bawah VWAP Intraday | Volatilitas Bollinger Squeeze (Siap Meledak),TIDAK ADA,2026-09-10 13:41:26,Biasa / Mengikuti Pasar
13:41,BBLD,Transaksi Sepi (Skip Broksum),Mid Cap (Lapis 2),Overvalued (Mahal),327.66992,0.77807015,670.0,675.0,670.0,675.0,667,580,825,1.5037593984962405,400,Normal,55,Positif,Uptrend,Bullish,Bearish MACD,Perfect Uptrend (5>20>50),Normal,Distribusi (Turun),Normal,Dominan Beli (Hajar Kanan),Normal,Tinggi,Marubozu (Strong Bullish),Rawan Pucuk (High Risk),< 1 Miliar,Di Bawah VWAP (Lemah),Distribusi Pro (Guyuran),Gorengan Sepi (< 5M),Sepi (< 50%),Mark-Up (Fase Pesta),Spesialis Tiang Jemuran (Banting Pucuk),Normal,Naik 1 Hari Beruntun,TP: 754 | CL: 622,Open = Low (Bullish Kuat),Ideal (1:2),Netral / Sideways,Netral / Sepi Berita,Normal / Sedang Transisi,Dekat Support Fibo 50.0%,5,WAIT & SEE,HOLD / NEUTRAL,0.5,MA20 di atas MA50 (Uptrend) | Harga di bawah VWAP Intraday,TIDAK ADA,2026-09-10 13:41:26,Biasa / Mengikuti Pasar
13:41,BBMD,Transaksi Sepi (Skip Broksum),Mid Cap (Lapis 2),Overvalued (Mahal),26.728296,1.5009683,1985.0,2000.0,1955.0,1995.0,1988,1940,2060,0.5037783375314862,17000,Tembus MA20,52,Positif,Uptrend,Bearish,Bearish MACD,Konsolidasi / Transisi,Akumulasi Kuat,Akumulasi (Naik),Normal,Dominan Beli (Hajar Kanan),Squeeze,Rendah,Normal,Dekat Support (Low Risk),< 1 Miliar,Persis di VWAP,Akumulasi Pro (Smart Money),Gorengan Sepi (< 5M),Ledakan Ekstrem (> 300%),Mark-Up (Fase Pesta),Normal,Jarum Bawah (Sinyal Pantulan Kuat),Naik 1 Hari Beruntun,TP: 2052 | CL: 1956,Normal,Menengah (1:1),Golden Cross (Awal Bullish),Netral / Sepi Berita,Normal / Sedang Transisi,Golden Rebound Fibo 50.0% 🎯,7,BELI,STRONG BUY,3.0,MA20 di atas MA50 (Uptrend) | Volatilitas Bollinger Squeeze (Siap Meledak) | Volume Lonjak 3.2x MA20,TIDAK ADA,2026-09-10 13:41:26,Biasa / Mengikuti Pasar
13:41,BBNI,Token Mati (Perlu Update),Big Cap (Lapis 1),Undervalued (Murah),6.84623,0.8613148,3830.0,3840.0,3790.0,3790.0,3758,3550,4000,-0.7853403141361256,15958200,Normal,55,Negatif,Uptrend,Bullish,Bearish MACD,Perfect Uptrend (5>20>50),Normal,Distribusi (Turun),Normal,Dominan Jual (Guyur),Normal,Sedang,Normal,Area Tengah,> 1 Miliar,Di Bawah VWAP (Lemah),Distribusi Pro (Guyuran),Sultan (> 50M/hari),Sepi (< 50%),Mark-Up (Fase Pesta),Normal,Normal,Turun 5 Hari Beruntun,TP: 3901 | CL: 3715,Normal,Tidak Ideal (< 1:1),Netral / Sideways,Netral / Sepi Berita,Normal / Sedang Transisi,Dekat Support Fibo 23.6%,3,WAIT & SEE,HOLD / NEUTRAL,0.5,MA20 di atas MA50 (Uptrend) | Harga di bawah VWAP Intraday,TIDAK ADA,2026-09-10 13:41:26,Biasa / Mengikuti Pasar
13:41,BBRI,Token Mati (Perlu Update),Big Cap (Lapis 1),Fair Value (Wajar),8.255934,1.5811452,3420.0,3430.0,3360.0,3360.0,3248,3040,3440,-1.7543859649122806,67819300,Normal,64,Negatif,Uptrend,Bullish,Strong Bullish,Perfect Uptrend (5>20>50),Normal,Distribusi (Turun),Normal,Dominan Jual (Guyur),Normal,Tinggi,Normal,Rawan Pucuk (High Risk),> 1 Miliar,Persis di VWAP,Akumulasi Pro (Smart Money),Sultan (> 50M/hari),Sepi (< 50%),Mark-Up (Fase Pesta),Solid (Jarang Dibanting),Normal,Turun 1 Hari Beruntun,TP: 3457 | CL: 3295,Normal,Tidak Ideal (< 1:1),Death Cross (Awal Bearish),Netral / Sepi Berita,Normal / Sedang Transisi,Mendekati Fibo 23.6%,4,WAIT & SEE,HOLD / NEUTRAL,1.0,MA20 di atas MA50 (Uptrend) | RSI Mendekati Jenuh Beli (64.0),TIDAK ADA,2026-09-10 13:41:26,Biasa / Mengikuti Pasar
13:41,BBRM,Token Mati (Perlu Update),Mid Cap (Lapis 2),Overvalued (Mahal),9.443631,21500.0,130.0,131.0,126.0,129.0,117,109,145,0.0,8706600,Normal,70,Negatif,Uptrend,Bullish,Strong Bullish,Perfect Uptrend (5>20>50),Normal,Akumulasi (Naik),Normal,Seimbang / Adu Mekanik,Breakout Upper,Tinggi,Normal,Rawan Pucuk (High Risk),> 1 Miliar,Persis di VWAP,Distribusi Pro (Guyuran),Gorengan Sepi (< 5M),Normal (50-150%),Mark-Up (Fase Pesta),Normal,Jarum Bawah (Sinyal Pantulan Kuat),Sideways / Stagnan,TP: 139 | CL: 121,Normal,Tidak Ideal (< 1:1),Netral / Sideways,Netral / Sepi Berita,Supply Banjir (Distribusi) 🌊,Mendekati Fibo 38.2%,5,WAIT & SEE,SELL,-2.0,MA20 di bawah MA50 (Downtrend) | RSI Mendekati Jenuh Beli (70.0),TIDAK ADA,2026-09-10 13:41:26,Biasa / Mengikuti Pasar
13:41,BBTN,Token Mati (Perlu Update),Big Cap (Lapis 1),Undervalued (Murah),4.093273,0.4558849,1220.0,1230.0,1210.0,1220.0,1224,1190,1270,0.0,6928700,Normal,49,Negatif,Downtrend,Bullish,Bearish MACD,Perfect Uptrend (5>20>50),Normal,Distribusi (Turun),Normal,Seimbang / Adu Mekanik,Squeeze,Rendah,Doji (Ragu-ragu),Dekat Support (Low Risk),> 1 Miliar,Di Bawah VWAP (Lemah),Distribusi Pro (Guyuran),Ritel Aktif (5M - 50M),Sepi (< 50%),Distribution (Fase Jualan),Spesialis Tiang Jemuran (Banting Pucuk),Normal,Sideways / Stagnan,TP: 1258 | CL: 1194,Normal,Ideal (1:2),Netral / Sideways,Netral / Sepi Berita,Normal / Sedang Transisi,Dekat Support Fibo 50.0%,1,WAIT & SEE,BUY,1.5,MA20 di atas MA50 (Uptrend) | Harga di bawah VWAP Intraday | Volatilitas Bollinger Squeeze (Siap Meledak),TIDAK ADA,2026-09-10 13:41:26,Biasa / Mengikuti Pasar
13:41,BBYB,Token Mati (Perlu Update),Mid Cap (Lapis 2),Undervalued (Murah),5.893102,0.7793714,260.0,264.0,256.0,256.0,257,240,294,-1.5384615384615385,22297400,Normal,49,Negatif,Downtrend,Bullish,Bearish MACD,Perfect Uptrend (5>20>50),Normal,Distribusi (Turun),Normal,Dominan Jual (Guyur),Normal,Sedang,Normal,Area Tengah,> 1 Miliar,Di Bawah VWAP (Lemah),Distribusi Pro (Guyuran),Ritel Aktif (5M - 50M),Sepi (< 50%),Distribution (Fase Jualan),Spesialis Tiang Jemuran (Banting Pucuk),Normal,Turun 2 Hari Beruntun,TP: 273 | CL: 244,Normal,Ideal (1:2),Netral / Sideways,Netral / Sepi Berita,Normal / Sedang Transisi,Mendekati Fibo 50.0%,1,WAIT & SEE,HOLD / NEUTRAL,0.5,MA20 di atas MA50 (Uptrend) | Harga di bawah VWAP Intraday,TIDAK ADA,2026-09-10 13:41:26,Biasa / Mengikuti Pasar
13:41,BCAP,Transaksi Sepi (Skip Broksum),Mid Cap (Lapis 2),Undervalued (Murah),7.374631,0.46965998,50.0,50.0,50.0,50.0,50,50,50,0.0,30400,Normal,46,Negatif,Downtrend,Bearish,Bullish MACD,Konsolidasi / Transisi,Normal,Netral,Normal,Tidak Ada Transaksi,Squeeze,Rendah,Doji (Ragu-ragu),Dekat Support (Low Risk),< 1 Miliar,Persis di VWAP,Netral,Gorengan Sepi (< 5M),Sepi (< 50%),Sideways,Solid (Jarang Dibanting),Normal,Sideways / Stagnan,TP: 51 | CL: 49,Normal,Di Area Support,Oversold (Jenuh Jual - Peluang),Netral / Sepi Berita,Normal / Sedang Transisi,Golden Rebound Fibo Bottom / 100% 🎯,1,WAIT & SEE,HOLD / NEUTRAL,-0.5,MA20 di bawah MA50 (Downtrend) | Volatilitas Bollinger Squeeze (Siap Meledak),TIDAK ADA,2026-09-10 13:41:26,Biasa / Mengikuti Pasar
13:41,BCIC,Transaksi Sepi (Skip Broksum),Mid Cap (Lapis 2),Fair Value (Wajar),0.0,0.6004508,132.0,133.0,130.0,130.0,132,124,151,-0.7633587786259541,154000,Normal,49,Negatif,Downtrend,Bullish,Bearish MACD,Perfect Uptrend (5>20>50),Normal,Distribusi (Turun),Normal,Dominan Jual (Guyur),Normal,Sedang,Normal,Area Tengah,< 1 Miliar,Di Bawah VWAP (Lemah),Distribusi Pro (Guyuran),Gorengan Sepi (< 5M),Sepi (< 50%),Distribution (Fase Jualan),Spesialis Tiang Jemuran (Banting Pucuk),Normal,Turun 3 Hari Beruntun,TP: 140 | CL: 122,Normal,Sangat Menarik (> 1:3),Netral / Sideways,Netral / Sepi Berita,Supply Kering (Siap Pump) 🏜️,Mengambang (Jauh dari Fibo),1,WAIT & SEE,HOLD / NEUTRAL,0.5,MA20 di atas MA50 (Uptrend) | Harga di bawah VWAP Intraday,TIDAK ADA,2026-09-10 13:41:26,Biasa / Mengikuti Pasar
13:41,BCIP,Transaksi Sepi (Skip Broksum),Small Cap (Lapis 3),Undervalued (Murah),4.5323744,0.1775213,63.0,64.0,62.0,63.0,63,61,65,0.0,2283900,Normal,52,Negatif,Downtrend,Bearish,Bearish MACD,Konsolidasi / Transisi,Normal,Netral,Normal,Seimbang / Adu Mekanik,Squeeze,Rendah,Doji (Ragu-ragu),Area Tengah,< 1 Miliar,Persis di VWAP,Akumulasi Pro (Smart Money),Gorengan Sepi (< 5M),Sepi (< 50%),Distribution (Fase Jualan),Normal,Normal,Sideways / Stagnan,TP: 65 | CL: 61,Normal,Menengah (1:1),Netral / Sideways,Netral / Sepi Berita,Normal / Sedang Transisi,Dekat Support Fibo 38.2%,1,WAIT & SEE,BUY,2.5,MA20 di atas MA50 (Uptrend) | Volatilitas Bollinger Squeeze (Siap Meledak),TIDAK ADA,2026-09-10 13:41:26,Biasa / Mengikuti Pasar
13:41,BDMN,Token Mati (Perlu Update),Big Cap (Lapis 1),Undervalued (Murah),9.620536,0.80787337,4540.0,4570.0,4470.0,4490.0,4330,4150,4750,-1.1013215859030838,1684900,Normal,61,Negatif,Uptrend,Bullish,Strong Bullish,Perfect Uptrend (5>20>50),Normal,Akumulasi (Naik),Normal,Dominan Jual (Guyur),Normal,Sedang,Normal,Area Tengah,> 1 Miliar,Persis di VWAP,Distribusi Pro (Guyuran),Ritel Aktif (5M - 50M),Normal (50-150%),Mark-Up (Fase Pesta),Spesialis Tiang Jemuran (Banting Pucuk),Normal,Turun 1 Hari Beruntun,TP: 4656 | CL: 4379,Normal,Tidak Ideal (< 1:1),Death Cross (Awal Bearish),Netral / Sepi Berita,Normal / Sedang Transisi,Mendekati Fibo 38.2%,5,WAIT & SEE,HOLD / NEUTRAL,1.0,MA20 di atas MA50 (Uptrend) | RSI Mendekati Jenuh Beli (61.0),TIDAK ADA,2026-09-10 13:41:26,Biasa / Mengikuti Pasar
13:41,BEKS,Transaksi Sepi (Skip Broksum),Small Cap (Lapis 3),Fair Value (Wajar),17.692308,0.62489814,24.0,24.0,23.0,23.0,23,22,24,-4.166666666666666,13499600,Tembus MA20,51,Negatif,Downtrend,Bullish,Bearish MACD,Perfect Uptrend (5>20>50),Normal,Distribusi (Turun),Normal,Dominan Jual (Guyur),Normal,Sedang,Normal,Area Tengah,< 1 Miliar,Di Bawah VWAP (Lemah),Distribusi Pro (Guyuran),Gorengan Sepi (< 5M),Normal (50-150%),Distribution (Fase Jualan),Normal,Normal,Turun 1 Hari Beruntun,TP: 23 | CL: 22,Open = High (Tekanan Jual),Menengah (1:1),Netral / Sideways,Netral / Sepi Berita,Normal / Sedang Transisi,Dekat Support Fibo 38.2%,3,WAIT & SEE,HOLD / NEUTRAL,0.5,MA20 di atas MA50 (Uptrend) | Harga di bawah VWAP Intraday,TIDAK ADA,2026-09-10 13:41:26,Biasa / Mengikuti Pasar
13:41,BEST,Token Mati (Perlu Update),Mid Cap (Lapis 2),Undervalued (Murah),5.4658384,0.27684972,135.0,136.0,129.0,132.0,126,109,144,-1.4925373134328357,37978900,Normal,59,Negatif,Uptrend,Bullish,Bearish MACD,Perfect Uptrend (5>20>50),Normal,Distribusi (Turun),Normal,Seimbang / Adu Mekanik,Normal,Tinggi,Normal,Rawan Pucuk (High Risk),> 1 Miliar,Di Bawah VWAP (Lemah),Distribusi Pro (Guyuran),Ritel Aktif (5M - 50M),Sepi (< 50%),Mark-Up (Fase Pesta),Normal,Normal,Turun 3 Hari Beruntun,TP: 144 | CL: 123,Normal,Tidak Ideal (< 1:1),Death Cross (Awal Bearish),Netral / Sepi Berita,Normal / Sedang Transisi,Dekat Support Fibo 23.6%,3,WAIT & SEE,HOLD / NEUTRAL,0.0,MA20 di atas MA50 (Uptrend) | RSI Mendekati Jenuh Beli (59.0) | Harga di bawah VWAP Intraday,TIDAK ADA,2026-09-10 13:41:26,Biasa / Mengikuti Pasar
13:41,BFIN,Token Mati (Perlu Update),Big Cap (Lapis 1),Undervalued (Murah),9.35445,1.3610722,1025.0,1025.0,1005.0,1010.0,933,835,1040,0.0,6454400,Normal,67,Negatif,Uptrend,Bullish,Strong Bullish,Perfect Uptrend (5>20>50),Normal,Akumulasi (Naik),Normal,Dominan Jual (Guyur),Normal,Tinggi,Normal,Rawan Pucuk (High Risk),> 1 Miliar,Di Atas VWAP (Kuat),Akumulasi Pro (Smart Money),Ritel Aktif (5M - 50M),Sepi (< 50%),Mark-Up (Fase Pesta),Normal,Normal,Sideways / Stagnan,TP: 1074 | CL: 967,Open = High (Tekanan Jual),Tidak Ideal (< 1:1),Overbought (Jenuh Beli - Rawan),Netral / Sepi Berita,Normal / Sedang Transisi,Mengambang (Jauh dari Fibo),5,WAIT & SEE,BUY,2.0,MA20 di atas MA50 (Uptrend) | RSI Mendekati Jenuh Beli (67.0) | Harga di atas VWAP Intraday,TIDAK ADA,2026-09-10 13:41:26,Biasa / Mengikuti Pasar
13:41,BGTG,Token Mati (Perlu Update),Mid Cap (Lapis 2),Undervalued (Murah),13.029989,0.80284435,121.0,126.0,120.0,126.0,116,108,135,4.132231404958678,8869000,Normal,65,Positif,Uptrend,Bullish,Strong Bullish,Perfect Uptrend (5>20>50),Normal,Akumulasi (Naik),Normal,Dominan Beli (Hajar Kanan),Normal,Tinggi,Marubozu (Strong Bullish),Rawan Pucuk (High Risk),> 1 Miliar,Di Atas VWAP (Kuat),Distribusi Pro (Guyuran),Gorengan Sepi (< 5M),Sepi (< 50%),Mark-Up (Fase Pesta),Spesialis Tiang Jemuran (Banting Pucuk),Normal,Naik 2 Hari Beruntun,TP: 136 | CL: 119,Normal,Tidak Ideal (< 1:1),Netral / Sideways,Netral / Sepi Berita,Normal / Sedang Transisi,Dekat Support Fibo 23.6%,7,BELI,BUY,2.0,MA20 di atas MA50 (Uptrend) | RSI Mendekati Jenuh Beli (65.0) | Harga di atas VWAP Intraday,TIDAK ADA,2026-09-10 13:41:26,Biasa / Mengikuti Pasar
13:41,BHIT,Transaksi Sepi (Skip Broksum),Mid Cap (Lapis 2),Undervalued (Murah),5.7522125,0.13192679,26.0,26.0,26.0,26.0,25,24,26,0.0,18063600,Tembus MA20,54,Negatif,Uptrend,Golden Cross,Bullish MACD,Awal Reversal (5>20),Normal,Akumulasi (Naik),Normal,Tidak Ada Transaksi,Normal,Sedang,Doji (Ragu-ragu),Area Tengah,< 1 Miliar,Di Atas VWAP (Kuat),Akumulasi Pro (Smart Money),Gorengan Sepi (< 5M),Anomali Tinggi (150-300%),Accumulation (Kumpul Barang),Normal,Normal,Sideways / Stagnan,TP: 26 | CL: 25,Normal,Tidak Ideal (< 1:1),Overbought (Jenuh Beli - Rawan),Netral / Sepi Berita,Normal / Sedang Transisi,Mendekati Fibo 78.6%,6,WAIT & SEE,HOLD / NEUTRAL,-0.6,MA20 di bawah MA50 (Downtrend) | Harga di atas VWAP Intraday | Volume Lonjak 1.7x MA20,TIDAK ADA,2026-09-10 13:41:26,Biasa / Mengikuti Pasar
13:41,BINA,Transaksi Sepi (Skip Broksum),Big Cap (Lapis 1),Overvalued (Mahal),0.0,8.548085,4180.0,4180.0,4140.0,4140.0,4171,4000,4380,-0.9569377990430622,56100,Normal,50,Negatif,Downtrend,Death Cross,Bearish MACD,Konsolidasi / Transisi,Normal,Distribusi (Turun),Normal,Dominan Jual (Guyur),Squeeze,Rendah,Normal,Area Tengah,< 1 Miliar,Persis di VWAP,Distribusi Pro (Guyuran),Gorengan Sepi (< 5M),Sepi (< 50%),Distribution (Fase Jualan),Normal,Normal,Turun 1 Hari Beruntun,TP: 4299 | CL: 4033,Open = High (Tekanan Jual),Ideal (1:2),Netral / Sideways,Netral / Sepi Berita,Supply Kering (Siap Pump) 🏜️,Golden Rebound Fibo 23.6% 🎯,0,WAIT & SEE,BUY,2.5,MA20 di atas MA50 (Uptrend) | Volatilitas Bollinger Squeeze (Siap Meledak),TIDAK ADA,2026-09-10 13:41:26,Biasa / Mengikuti Pasar
13:41,BIPI,Token Mati (Perlu Update),Mid Cap (Lapis 2),Overvalued (Mahal),36.448597,22285.713,158.0,159.0,154.0,156.0,149,134,165,-1.2658227848101267,447308000,Normal,57,Negatif,Uptrend,Bullish,Strong Bullish,Perfect Uptrend (5>20>50),Normal,Akumulasi (Naik),Normal,Seimbang / Adu Mekanik,Normal,Sedang,Normal,Rawan Pucuk (High Risk),> 1 Miliar,Persis di VWAP,Akumulasi Pro (Smart Money),Sultan (> 50M/hari),Normal (50-150%),Mark-Up (Fase Pesta),Spesialis Tiang Jemuran (Banting Pucuk),Normal,Turun 1 Hari Beruntun,TP: 168 | CL: 148,Normal,Tidak Ideal (< 1:1),Netral / Sideways,Netral / Sepi Berita,Supply Banjir (Distribusi) 🌊,Dekat Support Fibo 38.2%,5,WAIT & SEE,HOLD / NEUTRAL,1.0,MA20 di atas MA50 (Uptrend) | RSI Mendekati Jenuh Beli (57.0),TIDAK ADA,2026-09-10 13:41:26,🔥 ANOMALI BANDAR (Siap Ledakan)
13:41,BIPP,Token Mati (Perlu Update),Small Cap (Lapis 3),Fair Value (Wajar),0.0,0.45971057,68.0,73.0,68.0,71.0,67,61,78,2.898550724637681,42774900,Tembus MA20,57,Positif,Uptrend,Bullish,Strong Bullish,Perfect Uptrend (5>20>50),Normal,Akumulasi (Naik),Normal,Seimbang / Adu Mekanik,Normal,Tinggi,Normal,Rawan Pucuk (High Risk),> 1 Miliar,Di Atas VWAP (Kuat),Akumulasi Pro (Smart Money),Gorengan Sepi (< 5M),Anomali Tinggi (150-300%),Mark-Up (Fase Pesta),Spesialis Tiang Jemuran (Banting Pucuk),Normal,Naik 1 Hari Beruntun,TP: 75 | CL: 67,Open = Low (Bullish Kuat),Tidak Ideal (< 1:1),Netral / Sideways,Netral / Sepi Berita,Normal / Sedang Transisi,Mendekati Fibo 38.2%,7,BELI,BUY,2.0,MA20 di atas MA50 (Uptrend) | RSI Mendekati Jenuh Beli (57.0) | Harga di atas VWAP Intraday,TIDAK ADA,2026-09-10 13:41:26,Biasa / Mengikuti Pasar
13:41,BIRD,Transaksi Sepi (Skip Broksum),Mid Cap (Lapis 2),Undervalued (Murah),6.532785,0.6630133,1625.0,1635.0,1620.0,1620.0,1632,1610,1670,-0.3076923076923077,289700,Normal,50,Negatif,Downtrend,Bearish,Bearish MACD,Konsolidasi / Transisi,Normal,Distribusi (Turun),Normal,Dominan Jual (Guyur),Squeeze,Rendah,Normal,Dekat Support (Low Risk),< 1 Miliar,Persis di VWAP,Distribusi Pro (Guyuran),Gorengan Sepi (< 5M),Sepi (< 50%),Distribution (Fase Jualan),Normal,Normal,Turun 1 Hari Beruntun,TP: 1645 | CL: 1603,Normal,Sangat Menarik (> 1:3),Oversold (Jenuh Jual - Peluang),Netral / Sepi Berita,Normal / Sedang Transisi,Golden Rebound Fibo 23.6% 🎯,0,WAIT & SEE,BUY,2.5,MA20 di atas MA50 (Uptrend) | Volatilitas Bollinger Squeeze (Siap Meledak),TIDAK ADA,2026-09-10 13:41:26,Biasa / Mengikuti Pasar
13:41,BISI,Transaksi Sepi (Skip Broksum),Mid Cap (Lapis 2),Undervalued (Murah),9.029484,0.62288713,735.0,735.0,720.0,735.0,710,660,750,0.684931506849315,194400,Normal,67,Positif,Uptrend,Bullish,Strong Bullish,Perfect Uptrend (5>20>50),Normal,Akumulasi (Naik),Normal,Dominan Beli (Hajar Kanan),Normal,Sedang,Doji (Ragu-ragu),Rawan Pucuk (High Risk),< 1 Miliar,Persis di VWAP,Akumulasi Pro (Smart Money),Gorengan Sepi (< 5M),Normal (50-150%),Mark-Up (Fase Pesta),Normal,Jarum Bawah (Sinyal Pantulan Kuat),Naik 1 Hari Beruntun,TP: 757 | CL: 720,Normal,Tidak Ideal (< 1:1),Netral / Sideways,Netral / Sepi Berita,Normal / Sedang Transisi,Golden Rebound Fibo 23.6% 🎯,7,BELI,HOLD / NEUTRAL,1.0,MA20 di atas MA50 (Uptrend) | RSI Mendekati Jenuh Beli (67.0),TIDAK ADA,2026-09-10 13:41:26,Biasa / Mengikuti Pasar
13:41,BJBR,Token Mati (Perlu Update),Mid Cap (Lapis 2),Undervalued (Murah),5.7613773,0.51415086,800.0,800.0,790.0,795.0,793,780,810,-0.625,2941200,Tembus MA20,53,Negatif,Uptrend,Bullish,Bearish MACD,Perfect Uptrend (5>20>50),Normal,Distribusi (Turun),Normal,Seimbang / Adu Mekanik,Squeeze,Rendah,Normal,Dekat Support (Low Risk),> 1 Miliar,Persis di VWAP,Distribusi Pro (Guyuran),Gorengan Sepi (< 5M),Normal (50-150%),Mark-Up (Fase Pesta),Normal,Normal,Turun 1 Hari Beruntun,TP: 811 | CL: 783,Open = High (Tekanan Jual),Menengah (1:1),Netral / Sideways,Netral / Sepi Berita,Normal / Sedang Transisi,Dekat Support Fibo 38.2%,4,WAIT & SEE,BUY,2.5,MA20 di atas MA50 (Uptrend) | Volatilitas Bollinger Squeeze (Siap Meledak),TIDAK ADA,2026-09-10 13:41:26,Biasa / Mengikuti Pasar
13:41,BJTM,Token Mati (Perlu Update),Mid Cap (Lapis 2),Undervalued (Murah),5.030663,0.6049112,530.0,535.0,525.0,525.0,522,510,535,-0.9433962264150944,2994600,Normal,54,Negatif,Uptrend,Bullish,Strong Bullish,Perfect Uptrend (5>20>50),Normal,Distribusi (Turun),Normal,Dominan Jual (Guyur),Squeeze,Rendah,Normal,Dekat Support (Low Risk),> 1 Miliar,Persis di VWAP,Akumulasi Pro (Smart Money),Gorengan Sepi (< 5M),Normal (50-150%),Mark-Up (Fase Pesta),Normal,Normal,Turun 1 Hari Beruntun,TP: 535 | CL: 517,Normal,Tidak Ideal (< 1:1),Netral / Sideways,Netral / Sepi Berita,Normal / Sedang Transisi,Dekat Support Fibo 38.2%,4,WAIT & SEE,BUY,2.5,MA20 di atas MA50 (Uptrend) | Volatilitas Bollinger Squeeze (Siap Meledak),TIDAK ADA,2026-09-10 13:41:26,Biasa / Mengikuti Pasar
13:41,BKDP,Token Mati (Perlu Update),Mid Cap (Lapis 2),Overvalued (Mahal),0.0,4.585136,194.0,196.0,171.0,177.0,166,132,224,-7.329842931937172,27363400,Tembus MA20,56,Negatif,Uptrend,Bullish,Strong Bullish,Perfect Uptrend (5>20>50),Normal,Akumulasi (Naik),Normal,Dominan Jual (Guyur),Normal,Tinggi,Normal,Rawan Pucuk (High Risk),> 1 Miliar,Di Bawah VWAP (Lemah),Akumulasi Pro (Smart Money),Ritel Aktif (5M - 50M),Normal (50-150%),Mark-Up (Fase Pesta),Normal,Normal,Turun 2 Hari Beruntun,TP: 198 | CL: 162,Normal,Menengah (1:1),Netral / Sideways,Netral / Sepi Berita,Supply Banjir (Distribusi) 🌊,Mendekati Fibo 38.2%,6,WAIT & SEE,HOLD / NEUTRAL,0.0,MA20 di atas MA50 (Uptrend) | RSI Mendekati Jenuh Beli (56.0) | Harga di bawah VWAP Intraday | Volume Lonjak 1.7x MA20,TIDAK ADA,2026-09-10 13:41:26,Biasa / Mengikuti Pasar
13:41,BKSL,Token Mati (Perlu Update),Big Cap (Lapis 1),Undervalued (Murah),13.518518,0.7986958,73.0,74.0,72.0,73.0,75,70,82,0.0,78204900,Normal,48,Negatif,Downtrend,Bearish,Bearish MACD,Konsolidasi / Transisi,Normal,Distribusi (Turun),Normal,Seimbang / Adu Mekanik,Normal,Sedang,Doji (Ragu-ragu),Area Tengah,> 1 Miliar,Di Bawah VWAP (Lemah),Distribusi Pro (Guyuran),Ritel Aktif (5M - 50M),Normal (50-150%),Distribution (Fase Jualan),Solid (Jarang Dibanting),Normal,Sideways / Stagnan,TP: 77 | CL: 70,Normal,Sangat Menarik (> 1:3),Golden Cross (Awal Bullish),Netral / Sepi Berita,Normal / Sedang Transisi,Dekat Support Fibo 38.2%,0,WAIT & SEE,HOLD / NEUTRAL,0.5,MA20 di atas MA50 (Uptrend) | Harga di bawah VWAP Intraday,TIDAK ADA,2026-09-10 13:41:26,Biasa / Mengikuti Pasar
13:41,BKSW,Transaksi Sepi (Skip Broksum),Mid Cap (Lapis 2),Fair Value (Wajar),0.0,0.411803,55.0,55.0,54.0,55.0,53,51,57,0.0,471600,Normal,62,Negatif,Uptrend,Bullish,Strong Bullish,Perfect Uptrend (5>20>50),Normal,Netral,Normal,Dominan Beli (Hajar Kanan),Normal,Sedang,Doji (Ragu-ragu),Area Tengah,< 1 Miliar,Persis di VWAP,Distribusi Pro (Guyuran),Gorengan Sepi (< 5M),Sepi (< 50%),Mark-Up (Fase Pesta),Solid (Jarang Dibanting),Jarum Bawah (Sinyal Pantulan Kuat),Sideways / Stagnan,TP: 57 | CL: 53,Normal,Tidak Ideal (< 1:1),Netral / Sideways,Netral / Sepi Berita,Normal / Sedang Transisi,Golden Rebound Fibo 38.2% 🎯,5,WAIT & SEE,HOLD / NEUTRAL,1.0,MA20 di atas MA50 (Uptrend) | RSI Mendekati Jenuh Beli (62.0),TIDAK ADA,2026-09-10 13:41:26,Biasa / Mengikuti Pasar
13:41,BLTA,Transaksi Sepi (Skip Broksum),Small Cap (Lapis 3),Overvalued (Mahal),31.48148,11333.333,33.0,34.0,33.0,34.0,32,31,34,3.0303030303030303,4339000,Tembus MA20,57,Positif,Uptrend,Bearish,Strong Bullish,Konsolidasi / Transisi,Normal,Akumulasi (Naik),Normal,Dominan Beli (Hajar Kanan),Normal,Sedang,Marubozu (Strong Bullish),Area Tengah,< 1 Miliar,Di Atas VWAP (Kuat),Akumulasi Pro (Smart Money),Gorengan Sepi (< 5M),Normal (50-150%),Accumulation (Kumpul Barang),Normal,Normal,Naik 1 Hari Beruntun,TP: 35 | CL: 33,Open = Low (Bullish Kuat),Tidak Ideal (< 1:1),Netral / Sideways,Netral / Sepi Berita,Normal / Sedang Transisi,Dekat Support Fibo 61.8% (Golden Ratio),7,BELI,HOLD / NEUTRAL,-1.0,MA20 di bawah MA50 (Downtrend) | RSI Mendekati Jenuh Beli (57.0) | Harga di atas VWAP Intraday,TIDAK ADA,2026-09-10 13:41:26,Biasa / Mengikuti Pasar
13:41,BLTZ,Transaksi Sepi (Skip Broksum),Mid Cap (Lapis 2),Overvalued (Mahal),25.316456,4.1049557,2000.0,2000.0,2000.0,2000.0,2098,2000,2290,0.0,100,Normal,0,Negatif,Downtrend,Bearish,Bullish MACD,Strong Downtrend (5<20<50),Normal,Netral,Normal,Tidak Ada Transaksi,Normal,Tinggi,Doji (Ragu-ragu),Dekat Support (Low Risk),< 1 Miliar,Persis di VWAP,Netral,Gorengan Sepi (< 5M),Ledakan Ekstrem (> 300%),Mark-Down (Fase Runtuh),Solid (Jarang Dibanting),Normal,Sideways / Stagnan,TP: 2021 | CL: 1985,Normal,Di Area Support,Oversold (Jenuh Jual - Peluang),Netral / Sepi Berita,Normal / Sedang Transisi,Golden Rebound Fibo Bottom / 100% 🎯,1,WAIT & SEE,HOLD / NEUTRAL,0.5,MA20 di bawah MA50 (Downtrend) | RSI Oversold Kuat (0.0),TIDAK ADA,2026-09-10 13:41:26,🔥 ANOMALI BANDAR (Siap Ledakan)
13:41,BMAS,Transaksi Sepi (Skip Broksum),Mid Cap (Lapis 2),Overvalued (Mahal),722.97296,1.4897983,540.0,540.0,525.0,535.0,510,482,630,0.9433962264150944,183000,Normal,58,Positif,Uptrend,Bullish,Strong Bullish,Perfect Uptrend (5>20>50),Normal,Akumulasi (Naik),Normal,Seimbang / Adu Mekanik,Normal,Tinggi,Normal,Rawan Pucuk (High Risk),< 1 Miliar,Di Bawah VWAP (Lemah),Distribusi Pro (Guyuran),Gorengan Sepi (< 5M),Sepi (< 50%),Mark-Up (Fase Pesta),Normal,Normal,Naik 1 Hari Beruntun,TP: 590 | CL: 498,Open = High (Tekanan Jual),Ideal (1:2),Netral / Sideways,Netral / Sepi Berita,Supply Banjir (Distribusi) 🌊,Mendekati Fibo 61.8% (Golden Ratio),6,WAIT & SEE,HOLD / NEUTRAL,0.0,MA20 di atas MA50 (Uptrend) | RSI Mendekati Jenuh Beli (58.0) | Harga di bawah VWAP Intraday,TIDAK ADA,2026-09-10 13:41:26,Biasa / Mengikuti Pasar
13:41,BMRI,Token Mati (Perlu Update),Big Cap (Lapis 1),Undervalued (Murah),6.5489745,1.4331557,4390.0,4410.0,4360.0,4370.0,4267,4090,4480,-0.45558086560364464,61724200,Normal,58,Negatif,Uptrend,Bullish,Strong Bullish,Perfect Uptrend (5>20>50),Normal,Distribusi (Turun),Normal,Dominan Jual (Guyur),Normal,Sedang,Normal,Area Tengah,> 1 Miliar,Persis di VWAP,Distribusi Pro (Guyuran),Sultan (> 50M/hari),Sepi (< 50%),Mark-Up (Fase Pesta),Normal,Normal,Turun 2 Hari Beruntun,TP: 4464 | CL: 4307,Normal,Tidak Ideal (< 1:1),Death Cross (Awal Bearish),Netral / Sepi Berita,Normal / Sedang Transisi,Dekat Support Fibo 38.2%,4,WAIT & SEE,HOLD / NEUTRAL,1.0,MA20 di atas MA50 (Uptrend) | RSI Mendekati Jenuh Beli (58.0),TIDAK ADA,2026-09-10 13:41:26,Biasa / Mengikuti Pasar
13:41,BMSR,Transaksi Sepi (Skip Broksum),Small Cap (Lapis 3),Undervalued (Murah),3.25154,0.43369865,316.0,322.0,314.0,322.0,312,302,326,1.89873417721519,80100,Tembus MA20,60,Positif,Uptrend,Bullish,Strong Bullish,Perfect Uptrend (5>20>50),Normal,Distribusi (Turun),Normal,Dominan Beli (Hajar Kanan),Squeeze,Rendah,Normal,Area Tengah,< 1 Miliar,Di Atas VWAP (Kuat),Akumulasi Pro (Smart Money),Gorengan Sepi (< 5M),Anomali Tinggi (150-300%),Mark-Up (Fase Pesta),Solid (Jarang Dibanting),Normal,Naik 1 Hari Beruntun,TP: 336 | CL: 312,Normal,Tidak Ideal (< 1:1),Netral / Sideways,Netral / Sepi Berita,Normal / Sedang Transisi,Dekat Support Fibo 38.2%,7,BELI,STRONG BUY,3.6,MA20 di atas MA50 (Uptrend) | RSI Mendekati Jenuh Beli (60.0) | Harga di atas VWAP Intraday | Volatilitas Bollinger Squeeze (Siap Meledak) | Volume Lonjak 1.8x MA20,TIDAK ADA,2026-09-10 13:41:26,Biasa / Mengikuti Pasar
13:41,BMTR,Token Mati (Perlu Update),Mid Cap (Lapis 2),Undervalued (Murah),2.979798,0.12011584,114.0,121.0,113.0,119.0,115,111,121,4.385964912280701,108861300,Tembus MA20,56,Positif,Uptrend,Bullish,Strong Bullish,Awal Reversal (5>20),Normal,Distribusi (Turun),Normal,Dominan Beli (Hajar Kanan),Squeeze,Rendah,Normal,Area Tengah,> 1 Miliar,Di Atas VWAP (Kuat),Akumulasi Pro (Smart Money),Ritel Aktif (5M - 50M),Anomali Tinggi (150-300%),Accumulation (Kumpul Barang),Normal,Normal,Naik 1 Hari Beruntun,TP: 124 | CL: 115,Normal,Tidak Ideal (< 1:1),Netral / Sideways,Netral / Sepi Berita,Normal / Sedang Transisi,Dekat Support Fibo 50.0%,7,BELI,HOLD / NEUTRAL,0.0,MA20 di bawah MA50 (Downtrend) | RSI Mendekati Jenuh Beli (56.0) | Harga di atas VWAP Intraday | Volatilitas Bollinger Squeeze (Siap Meledak) | Volume Lonjak 1.8x MA20,TIDAK ADA,2026-09-10 13:41:26,Biasa / Mengikuti Pasar
13:41,BNBA,Transaksi Sepi (Skip Broksum),Mid Cap (Lapis 2),Overvalued (Mahal),148.62386,0.8428202,835.0,835.0,805.0,810.0,757,690,875,-1.8181818181818181,205700,Normal,62,Negatif,Uptrend,Bullish,Strong Bullish,Perfect Uptrend (5>20>50),Normal,Akumulasi (Naik),Normal,Dominan Jual (Guyur),Normal,Tinggi,Normal,Rawan Pucuk (High Risk),< 1 Miliar,Di Bawah VWAP (Lemah),Distribusi Pro (Guyuran),Gorengan Sepi (< 5M),Sepi (< 50%),Mark-Up (Fase Pesta),Normal,Normal,Turun 2 Hari Beruntun,TP: 885 | CL: 759,Open = High (Tekanan Jual),Tidak Ideal (< 1:1),Death Cross (Awal Bearish),Netral / Sepi Berita,Supply Banjir (Distribusi) 🌊,Dekat Support Fibo 38.2%,5,WAIT & SEE,HOLD / NEUTRAL,0.0,MA20 di atas MA50 (Uptrend) | RSI Mendekati Jenuh Beli (62.0) | Harga di bawah VWAP Intraday,TIDAK ADA,2026-09-10 13:41:26,Biasa / Mengikuti Pasar
13:41,BNBR,Token Mati (Perlu Update),Big Cap (Lapis 1),Overvalued (Mahal),78.861786,4.533982,98.0,99.0,95.0,97.0,100,92,111,-1.0204081632653061,934378500,Normal,45,Negatif,Downtrend,Bearish,Strong Bearish,Konsolidasi / Transisi,Normal,Distribusi (Turun),Normal,Seimbang / Adu Mekanik,Bottom Rebound,Sedang,Normal,Area Tengah,> 1 Miliar,Di Bawah VWAP (Lemah),Distribusi Pro (Guyuran),Sultan (> 50M/hari),Normal (50-150%),Distribution (Fase Jualan),Spesialis Tiang Jemuran (Banting Pucuk),Normal,Turun 3 Hari Beruntun,TP: 103 | CL: 93,Normal,Ideal (1:2),Golden Cross (Awal Bullish),Netral / Sepi Berita,Normal / Sedang Transisi,Mendekati Fibo 61.8% (Golden Ratio),0,WAIT & SEE,HOLD / NEUTRAL,0.5,MA20 di atas MA50 (Uptrend) | Harga di bawah VWAP Intraday,TIDAK ADA,2026-09-10 13:41:26,🔥 ANOMALI BANDAR (Siap Ledakan)
13:41,BNGA,Token Mati (Perlu Update),Big Cap (Lapis 1),Undervalued (Murah),6.4332848,0.78636926,1760.0,1765.0,1750.0,1755.0,1692,1640,1765,-0.2840909090909091,1290000,Normal,76,Negatif,Uptrend,Bullish,Strong Bullish,Perfect Uptrend (5>20>50),Normal,Akumulasi (Naik),Normal,Seimbang / Adu Mekanik,Squeeze,Rendah,Normal,Area Tengah,> 1 Miliar,Di Atas VWAP (Kuat),Distribusi Pro (Guyuran),Ritel Aktif (5M - 50M),Sepi (< 50%),Mark-Up (Fase Pesta),Spesialis Tiang Jemuran (Banting Pucuk),Normal,Turun 1 Hari Beruntun,TP: 1782 | CL: 1736,Normal,Tidak Ideal (< 1:1),Overbought (Jenuh Beli - Rawan),Netral / Sepi Berita,Normal / Sedang Transisi,Mendekati Fibo 23.6%,5,WAIT & SEE,BUY,1.5,MA20 di atas MA50 (Uptrend) | RSI Overbought Pucuk (76.0) | Harga di atas VWAP Intraday | Volatilitas Bollinger Squeeze (Siap Meledak),TIDAK ADA,2026-09-10 13:41:26,Biasa / Mengikuti Pasar
13:41,BNII,Transaksi Sepi (Skip Broksum),Big Cap (Lapis 1),Undervalued (Murah),8.222698,0.4627956,191.0,194.0,191.0,192.0,193,189,197,0.0,1533900,Tembus MA20,45,Negatif,Downtrend,Bullish,Bearish MACD,Perfect Uptrend (5>20>50),Normal,Distribusi (Turun),Normal,Seimbang / Adu Mekanik,Squeeze,Rendah,Normal,Dekat Support (Low Risk),< 1 Miliar,Persis di VWAP,Distribusi Pro (Guyuran),Gorengan Sepi (< 5M),Normal (50-150%),Distribution (Fase Jualan),Normal,Normal,Sideways / Stagnan,TP: 196 | CL: 188,Open = Low (Bullish Kuat),Ideal (1:2),Netral / Sideways,Netral / Sepi Berita,Normal / Sedang Transisi,Dekat Support Fibo 50.0%,2,WAIT & SEE,BUY,2.5,MA20 di atas MA50 (Uptrend) | Volatilitas Bollinger Squeeze (Siap Meledak),TIDAK ADA,2026-09-10 13:41:26,Biasa / Mengikuti Pasar
13:41,BNLI,Transaksi Sepi (Skip Broksum),Big Cap (Lapis 1),Fair Value (Wajar),21.08877,1.7229234,2160.0,2170.0,2140.0,2150.0,2154,2000,2190,-0.4629629629629629,12600,Normal,41,Negatif,Downtrend,Bearish,Bullish MACD,Strong Downtrend (5<20<50),Normal,Distribusi (Turun),Normal,Seimbang / Adu Mekanik,Squeeze,Rendah,Normal,Area Tengah,< 1 Miliar,Persis di VWAP,Distribusi Pro (Guyuran),Gorengan Sepi (< 5M),Sepi (< 50%),Mark-Down (Fase Runtuh),Solid (Jarang Dibanting),Normal,Turun 1 Hari Beruntun,TP: 2191 | CL: 2122,Normal,Tidak Ideal (< 1:1),Netral / Sideways,Netral / Sepi Berita,Supply Kering (Siap Pump) 🏜️,Mengambang (Jauh dari Fibo),1,WAIT & SEE,HOLD / NEUTRAL,0.0,MA20 di bawah MA50 (Downtrend) | RSI Rebound Area Murah (41.0) | Volatilitas Bollinger Squeeze (Siap Meledak),TIDAK ADA,2026-09-10 13:41:26,Biasa / Mengikuti Pasar
13:41,BOLT,Transaksi Sepi (Skip Broksum),Mid Cap (Lapis 2),Fair Value (Wajar),12.631413,2.2349315,815.0,815.0,805.0,805.0,798,770,1010,-1.2269938650306749,5900,Normal,53,Negatif,Uptrend,Bullish,Strong Bullish,Perfect Uptrend (5>20>50),Normal,Akumulasi (Naik),Normal,Dominan Jual (Guyur),Squeeze,Rendah,Normal,Area Tengah,< 1 Miliar,Persis di VWAP,Akumulasi Pro (Smart Money),Gorengan Sepi (< 5M),Sepi (< 50%),Mark-Up (Fase Pesta),Normal,Normal,Turun 1 Hari Beruntun,TP: 851 | CL: 773,Open = High (Tekanan Jual),Sangat Menarik (> 1:3),Oversold (Jenuh Jual - Peluang),Netral / Sepi Berita,Normal / Sedang Transisi,Mengambang (Jauh dari Fibo),5,WAIT & SEE,BUY,2.5,MA20 di atas MA50 (Uptrend) | Volatilitas Bollinger Squeeze (Siap Meledak),TIDAK ADA,2026-09-10 13:41:26,Biasa / Mengikuti Pasar
13:41,BPFI,Transaksi Sepi (Skip Broksum),Small Cap (Lapis 3),Undervalued (Murah),6.4718165,0.5374597,248.0,248.0,240.0,248.0,248,232,286,0.0,2400,Normal,47,Negatif,Downtrend,Bearish,Bullish MACD,Strong Downtrend (5<20<50),Normal,Akumulasi (Naik),Normal,Dominan Beli (Hajar Kanan),Normal,Sedang,Doji (Ragu-ragu),Area Tengah,< 1 Miliar,Persis di VWAP,Akumulasi Pro (Smart Money),Gorengan Sepi (< 5M),Sepi (< 50%),Mark-Down (Fase Runtuh),Normal,Jarum Bawah (Sinyal Pantulan Kuat),Sideways / Stagnan,TP: 261 | CL: 239,Normal,Ideal (1:2),Netral / Sideways,Netral / Sepi Berita,Supply Kering (Siap Pump) 🏜️,Golden Rebound Fibo 61.8% (Golden Ratio) 🎯,3,WAIT & SEE,SELL,-1.5,MA20 di bawah MA50 (Downtrend),TIDAK ADA,2026-09-10 13:41:26,Biasa / Mengikuti Pasar
13:41,BPII,Transaksi Sepi (Skip Broksum),Mid Cap (Lapis 2),Overvalued (Mahal),54.3379,3.3273218,476.0,478.0,472.0,476.0,481,432,615,0.0,5900,Normal,53,Negatif,Downtrend,Bearish,Bearish MACD,Konsolidasi / Transisi,Normal,Distribusi (Turun),Normal,Seimbang / Adu Mekanik,Normal,Tinggi,Doji (Ragu-ragu),Area Tengah,< 1 Miliar,Persis di VWAP,Distribusi Pro (Guyuran),Gorengan Sepi (< 5M),Sepi (< 50%),Distribution (Fase Jualan),Spesialis Tiang Jemuran (Banting Pucuk),Jarum Bawah (Sinyal Pantulan Kuat),Sideways / Stagnan,TP: 498 | CL: 460,Normal,Sangat Menarik (> 1:3),Oversold (Jenuh Jual - Peluang),Netral / Sepi Berita,Normal / Sedang Transisi,Mendekati Fibo 78.6%,1,WAIT & SEE,BUY,1.5,MA20 di atas MA50 (Uptrend),TIDAK ADA,2026-09-10 13:41:26,Biasa / Mengikuti Pasar
13:41,BRAM,Transaksi Sepi (Skip Broksum),Mid Cap (Lapis 2),Overvalued (Mahal),20.016287,9831.579,4650.0,4670.0,4650.0,4670.0,4600,4490,4790,1.0822510822510822,200,Normal,56,Positif,Uptrend,Bullish,Strong Bullish,Perfect Uptrend (5>20>50),Normal,Akumulasi (Naik),Normal,Dominan Beli (Hajar Kanan),Squeeze,Rendah,Marubozu (Strong Bullish),Area Tengah,< 1 Miliar,Persis di VWAP,Akumulasi Pro (Smart Money),Gorengan Sepi (< 5M),Sepi (< 50%),Mark-Up (Fase Pesta),Solid (Jarang Dibanting),Normal,Naik 2 Hari Beruntun,TP: 4769 | CL: 4603,Open = Low (Bullish Kuat),Tidak Ideal (< 1:1),Netral / Sideways,Netral / Sepi Berita,Supply Kering (Siap Pump) 🏜️,Golden Rebound Fibo 23.6% 🎯,7,BELI,BUY,2.0,MA20 di atas MA50 (Uptrend) | RSI Mendekati Jenuh Beli (56.0) | Volatilitas Bollinger Squeeze (Siap Meledak),TIDAK ADA,2026-09-10 13:41:26,Biasa / Mengikuti Pasar
13:41,BRMS,Token Mati (Perlu Update),Big Cap (Lapis 1),Overvalued (Mahal),142.71255,78333.336,710.0,715.0,700.0,705.0,698,600,785,0.0,71582800,Normal,58,Negatif,Uptrend,Bullish,Bearish MACD,Perfect Uptrend (5>20>50),Normal,Distribusi (Turun),Normal,Seimbang / Adu Mekanik,Normal,Tinggi,Normal,Rawan Pucuk (High Risk),> 1 Miliar,Di Bawah VWAP (Lemah),Distribusi Pro (Guyuran),Sultan (> 50M/hari),Sepi (< 50%),Mark-Up (Fase Pesta),Normal,Normal,Sideways / Stagnan,TP: 751 | CL: 673,Normal,Tidak Ideal (< 1:1),Netral / Sideways,Netral / Sepi Berita,Normal / Sedang Transisi,Mengambang (Jauh dari Fibo),3,WAIT & SEE,HOLD / NEUTRAL,0.0,MA20 di atas MA50 (Uptrend) | RSI Mendekati Jenuh Beli (58.0) | Harga di bawah VWAP Intraday,TIDAK ADA,2026-09-10 13:41:26,Biasa / Mengikuti Pasar
13:41,BRNA,Transaksi Sepi (Skip Broksum),Small Cap (Lapis 3),Fair Value (Wajar),0.0,0.6495944,640.0,645.0,630.0,635.0,624,590,750,0.0,71100,Normal,56,Negatif,Uptrend,Golden Cross,Strong Bullish,Perfect Uptrend (5>20>50),Normal,Akumulasi (Naik),Normal,Seimbang / Adu Mekanik,Normal,Tinggi,Normal,Area Tengah,< 1 Miliar,Persis di VWAP,Distribusi Pro (Guyuran),Gorengan Sepi (< 5M),Sepi (< 50%),Mark-Up (Fase Pesta),Spesialis Tiang Jemuran (Banting Pucuk),Normal,Sideways / Stagnan,TP: 678 | CL: 606,Normal,Ideal (1:2),Netral / Sideways,Netral / Sepi Berita,Normal / Sedang Transisi,Mendekati Fibo 61.8% (Golden Ratio),5,WAIT & SEE,HOLD / NEUTRAL,1.0,MA20 di atas MA50 (Uptrend) | RSI Mendekati Jenuh Beli (56.0),TIDAK ADA,2026-09-10 13:41:26,Biasa / Mengikuti Pasar
13:41,BRPT,Token Mati (Perlu Update),Big Cap (Lapis 1),Overvalued (Mahal),66.66667,68076.92,1740.0,1785.0,1740.0,1775.0,1820,1710,1965,2.3054755043227666,54636600,Normal,47,Positif,Downtrend,Bearish,Strong Bearish,Konsolidasi / Transisi,Normal,Distribusi (Turun),Normal,Dominan Beli (Hajar Kanan),Normal,Sedang,Normal,Area Tengah,> 1 Miliar,Persis di VWAP,Distribusi Pro (Guyuran),Sultan (> 50M/hari),Normal (50-150%),Distribution (Fase Jualan),Normal,Normal,Naik 1 Hari Beruntun,TP: 1865 | CL: 1715,Open = Low (Bullish Kuat),Ideal (1:2),Golden Cross (Awal Bullish),Netral / Sepi Berita,Normal / Sedang Transisi,Mendekati Fibo 38.2%,2,WAIT & SEE,BUY,1.5,MA20 di atas MA50 (Uptrend),TIDAK ADA,2026-09-10 13:41:26,Biasa / Mengikuti Pasar
13:41,BSDE,Token Mati (Perlu Update),Big Cap (Lapis 1),Undervalued (Murah),7.2463765,0.30096728,650.0,655.0,640.0,645.0,637,580,705,0.0,6659300,Normal,56,Negatif,Uptrend,Bullish,Bearish MACD,Perfect Uptrend (5>20>50),Normal,Akumulasi (Naik),Normal,Seimbang / Adu Mekanik,Normal,Tinggi,Normal,Rawan Pucuk (High Risk),> 1 Miliar,Di Bawah VWAP (Lemah),Distribusi Pro (Guyuran),Ritel Aktif (5M - 50M),Sepi (< 50%),Mark-Up (Fase Pesta),Spesialis Tiang Jemuran (Banting Pucuk),Normal,Sideways / Stagnan,TP: 680 | CL: 621,Normal,Tidak Ideal (< 1:1),Netral / Sideways,Netral / Sepi Berita,Normal / Sedang Transisi,Dekat Support Fibo 38.2%,4,WAIT & SEE,HOLD / NEUTRAL,0.0,MA20 di atas MA50 (Uptrend) | RSI Mendekati Jenuh Beli (56.0) | Harga di bawah VWAP Intraday,TIDAK ADA,2026-09-10 13:41:26,Biasa / Mengikuti Pasar
13:41,BSIM,Transaksi Sepi (Skip Broksum),Big Cap (Lapis 1),Overvalued (Mahal),81.44631,2.6379857,1150.0,1160.0,1100.0,1115.0,895,685,1375,-3.0434782608695654,313900,Normal,69,Negatif,Uptrend,Bullish,Strong Bullish,Perfect Uptrend (5>20>50),Normal,Akumulasi (Naik),Normal,Dominan Jual (Guyur),Normal,Tinggi,Normal,Rawan Pucuk (High Risk),< 1 Miliar,Di Bawah VWAP (Lemah),Distribusi Pro (Guyuran),Gorengan Sepi (< 5M),Sepi (< 50%),Mark-Up (Fase Pesta),Normal,Normal,Turun 2 Hari Beruntun,TP: 1302 | CL: 990,Normal,Tidak Ideal (< 1:1),Death Cross (Awal Bearish),Netral / Sepi Berita,Normal / Sedang Transisi,Dekat Support Fibo 38.2%,5,WAIT & SEE,HOLD / NEUTRAL,0.0,MA20 di atas MA50 (Uptrend) | RSI Mendekati Jenuh Beli (69.0) | Harga di bawah VWAP Intraday,TIDAK ADA,2026-09-10 13:41:26,Biasa / Mengikuti Pasar
13:41,BSSR,Token Mati (Perlu Update),Big Cap (Lapis 1),Overvalued (Mahal),7.5281734,48529.414,4970.0,5025.0,4930.0,4950.0,4627,4300,5025,-0.4024144869215292,1096600,Normal,80,Negatif,Uptrend,Bullish,Strong Bullish,Perfect Uptrend (5>20>50),Normal,Akumulasi (Naik),Normal,Dominan Jual (Guyur),Normal,Tinggi,Normal,Rawan Pucuk (High Risk),> 1 Miliar,Persis di VWAP,Distribusi Pro (Guyuran),Ritel Aktif (5M - 50M),Normal (50-150%),Mark-Up (Fase Pesta),Normal,Normal,Turun 1 Hari Beruntun,TP: 5105 | CL: 4846,Normal,Tidak Ideal (< 1:1),Overbought (Jenuh Beli - Rawan),Netral / Sepi Berita,Normal / Sedang Transisi,Mengambang (Jauh dari Fibo),5,WAIT & SEE,HOLD / NEUTRAL,-0.5,MA20 di atas MA50 (Uptrend) | RSI Overbought Pucuk (80.0),TIDAK ADA,2026-09-10 13:41:26,Biasa / Mengikuti Pasar
13:41,BSWD,Transaksi Sepi (Skip Broksum),Mid Cap (Lapis 2),Overvalued (Mahal),79.36508,1.5513096,1500.0,1500.0,1500.0,1500.0,1402,1125,1500,0.0,100,Normal,88,Negatif,Uptrend,Bullish,Strong Bullish,Perfect Uptrend (5>20>50),Normal,Netral,Normal,Tidak Ada Transaksi,Normal,Tinggi,Doji (Ragu-ragu),Rawan Pucuk (High Risk),< 1 Miliar,Persis di VWAP,Netral,Gorengan Sepi (< 5M),Normal (50-150%),Mark-Up (Fase Pesta),Solid (Jarang Dibanting),Normal,Sideways / Stagnan,TP: 1515 | CL: 1489,Normal,Tidak Ideal (< 1:1),Overbought (Jenuh Beli - Rawan),Netral / Sepi Berita,Normal / Sedang Transisi,Mengambang (Jauh dari Fibo),4,WAIT & SEE,HOLD / NEUTRAL,-0.5,MA20 di atas MA50 (Uptrend) | RSI Overbought Pucuk (88.0),TIDAK ADA,2026-09-10 13:41:26,Biasa / Mengikuti Pasar
13:41,BTEK,Transaksi Sepi (Skip Broksum),Small Cap (Lapis 3),Fair Value (Wajar),0.0,2.2330492,11.0,11.0,11.0,11.0,10,9,11,0.0,62475000,Normal,54,Negatif,Uptrend,Bullish,Bullish MACD,Awal Reversal (5>20),Normal,Akumulasi (Naik),Normal,Tidak Ada Transaksi,Normal,Tinggi,Doji (Ragu-ragu),Rawan Pucuk (High Risk),< 1 Miliar,Di Atas VWAP (Kuat),Akumulasi Pro (Smart Money),Gorengan Sepi (< 5M),Normal (50-150%),Accumulation (Kumpul Barang),Spesialis Tiang Jemuran (Banting Pucuk),Normal,Sideways / Stagnan,TP: 12 | CL: 10,Normal,Tidak Ideal (< 1:1),Overbought (Jenuh Beli - Rawan),Netral / Sepi Berita,Normal / Sedang Transisi,Dekat Support Fibo 50.0%,5,WAIT & SEE,HOLD / NEUTRAL,-0.5,MA20 di bawah MA50 (Downtrend) | Harga di atas VWAP Intraday,TIDAK ADA,2026-09-10 13:41:26,Biasa / Mengikuti Pasar
13:41,BTON,Transaksi Sepi (Skip Broksum),Small Cap (Lapis 3),Overvalued (Mahal),27.198685,0.78748846,364.0,364.0,364.0,364.0,363,342,372,0.5524861878453038,700,Normal,52,Positif,Uptrend,Bearish,Bearish MACD,Konsolidasi / Transisi,Normal,Distribusi (Turun),Normal,Tidak Ada Transaksi,Squeeze,Rendah,Doji (Ragu-ragu),Area Tengah,< 1 Miliar,Persis di VWAP,Akumulasi Pro (Smart Money),Gorengan Sepi (< 5M),Sepi (< 50%),Mark-Up (Fase Pesta),Normal,Normal,Naik 1 Hari Beruntun,TP: 379 | CL: 353,Normal,Tidak Ideal (< 1:1),Netral / Sideways,Netral / Sepi Berita,Supply Kering (Siap Pump) 🏜️,Mendekati Fibo 61.8% (Golden Ratio),3,WAIT & SEE,BUY,2.5,MA20 di atas MA50 (Uptrend) | Volatilitas Bollinger Squeeze (Siap Meledak),TIDAK ADA,2026-09-10 13:41:26,Biasa / Mengikuti Pasar
13:41,BTPN,Transaksi Sepi (Skip Broksum),Big Cap (Lapis 1),Overvalued (Mahal),57.468533,0.52871054,2440.0,2450.0,2420.0,2420.0,2272,2100,2590,0.0,13400,Normal,68,Negatif,Uptrend,Bullish,Strong Bullish,Perfect Uptrend (5>20>50),Normal,Distribusi (Turun),Normal,Dominan Jual (Guyur),Normal,Tinggi,Normal,Rawan Pucuk (High Risk),< 1 Miliar,Persis di VWAP,Akumulasi Pro (Smart Money),Gorengan Sepi (< 5M),Sepi (< 50%),Mark-Up (Fase Pesta),Normal,Normal,Sideways / Stagnan,TP: 2536 | CL: 2342,Normal,Tidak Ideal (< 1:1),Death Cross (Awal Bearish),Netral / Sepi Berita,Normal / Sedang Transisi,Mendekati Fibo 38.2%,4,WAIT & SEE,HOLD / NEUTRAL,1.0,MA20 di atas MA50 (Uptrend) | RSI Mendekati Jenuh Beli (68.0),TIDAK ADA,2026-09-10 13:41:26,Biasa / Mengikuti Pasar
13:41,BUDI,Transaksi Sepi (Skip Broksum),Mid Cap (Lapis 2),Undervalued (Murah),6.2414455,0.62972987,228.0,228.0,226.0,228.0,226,214,264,1.7857142857142856,33400,Normal,56,Positif,Uptrend,Bullish,Bearish MACD,Perfect Uptrend (5>20>50),Normal,Distribusi (Turun),Normal,Dominan Beli (Hajar Kanan),Normal,Sedang,Doji (Ragu-ragu),Area Tengah,< 1 Miliar,Di Bawah VWAP (Lemah),Distribusi Pro (Guyuran),Gorengan Sepi (< 5M),Sepi (< 50%),Mark-Up (Fase Pesta),Spesialis Tiang Jemuran (Banting Pucuk),Jarum Bawah (Sinyal Pantulan Kuat),Naik 1 Hari Beruntun,TP: 245 | CL: 216,Normal,Ideal (1:2),Netral / Sideways,Netral / Sepi Berita,Normal / Sedang Transisi,Golden Rebound Fibo 61.8% (Golden Ratio) 🎯,5,WAIT & SEE,HOLD / NEUTRAL,0.0,MA20 di atas MA50 (Uptrend) | RSI Mendekati Jenuh Beli (56.0) | Harga di bawah VWAP Intraday,TIDAK ADA,2026-09-10 13:41:26,Biasa / Mengikuti Pasar
13:41,BUKK,Transaksi Sepi (Skip Broksum),Mid Cap (Lapis 2),Undervalued (Murah),12.348024,0.3495616,980.0,985.0,970.0,975.0,997,950,1060,0.5154639175257731,18900,Normal,41,Positif,Downtrend,Bearish,Strong Bearish,Strong Downtrend (5<20<50),Normal,Distribusi (Turun),Normal,Seimbang / Adu Mekanik,Squeeze,Rendah,Normal,Dekat Support (Low Risk),< 1 Miliar,Di Bawah VWAP (Lemah),Distribusi Pro (Guyuran),Gorengan Sepi (< 5M),Sepi (< 50%),Mark-Down (Fase Runtuh),Normal,Normal,Naik 1 Hari Beruntun,TP: 1028 | CL: 939,Normal,Sangat Menarik (> 1:3),Netral / Sideways,Netral / Sepi Berita,Normal / Sedang Transisi,Mengambang (Jauh dari Fibo),1,WAIT & SEE,HOLD / NEUTRAL,-1.0,MA20 di bawah MA50 (Downtrend) | RSI Rebound Area Murah (41.0) | Harga di bawah VWAP Intraday | Volatilitas Bollinger Squeeze (Siap Meledak),TIDAK ADA,2026-09-10 13:41:26,Biasa / Mengikuti Pasar
13:41,BULL,Token Mati (Perlu Update),Mid Cap (Lapis 2),Overvalued (Mahal),4.886325,30857.143,440.0,442.0,432.0,432.0,440,404,478,-0.4608294930875576,166864200,Normal,50,Negatif,Downtrend,Bearish,Bearish MACD,Konsolidasi / Transisi,Normal,Distribusi (Turun),Normal,Dominan Jual (Guyur),Normal,Sedang,Normal,Area Tengah,> 1 Miliar,Di Bawah VWAP (Lemah),Distribusi Pro (Guyuran),Sultan (> 50M/hari),Sepi (< 50%),Distribution (Fase Jualan),Spesialis Tiang Jemuran (Banting Pucuk),Normal,Turun 1 Hari Beruntun,TP: 467 | CL: 408,Normal,Ideal (1:2),Golden Cross (Awal Bullish),Netral / Sepi Berita,Normal / Sedang Transisi,Mendekati Fibo 38.2%,0,WAIT & SEE,HOLD / NEUTRAL,0.5,MA20 di atas MA50 (Uptrend) | Harga di bawah VWAP Intraday,TIDAK ADA,2026-09-10 13:41:26,Biasa / Mengikuti Pasar
13:41,BUMI,Token Mati (Perlu Update),Big Cap (Lapis 1),Overvalued (Mahal),38.687393,55999.996,222.0,228.0,222.0,224.0,198,174,232,0.9009009009009009,1213074600,Normal,72,Positif,Uptrend,Bullish,Strong Bullish,Perfect Uptrend (5>20>50),Normal,Akumulasi (Naik),Normal,Seimbang / Adu Mekanik,Normal,Tinggi,Normal,Rawan Pucuk (High Risk),> 1 Miliar,Di Atas VWAP (Kuat),Akumulasi Pro (Smart Money),Sultan (> 50M/hari),Sepi (< 50%),Mark-Up (Fase Pesta),Spesialis Tiang Jemuran (Banting Pucuk),Normal,Naik 1 Hari Beruntun,TP: 237 | CL: 215,Open = Low (Bullish Kuat),Tidak Ideal (< 1:1),Overbought (Jenuh Beli - Rawan),Netral / Sepi Berita,Normal / Sedang Transisi,Mengambang (Jauh dari Fibo),6,WAIT & SEE,HOLD / NEUTRAL,0.5,MA20 di atas MA50 (Uptrend) | RSI Overbought Pucuk (72.0) | Harga di atas VWAP Intraday,TIDAK ADA,2026-09-10 13:41:26,🔥 ANOMALI BANDAR (Siap Ledakan)
13:41,BUVA,Token Mati (Perlu Update),Big Cap (Lapis 1),Overvalued (Mahal),770.8334,8.453858,735.0,755.0,725.0,740.0,743,695,805,0.6802721088435374,37628900,Normal,46,Positif,Downtrend,Bullish,Bullish MACD,Awal Reversal (5>20),Normal,Distribusi (Turun),Normal,Seimbang / Adu Mekanik,Normal,Sedang,Normal,Area Tengah,> 1 Miliar,Di Bawah VWAP (Lemah),Distribusi Pro (Guyuran),Ritel Aktif (5M - 50M),Sepi (< 50%),Mark-Down (Fase Runtuh),Spesialis Tiang Jemuran (Banting Pucuk),Normal,Naik 1 Hari Beruntun,TP: 798 | CL: 701,Normal,Menengah (1:1),Netral / Sideways,Netral / Sepi Berita,Normal / Sedang Transisi,Mengambang (Jauh dari Fibo),3,WAIT & SEE,SELL,-2.5,MA20 di bawah MA50 (Downtrend) | Harga di bawah VWAP Intraday,TIDAK ADA,2026-09-10 13:41:26,Biasa / Mengikuti Pasar
13:41,BVIC,Token Mati (Perlu Update),Mid Cap (Lapis 2),Overvalued (Mahal),33.910034,0.41699466,95.0,102.0,95.0,98.0,93,91,102,3.1578947368421053,11424700,Tembus MA20,67,Positif,Uptrend,Bullish,Strong Bullish,Perfect Uptrend (5>20>50),Akumulasi Kuat,Akumulasi (Naik),Normal,Seimbang / Adu Mekanik,Squeeze,Rendah,Normal,Area Tengah,> 1 Miliar,Persis di VWAP,Distribusi Pro (Guyuran),Gorengan Sepi (< 5M),Anomali Tinggi (150-300%),Mark-Up (Fase Pesta),Spesialis Tiang Jemuran (Banting Pucuk),Normal,Naik 1 Hari Beruntun,TP: 102 | CL: 94,Open = Low (Bullish Kuat),Tidak Ideal (< 1:1),Netral / Sideways,Netral / Sepi Berita,Normal / Sedang Transisi,Mendekati Fibo 38.2%,8,BELI,BUY,2.4,MA20 di atas MA50 (Uptrend) | RSI Mendekati Jenuh Beli (67.0) | Volatilitas Bollinger Squeeze (Siap Meledak) | Volume Lonjak 4.1x MA20,TIDAK ADA,2026-09-10 13:41:26,Biasa / Mengikuti Pasar
13:41,BWPT,Token Mati (Perlu Update),Mid Cap (Lapis 2),Undervalued (Murah),10.232558,1.3694935,134.0,136.0,130.0,132.0,111,88,142,0.0,131097500,Normal,69,Negatif,Uptrend,Bullish,Strong Bullish,Perfect Uptrend (5>20>50),Normal,Akumulasi (Naik),Normal,Seimbang / Adu Mekanik,Normal,Tinggi,Normal,Rawan Pucuk (High Risk),> 1 Miliar,Persis di VWAP,Akumulasi Pro (Smart Money),Ritel Aktif (5M - 50M),Sepi (< 50%),Mark-Up (Fase Pesta),Normal,Normal,Sideways / Stagnan,TP: 146 | CL: 122,Normal,Tidak Ideal (< 1:1),Death Cross (Awal Bearish),Netral / Sepi Berita,Normal / Sedang Transisi,Mengambang (Jauh dari Fibo),5,WAIT & SEE,HOLD / NEUTRAL,1.0,MA20 di atas MA50 (Uptrend) | RSI Mendekati Jenuh Beli (69.0),TIDAK ADA,2026-09-10 13:41:26,Biasa / Mengikuti Pasar
13:41,BYAN,Token Mati (Perlu Update),Big Cap (Lapis 1),Overvalued (Mahal),30.078249,179729.73,13300.0,13650.0,13200.0,13300.0,14361,11100,18650,-3.4482758620689653,1142500,Normal,46,Negatif,Downtrend,Bearish,Bearish MACD,Konsolidasi / Transisi,Normal,Distribusi (Turun),Gap Down (-3.4%),Dominan Jual (Guyur),Normal,Tinggi,Doji (Ragu-ragu),Rawan Pucuk (High Risk),> 1 Miliar,Di Bawah VWAP (Lemah),Distribusi Pro (Guyuran),Ritel Aktif (5M - 50M),Normal (50-150%),Distribution (Fase Jualan),Spesialis Tiang Jemuran (Banting Pucuk),Normal,Turun 1 Hari Beruntun,TP: 14234 | CL: 12676,Normal,Ideal (1:2),Oversold (Jenuh Jual - Peluang),Netral / Sepi Berita,Normal / Sedang Transisi,Mengambang (Jauh dari Fibo),0,WAIT & SEE,HOLD / NEUTRAL,0.5,MA20 di atas MA50 (Uptrend) | Harga di bawah VWAP Intraday,TIDAK ADA,2026-09-10 13:41:26,Biasa / Mengikuti Pasar
13:41,CASS,Transaksi Sepi (Skip Broksum),Mid Cap (Lapis 2),Fair Value (Wajar),7.9427085,2.1668882,1830.0,1875.0,1830.0,1830.0,1858,1820,1900,0.0,43000,Normal,41,Negatif,Downtrend,Bearish,Strong Bearish,Strong Downtrend (5<20<50),Normal,Distribusi (Turun),Normal,Dominan Jual (Guyur),Squeeze,Rendah,Doji (Ragu-ragu),Dekat Support (Low Risk),< 1 Miliar,Persis di VWAP,Distribusi Pro (Guyuran),Gorengan Sepi (< 5M),Sepi (< 50%),Mark-Down (Fase Runtuh),Spesialis Tiang Jemuran (Banting Pucuk),Normal,Sideways / Stagnan,TP: 1880 | CL: 1796,Normal,Sangat Menarik (> 1:3),Oversold (Jenuh Jual - Peluang),Netral / Sepi Berita,Normal / Sedang Transisi,Golden Rebound Fibo 61.8% (Golden Ratio) 🎯,0,WAIT & SEE,HOLD / NEUTRAL,0.0,MA20 di bawah MA50 (Downtrend) | RSI Rebound Area Murah (41.0) | Volatilitas Bollinger Squeeze (Siap Meledak),TIDAK ADA,2026-09-10 13:41:26,Biasa / Mengikuti Pasar
13:41,CEKA,Transaksi Sepi (Skip Broksum),Mid Cap (Lapis 2),Undervalued (Murah),6.049706,0.6379237,2200.0,2220.0,2190.0,2220.0,2195,2140,2230,0.9090909090909091,8500,Normal,60,Positif,Uptrend,Golden Cross,Strong Bullish,Perfect Uptrend (5>20>50),Normal,Akumulasi (Naik),Normal,Dominan Beli (Hajar Kanan),Squeeze,Rendah,Normal,Area Tengah,< 1 Miliar,Di Atas VWAP (Kuat),Akumulasi Pro (Smart Money),Gorengan Sepi (< 5M),Sepi (< 50%),Mark-Up (Fase Pesta),Normal,Normal,Naik 1 Hari Beruntun,TP: 2270 | CL: 2186,Normal,Tidak Ideal (< 1:1),Netral / Sideways,Netral / Sepi Berita,Normal / Sedang Transisi,Dekat Support Fibo 61.8% (Golden Ratio),7,BELI,STRONG BUY,3.0,MA20 di atas MA50 (Uptrend) | RSI Mendekati Jenuh Beli (60.0) | Harga di atas VWAP Intraday | Volatilitas Bollinger Squeeze (Siap Meledak),TIDAK ADA,2026-09-10 13:41:26,Biasa / Mengikuti Pasar
13:41,CENT,Token Mati (Perlu Update),Mid Cap (Lapis 2),Fair Value (Wajar),0.0,1.4015952,115.0,115.0,109.0,111.0,99,82,129,-3.4782608695652173,17601400,Normal,63,Negatif,Uptrend,Bullish,Strong Bullish,Perfect Uptrend (5>20>50),Normal,Akumulasi (Naik),Normal,Seimbang / Adu Mekanik,Normal,Tinggi,Normal,Rawan Pucuk (High Risk),> 1 Miliar,Di Bawah VWAP (Lemah),Akumulasi Pro (Smart Money),Ritel Aktif (5M - 50M),Sepi (< 50%),Mark-Up (Fase Pesta),Spesialis Tiang Jemuran (Banting Pucuk),Normal,Turun 2 Hari Beruntun,TP: 128 | CL: 99,Open = High (Tekanan Jual),Tidak Ideal (< 1:1),Death Cross (Awal Bearish),Netral / Sepi Berita,Supply Banjir (Distribusi) 🌊,Mendekati Fibo 38.2%,5,WAIT & SEE,HOLD / NEUTRAL,0.0,MA20 di atas MA50 (Uptrend) | RSI Mendekati Jenuh Beli (63.0) | Harga di bawah VWAP Intraday,TIDAK ADA,2026-09-10 13:41:26,Biasa / Mengikuti Pasar
13:41,CFIN,Transaksi Sepi (Skip Broksum),Mid Cap (Lapis 2),Undervalued (Murah),6.367041,0.2618846,378.0,380.0,372.0,376.0,359,340,380,-0.5291005291005291,1860300,Normal,75,Negatif,Uptrend,Bullish,Strong Bullish,Perfect Uptrend (5>20>50),Normal,Akumulasi (Naik),Normal,Seimbang / Adu Mekanik,Normal,Sedang,Normal,Rawan Pucuk (High Risk),< 1 Miliar,Di Atas VWAP (Kuat),Akumulasi Pro (Smart Money),Gorengan Sepi (< 5M),Sepi (< 50%),Mark-Up (Fase Pesta),Normal,Normal,Turun 1 Hari Beruntun,TP: 386 | CL: 368,Normal,Tidak Ideal (< 1:1),Overbought (Jenuh Beli - Rawan),Netral / Sepi Berita,Normal / Sedang Transisi,Mengambang (Jauh dari Fibo),5,WAIT & SEE,HOLD / NEUTRAL,0.5,MA20 di atas MA50 (Uptrend) | RSI Overbought Pucuk (75.0) | Harga di atas VWAP Intraday,TIDAK ADA,2026-09-10 13:41:26,Biasa / Mengikuti Pasar
13:41,CINT,Transaksi Sepi (Skip Broksum),Small Cap (Lapis 3),Fair Value (Wajar),0.0,0.6179312,187.0,190.0,187.0,188.0,181,172,200,0.53475935828877,78400,Normal,67,Positif,Uptrend,Bullish,Strong Bullish,Perfect Uptrend (5>20>50),Normal,Distribusi (Turun),Normal,Seimbang / Adu Mekanik,Normal,Sedang,Normal,Area Tengah,< 1 Miliar,Di Bawah VWAP (Lemah),Distribusi Pro (Guyuran),Gorengan Sepi (< 5M),Sepi (< 50%),Mark-Up (Fase Pesta),Spesialis Tiang Jemuran (Banting Pucuk),Normal,Naik 1 Hari Beruntun,TP: 197 | CL: 181,Open = Low (Bullish Kuat),Tidak Ideal (< 1:1),Golden Cross (Awal Bullish),Netral / Sepi Berita,Supply Kering (Siap Pump) 🏜️,Mendekati Fibo 38.2%,5,WAIT & SEE,HOLD / NEUTRAL,0.0,MA20 di atas MA50 (Uptrend) | RSI Mendekati Jenuh Beli (67.0) | Harga di bawah VWAP Intraday,TIDAK ADA,2026-09-10 13:41:26,Biasa / Mengikuti Pasar
13:41,CITA,Transaksi Sepi (Skip Broksum),Big Cap (Lapis 1),Fair Value (Wajar),10.431375,1.7691919,3600.0,3640.0,3590.0,3620.0,3327,3140,3640,-0.27548209366391185,122000,Normal,82,Negatif,Uptrend,Bullish,Strong Bullish,Perfect Uptrend (5>20>50),Normal,Akumulasi (Naik),Normal,Seimbang / Adu Mekanik,Normal,Tinggi,Normal,Rawan Pucuk (High Risk),< 1 Miliar,Di Atas VWAP (Kuat),Akumulasi Pro (Smart Money),Gorengan Sepi (< 5M),Normal (50-150%),Mark-Up (Fase Pesta),Normal,Normal,Turun 1 Hari Beruntun,TP: 3714 | CL: 3557,Normal,Tidak Ideal (< 1:1),Overbought (Jenuh Beli - Rawan),Netral / Sepi Berita,Normal / Sedang Transisi,Mengambang (Jauh dari Fibo),5,WAIT & SEE,HOLD / NEUTRAL,0.5,MA20 di atas MA50 (Uptrend) | RSI Overbought Pucuk (82.0) | Harga di atas VWAP Intraday,TIDAK ADA,2026-09-10 13:41:26,Biasa / Mengikuti Pasar
13:41,CLPI,Transaksi Sepi (Skip Broksum),Small Cap (Lapis 3),Undervalued (Murah),6.649648,0.84921026,1630.0,1630.0,1580.0,1615.0,1606,1565,1640,-0.9202453987730062,85700,Normal,61,Negatif,Uptrend,Bullish,Bearish MACD,Perfect Uptrend (5>20>50),Normal,Distribusi (Turun),Normal,Seimbang / Adu Mekanik,Squeeze,Rendah,Hammer (Potensi Reversal),Area Tengah,< 1 Miliar,Persis di VWAP,Akumulasi Pro (Smart Money),Gorengan Sepi (< 5M),Normal (50-150%),Mark-Up (Fase Pesta),Spesialis Tiang Jemuran (Banting Pucuk),Jarum Bawah (Sinyal Pantulan Kuat),Turun 1 Hari Beruntun,TP: 1647 | CL: 1593,Open = High (Tekanan Jual),Tidak Ideal (< 1:1),Death Cross (Awal Bearish),Netral / Sepi Berita,Normal / Sedang Transisi,Mendekati Fibo 23.6%,3,WAIT & SEE,BUY,2.0,MA20 di atas MA50 (Uptrend) | RSI Mendekati Jenuh Beli (61.0) | Volatilitas Bollinger Squeeze (Siap Meledak),TIDAK ADA,2026-09-10 13:41:26,Biasa / Mengikuti Pasar
13:41,CMNP,Transaksi Sepi (Skip Broksum),Mid Cap (Lapis 2),Undervalued (Murah),8.477012,0.6525688,1500.0,1510.0,1470.0,1475.0,1401,1315,1535,-1.6666666666666667,235500,Tembus MA20,69,Negatif,Uptrend,Bullish,Strong Bullish,Perfect Uptrend (5>20>50),Distribusi Kuat,Akumulasi (Naik),Normal,Dominan Jual (Guyur),Normal,Sedang,Normal,Rawan Pucuk (High Risk),< 1 Miliar,Persis di VWAP,Distribusi Pro (Guyuran),Gorengan Sepi (< 5M),Normal (50-150%),Mark-Up (Fase Pesta),Normal,Normal,Turun 1 Hari Beruntun,TP: 1553 | CL: 1422,Normal,Tidak Ideal (< 1:1),Death Cross (Awal Bearish),Netral / Sepi Berita,Normal / Sedang Transisi,Dekat Support Fibo 23.6%,6,WAIT & SEE,HOLD / NEUTRAL,1.2,MA20 di atas MA50 (Uptrend) | RSI Mendekati Jenuh Beli (69.0) | Volume Lonjak 2.0x MA20,TIDAK ADA,2026-09-10 13:41:26,Biasa / Mengikuti Pasar
13:41,CPIN,Token Mati (Perlu Update),Big Cap (Lapis 1),Fair Value (Wajar),7.1126575,1.5177602,3270.0,3340.0,3220.0,3220.0,3098,2900,3380,-1.2269938650306749,17527100,Normal,55,Negatif,Uptrend,Bullish,Strong Bullish,Awal Reversal (5>20),Normal,Distribusi (Turun),Normal,Dominan Jual (Guyur),Normal,Sedang,Normal,Rawan Pucuk (High Risk),> 1 Miliar,Di Bawah VWAP (Lemah),Distribusi Pro (Guyuran),Sultan (> 50M/hari),Sepi (< 50%),Accumulation (Kumpul Barang),Normal,Normal,Turun 2 Hari Beruntun,TP: 3378 | CL: 3114,Normal,Tidak Ideal (< 1:1),Death Cross (Awal Bearish),Netral / Sepi Berita,Normal / Sedang Transisi,Dekat Support Fibo 50.0%,4,WAIT & SEE,SELL,-2.5,MA20 di bawah MA50 (Downtrend) | Harga di bawah VWAP Intraday,TIDAK ADA,2026-09-10 13:41:26,Biasa / Mengikuti Pasar
13:41,CPRO,Transaksi Sepi (Skip Broksum),Mid Cap (Lapis 2),Undervalued (Murah),9.259259,0.7482902,50.0,50.0,50.0,50.0,50,50,53,0.0,687000,Normal,45,Negatif,Downtrend,Bearish,Strong Bearish,Strong Downtrend (5<20<50),Normal,Netral,Normal,Tidak Ada Transaksi,Squeeze,Rendah,Doji (Ragu-ragu),Dekat Support (Low Risk),< 1 Miliar,Persis di VWAP,Netral,Gorengan Sepi (< 5M),Sepi (< 50%),Mark-Down (Fase Runtuh),Normal,Normal,Sideways / Stagnan,TP: 51 | CL: 49,Normal,Di Area Support,Oversold (Jenuh Jual - Peluang),Netral / Sepi Berita,Supply Kering (Siap Pump) 🏜️,Golden Rebound Fibo Bottom / 100% 🎯,0,WAIT & SEE,HOLD / NEUTRAL,-0.5,MA20 di bawah MA50 (Downtrend) | Volatilitas Bollinger Squeeze (Siap Meledak),TIDAK ADA,2026-09-10 13:41:26,Biasa / Mengikuti Pasar
13:41,CSAP,Transaksi Sepi (Skip Broksum),Mid Cap (Lapis 2),Undervalued (Murah),9.254658,0.46519834,298.0,300.0,294.0,298.0,293,278,360,0.6756756756756757,51800,Normal,55,Positif,Uptrend,Bullish,Strong Bullish,Perfect Uptrend (5>20>50),Normal,Distribusi (Turun),Normal,Seimbang / Adu Mekanik,Squeeze,Rendah,Doji (Ragu-ragu),Area Tengah,< 1 Miliar,Persis di VWAP,Distribusi Pro (Guyuran),Gorengan Sepi (< 5M),Sepi (< 50%),Mark-Up (Fase Pesta),Normal,Jarum Bawah (Sinyal Pantulan Kuat),Naik 1 Hari Beruntun,TP: 315 | CL: 286,Normal,Sangat Menarik (> 1:3),Netral / Sideways,Netral / Sepi Berita,Supply Kering (Siap Pump) 🏜️,Golden Rebound Fibo 61.8% (Golden Ratio) 🎯,5,WAIT & SEE,BUY,2.5,MA20 di atas MA50 (Uptrend) | Volatilitas Bollinger Squeeze (Siap Meledak),TIDAK ADA,2026-09-10 13:41:26,Biasa / Mengikuti Pasar
13:41,CTBN,Transaksi Sepi (Skip Broksum),Mid Cap (Lapis 2),Overvalued (Mahal),34.720654,23984.373,3070.0,3070.0,3060.0,3070.0,3332,3060,4090,0.0,31900,Normal,12,Negatif,Downtrend,Bearish,Bullish MACD,Strong Downtrend (5<20<50),Normal,Distribusi (Turun),Normal,Dominan Beli (Hajar Kanan),Normal,Tinggi,Doji (Ragu-ragu),Dekat Support (Low Risk),< 1 Miliar,Persis di VWAP,Distribusi Pro (Guyuran),Gorengan Sepi (< 5M),Sepi (< 50%),Mark-Down (Fase Runtuh),Spesialis Tiang Jemuran (Banting Pucuk),Jarum Bawah (Sinyal Pantulan Kuat),Sideways / Stagnan,TP: 3166 | CL: 3005,Normal,Sangat Menarik (> 1:3),Oversold (Jenuh Jual - Peluang),Netral / Sepi Berita,Normal / Sedang Transisi,Golden Rebound Fibo Bottom / 100% 🎯,2,WAIT & SEE,HOLD / NEUTRAL,0.5,MA20 di bawah MA50 (Downtrend) | RSI Oversold Kuat (12.0),TIDAK ADA,2026-09-10 13:41:26,Biasa / Mengikuti Pasar
13:41,CTRA,Token Mati (Perlu Update),Big Cap (Lapis 1),Undervalued (Murah),4.595588,0.472878,625.0,630.0,620.0,625.0,625,590,655,0.0,2821800,Normal,54,Negatif,Downtrend,Bullish,Bearish MACD,Perfect Uptrend (5>20>50),Normal,Distribusi (Turun),Normal,Seimbang / Adu Mekanik,Squeeze,Rendah,Doji (Ragu-ragu),Area Tengah,> 1 Miliar,Di Bawah VWAP (Lemah),Distribusi Pro (Guyuran),Ritel Aktif (5M - 50M),Sepi (< 50%),Sideways,Normal,Normal,Sideways / Stagnan,TP: 647 | CL: 610,Normal,Tidak Ideal (< 1:1),Netral / Sideways,Netral / Sepi Berita,Normal / Sedang Transisi,Dekat Support Fibo 23.6%,2,WAIT & SEE,BUY,1.5,MA20 di atas MA50 (Uptrend) | Harga di bawah VWAP Intraday | Volatilitas Bollinger Squeeze (Siap Meledak),TIDAK ADA,2026-09-10 13:41:26,Biasa / Mengikuti Pasar
13:41,CTTH,Transaksi Sepi (Skip Broksum),Small Cap (Lapis 3),Fair Value (Wajar),0.0,1.0230097,128.0,128.0,125.0,128.0,128,119,149,0.0,3370700,Normal,49,Negatif,Downtrend,Death Cross,Bearish MACD,Konsolidasi / Transisi,Normal,Distribusi (Turun),Normal,Dominan Beli (Hajar Kanan),Normal,Sedang,Doji (Ragu-ragu),Area Tengah,< 1 Miliar,Persis di VWAP,Akumulasi Pro (Smart Money),Gorengan Sepi (< 5M),Sepi (< 50%),Distribution (Fase Jualan),Normal,Jarum Bawah (Sinyal Pantulan Kuat),Sideways / Stagnan,TP: 138 | CL: 121,Normal,Ideal (1:2),Netral / Sideways,Netral / Sepi Berita,Normal / Sedang Transisi,Mendekati Fibo 61.8% (Golden Ratio),1,WAIT & SEE,BUY,1.5,MA20 di atas MA50 (Uptrend),TIDAK ADA,2026-09-10 13:41:26,Biasa / Mengikuti Pasar
13:41,DART,Transaksi Sepi (Skip Broksum),Small Cap (Lapis 3),Fair Value (Wajar),0.0,0.47606516,162.0,163.0,160.0,161.0,164,156,195,0.625,26500,Normal,54,Positif,Downtrend,Bearish,Bearish MACD,Konsolidasi / Transisi,Normal,Distribusi (Turun),Normal,Seimbang / Adu Mekanik,Normal,Sedang,Normal,Area Tengah,< 1 Miliar,Di Bawah VWAP (Lemah),Distribusi Pro (Guyuran),Gorengan Sepi (< 5M),Sepi (< 50%),Distribution (Fase Jualan),Spesialis Tiang Jemuran (Banting Pucuk),Normal,Naik 1 Hari Beruntun,TP: 171 | CL: 154,Normal,Sangat Menarik (> 1:3),Golden Cross (Awal Bullish),Netral / Sepi Berita,Normal / Sedang Transisi,Mengambang (Jauh dari Fibo),2,WAIT & SEE,HOLD / NEUTRAL,0.5,MA20 di atas MA50 (Uptrend) | Harga di bawah VWAP Intraday,TIDAK ADA,2026-09-10 13:41:26,Biasa / Mengikuti Pasar
13:41,DEFI,Transaksi Sepi (Skip Broksum),Small Cap (Lapis 3),Fair Value (Wajar),0.0,2.6658618,107.0,107.0,104.0,106.0,106,99,113,0.0,4260100,Normal,49,Negatif,Downtrend,Bullish,Bullish MACD,Awal Reversal (5>20),Normal,Distribusi (Turun),Normal,Seimbang / Adu Mekanik,Squeeze,Rendah,Normal,Area Tengah,< 1 Miliar,Persis di VWAP,Akumulasi Pro (Smart Money),Gorengan Sepi (< 5M),Sepi (< 50%),Mark-Down (Fase Runtuh),Spesialis Tiang Jemuran (Banting Pucuk),Normal,Sideways / Stagnan,TP: 112 | CL: 101,Open = High (Tekanan Jual),Menengah (1:1),Death Cross (Awal Bearish),Netral / Sepi Berita,Normal / Sedang Transisi,Dekat Support Fibo 78.6%,2,WAIT & SEE,HOLD / NEUTRAL,-0.5,MA20 di bawah MA50 (Downtrend) | Volatilitas Bollinger Squeeze (Siap Meledak),TIDAK ADA,2026-09-10 13:41:26,Biasa / Mengikuti Pasar
13:41,DEWA,Token Mati (Perlu Update),Big Cap (Lapis 1),Fair Value (Wajar),3.8052409,2.1222205,442.0,448.0,438.0,440.0,447,414,472,-0.4524886877828055,173475100,Normal,50,Negatif,Downtrend,Bearish,Bearish MACD,Konsolidasi / Transisi,Normal,Distribusi (Turun),Normal,Dominan Jual (Guyur),Normal,Sedang,Normal,Area Tengah,> 1 Miliar,Di Bawah VWAP (Lemah),Distribusi Pro (Guyuran),Sultan (> 50M/hari),Normal (50-150%),Distribution (Fase Jualan),Normal,Normal,Turun 3 Hari Beruntun,TP: 466 | CL: 422,Normal,Menengah (1:1),Netral / Sideways,Netral / Sepi Berita,Normal / Sedang Transisi,Mengambang (Jauh dari Fibo),0,WAIT & SEE,HOLD / NEUTRAL,0.5,MA20 di atas MA50 (Uptrend) | Harga di bawah VWAP Intraday,TIDAK ADA,2026-09-10 13:41:26,Biasa / Mengikuti Pasar
13:41,DGIK,Transaksi Sepi (Skip Broksum),Small Cap (Lapis 3),Undervalued (Murah),12.672176,0.9333153,138.0,139.0,135.0,138.0,137,123,147,0.0,5995600,Normal,53,Negatif,Uptrend,Bullish,Bearish MACD,Perfect Uptrend (5>20>50),Normal,Distribusi (Turun),Normal,Dominan Beli (Hajar Kanan),Normal,Tinggi,Doji (Ragu-ragu),Rawan Pucuk (High Risk),< 1 Miliar,Di Bawah VWAP (Lemah),Distribusi Pro (Guyuran),Gorengan Sepi (< 5M),Normal (50-150%),Mark-Up (Fase Pesta),Normal,Jarum Bawah (Sinyal Pantulan Kuat),Sideways / Stagnan,TP: 146 | CL: 132,Normal,Tidak Ideal (< 1:1),Netral / Sideways,Netral / Sepi Berita,Normal / Sedang Transisi,Golden Rebound Fibo 38.2% 🎯,4,WAIT & SEE,HOLD / NEUTRAL,0.5,MA20 di atas MA50 (Uptrend) | Harga di bawah VWAP Intraday,TIDAK ADA,2026-09-10 13:41:26,Biasa / Mengikuti Pasar
13:41,DILD,Transaksi Sepi (Skip Broksum),Mid Cap (Lapis 2),Fair Value (Wajar),20.408163,0.21992965,121.0,121.0,119.0,119.0,119,113,127,-1.6528925619834711,3795300,Normal,49,Negatif,Downtrend,Bullish,Bearish MACD,Perfect Uptrend (5>20>50),Normal,Distribusi (Turun),Normal,Dominan Jual (Guyur),Normal,Sedang,Normal,Area Tengah,< 1 Miliar,Di Bawah VWAP (Lemah),Akumulasi Pro (Smart Money),Gorengan Sepi (< 5M),Sepi (< 50%),Distribution (Fase Jualan),Normal,Normal,Turun 2 Hari Beruntun,TP: 124 | CL: 115,Open = High (Tekanan Jual),Menengah (1:1),Netral / Sideways,Netral / Sepi Berita,Normal / Sedang Transisi,Dekat Support Fibo 38.2%,1,WAIT & SEE,HOLD / NEUTRAL,0.5,MA20 di atas MA50 (Uptrend) | Harga di bawah VWAP Intraday,TIDAK ADA,2026-09-10 13:41:26,Biasa / Mengikuti Pasar
13:41,DKFT,Token Mati (Perlu Update),Mid Cap (Lapis 2),Fair Value (Wajar),5.924072,2.5449672,710.0,720.0,705.0,710.0,678,635,730,0.0,4491000,Normal,62,Negatif,Uptrend,Bullish,Strong Bullish,Perfect Uptrend (5>20>50),Normal,Akumulasi (Naik),Normal,Seimbang / Adu Mekanik,Normal,Sedang,Doji (Ragu-ragu),Rawan Pucuk (High Risk),> 1 Miliar,Persis di VWAP,Distribusi Pro (Guyuran),Ritel Aktif (5M - 50M),Normal (50-150%),Mark-Up (Fase Pesta),Normal,Normal,Sideways / Stagnan,TP: 739 | CL: 690,Normal,Tidak Ideal (< 1:1),Netral / Sideways,Netral / Sepi Berita,Normal / Sedang Transisi,Mendekati Fibo 38.2%,5,WAIT & SEE,HOLD / NEUTRAL,1.0,MA20 di atas MA50 (Uptrend) | RSI Mendekati Jenuh Beli (62.0),TIDAK ADA,2026-09-10 13:41:26,Biasa / Mengikuti Pasar
13:41,DLTA,Transaksi Sepi (Skip Broksum),Mid Cap (Lapis 2),Fair Value (Wajar),9.726575,2.1399326,1800.0,1800.0,1795.0,1800.0,1789,1775,1815,0.2785515320334262,68400,Tembus MA20,60,Positif,Uptrend,Bullish,Bearish MACD,Perfect Uptrend (5>20>50),Normal,Akumulasi (Naik),Normal,Dominan Beli (Hajar Kanan),Squeeze,Rendah,Doji (Ragu-ragu),Dekat Support (Low Risk),< 1 Miliar,Persis di VWAP,Akumulasi Pro (Smart Money),Gorengan Sepi (< 5M),Normal (50-150%),Mark-Up (Fase Pesta),Normal,Jarum Bawah (Sinyal Pantulan Kuat),Naik 2 Hari Beruntun,TP: 1819 | CL: 1786,Normal,Tidak Ideal (< 1:1),Netral / Sideways,Netral / Sepi Berita,Normal / Sedang Transisi,Golden Rebound Fibo 23.6% 🎯,7,BELI,BUY,2.0,MA20 di atas MA50 (Uptrend) | RSI Mendekati Jenuh Beli (60.0) | Volatilitas Bollinger Squeeze (Siap Meledak),TIDAK ADA,2026-09-10 13:41:26,Biasa / Mengikuti Pasar
13:41,DMAS,Token Mati (Perlu Update),Mid Cap (Lapis 2),Undervalued (Murah),6.149567,1.3688736,202.0,204.0,198.0,200.0,181,145,214,0.0,101184400,Normal,69,Negatif,Uptrend,Bullish,Strong Bullish,Perfect Uptrend (5>20>50),Normal,Akumulasi (Naik),Normal,Seimbang / Adu Mekanik,Normal,Tinggi,Normal,Rawan Pucuk (High Risk),> 1 Miliar,Di Bawah VWAP (Lemah),Distribusi Pro (Guyuran),Sultan (> 50M/hari),Sepi (< 50%),Mark-Up (Fase Pesta),Spesialis Tiang Jemuran (Banting Pucuk),Normal,Sideways / Stagnan,TP: 219 | CL: 187,Normal,Tidak Ideal (< 1:1),Death Cross (Awal Bearish),Netral / Sepi Berita,Normal / Sedang Transisi,Mendekati Fibo 23.6%,5,WAIT & SEE,HOLD / NEUTRAL,0.0,MA20 di atas MA50 (Uptrend) | RSI Mendekati Jenuh Beli (69.0) | Harga di bawah VWAP Intraday,TIDAK ADA,2026-09-10 13:41:26,Biasa / Mengikuti Pasar
13:41,DNAR,Transaksi Sepi (Skip Broksum),Mid Cap (Lapis 2),Undervalued (Murah),10.250569,0.5832844,137.0,141.0,128.0,135.0,130,120,141,-1.4598540145985401,2616300,Tembus MA20,64,Negatif,Uptrend,Bullish,Strong Bullish,Perfect Uptrend (5>20>50),Normal,Akumulasi (Naik),Normal,Seimbang / Adu Mekanik,Normal,Tinggi,Normal,Rawan Pucuk (High Risk),< 1 Miliar,Di Bawah VWAP (Lemah),Distribusi Pro (Guyuran),Gorengan Sepi (< 5M),Normal (50-150%),Mark-Up (Fase Pesta),Spesialis Tiang Jemuran (Banting Pucuk),Jarum Bawah (Sinyal Pantulan Kuat),Turun 2 Hari Beruntun,TP: 143 | CL: 129,Normal,Tidak Ideal (< 1:1),Death Cross (Awal Bearish),Netral / Sepi Berita,Normal / Sedang Transisi,Mendekati Fibo 23.6%,6,WAIT & SEE,HOLD / NEUTRAL,0.0,MA20 di atas MA50 (Uptrend) | RSI Mendekati Jenuh Beli (64.0) | Harga di bawah VWAP Intraday,TIDAK ADA,2026-09-10 13:41:26,Biasa / Mengikuti Pasar
13:41,DNET,Transaksi Sepi (Skip Broksum),Big Cap (Lapis 1),Overvalued (Mahal),127.8481,9.176262,9925.0,10100.0,9925.0,10100.0,9978,9500,10625,1.0,2100,Normal,56,Positif,Uptrend,Bullish,Strong Bullish,Perfect Uptrend (5>20>50),Normal,Distribusi (Turun),Normal,Dominan Beli (Hajar Kanan),Squeeze,Rendah,Marubozu (Strong Bullish),Area Tengah,< 1 Miliar,Di Atas VWAP (Kuat),Akumulasi Pro (Smart Money),Gorengan Sepi (< 5M),Sepi (< 50%),Mark-Up (Fase Pesta),Normal,Normal,Naik 1 Hari Beruntun,TP: 10429 | CL: 9880,Open = Low (Bullish Kuat),Tidak Ideal (< 1:1),Golden Cross (Awal Bullish),Netral / Sepi Berita,Normal / Sedang Transisi,Dekat Support Fibo 50.0%,6,WAIT & SEE,STRONG BUY,3.0,MA20 di atas MA50 (Uptrend) | RSI Mendekati Jenuh Beli (56.0) | Harga di atas VWAP Intraday | Volatilitas Bollinger Squeeze (Siap Meledak),TIDAK ADA,2026-09-10 13:41:26,Biasa / Mengikuti Pasar
13:41,DOID,Transaksi Sepi (Skip Broksum),Mid Cap (Lapis 2),Overvalued (Mahal),0.0,253999.98,258.0,260.0,250.0,254.0,232,200,272,-1.550387596899225,1489600,Normal,64,Negatif,Uptrend,Bullish,Strong Bullish,Perfect Uptrend (5>20>50),Normal,Akumulasi (Naik),Normal,Seimbang / Adu Mekanik,Normal,Tinggi,Normal,Rawan Pucuk (High Risk),< 1 Miliar,Di Bawah VWAP (Lemah),Distribusi Pro (Guyuran),Gorengan Sepi (< 5M),Sepi (< 50%),Mark-Up (Fase Pesta),Normal,Normal,Turun 2 Hari Beruntun,TP: 278 | CL: 237,Normal,Tidak Ideal (< 1:1),Death Cross (Awal Bearish),Netral / Sepi Berita,Normal / Sedang Transisi,Dekat Support Fibo 23.6%,5,WAIT & SEE,HOLD / NEUTRAL,0.0,MA20 di atas MA50 (Uptrend) | RSI Mendekati Jenuh Beli (64.0) | Harga di bawah VWAP Intraday,TIDAK ADA,2026-09-10 13:41:26,Biasa / Mengikuti Pasar
13:41,DSFI,Transaksi Sepi (Skip Broksum),Small Cap (Lapis 3),Undervalued (Murah),9.587728,0.57494026,90.0,92.0,90.0,90.0,86,81,95,0.0,3454000,Normal,67,Negatif,Uptrend,Bullish,Bearish MACD,Perfect Uptrend (5>20>50),Normal,Akumulasi (Naik),Normal,Dominan Jual (Guyur),Normal,Sedang,Doji (Ragu-ragu),Rawan Pucuk (High Risk),< 1 Miliar,Persis di VWAP,Distribusi Pro (Guyuran),Gorengan Sepi (< 5M),Sepi (< 50%),Mark-Up (Fase Pesta),Spesialis Tiang Jemuran (Banting Pucuk),Normal,Sideways / Stagnan,TP: 95 | CL: 86,Normal,Tidak Ideal (< 1:1),Netral / Sideways,Netral / Sepi Berita,Normal / Sedang Transisi,Mendekati Fibo 23.6%,4,WAIT & SEE,HOLD / NEUTRAL,1.0,MA20 di atas MA50 (Uptrend) | RSI Mendekati Jenuh Beli (67.0),TIDAK ADA,2026-09-10 13:41:26,Biasa / Mengikuti Pasar
13:41,DSNG,Token Mati (Perlu Update),Big Cap (Lapis 1),Undervalued (Murah),9.273528,1.490371,1695.0,1725.0,1680.0,1695.0,1527,1255,1750,0.0,1586700,Normal,73,Negatif,Uptrend,Bullish,Strong Bullish,Perfect Uptrend (5>20>50),Normal,Akumulasi (Naik),Normal,Seimbang / Adu Mekanik,Normal,Tinggi,Doji (Ragu-ragu),Rawan Pucuk (High Risk),> 1 Miliar,Di Atas VWAP (Kuat),Distribusi Pro (Guyuran),Ritel Aktif (5M - 50M),Sepi (< 50%),Mark-Up (Fase Pesta),Spesialis Tiang Jemuran (Banting Pucuk),Normal,Sideways / Stagnan,TP: 1796 | CL: 1627,Normal,Tidak Ideal (< 1:1),Overbought (Jenuh Beli - Rawan),Netral / Sepi Berita,Normal / Sedang Transisi,Mengambang (Jauh dari Fibo),5,WAIT & SEE,HOLD / NEUTRAL,0.5,MA20 di atas MA50 (Uptrend) | RSI Overbought Pucuk (73.0) | Harga di atas VWAP Intraday,TIDAK ADA,2026-09-10 13:41:26,Biasa / Mengikuti Pasar
13:41,DSSA,Token Mati (Perlu Update),Big Cap (Lapis 1),Overvalued (Mahal),46.774197,96666.664,1175.0,1220.0,1165.0,1165.0,1096,940,1290,-0.4273504273504274,448115800,Normal,68,Negatif,Uptrend,Bullish,Bearish MACD,Perfect Uptrend (5>20>50),Normal,Distribusi (Turun),Normal,Dominan Jual (Guyur),Normal,Tinggi,Normal,Rawan Pucuk (High Risk),> 1 Miliar,Di Bawah VWAP (Lemah),Distribusi Pro (Guyuran),Sultan (> 50M/hari),Normal (50-150%),Mark-Up (Fase Pesta),Spesialis Tiang Jemuran (Banting Pucuk),Normal,Turun 1 Hari Beruntun,TP: 1260 | CL: 1101,Normal,Tidak Ideal (< 1:1),Death Cross (Awal Bearish),Netral / Sepi Berita,Normal / Sedang Transisi,Dekat Support Fibo 23.6%,3,WAIT & SEE,HOLD / NEUTRAL,0.0,MA20 di atas MA50 (Uptrend) | RSI Mendekati Jenuh Beli (68.0) | Harga di bawah VWAP Intraday,TIDAK ADA,2026-09-10 13:41:26,🔥 ANOMALI BANDAR (Siap Ledakan)
13:41,DUTI,Transaksi Sepi (Skip Broksum),Mid Cap (Lapis 2),Undervalued (Murah),12.852113,0.7874354,4380.0,4380.0,4380.0,4380.0,4723,4300,4820,-8.75,600,Normal,30,Negatif,Downtrend,Death Cross,Bearish MACD,Konsolidasi / Transisi,Normal,Distribusi (Turun),Gap Down (-8.8%),Tidak Ada Transaksi,Normal,Sedang,Doji (Ragu-ragu),Dekat Support (Low Risk),< 1 Miliar,Di Bawah VWAP (Lemah),Akumulasi Pro (Smart Money),Gorengan Sepi (< 5M),Normal (50-150%),Distribution (Fase Jualan),Solid (Jarang Dibanting),Normal,Turun 1 Hari Beruntun,TP: 4435 | CL: 4342,Normal,Sangat Menarik (> 1:3),Netral / Sideways,Netral / Sepi Berita,Normal / Sedang Transisi,Dekat Support Fibo 38.2%,0,WAIT & SEE,HOLD / NEUTRAL,1.0,MA20 di atas MA50 (Uptrend) | RSI Rebound Area Murah (30.0) | Harga di bawah VWAP Intraday,TIDAK ADA,2026-09-10 13:41:26,🔥 ANOMALI BANDAR (Siap Ledakan)
13:41,DVLA,Transaksi Sepi (Skip Broksum),Mid Cap (Lapis 2),Undervalued (Murah),13.065203,1.1908681,1600.0,1600.0,1590.0,1595.0,1587,1565,1605,-0.3125,73100,Tembus MA20,59,Negatif,Uptrend,Bullish,Strong Bullish,Perfect Uptrend (5>20>50),Normal,Distribusi (Turun),Normal,Seimbang / Adu Mekanik,Squeeze,Rendah,Normal,Dekat Support (Low Risk),< 1 Miliar,Persis di VWAP,Akumulasi Pro (Smart Money),Gorengan Sepi (< 5M),Normal (50-150%),Mark-Up (Fase Pesta),Solid (Jarang Dibanting),Normal,Turun 1 Hari Beruntun,TP: 1610 | CL: 1585,Open = High (Tekanan Jual),Tidak Ideal (< 1:1),Death Cross (Awal Bearish),Netral / Sepi Berita,Normal / Sedang Transisi,Dekat Support Fibo 23.6%,5,WAIT & SEE,BUY,2.4,MA20 di atas MA50 (Uptrend) | RSI Mendekati Jenuh Beli (59.0) | Volatilitas Bollinger Squeeze (Siap Meledak) | Volume Lonjak 1.6x MA20,TIDAK ADA,2026-09-10 13:41:26,Biasa / Mengikuti Pasar
13:41,DYAN,Transaksi Sepi (Skip Broksum),Small Cap (Lapis 3),Undervalued (Murah),8.27907,0.5128707,87.0,92.0,87.0,89.0,88,82,98,2.2988505747126435,6657800,Normal,56,Positif,Uptrend,Death Cross,Bearish MACD,Konsolidasi / Transisi,Normal,Akumulasi (Naik),Normal,Seimbang / Adu Mekanik,Normal,Sedang,Normal,Area Tengah,< 1 Miliar,Persis di VWAP,Distribusi Pro (Guyuran),Gorengan Sepi (< 5M),Normal (50-150%),Mark-Up (Fase Pesta),Spesialis Tiang Jemuran (Banting Pucuk),Normal,Naik 1 Hari Beruntun,TP: 95 | CL: 84,Open = Low (Bullish Kuat),Menengah (1:1),Golden Cross (Awal Bullish),Netral / Sepi Berita,Normal / Sedang Transisi,Dekat Support Fibo 38.2%,4,WAIT & SEE,HOLD / NEUTRAL,1.0,MA20 di atas MA50 (Uptrend) | RSI Mendekati Jenuh Beli (56.0),TIDAK ADA,2026-09-10 13:41:26,Biasa / Mengikuti Pasar
13:41,ECII,Transaksi Sepi (Skip Broksum),Small Cap (Lapis 3),Fair Value (Wajar),0.0,0.21807332,173.0,176.0,172.0,176.0,162,149,204,2.3255813953488373,1800600,Normal,67,Positif,Uptrend,Bullish,Strong Bullish,Perfect Uptrend (5>20>50),Normal,Distribusi (Turun),Normal,Dominan Beli (Hajar Kanan),Normal,Tinggi,Normal,Rawan Pucuk (High Risk),< 1 Miliar,Persis di VWAP,Akumulasi Pro (Smart Money),Gorengan Sepi (< 5M),Sepi (< 50%),Mark-Up (Fase Pesta),Spesialis Tiang Jemuran (Banting Pucuk),Normal,Naik 1 Hari Beruntun,TP: 191 | CL: 165,Normal,Menengah (1:1),Golden Cross (Awal Bullish),Netral / Sepi Berita,Normal / Sedang Transisi,Mendekati Fibo 38.2%,6,WAIT & SEE,HOLD / NEUTRAL,1.0,MA20 di atas MA50 (Uptrend) | RSI Mendekati Jenuh Beli (67.0),TIDAK ADA,2026-09-10 13:41:26,Biasa / Mengikuti Pasar
13:41,EKAD,Token Mati (Perlu Update),Mid Cap (Lapis 2),Undervalued (Murah),3.008074,1.2468828,430.0,450.0,416.0,442.0,375,173,466,3.755868544600939,14431500,Normal,73,Positif,Uptrend,Bullish,Strong Bullish,Perfect Uptrend (5>20>50),Normal,Akumulasi (Naik),Normal,Dominan Beli (Hajar Kanan),Normal,Tinggi,Normal,Rawan Pucuk (High Risk),> 1 Miliar,Di Atas VWAP (Kuat),Akumulasi Pro (Smart Money),Ritel Aktif (5M - 50M),Normal (50-150%),Mark-Up (Fase Pesta),Normal,Normal,Naik 1 Hari Beruntun,TP: 501 | CL: 402,Normal,Tidak Ideal (< 1:1),Overbought (Jenuh Beli - Rawan),Netral / Sepi Berita,Normal / Sedang Transisi,Mengambang (Jauh dari Fibo),7,BELI,HOLD / NEUTRAL,0.5,MA20 di atas MA50 (Uptrend) | RSI Overbought Pucuk (73.0) | Harga di atas VWAP Intraday,TIDAK ADA,2026-09-10 13:41:26,Biasa / Mengikuti Pasar
13:41,ELSA,Token Mati (Perlu Update),Mid Cap (Lapis 2),Undervalued (Murah),6.613047,0.9957358,760.0,775.0,735.0,735.0,714,660,775,-2.0,24626100,Tembus MA20,57,Negatif,Uptrend,Bullish,Strong Bullish,Perfect Uptrend (5>20>50),Normal,Distribusi (Turun),Normal,Dominan Jual (Guyur),Normal,Sedang,Normal,Rawan Pucuk (High Risk),> 1 Miliar,Persis di VWAP,Distribusi Pro (Guyuran),Ritel Aktif (5M - 50M),Normal (50-150%),Mark-Up (Fase Pesta),Solid (Jarang Dibanting),Normal,Turun 1 Hari Beruntun,TP: 775 | CL: 708,Normal,Tidak Ideal (< 1:1),Death Cross (Awal Bearish),Netral / Sepi Berita,Normal / Sedang Transisi,Mendekati Fibo 23.6%,5,WAIT & SEE,HOLD / NEUTRAL,1.0,MA20 di atas MA50 (Uptrend) | RSI Mendekati Jenuh Beli (57.0),TIDAK ADA,2026-09-10 13:41:26,Biasa / Mengikuti Pasar
13:41,ELTY,Token Mati (Perlu Update),Mid Cap (Lapis 2),Fair Value (Wajar),0.0,0.28284544,36.0,36.0,35.0,36.0,38,35,40,0.0,32616400,Normal,49,Negatif,Downtrend,Bearish,Bearish MACD,Konsolidasi / Transisi,Normal,Distribusi (Turun),Normal,Dominan Beli (Hajar Kanan),Bottom Rebound,Sedang,Doji (Ragu-ragu),Dekat Support (Low Risk),> 1 Miliar,Di Bawah VWAP (Lemah),Akumulasi Pro (Smart Money),Gorengan Sepi (< 5M),Sepi (< 50%),Distribution (Fase Jualan),Solid (Jarang Dibanting),Jarum Bawah (Sinyal Pantulan Kuat),Sideways / Stagnan,TP: 37 | CL: 34,Normal,Sangat Menarik (> 1:3),Golden Cross (Awal Bullish),Netral / Sepi Berita,Normal / Sedang Transisi,Mengambang (Jauh dari Fibo),1,WAIT & SEE,HOLD / NEUTRAL,0.5,MA20 di atas MA50 (Uptrend) | Harga di bawah VWAP Intraday,TIDAK ADA,2026-09-10 13:41:26,Biasa / Mengikuti Pasar
13:41,EMDE,Transaksi Sepi (Skip Broksum),Small Cap (Lapis 3),Fair Value (Wajar),0.0,0.14750786,85.0,85.0,80.0,80.0,77,72,85,-2.4390243902439024,12001200,Tembus MA20,58,Negatif,Uptrend,Bullish,Strong Bullish,Perfect Uptrend (5>20>50),Normal,Akumulasi (Naik),Gap Up (+3.7%),Dominan Jual (Guyur),Normal,Sedang,Normal,Rawan Pucuk (High Risk),< 1 Miliar,Persis di VWAP,Akumulasi Pro (Smart Money),Gorengan Sepi (< 5M),Normal (50-150%),Mark-Up (Fase Pesta),Normal,Normal,Turun 1 Hari Beruntun,TP: 85 | CL: 76,Open = High (Tekanan Jual),Tidak Ideal (< 1:1),Death Cross (Awal Bearish),Netral / Sepi Berita,Normal / Sedang Transisi,Dekat Support Fibo 38.2%,7,BELI,HOLD / NEUTRAL,1.0,MA20 di atas MA50 (Uptrend) | RSI Mendekati Jenuh Beli (58.0),TIDAK ADA,2026-09-10 13:41:26,Biasa / Mengikuti Pasar
13:41,EMTK,Token Mati (Perlu Update),Big Cap (Lapis 1),Undervalued (Murah),13.888888,0.8519254,515.0,520.0,505.0,510.0,518,492,565,-0.9708737864077669,11111100,Normal,46,Negatif,Downtrend,Death Cross,Strong Bearish,Strong Downtrend (5<20<50),Normal,Distribusi (Turun),Normal,Seimbang / Adu Mekanik,Normal,Sedang,Normal,Area Tengah,> 1 Miliar,Persis di VWAP,Distribusi Pro (Guyuran),Ritel Aktif (5M - 50M),Sepi (< 50%),Mark-Down (Fase Runtuh),Normal,Normal,Turun 2 Hari Beruntun,TP: 543 | CL: 487,Normal,Sangat Menarik (> 1:3),Netral / Sideways,Netral / Sepi Berita,Normal / Sedang Transisi,Dekat Support Fibo 78.6%,0,WAIT & SEE,SELL,-1.5,MA20 di bawah MA50 (Downtrend),TIDAK ADA,2026-09-10 13:41:26,Biasa / Mengikuti Pasar
13:41,ENRG,Token Mati (Perlu Update),Big Cap (Lapis 1),Overvalued (Mahal),25.91959,42083.336,1475.0,1530.0,1465.0,1520.0,1324,1165,1530,3.754266211604096,90665300,Tembus MA20,67,Positif,Uptrend,Bullish,Strong Bullish,Perfect Uptrend (5>20>50),Normal,Akumulasi (Naik),Normal,Dominan Beli (Hajar Kanan),Breakout Upper,Tinggi,Normal,Rawan Pucuk (High Risk),> 1 Miliar,Di Atas VWAP (Kuat),Akumulasi Pro (Smart Money),Sultan (> 50M/hari),Normal (50-150%),Mark-Up (Fase Pesta),Normal,Normal,Naik 1 Hari Beruntun,TP: 1607 | CL: 1461,Normal,Tidak Ideal (< 1:1),Overbought (Jenuh Beli - Rawan),Netral / Sepi Berita,Normal / Sedang Transisi,Mendekati Fibo 23.6%,8,BELI,BUY,2.0,MA20 di atas MA50 (Uptrend) | RSI Mendekati Jenuh Beli (67.0) | Harga di atas VWAP Intraday,TIDAK ADA,2026-09-10 13:41:26,Biasa / Mengikuti Pasar
13:41,EPMT,Transaksi Sepi (Skip Broksum),Mid Cap (Lapis 2),Undervalued (Murah),7.8786488,0.7905738,2410.0,2410.0,2410.0,2410.0,2388,2300,2470,-0.4132231404958678,900,Normal,57,Negatif,Uptrend,Bullish,Strong Bullish,Perfect Uptrend (5>20>50),Normal,Akumulasi (Naik),Normal,Tidak Ada Transaksi,Squeeze,Rendah,Doji (Ragu-ragu),Area Tengah,< 1 Miliar,Persis di VWAP,Distribusi Pro (Guyuran),Gorengan Sepi (< 5M),Sepi (< 50%),Mark-Up (Fase Pesta),Normal,Normal,Turun 1 Hari Beruntun,TP: 2474 | CL: 2367,Normal,Tidak Ideal (< 1:1),Death Cross (Awal Bearish),Netral / Sepi Berita,Supply Kering (Siap Pump) 🏜️,Golden Rebound Fibo 23.6% 🎯,5,WAIT & SEE,BUY,2.0,MA20 di atas MA50 (Uptrend) | RSI Mendekati Jenuh Beli (57.0) | Volatilitas Bollinger Squeeze (Siap Meledak),TIDAK ADA,2026-09-10 13:41:26,Biasa / Mengikuti Pasar
13:41,ERAA,Token Mati (Perlu Update),Mid Cap (Lapis 2),Undervalued (Murah),6.737944,0.9982724,620.0,625.0,595.0,605.0,512,452,635,-0.819672131147541,66093600,Normal,80,Negatif,Uptrend,Bullish,Strong Bullish,Perfect Uptrend (5>20>50),Normal,Distribusi (Turun),Normal,Seimbang / Adu Mekanik,Normal,Tinggi,Normal,Rawan Pucuk (High Risk),> 1 Miliar,Di Atas VWAP (Kuat),Distribusi Pro (Guyuran),Sultan (> 50M/hari),Sepi (< 50%),Mark-Up (Fase Pesta),Spesialis Tiang Jemuran (Banting Pucuk),Normal,Turun 1 Hari Beruntun,TP: 650 | CL: 574,Normal,Tidak Ideal (< 1:1),Overbought (Jenuh Beli - Rawan),Netral / Sepi Berita,Normal / Sedang Transisi,Mengambang (Jauh dari Fibo),4,WAIT & SEE,HOLD / NEUTRAL,0.5,MA20 di atas MA50 (Uptrend) | RSI Overbought Pucuk (80.0) | Harga di atas VWAP Intraday,TIDAK ADA,2026-09-10 13:41:26,Biasa / Mengikuti Pasar
13:41,ERTX,Transaksi Sepi (Skip Broksum),Small Cap (Lapis 3),Overvalued (Mahal),187999.98,8173.913,188.0,193.0,187.0,188.0,184,175,206,0.53475935828877,1140400,Normal,61,Positif,Uptrend,Bullish,Bearish MACD,Perfect Uptrend (5>20>50),Normal,Akumulasi (Naik),Normal,Dominan Jual (Guyur),Squeeze,Rendah,Doji (Ragu-ragu),Area Tengah,< 1 Miliar,Di Bawah VWAP (Lemah),Distribusi Pro (Guyuran),Gorengan Sepi (< 5M),Normal (50-150%),Mark-Up (Fase Pesta),Spesialis Tiang Jemuran (Banting Pucuk),Normal,Naik 1 Hari Beruntun,TP: 200 | CL: 179,Normal,Menengah (1:1),Golden Cross (Awal Bullish),Netral / Sepi Berita,Normal / Sedang Transisi,Dekat Support Fibo 38.2%,5,WAIT & SEE,HOLD / NEUTRAL,1.0,MA20 di atas MA50 (Uptrend) | RSI Mendekati Jenuh Beli (61.0) | Harga di bawah VWAP Intraday | Volatilitas Bollinger Squeeze (Siap Meledak),TIDAK ADA,2026-09-10 13:41:26,Biasa / Mengikuti Pasar
13:41,ESSA,Token Mati (Perlu Update),Big Cap (Lapis 1),Overvalued (Mahal),13.011864,27200.0,695.0,705.0,675.0,680.0,662,590,735,-2.158273381294964,63778200,Normal,56,Negatif,Uptrend,Bullish,Strong Bullish,Perfect Uptrend (5>20>50),Normal,Distribusi (Turun),Normal,Dominan Jual (Guyur),Normal,Tinggi,Normal,Rawan Pucuk (High Risk),> 1 Miliar,Di Bawah VWAP (Lemah),Distribusi Pro (Guyuran),Ritel Aktif (5M - 50M),Sepi (< 50%),Mark-Up (Fase Pesta),Normal,Normal,Turun 1 Hari Beruntun,TP: 724 | CL: 650,Normal,Tidak Ideal (< 1:1),Death Cross (Awal Bearish),Netral / Sepi Berita,Normal / Sedang Transisi,Mendekati Fibo 38.2%,4,WAIT & SEE,HOLD / NEUTRAL,0.0,MA20 di atas MA50 (Uptrend) | RSI Mendekati Jenuh Beli (56.0) | Harga di bawah VWAP Intraday,TIDAK ADA,2026-09-10 13:41:26,Biasa / Mengikuti Pasar
13:41,ESTI,Token Mati (Perlu Update),Small Cap (Lapis 3),Overvalued (Mahal),201999.98,2.2704282,210.0,266.0,195.0,200.0,165,152,266,0.5025125628140703,227971700,Tembus MA20,75,Positif,Uptrend,Bullish,Strong Bullish,Perfect Uptrend (5>20>50),Distribusi Kuat,Akumulasi (Naik),Gap Up (+5.5%),Dominan Jual (Guyur),Breakout Upper,Tinggi,Normal,Rawan Pucuk (High Risk),> 1 Miliar,Di Bawah VWAP (Lemah),Distribusi Pro (Guyuran),Ritel Aktif (5M - 50M),Ledakan Ekstrem (> 300%),Mark-Up (Fase Pesta),Spesialis Tiang Jemuran (Banting Pucuk),Normal,Naik 2 Hari Beruntun,TP: 219 | CL: 186,Normal,Menengah (1:1),Netral / Sideways,Netral / Sepi Berita,Supply Banjir (Distribusi) 🌊,Mengambang (Jauh dari Fibo),8,BELI,SELL,-1.8,MA20 di atas MA50 (Uptrend) | RSI Overbought Pucuk (75.0) | Harga di bawah VWAP Intraday | Volume Lonjak 9.6x MA20,TIDAK ADA,2026-09-10 13:41:26,🔥 ANOMALI BANDAR (Siap Ledakan)
13:41,EXCL,Token Mati (Perlu Update),Big Cap (Lapis 1),Fair Value (Wajar),0.0,1.7143588,2730.0,2780.0,2710.0,2710.0,2750,2430,2930,-0.7326007326007326,2803300,Normal,52,Negatif,Downtrend,Bearish,Bearish MACD,Konsolidasi / Transisi,Normal,Distribusi (Turun),Normal,Dominan Jual (Guyur),Normal,Sedang,Normal,Rawan Pucuk (High Risk),> 1 Miliar,Persis di VWAP,Distribusi Pro (Guyuran),Ritel Aktif (5M - 50M),Normal (50-150%),Distribution (Fase Jualan),Spesialis Tiang Jemuran (Banting Pucuk),Normal,Turun 2 Hari Beruntun,TP: 2846 | CL: 2619,Normal,Tidak Ideal (< 1:1),Netral / Sideways,Netral / Sepi Berita,Normal / Sedang Transisi,Dekat Support Fibo 38.2%,1,WAIT & SEE,BUY,1.5,MA20 di atas MA50 (Uptrend),TIDAK ADA,2026-09-10 13:41:26,Biasa / Mengikuti Pasar
13:41,FAST,Token Mati (Perlu Update),Mid Cap (Lapis 2),Overvalued (Mahal),0.0,8.80712,446.0,490.0,428.0,474.0,469,410,565,4.405286343612335,65106600,Tembus MA20,60,Positif,Uptrend,Bearish,Bearish MACD,Konsolidasi / Transisi,Normal,Akumulasi (Naik),Normal,Dominan Beli (Hajar Kanan),Normal,Tinggi,Normal,Rawan Pucuk (High Risk),> 1 Miliar,Di Atas VWAP (Kuat),Akumulasi Pro (Smart Money),Ritel Aktif (5M - 50M),Ledakan Ekstrem (> 300%),Mark-Up (Fase Pesta),Normal,Normal,Naik 1 Hari Beruntun,TP: 513 | CL: 447,Normal,Menengah (1:1),Netral / Sideways,Netral / Sepi Berita,Normal / Sedang Transisi,Mengambang (Jauh dari Fibo),6,WAIT & SEE,BUY,2.0,MA20 di atas MA50 (Uptrend) | RSI Mendekati Jenuh Beli (60.0) | Harga di atas VWAP Intraday,TIDAK ADA,2026-09-10 13:41:26,Biasa / Mengikuti Pasar
13:41,FISH,Transaksi Sepi (Skip Broksum),Mid Cap (Lapis 2),Overvalued (Mahal),58.906693,17857.143,610.0,635.0,610.0,625.0,608,570,635,2.459016393442623,89600,Tembus MA20,60,Positif,Uptrend,Bullish,Strong Bullish,Awal Reversal (5>20),Akumulasi Kuat,Akumulasi (Naik),Normal,Seimbang / Adu Mekanik,Squeeze,Rendah,Normal,Area Tengah,< 1 Miliar,Di Atas VWAP (Kuat),Akumulasi Pro (Smart Money),Gorengan Sepi (< 5M),Anomali Tinggi (150-300%),Accumulation (Kumpul Barang),Normal,Normal,Naik 1 Hari Beruntun,TP: 650 | CL: 608,Open = Low (Bullish Kuat),Tidak Ideal (< 1:1),Netral / Sideways,Netral / Sepi Berita,Normal / Sedang Transisi,Dekat Support Fibo 50.0%,8,BELI,HOLD / NEUTRAL,0.0,MA20 di bawah MA50 (Downtrend) | RSI Mendekati Jenuh Beli (60.0) | Harga di atas VWAP Intraday | Volatilitas Bollinger Squeeze (Siap Meledak) | Volume Lonjak 2.4x MA20,TIDAK ADA,2026-09-10 13:41:26,Biasa / Mengikuti Pasar
13:41,FMII,Transaksi Sepi (Skip Broksum),Mid Cap (Lapis 2),Fair Value (Wajar),0.0,2.3452287,250.0,254.0,248.0,254.0,253,240,260,0.0,4700,Normal,51,Negatif,Uptrend,Golden Cross,Bearish MACD,Perfect Uptrend (5>20>50),Normal,Distribusi (Turun),Normal,Dominan Beli (Hajar Kanan),Squeeze,Rendah,Normal,Area Tengah,< 1 Miliar,Persis di VWAP,Akumulasi Pro (Smart Money),Gorengan Sepi (< 5M),Sepi (< 50%),Mark-Up (Fase Pesta),Solid (Jarang Dibanting),Normal,Sideways / Stagnan,TP: 267 | CL: 245,Normal,Tidak Ideal (< 1:1),Netral / Sideways,Netral / Sepi Berita,Supply Kering (Siap Pump) 🏜️,Golden Rebound Fibo 50.0% 🎯,4,WAIT & SEE,BUY,2.5,MA20 di atas MA50 (Uptrend) | Volatilitas Bollinger Squeeze (Siap Meledak),TIDAK ADA,2026-09-10 13:41:26,Biasa / Mengikuti Pasar
13:41,FORU,Token Mati (Perlu Update),Mid Cap (Lapis 2),Overvalued (Mahal),0.0,102.667015,3530.0,3610.0,3430.0,3530.0,2645,1940,4200,-3.021978021978022,882400,Normal,65,Negatif,Uptrend,Bullish,Strong Bullish,Awal Reversal (5>20),Normal,Akumulasi (Naik),Gap Down (-3.0%),Seimbang / Adu Mekanik,Normal,Tinggi,Doji (Ragu-ragu),Rawan Pucuk (High Risk),> 1 Miliar,Di Bawah VWAP (Lemah),Distribusi Pro (Guyuran),Ritel Aktif (5M - 50M),Sepi (< 50%),Accumulation (Kumpul Barang),Spesialis Tiang Jemuran (Banting Pucuk),Jarum Bawah (Sinyal Pantulan Kuat),Turun 3 Hari Beruntun,TP: 4096 | CL: 3152,Normal,Tidak Ideal (< 1:1),Death Cross (Awal Bearish),Netral / Sepi Berita,Normal / Sedang Transisi,Mengambang (Jauh dari Fibo),5,WAIT & SEE,STRONG SELL,-3.0,MA20 di bawah MA50 (Downtrend) | RSI Mendekati Jenuh Beli (65.0) | Harga di bawah VWAP Intraday,TIDAK ADA,2026-09-10 13:41:26,Biasa / Mengikuti Pasar
13:41,FPNI,Token Mati (Perlu Update),Mid Cap (Lapis 2),Overvalued (Mahal),11.025254,29250.0,560.0,595.0,560.0,580.0,568,410,685,4.504504504504505,12370100,Normal,57,Positif,Uptrend,Bullish,Bearish MACD,Perfect Uptrend (5>20>50),Normal,Distribusi (Turun),Normal,Seimbang / Adu Mekanik,Normal,Tinggi,Normal,Rawan Pucuk (High Risk),> 1 Miliar,Di Bawah VWAP (Lemah),Distribusi Pro (Guyuran),Ritel Aktif (5M - 50M),Normal (50-150%),Mark-Up (Fase Pesta),Normal,Normal,Naik 1 Hari Beruntun,TP: 663 | CL: 524,Open = Low (Bullish Kuat),Tidak Ideal (< 1:1),Golden Cross (Awal Bullish),Netral / Sepi Berita,Normal / Sedang Transisi,Mengambang (Jauh dari Fibo),4,WAIT & SEE,HOLD / NEUTRAL,0.0,MA20 di atas MA50 (Uptrend) | RSI Mendekati Jenuh Beli (57.0) | Harga di bawah VWAP Intraday,TIDAK ADA,2026-09-10 13:41:26,Biasa / Mengikuti Pasar
13:41,GDST,Transaksi Sepi (Skip Broksum),Mid Cap (Lapis 2),Undervalued (Murah),11.038961,0.74195075,123.0,123.0,117.0,119.0,113,108,131,-0.8333333333333334,5233000,Normal,62,Negatif,Uptrend,Bullish,Bearish MACD,Perfect Uptrend (5>20>50),Normal,Akumulasi (Naik),Gap Up (+2.5%),Seimbang / Adu Mekanik,Normal,Sedang,Normal,Rawan Pucuk (High Risk),< 1 Miliar,Persis di VWAP,Distribusi Pro (Guyuran),Gorengan Sepi (< 5M),Sepi (< 50%),Mark-Up (Fase Pesta),Spesialis Tiang Jemuran (Banting Pucuk),Normal,Turun 1 Hari Beruntun,TP: 127 | CL: 113,Open = High (Tekanan Jual),Menengah (1:1),Golden Cross (Awal Bullish),Netral / Sepi Berita,Supply Banjir (Distribusi) 🌊,Mengambang (Jauh dari Fibo),5,WAIT & SEE,HOLD / NEUTRAL,1.0,MA20 di atas MA50 (Uptrend) | RSI Mendekati Jenuh Beli (62.0),TIDAK ADA,2026-09-10 13:41:26,Biasa / Mengikuti Pasar
13:41,GDYR,Transaksi Sepi (Skip Broksum),Small Cap (Lapis 3),Overvalued (Mahal),189166.67,7617.4497,1135.0,1135.0,1120.0,1135.0,1114,1080,1140,0.0,1700,Normal,60,Negatif,Uptrend,Bullish,Strong Bullish,Perfect Uptrend (5>20>50),Normal,Akumulasi (Naik),Normal,Dominan Beli (Hajar Kanan),Squeeze,Rendah,Doji (Ragu-ragu),Area Tengah,< 1 Miliar,Persis di VWAP,Akumulasi Pro (Smart Money),Gorengan Sepi (< 5M),Sepi (< 50%),Mark-Up (Fase Pesta),Normal,Jarum Bawah (Sinyal Pantulan Kuat),Sideways / Stagnan,TP: 1161 | CL: 1117,Normal,Tidak Ideal (< 1:1),Overbought (Jenuh Beli - Rawan),Netral / Sepi Berita,Supply Kering (Siap Pump) 🏜️,Golden Rebound Fibo 38.2% 🎯,6,WAIT & SEE,BUY,2.0,MA20 di atas MA50 (Uptrend) | RSI Mendekati Jenuh Beli (60.0) | Volatilitas Bollinger Squeeze (Siap Meledak),TIDAK ADA,2026-09-10 13:41:26,Biasa / Mengikuti Pasar
13:41,GEMA,Token Mati (Perlu Update),Small Cap (Lapis 3),Fair Value (Wajar),0.0,0.35036862,94.0,103.0,93.0,95.0,86,80,103,1.0638297872340425,36303300,Tembus MA20,72,Positif,Uptrend,Bullish,Strong Bullish,Perfect Uptrend (5>20>50),Akumulasi Kuat,Akumulasi (Naik),Normal,Dominan Jual (Guyur),Normal,Tinggi,Doji (Ragu-ragu),Rawan Pucuk (High Risk),> 1 Miliar,Di Bawah VWAP (Lemah),Distribusi Pro (Guyuran),Gorengan Sepi (< 5M),Anomali Tinggi (150-300%),Mark-Up (Fase Pesta),Spesialis Tiang Jemuran (Banting Pucuk),Normal,Naik 2 Hari Beruntun,TP: 101 | CL: 90,Normal,Tidak Ideal (< 1:1),Death Cross (Awal Bearish),Netral / Sepi Berita,Normal / Sedang Transisi,Dekat Support Fibo 23.6%,8,BELI,SELL,-1.8,MA20 di atas MA50 (Uptrend) | RSI Overbought Pucuk (72.0) | Harga di bawah VWAP Intraday | Volume Lonjak 4.1x MA20,TIDAK ADA,2026-09-10 13:41:26,Biasa / Mengikuti Pasar
13:41,GEMS,Token Mati (Perlu Update),Big Cap (Lapis 1),Overvalued (Mahal),11.026958,57142.855,7675.0,7725.0,7575.0,7600.0,7020,6450,7800,-0.9771986970684038,136000,Normal,78,Negatif,Uptrend,Bullish,Strong Bullish,Perfect Uptrend (5>20>50),Normal,Akumulasi (Naik),Normal,Dominan Jual (Guyur),Normal,Tinggi,Normal,Rawan Pucuk (High Risk),> 1 Miliar,Persis di VWAP,Akumulasi Pro (Smart Money),Gorengan Sepi (< 5M),Normal (50-150%),Mark-Up (Fase Pesta),Normal,Normal,Turun 1 Hari Beruntun,TP: 7894 | CL: 7403,Normal,Tidak Ideal (< 1:1),Overbought (Jenuh Beli - Rawan),Netral / Sepi Berita,Normal / Sedang Transisi,Mendekati Fibo 23.6%,5,WAIT & SEE,HOLD / NEUTRAL,-0.5,MA20 di atas MA50 (Uptrend) | RSI Overbought Pucuk (78.0),TIDAK ADA,2026-09-10 13:41:26,Biasa / Mengikuti Pasar
13:41,GGRM,Token Mati (Perlu Update),Big Cap (Lapis 1),Undervalued (Murah),8.584065,0.59221566,19800.0,19950.0,19700.0,19725.0,20110,19125,21050,-0.12658227848101267,338100,Normal,50,Negatif,Downtrend,Bearish,Bearish MACD,Konsolidasi / Transisi,Normal,Distribusi (Turun),Normal,Dominan Jual (Guyur),Squeeze,Rendah,Normal,Area Tengah,> 1 Miliar,Di Bawah VWAP (Lemah),Distribusi Pro (Guyuran),Ritel Aktif (5M - 50M),Sepi (< 50%),Distribution (Fase Jualan),Spesialis Tiang Jemuran (Banting Pucuk),Normal,Turun 2 Hari Beruntun,TP: 20493 | CL: 19212,Normal,Ideal (1:2),Netral / Sideways,Netral / Sepi Berita,Normal / Sedang Transisi,Mendekati Fibo 38.2%,0,WAIT & SEE,BUY,1.5,MA20 di atas MA50 (Uptrend) | Harga di bawah VWAP Intraday | Volatilitas Bollinger Squeeze (Siap Meledak),TIDAK ADA,2026-09-10 13:41:26,Biasa / Mengikuti Pasar
13:41,GIAA,Token Mati (Perlu Update),Big Cap (Lapis 1),Fair Value (Wajar),0.0,0.0,68.0,68.0,66.0,67.0,69,61,80,-1.4705882352941175,26062400,Normal,53,Negatif,Downtrend,Bearish,Bearish MACD,Konsolidasi / Transisi,Normal,Distribusi (Turun),Normal,Seimbang / Adu Mekanik,Normal,Tinggi,Normal,Area Tengah,> 1 Miliar,Persis di VWAP,Distribusi Pro (Guyuran),Ritel Aktif (5M - 50M),Sepi (< 50%),Distribution (Fase Jualan),Normal,Normal,Turun 1 Hari Beruntun,TP: 72 | CL: 63,Open = High (Tekanan Jual),Ideal (1:2),Golden Cross (Awal Bullish),Netral / Sepi Berita,Normal / Sedang Transisi,Dekat Support Fibo 50.0%,1,WAIT & SEE,BUY,1.5,MA20 di atas MA50 (Uptrend),TIDAK ADA,2026-09-10 13:41:26,Biasa / Mengikuti Pasar
13:41,GJTL,Token Mati (Perlu Update),Mid Cap (Lapis 2),Undervalued (Murah),2.9756045,0.43049732,1375.0,1380.0,1355.0,1360.0,1372,1280,1455,-1.090909090909091,2811200,Normal,54,Negatif,Downtrend,Bullish,Bearish MACD,Perfect Uptrend (5>20>50),Normal,Distribusi (Turun),Normal,Dominan Jual (Guyur),Normal,Sedang,Normal,Area Tengah,> 1 Miliar,Di Bawah VWAP (Lemah),Distribusi Pro (Guyuran),Ritel Aktif (5M - 50M),Sepi (< 50%),Distribution (Fase Jualan),Normal,Normal,Turun 2 Hari Beruntun,TP: 1408 | CL: 1327,Normal,Menengah (1:1),Netral / Sideways,Netral / Sepi Berita,Normal / Sedang Transisi,Dekat Support Fibo 23.6%,2,WAIT & SEE,HOLD / NEUTRAL,0.5,MA20 di atas MA50 (Uptrend) | Harga di bawah VWAP Intraday,TIDAK ADA,2026-09-10 13:41:26,Biasa / Mengikuti Pasar
13:41,GMTD,Transaksi Sepi (Skip Broksum),Mid Cap (Lapis 2),Overvalued (Mahal),43.886612,1.489957,1315.0,1315.0,1285.0,1285.0,1358,1220,1515,-0.3875968992248062,6900,Normal,41,Negatif,Downtrend,Death Cross,Bearish MACD,Konsolidasi / Transisi,Normal,Distribusi (Turun),Normal,Dominan Jual (Guyur),Normal,Tinggi,Normal,Area Tengah,< 1 Miliar,Di Bawah VWAP (Lemah),Distribusi Pro (Guyuran),Gorengan Sepi (< 5M),Sepi (< 50%),Distribution (Fase Jualan),Normal,Normal,Turun 6 Hari Beruntun,TP: 1440 | CL: 1181,Open = High (Tekanan Jual),Sangat Menarik (> 1:3),Netral / Sideways,Netral / Sepi Berita,Normal / Sedang Transisi,Mengambang (Jauh dari Fibo),0,WAIT & SEE,HOLD / NEUTRAL,1.0,MA20 di atas MA50 (Uptrend) | RSI Rebound Area Murah (41.0) | Harga di bawah VWAP Intraday,TIDAK ADA,2026-09-10 13:41:26,Biasa / Mengikuti Pasar
13:41,GOLD,Transaksi Sepi (Skip Broksum),Small Cap (Lapis 3),Fair Value (Wajar),23.747368,0.8100539,294.0,294.0,274.0,282.0,275,264,306,-0.7042253521126761,199500,Normal,58,Negatif,Uptrend,Bullish,Strong Bullish,Perfect Uptrend (5>20>50),Normal,Akumulasi (Naik),Gap Up (+3.5%),Seimbang / Adu Mekanik,Normal,Sedang,Normal,Area Tengah,< 1 Miliar,Persis di VWAP,Akumulasi Pro (Smart Money),Gorengan Sepi (< 5M),Normal (50-150%),Mark-Up (Fase Pesta),Spesialis Tiang Jemuran (Banting Pucuk),Normal,Turun 1 Hari Beruntun,TP: 301 | CL: 269,Open = High (Tekanan Jual),Menengah (1:1),Golden Cross (Awal Bullish),Netral / Sepi Berita,Normal / Sedang Transisi,Dekat Support Fibo 50.0%,6,WAIT & SEE,HOLD / NEUTRAL,1.0,MA20 di atas MA50 (Uptrend) | RSI Mendekati Jenuh Beli (58.0),TIDAK ADA,2026-09-10 13:41:26,Biasa / Mengikuti Pasar
13:41,GPRA,Token Mati (Perlu Update),Small Cap (Lapis 3),Undervalued (Murah),6.5491185,0.33165804,106.0,107.0,103.0,105.0,109,103,115,-0.9433962264150944,66512000,Normal,44,Negatif,Downtrend,Bearish,Bearish MACD,Konsolidasi / Transisi,Normal,Akumulasi (Naik),Normal,Seimbang / Adu Mekanik,Bottom Rebound,Sedang,Normal,Dekat Support (Low Risk),> 1 Miliar,Di Bawah VWAP (Lemah),Distribusi Pro (Guyuran),Ritel Aktif (5M - 50M),Sepi (< 50%),Distribution (Fase Jualan),Normal,Normal,Turun 2 Hari Beruntun,TP: 111 | CL: 100,Normal,Sangat Menarik (> 1:3),Netral / Sideways,Netral / Sepi Berita,Normal / Sedang Transisi,Dekat Support Fibo 61.8% (Golden Ratio),1,WAIT & SEE,HOLD / NEUTRAL,1.0,MA20 di atas MA50 (Uptrend) | RSI Rebound Area Murah (44.0) | Harga di bawah VWAP Intraday,TIDAK ADA,2026-09-10 13:41:26,Biasa / Mengikuti Pasar
13:41,GSMF,Token Mati (Perlu Update),Mid Cap (Lapis 2),Overvalued (Mahal),70.17544,0.73612404,93.0,121.0,93.0,117.0,95,86,121,27.173913043478258,188611400,Tembus MA20,74,Positif,Uptrend,Bullish,Strong Bullish,Perfect Uptrend (5>20>50),Akumulasi Kuat,Akumulasi (Naik),Normal,Dominan Beli (Hajar Kanan),Breakout Upper,Tinggi,Marubozu (Strong Bullish),Rawan Pucuk (High Risk),> 1 Miliar,Di Atas VWAP (Kuat),Akumulasi Pro (Smart Money),Gorengan Sepi (< 5M),Ledakan Ekstrem (> 300%),Mark-Up (Fase Pesta),Normal,Normal,Naik 1 Hari Beruntun,TP: 125 | CL: 111,Open = Low (Bullish Kuat),Tidak Ideal (< 1:1),Netral / Sideways,Netral / Sepi Berita,Normal / Sedang Transisi,Mengambang (Jauh dari Fibo),9,BELI,HOLD / NEUTRAL,0.6,MA20 di atas MA50 (Uptrend) | RSI Overbought Pucuk (74.0) | Harga di atas VWAP Intraday | Volume Lonjak 6.5x MA20,TIDAK ADA,2026-09-10 13:41:26,⚠️ Anomali (Sudah Terbang)
13:41,GTBO,Transaksi Sepi (Skip Broksum),Small Cap (Lapis 3),Overvalued (Mahal),0.0,17333.334,152.0,156.0,152.0,156.0,165,145,180,2.631578947368421,102200,Tembus MA20,39,Positif,Downtrend,Bearish,Strong Bearish,Strong Downtrend (5<20<50),Akumulasi Kuat,Distribusi (Turun),Normal,Dominan Beli (Hajar Kanan),Normal,Tinggi,Marubozu (Strong Bullish),Area Tengah,< 1 Miliar,Di Atas VWAP (Kuat),Akumulasi Pro (Smart Money),Gorengan Sepi (< 5M),Normal (50-150%),Mark-Down (Fase Runtuh),Solid (Jarang Dibanting),Normal,Naik 1 Hari Beruntun,TP: 163 | CL: 151,Open = Low (Bullish Kuat),Ideal (1:2),Netral / Sideways,Netral / Sepi Berita,Normal / Sedang Transisi,Mengambang (Jauh dari Fibo),4,WAIT & SEE,HOLD / NEUTRAL,0.0,MA20 di bawah MA50 (Downtrend) | RSI Rebound Area Murah (39.0) | Harga di atas VWAP Intraday | Volume Lonjak 2.6x MA20,TIDAK ADA,2026-09-10 13:41:26,Biasa / Mengikuti Pasar
13:41,GWSA,Transaksi Sepi (Skip Broksum),Mid Cap (Lapis 2),Undervalued (Murah),10.081585,0.1850879,174.0,174.0,170.0,173.0,161,136,184,0.0,808300,Normal,71,Negatif,Uptrend,Bullish,Bearish MACD,Perfect Uptrend (5>20>50),Normal,Akumulasi (Naik),Normal,Dominan Beli (Hajar Kanan),Normal,Tinggi,Hammer (Potensi Reversal),Rawan Pucuk (High Risk),< 1 Miliar,Persis di VWAP,Akumulasi Pro (Smart Money),Gorengan Sepi (< 5M),Sepi (< 50%),Mark-Up (Fase Pesta),Spesialis Tiang Jemuran (Banting Pucuk),Jarum Bawah (Sinyal Pantulan Kuat),Sideways / Stagnan,TP: 186 | CL: 163,Open = High (Tekanan Jual),Tidak Ideal (< 1:1),Death Cross (Awal Bearish),Netral / Sepi Berita,Normal / Sedang Transisi,Mendekati Fibo 23.6%,5,WAIT & SEE,HOLD / NEUTRAL,-0.5,MA20 di atas MA50 (Uptrend) | RSI Overbought Pucuk (71.0),TIDAK ADA,2026-09-10 13:41:26,Biasa / Mengikuti Pasar
13:41,GZCO,Token Mati (Perlu Update),Mid Cap (Lapis 2),Undervalued (Murah),10.337769,0.9679661,204.0,204.0,200.0,204.0,185,162,218,2.0,9849100,Normal,66,Positif,Uptrend,Bullish,Strong Bullish,Perfect Uptrend (5>20>50),Normal,Akumulasi (Naik),Gap Up (+2.0%),Dominan Beli (Hajar Kanan),Normal,Tinggi,Doji (Ragu-ragu),Rawan Pucuk (High Risk),> 1 Miliar,Persis di VWAP,Distribusi Pro (Guyuran),Ritel Aktif (5M - 50M),Sepi (< 50%),Mark-Up (Fase Pesta),Spesialis Tiang Jemuran (Banting Pucuk),Jarum Bawah (Sinyal Pantulan Kuat),Naik 1 Hari Beruntun,TP: 219 | CL: 193,Normal,Tidak Ideal (< 1:1),Netral / Sideways,Netral / Sepi Berita,Normal / Sedang Transisi,Mendekati Fibo 23.6%,8,BELI,HOLD / NEUTRAL,1.0,MA20 di atas MA50 (Uptrend) | RSI Mendekati Jenuh Beli (66.0),TIDAK ADA,2026-09-10 13:41:26,Biasa / Mengikuti Pasar
13:41,HADE,Transaksi Sepi (Skip Broksum),Small Cap (Lapis 3),Overvalued (Mahal),0.0,13.157895,25.0,26.0,25.0,26.0,18,16,26,8.333333333333332,11645800,Tembus MA20,78,Positif,Uptrend,Bullish,Strong Bullish,Perfect Uptrend (5>20>50),Normal,Akumulasi (Naik),Gap Up (+4.2%),Dominan Beli (Hajar Kanan),Breakout Upper,Tinggi,Marubozu (Strong Bullish),Rawan Pucuk (High Risk),< 1 Miliar,Di Atas VWAP (Kuat),Akumulasi Pro (Smart Money),Gorengan Sepi (< 5M),Normal (50-150%),Mark-Up (Fase Pesta),Normal,Normal,Naik 7 Hari Beruntun,TP: 27 | CL: 24,Open = Low (Bullish Kuat),Tidak Ideal (< 1:1),Overbought (Jenuh Beli - Rawan),Netral / Sepi Berita,Normal / Sedang Transisi,Mengambang (Jauh dari Fibo),9,BELI,STRONG SELL,-3.0,MA20 di bawah MA50 (Downtrend) | RSI Overbought Pucuk (78.0) | Harga di atas VWAP Intraday | Volume Lonjak 1.6x MA20,TIDAK ADA,2026-09-10 13:41:26,Biasa / Mengikuti Pasar
13:41,HDFA,Transaksi Sepi (Skip Broksum),Small Cap (Lapis 3),Fair Value (Wajar),0.0,1.3680799,103.0,103.0,101.0,103.0,100,93,115,0.9803921568627451,204900,Normal,62,Positif,Uptrend,Bullish,Bearish MACD,Perfect Uptrend (5>20>50),Normal,Akumulasi (Naik),Normal,Dominan Beli (Hajar Kanan),Normal,Sedang,Doji (Ragu-ragu),Rawan Pucuk (High Risk),< 1 Miliar,Persis di VWAP,Distribusi Pro (Guyuran),Gorengan Sepi (< 5M),Sepi (< 50%),Mark-Up (Fase Pesta),Spesialis Tiang Jemuran (Banting Pucuk),Jarum Bawah (Sinyal Pantulan Kuat),Naik 1 Hari Beruntun,TP: 110 | CL: 98,Normal,Menengah (1:1),Golden Cross (Awal Bullish),Netral / Sepi Berita,Supply Kering (Siap Pump) 🏜️,Mendekati Fibo 61.8% (Golden Ratio),6,WAIT & SEE,HOLD / NEUTRAL,1.0,MA20 di atas MA50 (Uptrend) | RSI Mendekati Jenuh Beli (62.0),TIDAK ADA,2026-09-10 13:41:26,Biasa / Mengikuti Pasar
13:41,HERO,Transaksi Sepi (Skip Broksum),Mid Cap (Lapis 2),Overvalued (Mahal),113.04348,0.8214271,340.0,340.0,328.0,338.0,335,322,362,-0.5882352941176471,55400,Normal,52,Negatif,Uptrend,Bullish,Strong Bullish,Perfect Uptrend (5>20>50),Normal,Akumulasi (Naik),Normal,Dominan Beli (Hajar Kanan),Squeeze,Rendah,Hammer (Potensi Reversal),Area Tengah,< 1 Miliar,Persis di VWAP,Akumulasi Pro (Smart Money),Gorengan Sepi (< 5M),Sepi (< 50%),Mark-Up (Fase Pesta),Normal,Jarum Bawah (Sinyal Pantulan Kuat),Turun 1 Hari Beruntun,TP: 353 | CL: 327,Open = High (Tekanan Jual),Ideal (1:2),Netral / Sideways,Netral / Sepi Berita,Normal / Sedang Transisi,Golden Rebound Fibo 50.0% 🎯,6,WAIT & SEE,HOLD / NEUTRAL,-0.5,MA20 di bawah MA50 (Downtrend) | Volatilitas Bollinger Squeeze (Siap Meledak),TIDAK ADA,2026-09-10 13:41:26,Biasa / Mengikuti Pasar
13:41,HEXA,Token Mati (Perlu Update),Mid Cap (Lapis 2),Overvalued (Mahal),14.88115,22128.713,4490.0,4500.0,4470.0,4470.0,4421,4280,4520,-0.4454342984409799,317100,Normal,55,Negatif,Uptrend,Bullish,Strong Bullish,Awal Reversal (5>20),Normal,Distribusi (Turun),Normal,Dominan Jual (Guyur),Squeeze,Rendah,Normal,Area Tengah,> 1 Miliar,Persis di VWAP,Distribusi Pro (Guyuran),Gorengan Sepi (< 5M),Normal (50-150%),Accumulation (Kumpul Barang),Solid (Jarang Dibanting),Normal,Turun 2 Hari Beruntun,TP: 4534 | CL: 4427,Normal,Tidak Ideal (< 1:1),Death Cross (Awal Bearish),Netral / Sepi Berita,Normal / Sedang Transisi,Dekat Support Fibo 23.6%,4,WAIT & SEE,HOLD / NEUTRAL,-0.5,MA20 di bawah MA50 (Downtrend) | Volatilitas Bollinger Squeeze (Siap Meledak),TIDAK ADA,2026-09-10 13:41:26,Biasa / Mengikuti Pasar
13:41,HMSP,Token Mati (Perlu Update),Big Cap (Lapis 1),Overvalued (Mahal),9.864037,3.3058739,750.0,750.0,740.0,740.0,743,715,770,-0.6711409395973155,4071200,Normal,51,Negatif,Downtrend,Bullish,Bearish MACD,Perfect Uptrend (5>20>50),Normal,Distribusi (Turun),Normal,Dominan Jual (Guyur),Squeeze,Rendah,Normal,Area Tengah,> 1 Miliar,Di Bawah VWAP (Lemah),Distribusi Pro (Guyuran),Ritel Aktif (5M - 50M),Sepi (< 50%),Distribution (Fase Jualan),Normal,Normal,Turun 2 Hari Beruntun,TP: 763 | CL: 724,Open = High (Tekanan Jual),Menengah (1:1),Netral / Sideways,Netral / Sepi Berita,Normal / Sedang Transisi,Mendekati Fibo 38.2%,2,WAIT & SEE,BUY,1.5,MA20 di atas MA50 (Uptrend) | Harga di bawah VWAP Intraday | Volatilitas Bollinger Squeeze (Siap Meledak),TIDAK ADA,2026-09-10 13:41:26,Biasa / Mengikuti Pasar
13:41,HRUM,Token Mati (Perlu Update),Big Cap (Lapis 1),Overvalued (Mahal),16.11279,13150.686,990.0,990.0,955.0,960.0,915,820,990,-2.0408163265306123,9549500,Normal,63,Negatif,Uptrend,Bullish,Strong Bullish,Perfect Uptrend (5>20>50),Normal,Akumulasi (Naik),Normal,Dominan Jual (Guyur),Normal,Tinggi,Normal,Rawan Pucuk (High Risk),> 1 Miliar,Persis di VWAP,Distribusi Pro (Guyuran),Ritel Aktif (5M - 50M),Normal (50-150%),Mark-Up (Fase Pesta),Normal,Normal,Turun 1 Hari Beruntun,TP: 1017 | CL: 921,Open = High (Tekanan Jual),Tidak Ideal (< 1:1),Death Cross (Awal Bearish),Netral / Sepi Berita,Normal / Sedang Transisi,Mendekati Fibo 23.6%,5,WAIT & SEE,HOLD / NEUTRAL,1.0,MA20 di atas MA50 (Uptrend) | RSI Mendekati Jenuh Beli (63.0),TIDAK ADA,2026-09-10 13:41:26,Biasa / Mengikuti Pasar
13:41,IATA,Token Mati (Perlu Update),Mid Cap (Lapis 2),Overvalued (Mahal),75.706215,33500.0,139.0,140.0,130.0,134.0,124,104,145,-3.597122302158273,711634800,Normal,61,Negatif,Uptrend,Bullish,Bearish MACD,Perfect Uptrend (5>20>50),Normal,Akumulasi (Naik),Normal,Seimbang / Adu Mekanik,Normal,Tinggi,Normal,Rawan Pucuk (High Risk),> 1 Miliar,Di Bawah VWAP (Lemah),Distribusi Pro (Guyuran),Sultan (> 50M/hari),Sepi (< 50%),Mark-Up (Fase Pesta),Normal,Normal,Turun 2 Hari Beruntun,TP: 151 | CL: 122,Normal,Tidak Ideal (< 1:1),Death Cross (Awal Bearish),Netral / Sepi Berita,Normal / Sedang Transisi,Mengambang (Jauh dari Fibo),4,WAIT & SEE,HOLD / NEUTRAL,0.0,MA20 di atas MA50 (Uptrend) | RSI Mendekati Jenuh Beli (61.0) | Harga di bawah VWAP Intraday,TIDAK ADA,2026-09-10 13:41:26,🔥 ANOMALI BANDAR (Siap Ledakan)
13:41,ICBP,Token Mati (Perlu Update),Big Cap (Lapis 1),Fair Value (Wajar),11.416066,1.5968096,7225.0,7250.0,7175.0,7200.0,7533,7125,8000,0.0,2278200,Normal,41,Negatif,Downtrend,Bearish,Strong Bearish,Konsolidasi / Transisi,Normal,Distribusi (Turun),Normal,Seimbang / Adu Mekanik,Normal,Sedang,Normal,Dekat Support (Low Risk),> 1 Miliar,Persis di VWAP,Distribusi Pro (Guyuran),Ritel Aktif (5M - 50M),Sepi (< 50%),Distribution (Fase Jualan),Normal,Normal,Sideways / Stagnan,TP: 7524 | CL: 6983,Normal,Sangat Menarik (> 1:3),Oversold (Jenuh Jual - Peluang),Netral / Sepi Berita,Normal / Sedang Transisi,Golden Rebound Fibo 38.2% 🎯,0,WAIT & SEE,BUY,2.0,MA20 di atas MA50 (Uptrend) | RSI Rebound Area Murah (41.0),TIDAK ADA,2026-09-10 13:41:26,Biasa / Mengikuti Pasar
13:41,ICON,Token Mati (Perlu Update),Small Cap (Lapis 3),Fair Value (Wajar),0.0,1.0098087,147.0,148.0,140.0,143.0,134,109,177,-3.3783783783783785,18669100,Normal,59,Negatif,Uptrend,Bullish,Strong Bullish,Perfect Uptrend (5>20>50),Normal,Akumulasi (Naik),Normal,Seimbang / Adu Mekanik,Normal,Tinggi,Normal,Rawan Pucuk (High Risk),> 1 Miliar,Di Bawah VWAP (Lemah),Distribusi Pro (Guyuran),Ritel Aktif (5M - 50M),Sepi (< 50%),Mark-Up (Fase Pesta),Spesialis Tiang Jemuran (Banting Pucuk),Normal,Turun 1 Hari Beruntun,TP: 168 | CL: 126,Normal,Menengah (1:1),Netral / Sideways,Netral / Sepi Berita,Normal / Sedang Transisi,Mengambang (Jauh dari Fibo),5,WAIT & SEE,HOLD / NEUTRAL,0.0,MA20 di atas MA50 (Uptrend) | RSI Mendekati Jenuh Beli (59.0) | Harga di bawah VWAP Intraday,TIDAK ADA,2026-09-10 13:41:26,Biasa / Mengikuti Pasar
13:41,IGAR,Transaksi Sepi (Skip Broksum),Small Cap (Lapis 3),Undervalued (Murah),6.470908,0.6171183,472.0,476.0,472.0,476.0,469,438,492,0.42194092827004215,77200,Normal,67,Positif,Uptrend,Bullish,Bearish MACD,Perfect Uptrend (5>20>50),Normal,Distribusi (Turun),Normal,Dominan Beli (Hajar Kanan),Normal,Sedang,Marubozu (Strong Bullish),Area Tengah,< 1 Miliar,Persis di VWAP,Akumulasi Pro (Smart Money),Gorengan Sepi (< 5M),Normal (50-150%),Mark-Up (Fase Pesta),Spesialis Tiang Jemuran (Banting Pucuk),Normal,Naik 1 Hari Beruntun,TP: 490 | CL: 466,Open = Low (Bullish Kuat),Tidak Ideal (< 1:1),Golden Cross (Awal Bullish),Netral / Sepi Berita,Normal / Sedang Transisi,Dekat Support Fibo 23.6%,5,WAIT & SEE,HOLD / NEUTRAL,1.0,MA20 di atas MA50 (Uptrend) | RSI Mendekati Jenuh Beli (67.0),TIDAK ADA,2026-09-10 13:41:26,Biasa / Mengikuti Pasar
13:41,IKAI,Transaksi Sepi (Skip Broksum),Small Cap (Lapis 3),Fair Value (Wajar),0.0,0.47490555,22.0,22.0,22.0,22.0,19,19,22,10.0,16924100,Tembus MA20,64,Positif,Uptrend,Bearish,Bullish MACD,Konsolidasi / Transisi,Normal,Akumulasi (Naik),Gap Up (+10.0%),Tidak Ada Transaksi,Breakout Upper,Tinggi,Doji (Ragu-ragu),Rawan Pucuk (High Risk),< 1 Miliar,Di Atas VWAP (Kuat),Distribusi Pro (Guyuran),Gorengan Sepi (< 5M),Normal (50-150%),Accumulation (Kumpul Barang),Spesialis Tiang Jemuran (Banting Pucuk),Normal,Naik 2 Hari Beruntun,TP: 23 | CL: 21,Normal,Tidak Ideal (< 1:1),Netral / Sideways,Netral / Sepi Berita,Normal / Sedang Transisi,Dekat Support Fibo 23.6%,7,BELI,HOLD / NEUTRAL,-1.0,MA20 di bawah MA50 (Downtrend) | RSI Mendekati Jenuh Beli (64.0) | Harga di atas VWAP Intraday,TIDAK ADA,2026-09-10 13:41:26,Biasa / Mengikuti Pasar
13:41,IKBI,Transaksi Sepi (Skip Broksum),Small Cap (Lapis 3),Overvalued (Mahal),5.1847663,7638.889,525.0,560.0,520.0,550.0,527,505,615,5.769230769230769,1109900,Tembus MA20,56,Positif,Uptrend,Bearish,Bullish MACD,Strong Downtrend (5<20<50),Akumulasi Kuat,Akumulasi (Naik),Normal,Dominan Beli (Hajar Kanan),Normal,Sedang,Normal,Area Tengah,< 1 Miliar,Di Atas VWAP (Kuat),Akumulasi Pro (Smart Money),Gorengan Sepi (< 5M),Ledakan Ekstrem (> 300%),Accumulation (Kumpul Barang),Normal,Normal,Naik 1 Hari Beruntun,TP: 570 | CL: 536,Normal,Menengah (1:1),Netral / Sideways,Netral / Sepi Berita,Normal / Sedang Transisi,Mendekati Fibo 78.6%,8,BELI,HOLD / NEUTRAL,-1.2,MA20 di bawah MA50 (Downtrend) | RSI Mendekati Jenuh Beli (56.0) | Harga di atas VWAP Intraday | Volume Lonjak 2.1x MA20,TIDAK ADA,2026-09-10 13:41:26,Biasa / Mengikuti Pasar
13:41,IMAS,Transaksi Sepi (Skip Broksum),Mid Cap (Lapis 2),Overvalued (Mahal),36.624203,0.25936,910.0,920.0,905.0,920.0,894,840,1100,1.098901098901099,59300,Normal,57,Positif,Uptrend,Bullish,Strong Bullish,Perfect Uptrend (5>20>50),Normal,Distribusi (Turun),Normal,Dominan Beli (Hajar Kanan),Normal,Sedang,Normal,Area Tengah,< 1 Miliar,Di Bawah VWAP (Lemah),Distribusi Pro (Guyuran),Gorengan Sepi (< 5M),Sepi (< 50%),Mark-Up (Fase Pesta),Spesialis Tiang Jemuran (Banting Pucuk),Normal,Naik 1 Hari Beruntun,TP: 977 | CL: 881,Normal,Ideal (1:2),Golden Cross (Awal Bullish),Netral / Sepi Berita,Normal / Sedang Transisi,Mendekati Fibo 61.8% (Golden Ratio),6,WAIT & SEE,HOLD / NEUTRAL,0.0,MA20 di atas MA50 (Uptrend) | RSI Mendekati Jenuh Beli (57.0) | Harga di bawah VWAP Intraday,TIDAK ADA,2026-09-10 13:41:26,Biasa / Mengikuti Pasar
13:41,IMJS,Transaksi Sepi (Skip Broksum),Mid Cap (Lapis 2),Undervalued (Murah),10.482529,0.37274358,189.0,191.0,188.0,189.0,174,156,212,0.0,2313600,Normal,63,Negatif,Uptrend,Bullish,Strong Bullish,Perfect Uptrend (5>20>50),Normal,Distribusi (Turun),Normal,Seimbang / Adu Mekanik,Normal,Tinggi,Doji (Ragu-ragu),Rawan Pucuk (High Risk),< 1 Miliar,Persis di VWAP,Distribusi Pro (Guyuran),Gorengan Sepi (< 5M),Sepi (< 50%),Mark-Up (Fase Pesta),Spesialis Tiang Jemuran (Banting Pucuk),Normal,Sideways / Stagnan,TP: 202 | CL: 179,Normal,Tidak Ideal (< 1:1),Death Cross (Awal Bearish),Netral / Sepi Berita,Normal / Sedang Transisi,Mendekati Fibo 38.2%,4,WAIT & SEE,HOLD / NEUTRAL,1.0,MA20 di atas MA50 (Uptrend) | RSI Mendekati Jenuh Beli (63.0),TIDAK ADA,2026-09-10 13:41:26,Biasa / Mengikuti Pasar
13:41,IMPC,Token Mati (Perlu Update),Big Cap (Lapis 1),Overvalued (Mahal),124.82269,30.496786,1770.0,1820.0,1715.0,1760.0,1458,1290,1820,-1.400560224089636,23297600,Tembus MA20,69,Negatif,Uptrend,Bullish,Strong Bullish,Awal Reversal (5>20),Normal,Akumulasi (Naik),Normal,Seimbang / Adu Mekanik,Breakout Upper,Tinggi,Doji (Ragu-ragu),Rawan Pucuk (High Risk),> 1 Miliar,Di Atas VWAP (Kuat),Akumulasi Pro (Smart Money),Sultan (> 50M/hari),Normal (50-150%),Accumulation (Kumpul Barang),Solid (Jarang Dibanting),Normal,Turun 1 Hari Beruntun,TP: 1899 | CL: 1667,Normal,Tidak Ideal (< 1:1),Overbought (Jenuh Beli - Rawan),Netral / Sepi Berita,Supply Banjir (Distribusi) 🌊,Mendekati Fibo 23.6%,6,WAIT & SEE,HOLD / NEUTRAL,-1.0,MA20 di bawah MA50 (Downtrend) | RSI Mendekati Jenuh Beli (69.0) | Harga di atas VWAP Intraday,TIDAK ADA,2026-09-10 13:41:26,Biasa / Mengikuti Pasar
13:41,INAI,Transaksi Sepi (Skip Broksum),Small Cap (Lapis 3),Fair Value (Wajar),0.0,1.760269,180.0,182.0,177.0,179.0,176,168,198,-0.5555555555555556,824400,Normal,58,Negatif,Uptrend,Bullish,Bearish MACD,Perfect Uptrend (5>20>50),Normal,Akumulasi (Naik),Normal,Seimbang / Adu Mekanik,Squeeze,Rendah,Normal,Area Tengah,< 1 Miliar,Persis di VWAP,Distribusi Pro (Guyuran),Gorengan Sepi (< 5M),Normal (50-150%),Mark-Up (Fase Pesta),Spesialis Tiang Jemuran (Banting Pucuk),Normal,Turun 1 Hari Beruntun,TP: 188 | CL: 172,Normal,Ideal (1:2),Netral / Sideways,Netral / Sepi Berita,Normal / Sedang Transisi,Mendekati Fibo 50.0%,4,WAIT & SEE,BUY,2.0,MA20 di atas MA50 (Uptrend) | RSI Mendekati Jenuh Beli (58.0) | Volatilitas Bollinger Squeeze (Siap Meledak),TIDAK ADA,2026-09-10 13:41:26,Biasa / Mengikuti Pasar
13:41,INCI,Transaksi Sepi (Skip Broksum),Small Cap (Lapis 3),Undervalued (Murah),9.50559,0.34324953,805.0,825.0,795.0,800.0,719,660,850,-0.6211180124223602,543100,Tembus MA20,71,Negatif,Uptrend,Bullish,Strong Bullish,Perfect Uptrend (5>20>50),Normal,Distribusi (Turun),Normal,Dominan Jual (Guyur),Normal,Tinggi,Normal,Rawan Pucuk (High Risk),< 1 Miliar,Persis di VWAP,Distribusi Pro (Guyuran),Gorengan Sepi (< 5M),Normal (50-150%),Mark-Up (Fase Pesta),Spesialis Tiang Jemuran (Banting Pucuk),Normal,Turun 1 Hari Beruntun,TP: 858 | CL: 761,Normal,Tidak Ideal (< 1:1),Netral / Sideways,Netral / Sepi Berita,Normal / Sedang Transisi,Dekat Support Fibo 23.6%,5,WAIT & SEE,HOLD / NEUTRAL,-0.5,MA20 di atas MA50 (Uptrend) | RSI Overbought Pucuk (71.0),TIDAK ADA,2026-09-10 13:41:26,Biasa / Mengikuti Pasar
13:41,INCO,Token Mati (Perlu Update),Big Cap (Lapis 1),Overvalued (Mahal),18.829418,18178.44,4920.0,4980.0,4880.0,4890.0,5092,4790,5350,-0.20408163265306123,10053900,Normal,43,Negatif,Downtrend,Bearish,Strong Bearish,Konsolidasi / Transisi,Normal,Distribusi (Turun),Normal,Dominan Jual (Guyur),Normal,Sedang,Normal,Dekat Support (Low Risk),> 1 Miliar,Persis di VWAP,Distribusi Pro (Guyuran),Sultan (> 50M/hari),Normal (50-150%),Distribution (Fase Jualan),Normal,Normal,Turun 1 Hari Beruntun,TP: 5089 | CL: 4757,Normal,Sangat Menarik (> 1:3),Oversold (Jenuh Jual - Peluang),Netral / Sepi Berita,Normal / Sedang Transisi,Mendekati Fibo 61.8% (Golden Ratio),0,WAIT & SEE,BUY,2.0,MA20 di atas MA50 (Uptrend) | RSI Rebound Area Murah (43.0),TIDAK ADA,2026-09-10 13:41:26,Biasa / Mengikuti Pasar
13:41,INDF,Token Mati (Perlu Update),Big Cap (Lapis 1),Undervalued (Murah),6.859371,0.85614955,7500.0,7550.0,7450.0,7475.0,7346,7075,7600,-0.33333333333333337,1409900,Normal,61,Negatif,Uptrend,Bullish,Bearish MACD,Perfect Uptrend (5>20>50),Normal,Akumulasi (Naik),Normal,Dominan Jual (Guyur),Squeeze,Rendah,Normal,Area Tengah,> 1 Miliar,Persis di VWAP,Akumulasi Pro (Smart Money),Ritel Aktif (5M - 50M),Sepi (< 50%),Mark-Up (Fase Pesta),Solid (Jarang Dibanting),Normal,Turun 1 Hari Beruntun,TP: 7686 | CL: 7333,Normal,Tidak Ideal (< 1:1),Death Cross (Awal Bearish),Netral / Sepi Berita,Normal / Sedang Transisi,Mendekati Fibo 23.6%,4,WAIT & SEE,BUY,2.0,MA20 di atas MA50 (Uptrend) | RSI Mendekati Jenuh Beli (61.0) | Volatilitas Bollinger Squeeze (Siap Meledak),TIDAK ADA,2026-09-10 13:41:26,Biasa / Mengikuti Pasar
13:41,INDR,Transaksi Sepi (Skip Broksum),Mid Cap (Lapis 2),Overvalued (Mahal),10.880208,5190.3115,3050.0,3060.0,3000.0,3000.0,2602,2250,3070,-1.3157894736842104,49400,Normal,79,Negatif,Uptrend,Bullish,Strong Bullish,Perfect Uptrend (5>20>50),Normal,Akumulasi (Naik),Normal,Dominan Jual (Guyur),Normal,Tinggi,Normal,Rawan Pucuk (High Risk),< 1 Miliar,Di Atas VWAP (Kuat),Akumulasi Pro (Smart Money),Gorengan Sepi (< 5M),Sepi (< 50%),Mark-Up (Fase Pesta),Solid (Jarang Dibanting),Normal,Turun 2 Hari Beruntun,TP: 3188 | CL: 2874,Normal,Tidak Ideal (< 1:1),Overbought (Jenuh Beli - Rawan),Netral / Sepi Berita,Supply Banjir (Distribusi) 🌊,Mengambang (Jauh dari Fibo),5,WAIT & SEE,HOLD / NEUTRAL,0.5,MA20 di atas MA50 (Uptrend) | RSI Overbought Pucuk (79.0) | Harga di atas VWAP Intraday,TIDAK ADA,2026-09-10 13:41:26,Biasa / Mengikuti Pasar
13:41,INDS,Transaksi Sepi (Skip Broksum),Mid Cap (Lapis 2),Overvalued (Mahal),28.131418,0.52533495,272.0,276.0,268.0,274.0,268,258,276,0.7352941176470588,643300,Normal,55,Positif,Uptrend,Bullish,Strong Bullish,Awal Reversal (5>20),Normal,Akumulasi (Naik),Normal,Dominan Beli (Hajar Kanan),Squeeze,Rendah,Normal,Area Tengah,< 1 Miliar,Di Atas VWAP (Kuat),Akumulasi Pro (Smart Money),Gorengan Sepi (< 5M),Normal (50-150%),Accumulation (Kumpul Barang),Normal,Normal,Naik 1 Hari Beruntun,TP: 285 | CL: 266,Normal,Tidak Ideal (< 1:1),Netral / Sideways,Netral / Sepi Berita,Normal / Sedang Transisi,Dekat Support Fibo 50.0%,7,BELI,HOLD / NEUTRAL,0.5,MA20 di bawah MA50 (Downtrend) | Harga di atas VWAP Intraday | Volatilitas Bollinger Squeeze (Siap Meledak),TIDAK ADA,2026-09-10 13:41:26,Biasa / Mengikuti Pasar
13:41,INDY,Token Mati (Perlu Update),Big Cap (Lapis 1),Overvalued (Mahal),59.66539,12813.853,3150.0,3150.0,2960.0,2960.0,2733,2430,3260,-5.128205128205128,28523400,Normal,62,Negatif,Uptrend,Bullish,Strong Bullish,Perfect Uptrend (5>20>50),Normal,Akumulasi (Naik),Normal,Dominan Jual (Guyur),Normal,Tinggi,Normal,Rawan Pucuk (High Risk),> 1 Miliar,Persis di VWAP,Distribusi Pro (Guyuran),Sultan (> 50M/hari),Normal (50-150%),Mark-Up (Fase Pesta),Normal,Normal,Turun 1 Hari Beruntun,TP: 3175 | CL: 2816,Open = High (Tekanan Jual),Tidak Ideal (< 1:1),Death Cross (Awal Bearish),Netral / Sepi Berita,Normal / Sedang Transisi,Dekat Support Fibo 23.6%,5,WAIT & SEE,HOLD / NEUTRAL,1.0,MA20 di atas MA50 (Uptrend) | RSI Mendekati Jenuh Beli (62.0),TIDAK ADA,2026-09-10 13:41:26,Biasa / Mengikuti Pasar
13:41,INKP,Token Mati (Perlu Update),Big Cap (Lapis 1),Overvalued (Mahal),4.3127627,7015.209,9300.0,9350.0,9150.0,9200.0,8845,8325,9500,-1.0752688172043012,1113600,Normal,65,Negatif,Uptrend,Bullish,Strong Bullish,Perfect Uptrend (5>20>50),Normal,Akumulasi (Naik),Normal,Dominan Jual (Guyur),Normal,Sedang,Normal,Rawan Pucuk (High Risk),> 1 Miliar,Persis di VWAP,Akumulasi Pro (Smart Money),Ritel Aktif (5M - 50M),Sepi (< 50%),Mark-Up (Fase Pesta),Normal,Normal,Turun 2 Hari Beruntun,TP: 9575 | CL: 8950,Normal,Tidak Ideal (< 1:1),Death Cross (Awal Bearish),Netral / Sepi Berita,Normal / Sedang Transisi,Mendekati Fibo 23.6%,5,WAIT & SEE,HOLD / NEUTRAL,1.0,MA20 di atas MA50 (Uptrend) | RSI Mendekati Jenuh Beli (65.0),TIDAK ADA,2026-09-10 13:41:26,Biasa / Mengikuti Pasar
13:41,INPC,Transaksi Sepi (Skip Broksum),Mid Cap (Lapis 2),Fair Value (Wajar),0.0,0.8670807,168.0,173.0,166.0,167.0,152,136,192,-1.7647058823529411,5357000,Normal,65,Negatif,Uptrend,Bullish,Strong Bullish,Perfect Uptrend (5>20>50),Normal,Distribusi (Turun),Normal,Dominan Jual (Guyur),Normal,Tinggi,Normal,Rawan Pucuk (High Risk),< 1 Miliar,Di Bawah VWAP (Lemah),Akumulasi Pro (Smart Money),Ritel Aktif (5M - 50M),Sepi (< 50%),Mark-Up (Fase Pesta),Spesialis Tiang Jemuran (Banting Pucuk),Normal,Turun 2 Hari Beruntun,TP: 184 | CL: 155,Normal,Tidak Ideal (< 1:1),Death Cross (Awal Bearish),Netral / Sepi Berita,Normal / Sedang Transisi,Dekat Support Fibo 38.2%,4,WAIT & SEE,HOLD / NEUTRAL,0.0,MA20 di atas MA50 (Uptrend) | RSI Mendekati Jenuh Beli (65.0) | Harga di bawah VWAP Intraday,TIDAK ADA,2026-09-10 13:41:26,Biasa / Mengikuti Pasar
13:41,INPP,Transaksi Sepi (Skip Broksum),Mid Cap (Lapis 2),Overvalued (Mahal),275.92593,1.4525021,745.0,745.0,745.0,745.0,743,690,795,-0.6666666666666667,2000,Normal,54,Negatif,Uptrend,Bullish,Bearish MACD,Perfect Uptrend (5>20>50),Normal,Akumulasi (Naik),Normal,Tidak Ada Transaksi,Squeeze,Rendah,Doji (Ragu-ragu),Area Tengah,< 1 Miliar,Persis di VWAP,Akumulasi Pro (Smart Money),Gorengan Sepi (< 5M),Sepi (< 50%),Mark-Up (Fase Pesta),Normal,Normal,Turun 1 Hari Beruntun,TP: 786 | CL: 717,Normal,Tidak Ideal (< 1:1),Death Cross (Awal Bearish),Netral / Sepi Berita,Supply Kering (Siap Pump) 🏜️,Golden Rebound Fibo 50.0% 🎯,4,WAIT & SEE,BUY,2.5,MA20 di atas MA50 (Uptrend) | Volatilitas Bollinger Squeeze (Siap Meledak),TIDAK ADA,2026-09-10 13:41:26,Biasa / Mengikuti Pasar
13:41,INTD,Transaksi Sepi (Skip Broksum),Small Cap (Lapis 3),Overvalued (Mahal),55.331177,4.738025,272.0,276.0,272.0,274.0,280,250,342,0.7352941176470588,44700,Normal,52,Positif,Downtrend,Bearish,Bearish MACD,Konsolidasi / Transisi,Normal,Distribusi (Turun),Normal,Seimbang / Adu Mekanik,Normal,Tinggi,Normal,Area Tengah,< 1 Miliar,Di Atas VWAP (Kuat),Akumulasi Pro (Smart Money),Gorengan Sepi (< 5M),Sepi (< 50%),Distribution (Fase Jualan),Spesialis Tiang Jemuran (Banting Pucuk),Normal,Naik 3 Hari Beruntun,TP: 295 | CL: 259,Open = Low (Bullish Kuat),Ideal (1:2),Golden Cross (Awal Bullish),Netral / Sepi Berita,Normal / Sedang Transisi,Mendekati Fibo 61.8% (Golden Ratio),2,WAIT & SEE,BUY,2.5,MA20 di atas MA50 (Uptrend) | Harga di atas VWAP Intraday,TIDAK ADA,2026-09-10 13:41:26,Biasa / Mengikuti Pasar
13:41,INTP,Token Mati (Perlu Update),Big Cap (Lapis 1),Undervalued (Murah),7.680437,0.81100446,5500.0,5500.0,5400.0,5425.0,5492,5200,5800,0.0,242200,Normal,54,Negatif,Downtrend,Bearish,Bearish MACD,Konsolidasi / Transisi,Normal,Akumulasi (Naik),Normal,Dominan Jual (Guyur),Squeeze,Rendah,Normal,Area Tengah,> 1 Miliar,Di Bawah VWAP (Lemah),Distribusi Pro (Guyuran),Gorengan Sepi (< 5M),Sepi (< 50%),Distribution (Fase Jualan),Normal,Normal,Sideways / Stagnan,TP: 5658 | CL: 5269,Open = High (Tekanan Jual),Ideal (1:2),Oversold (Jenuh Jual - Peluang),Netral / Sepi Berita,Normal / Sedang Transisi,Golden Rebound Fibo 23.6% 🎯,2,WAIT & SEE,BUY,1.5,MA20 di atas MA50 (Uptrend) | Harga di bawah VWAP Intraday | Volatilitas Bollinger Squeeze (Siap Meledak),TIDAK ADA,2026-09-10 13:41:26,Biasa / Mengikuti Pasar
13:41,IPOL,Transaksi Sepi (Skip Broksum),Small Cap (Lapis 3),Overvalued (Mahal),20.67138,4333.333,117.0,118.0,116.0,117.0,114,110,124,0.0,361800,Normal,64,Negatif,Uptrend,Bullish,Strong Bullish,Perfect Uptrend (5>20>50),Normal,Distribusi (Turun),Normal,Seimbang / Adu Mekanik,Normal,Sedang,Doji (Ragu-ragu),Area Tengah,< 1 Miliar,Persis di VWAP,Distribusi Pro (Guyuran),Gorengan Sepi (< 5M),Sepi (< 50%),Mark-Up (Fase Pesta),Spesialis Tiang Jemuran (Banting Pucuk),Normal,Sideways / Stagnan,TP: 122 | CL: 113,Normal,Menengah (1:1),Netral / Sideways,Netral / Sepi Berita,Normal / Sedang Transisi,Dekat Support Fibo 61.8% (Golden Ratio),4,WAIT & SEE,HOLD / NEUTRAL,1.0,MA20 di atas MA50 (Uptrend) | RSI Mendekati Jenuh Beli (64.0),TIDAK ADA,2026-09-10 13:41:26,Biasa / Mengikuti Pasar
13:41,ISAT,Token Mati (Perlu Update),Big Cap (Lapis 1),Fair Value (Wajar),10.513616,2.123948,2460.0,2490.0,2380.0,2430.0,2514,2320,2850,1.25,100524100,Tembus MA20,55,Positif,Downtrend,Bearish,Bearish MACD,Konsolidasi / Transisi,Normal,Akumulasi (Naik),Gap Up (+2.5%),Seimbang / Adu Mekanik,Normal,Tinggi,Normal,Area Tengah,> 1 Miliar,Di Atas VWAP (Kuat),Distribusi Pro (Guyuran),Sultan (> 50M/hari),Normal (50-150%),Distribution (Fase Jualan),Spesialis Tiang Jemuran (Banting Pucuk),Normal,Naik 3 Hari Beruntun,TP: 2600 | CL: 2316,Normal,Sangat Menarik (> 1:3),Golden Cross (Awal Bullish),Netral / Sepi Berita,Normal / Sedang Transisi,Dekat Support Fibo 38.2%,5,WAIT & SEE,BUY,2.5,MA20 di atas MA50 (Uptrend) | Harga di atas VWAP Intraday,TIDAK ADA,2026-09-10 13:41:26,Biasa / Mengikuti Pasar
13:41,ISSP,Transaksi Sepi (Skip Broksum),Mid Cap (Lapis 2),Undervalued (Murah),5.7071023,0.5542202,458.0,460.0,452.0,454.0,435,408,468,-0.8733624454148471,449900,Normal,65,Negatif,Uptrend,Bullish,Strong Bullish,Perfect Uptrend (5>20>50),Normal,Akumulasi (Naik),Normal,Dominan Jual (Guyur),Normal,Sedang,Normal,Rawan Pucuk (High Risk),< 1 Miliar,Persis di VWAP,Akumulasi Pro (Smart Money),Gorengan Sepi (< 5M),Sepi (< 50%),Mark-Up (Fase Pesta),Solid (Jarang Dibanting),Normal,Turun 1 Hari Beruntun,TP: 475 | CL: 439,Normal,Tidak Ideal (< 1:1),Death Cross (Awal Bearish),Netral / Sepi Berita,Normal / Sedang Transisi,Dekat Support Fibo 23.6%,5,WAIT & SEE,HOLD / NEUTRAL,1.0,MA20 di atas MA50 (Uptrend) | RSI Mendekati Jenuh Beli (65.0),TIDAK ADA,2026-09-10 13:41:26,Biasa / Mengikuti Pasar
13:41,ITMA,Transaksi Sepi (Skip Broksum),Mid Cap (Lapis 2),Overvalued (Mahal),47.850643,7027.65,1555.0,1570.0,1505.0,1525.0,1452,1295,1760,0.0,219700,Tembus MA20,57,Negatif,Uptrend,Bullish,Strong Bullish,Perfect Uptrend (5>20>50),Normal,Akumulasi (Naik),Normal,Seimbang / Adu Mekanik,Normal,Tinggi,Normal,Rawan Pucuk (High Risk),< 1 Miliar,Di Bawah VWAP (Lemah),Distribusi Pro (Guyuran),Gorengan Sepi (< 5M),Normal (50-150%),Mark-Up (Fase Pesta),Spesialis Tiang Jemuran (Banting Pucuk),Normal,Sideways / Stagnan,TP: 1684 | CL: 1418,Normal,Menengah (1:1),Netral / Sideways,Netral / Sepi Berita,Normal / Sedang Transisi,Mendekati Fibo 61.8% (Golden Ratio),6,WAIT & SEE,HOLD / NEUTRAL,0.0,MA20 di atas MA50 (Uptrend) | RSI Mendekati Jenuh Beli (57.0) | Harga di bawah VWAP Intraday | Volume Lonjak 1.6x MA20,TIDAK ADA,2026-09-10 13:41:26,Biasa / Mengikuti Pasar
13:41,ITMG,Token Mati (Perlu Update),Big Cap (Lapis 1),Overvalued (Mahal),7.91257,15423.679,26550.0,26950.0,26525.0,26575.0,25683,24200,26950,0.09416195856873823,849300,Normal,70,Positif,Uptrend,Bullish,Strong Bullish,Perfect Uptrend (5>20>50),Normal,Akumulasi (Naik),Normal,Dominan Jual (Guyur),Normal,Sedang,Doji (Ragu-ragu),Area Tengah,> 1 Miliar,Persis di VWAP,Distribusi Pro (Guyuran),Ritel Aktif (5M - 50M),Normal (50-150%),Mark-Up (Fase Pesta),Spesialis Tiang Jemuran (Banting Pucuk),Normal,Naik 1 Hari Beruntun,TP: 27290 | CL: 26098,Normal,Tidak Ideal (< 1:1),Overbought (Jenuh Beli - Rawan),Netral / Sepi Berita,Normal / Sedang Transisi,Mendekati Fibo 23.6%,6,WAIT & SEE,HOLD / NEUTRAL,1.0,MA20 di atas MA50 (Uptrend) | RSI Mendekati Jenuh Beli (70.0),TIDAK ADA,2026-09-10 13:41:26,Biasa / Mengikuti Pasar
13:41,JAWA,Token Mati (Perlu Update),Mid Cap (Lapis 2),Fair Value (Wajar),0.0,1.9376619,154.0,172.0,151.0,163.0,137,125,172,5.844155844155844,30943400,Tembus MA20,70,Positif,Uptrend,Bullish,Strong Bullish,Perfect Uptrend (5>20>50),Akumulasi Kuat,Akumulasi (Naik),Normal,Seimbang / Adu Mekanik,Breakout Upper,Tinggi,Normal,Rawan Pucuk (High Risk),> 1 Miliar,Di Atas VWAP (Kuat),Akumulasi Pro (Smart Money),Gorengan Sepi (< 5M),Anomali Tinggi (150-300%),Mark-Up (Fase Pesta),Normal,Normal,Naik 1 Hari Beruntun,TP: 180 | CL: 151,Normal,Tidak Ideal (< 1:1),Netral / Sideways,Netral / Sepi Berita,Normal / Sedang Transisi,Mendekati Fibo 23.6%,8,BELI,BUY,2.4,MA20 di atas MA50 (Uptrend) | RSI Mendekati Jenuh Beli (70.0) | Harga di atas VWAP Intraday | Volume Lonjak 2.9x MA20,TIDAK ADA,2026-09-10 13:41:26,Biasa / Mengikuti Pasar
13:41,JECC,Transaksi Sepi (Skip Broksum),Small Cap (Lapis 3),Undervalued (Murah),7.094333,0.68762606,690.0,825.0,680.0,825.0,650,615,825,25.0,912700,Tembus MA20,86,Positif,Uptrend,Bullish,Strong Bullish,Perfect Uptrend (5>20>50),Akumulasi Kuat,Akumulasi (Naik),Gap Up (+4.5%),Dominan Beli (Hajar Kanan),Breakout Upper,Tinggi,Marubozu (Strong Bullish),Rawan Pucuk (High Risk),< 1 Miliar,Di Atas VWAP (Kuat),Akumulasi Pro (Smart Money),Gorengan Sepi (< 5M),Ledakan Ekstrem (> 300%),Mark-Up (Fase Pesta),Normal,Normal,Naik 2 Hari Beruntun,TP: 873 | CL: 792,Normal,Tidak Ideal (< 1:1),Netral / Sideways,Netral / Sepi Berita,Normal / Sedang Transisi,Mengambang (Jauh dari Fibo),10,BELI,HOLD / NEUTRAL,0.6,MA20 di atas MA50 (Uptrend) | RSI Overbought Pucuk (86.0) | Harga di atas VWAP Intraday | Volume Lonjak 9.1x MA20,TIDAK ADA,2026-09-10 13:41:26,⚠️ Anomali (Sudah Terbang)
13:41,JIHD,Transaksi Sepi (Skip Broksum),Mid Cap (Lapis 2),Fair Value (Wajar),0.0,0.29369235,456.0,456.0,444.0,444.0,445,400,490,-2.2026431718061676,223100,Normal,50,Negatif,Downtrend,Bullish,Strong Bullish,Perfect Uptrend (5>20>50),Normal,Distribusi (Turun),Normal,Dominan Jual (Guyur),Normal,Sedang,Normal,Rawan Pucuk (High Risk),< 1 Miliar,Di Bawah VWAP (Lemah),Distribusi Pro (Guyuran),Gorengan Sepi (< 5M),Sepi (< 50%),Distribution (Fase Jualan),Normal,Normal,Turun 5 Hari Beruntun,TP: 475 | CL: 423,Open = High (Tekanan Jual),Menengah (1:1),Netral / Sideways,Netral / Sepi Berita,Normal / Sedang Transisi,Mendekati Fibo 50.0%,2,WAIT & SEE,HOLD / NEUTRAL,0.5,MA20 di atas MA50 (Uptrend) | Harga di bawah VWAP Intraday,TIDAK ADA,2026-09-10 13:41:26,Biasa / Mengikuti Pasar
13:41,JKON,Transaksi Sepi (Skip Broksum),Mid Cap (Lapis 2),Undervalued (Murah),5.1056337,0.42307973,87.0,88.0,86.0,87.0,86,84,92,1.1627906976744187,6133200,Normal,58,Positif,Uptrend,Bullish,Bearish MACD,Perfect Uptrend (5>20>50),Normal,Akumulasi (Naik),Normal,Seimbang / Adu Mekanik,Squeeze,Rendah,Doji (Ragu-ragu),Area Tengah,< 1 Miliar,Di Bawah VWAP (Lemah),Distribusi Pro (Guyuran),Gorengan Sepi (< 5M),Sepi (< 50%),Mark-Up (Fase Pesta),Normal,Normal,Naik 1 Hari Beruntun,TP: 91 | CL: 83,Normal,Ideal (1:2),Netral / Sideways,Netral / Sepi Berita,Normal / Sedang Transisi,Dekat Support Fibo 38.2%,5,WAIT & SEE,HOLD / NEUTRAL,1.0,MA20 di atas MA50 (Uptrend) | RSI Mendekati Jenuh Beli (58.0) | Harga di bawah VWAP Intraday | Volatilitas Bollinger Squeeze (Siap Meledak),TIDAK ADA,2026-09-10 13:41:26,Biasa / Mengikuti Pasar
13:41,JPFA,Token Mati (Perlu Update),Big Cap (Lapis 1),Undervalued (Murah),5.099655,1.3521956,2340.0,2360.0,2280.0,2290.0,2264,2110,2450,-2.1367521367521367,9046500,Normal,55,Negatif,Uptrend,Bullish,Strong Bullish,Perfect Uptrend (5>20>50),Normal,Distribusi (Turun),Normal,Dominan Jual (Guyur),Normal,Sedang,Normal,Area Tengah,> 1 Miliar,Di Bawah VWAP (Lemah),Distribusi Pro (Guyuran),Ritel Aktif (5M - 50M),Normal (50-150%),Mark-Up (Fase Pesta),Normal,Normal,Turun 2 Hari Beruntun,TP: 2412 | CL: 2208,Normal,Tidak Ideal (< 1:1),Death Cross (Awal Bearish),Netral / Sepi Berita,Normal / Sedang Transisi,Mendekati Fibo 38.2%,4,WAIT & SEE,HOLD / NEUTRAL,0.5,MA20 di atas MA50 (Uptrend) | Harga di bawah VWAP Intraday,TIDAK ADA,2026-09-10 13:41:26,Biasa / Mengikuti Pasar
13:41,JRPT,Transaksi Sepi (Skip Broksum),Big Cap (Lapis 1),Undervalued (Murah),10.485293,1.3247517,1125.0,1135.0,1095.0,1130.0,1087,1070,1135,0.4444444444444444,437400,Normal,80,Positif,Uptrend,Bullish,Strong Bullish,Perfect Uptrend (5>20>50),Normal,Akumulasi (Naik),Normal,Dominan Beli (Hajar Kanan),Squeeze,Rendah,Normal,Area Tengah,< 1 Miliar,Di Atas VWAP (Kuat),Akumulasi Pro (Smart Money),Gorengan Sepi (< 5M),Normal (50-150%),Mark-Up (Fase Pesta),Normal,Jarum Bawah (Sinyal Pantulan Kuat),Naik 3 Hari Beruntun,TP: 1154 | CL: 1113,Normal,Tidak Ideal (< 1:1),Netral / Sideways,Netral / Sepi Berita,Supply Kering (Siap Pump) 🏜️,Golden Rebound Fibo 23.6% 🎯,7,BELI,BUY,1.5,MA20 di atas MA50 (Uptrend) | RSI Overbought Pucuk (80.0) | Harga di atas VWAP Intraday | Volatilitas Bollinger Squeeze (Siap Meledak),TIDAK ADA,2026-09-10 13:41:26,Biasa / Mengikuti Pasar
13:41,JSMR,Token Mati (Perlu Update),Big Cap (Lapis 1),Undervalued (Murah),5.8940253,0.58634007,3030.0,3040.0,2990.0,3000.0,2869,2710,3050,-0.33222591362126247,679800,Normal,65,Negatif,Uptrend,Bullish,Strong Bullish,Perfect Uptrend (5>20>50),Normal,Distribusi (Turun),Normal,Dominan Jual (Guyur),Normal,Tinggi,Normal,Rawan Pucuk (High Risk),> 1 Miliar,Persis di VWAP,Akumulasi Pro (Smart Money),Ritel Aktif (5M - 50M),Sepi (< 50%),Mark-Up (Fase Pesta),Normal,Normal,Turun 1 Hari Beruntun,TP: 3112 | CL: 2925,Normal,Tidak Ideal (< 1:1),Overbought (Jenuh Beli - Rawan),Netral / Sepi Berita,Normal / Sedang Transisi,Mendekati Fibo 38.2%,4,WAIT & SEE,HOLD / NEUTRAL,1.0,MA20 di atas MA50 (Uptrend) | RSI Mendekati Jenuh Beli (65.0),TIDAK ADA,2026-09-10 13:41:26,Biasa / Mengikuti Pasar
13:41,JSPT,Transaksi Sepi (Skip Broksum),Mid Cap (Lapis 2),Undervalued (Murah),7.1538463,1.2193843,1410.0,1415.0,1395.0,1395.0,1402,1325,1480,-1.0638297872340425,2900,Normal,50,Negatif,Downtrend,Bearish,Bearish MACD,Konsolidasi / Transisi,Normal,Akumulasi (Naik),Normal,Dominan Jual (Guyur),Squeeze,Rendah,Normal,Area Tengah,< 1 Miliar,Persis di VWAP,Distribusi Pro (Guyuran),Gorengan Sepi (< 5M),Sepi (< 50%),Distribution (Fase Jualan),Spesialis Tiang Jemuran (Banting Pucuk),Normal,Turun 1 Hari Beruntun,TP: 1468 | CL: 1345,Normal,Menengah (1:1),Netral / Sideways,Netral / Sepi Berita,Normal / Sedang Transisi,Mendekati Fibo 50.0%,1,WAIT & SEE,BUY,2.5,MA20 di atas MA50 (Uptrend) | Volatilitas Bollinger Squeeze (Siap Meledak),TIDAK ADA,2026-09-10 13:41:26,Biasa / Mengikuti Pasar
13:41,JTPE,Transaksi Sepi (Skip Broksum),Mid Cap (Lapis 2),Overvalued (Mahal),12.116475,3.41886,615.0,625.0,615.0,620.0,614,600,630,0.8130081300813009,887100,Normal,58,Positif,Uptrend,Bearish,Bearish MACD,Konsolidasi / Transisi,Normal,Akumulasi (Naik),Normal,Seimbang / Adu Mekanik,Squeeze,Rendah,Normal,Area Tengah,< 1 Miliar,Di Atas VWAP (Kuat),Akumulasi Pro (Smart Money),Gorengan Sepi (< 5M),Normal (50-150%),Mark-Up (Fase Pesta),Spesialis Tiang Jemuran (Banting Pucuk),Normal,Naik 3 Hari Beruntun,TP: 638 | CL: 607,Open = Low (Bullish Kuat),Tidak Ideal (< 1:1),Netral / Sideways,Netral / Sepi Berita,Normal / Sedang Transisi,Dekat Support Fibo 23.6%,4,WAIT & SEE,STRONG BUY,3.0,MA20 di atas MA50 (Uptrend) | RSI Mendekati Jenuh Beli (58.0) | Harga di atas VWAP Intraday | Volatilitas Bollinger Squeeze (Siap Meledak),TIDAK ADA,2026-09-10 13:41:26,Biasa / Mengikuti Pasar
13:41,KAEF,Transaksi Sepi (Skip Broksum),Mid Cap (Lapis 2),Fair Value (Wajar),0.0,0.8841954,462.0,466.0,452.0,460.0,446,420,550,-0.4329004329004329,1137000,Normal,53,Negatif,Uptrend,Bullish,Strong Bullish,Awal Reversal (5>20),Normal,Akumulasi (Naik),Normal,Seimbang / Adu Mekanik,Normal,Tinggi,Normal,Area Tengah,< 1 Miliar,Di Bawah VWAP (Lemah),Distribusi Pro (Guyuran),Ritel Aktif (5M - 50M),Sepi (< 50%),Accumulation (Kumpul Barang),Spesialis Tiang Jemuran (Banting Pucuk),Jarum Bawah (Sinyal Pantulan Kuat),Turun 3 Hari Beruntun,TP: 494 | CL: 436,Normal,Ideal (1:2),Netral / Sideways,Netral / Sepi Berita,Normal / Sedang Transisi,Golden Rebound Fibo 61.8% (Golden Ratio) 🎯,5,WAIT & SEE,SELL,-2.5,MA20 di bawah MA50 (Downtrend) | Harga di bawah VWAP Intraday,TIDAK ADA,2026-09-10 13:41:26,Biasa / Mengikuti Pasar
13:41,KBLI,Token Mati (Perlu Update),Mid Cap (Lapis 2),Undervalued (Murah),6.182895,0.46116102,332.0,350.0,330.0,334.0,329,310,350,0.6024096385542169,3832600,Tembus MA20,55,Positif,Uptrend,Bullish,Strong Bullish,Perfect Uptrend (5>20>50),Akumulasi Kuat,Akumulasi (Naik),Normal,Dominan Jual (Guyur),Squeeze,Rendah,Doji (Ragu-ragu),Area Tengah,> 1 Miliar,Persis di VWAP,Distribusi Pro (Guyuran),Gorengan Sepi (< 5M),Anomali Tinggi (150-300%),Mark-Up (Fase Pesta),Normal,Normal,Naik 2 Hari Beruntun,TP: 351 | CL: 322,Normal,Tidak Ideal (< 1:1),Netral / Sideways,Netral / Sepi Berita,Normal / Sedang Transisi,Dekat Support Fibo 38.2%,8,BELI,STRONG BUY,3.0,MA20 di atas MA50 (Uptrend) | Volatilitas Bollinger Squeeze (Siap Meledak) | Volume Lonjak 3.5x MA20,TIDAK ADA,2026-09-10 13:41:26,Biasa / Mengikuti Pasar
13:41,KBLM,Transaksi Sepi (Skip Broksum),Small Cap (Lapis 3),Overvalued (Mahal),109.89717,0.26514506,338.0,354.0,334.0,342.0,315,298,354,1.183431952662722,750600,Tembus MA20,79,Positif,Uptrend,Bullish,Strong Bullish,Perfect Uptrend (5>20>50),Akumulasi Kuat,Akumulasi (Naik),Normal,Seimbang / Adu Mekanik,Normal,Tinggi,Normal,Rawan Pucuk (High Risk),< 1 Miliar,Di Atas VWAP (Kuat),Akumulasi Pro (Smart Money),Gorengan Sepi (< 5M),Ledakan Ekstrem (> 300%),Mark-Up (Fase Pesta),Normal,Normal,Naik 3 Hari Beruntun,TP: 358 | CL: 331,Normal,Tidak Ideal (< 1:1),Netral / Sideways,Netral / Sepi Berita,Normal / Sedang Transisi,Mendekati Fibo 23.6%,8,BELI,HOLD / NEUTRAL,0.6,MA20 di atas MA50 (Uptrend) | RSI Overbought Pucuk (79.0) | Harga di atas VWAP Intraday | Volume Lonjak 5.6x MA20,TIDAK ADA,2026-09-10 13:41:26,Biasa / Mengikuti Pasar
13:41,KBLV,Transaksi Sepi (Skip Broksum),Small Cap (Lapis 3),Fair Value (Wajar),0.0,0.1545187,135.0,138.0,132.0,134.0,140,128,158,0.7518796992481203,6019700,Normal,49,Positif,Downtrend,Bearish,Bearish MACD,Konsolidasi / Transisi,Normal,Distribusi (Turun),Normal,Seimbang / Adu Mekanik,Normal,Tinggi,Normal,Area Tengah,< 1 Miliar,Persis di VWAP,Distribusi Pro (Guyuran),Gorengan Sepi (< 5M),Sepi (< 50%),Distribution (Fase Jualan),Spesialis Tiang Jemuran (Banting Pucuk),Normal,Naik 1 Hari Beruntun,TP: 145 | CL: 126,Normal,Sangat Menarik (> 1:3),Netral / Sideways,Netral / Sepi Berita,Normal / Sedang Transisi,Dekat Support Fibo 38.2%,1,WAIT & SEE,BUY,1.5,MA20 di atas MA50 (Uptrend),TIDAK ADA,2026-09-10 13:41:26,Biasa / Mengikuti Pasar
13:41,KDSI,Transaksi Sepi (Skip Broksum),Small Cap (Lapis 3),Undervalued (Murah),2.6095102,0.9504024,452.0,468.0,452.0,468.0,462,448,468,0.0,7300,Normal,63,Negatif,Uptrend,Bullish,Strong Bullish,Perfect Uptrend (5>20>50),Normal,Akumulasi (Naik),Gap Down (-3.4%),Dominan Beli (Hajar Kanan),Squeeze,Rendah,Marubozu (Strong Bullish),Area Tengah,< 1 Miliar,Persis di VWAP,Akumulasi Pro (Smart Money),Gorengan Sepi (< 5M),Normal (50-150%),Mark-Up (Fase Pesta),Normal,Normal,Sideways / Stagnan,TP: 480 | CL: 459,Open = Low (Bullish Kuat),Tidak Ideal (< 1:1),Overbought (Jenuh Beli - Rawan),Netral / Sepi Berita,Normal / Sedang Transisi,Mendekati Fibo 23.6%,6,WAIT & SEE,BUY,2.0,MA20 di atas MA50 (Uptrend) | RSI Mendekati Jenuh Beli (63.0) | Volatilitas Bollinger Squeeze (Siap Meledak),TIDAK ADA,2026-09-10 13:41:26,Biasa / Mengikuti Pasar
13:41,KICI,Transaksi Sepi (Skip Broksum),Small Cap (Lapis 3),Undervalued (Murah),3.6786582,0.6815915,264.0,280.0,262.0,272.0,233,189,326,2.2556390977443606,1912600,Normal,67,Positif,Uptrend,Bullish,Strong Bullish,Perfect Uptrend (5>20>50),Normal,Akumulasi (Naik),Normal,Seimbang / Adu Mekanik,Normal,Tinggi,Normal,Rawan Pucuk (High Risk),< 1 Miliar,Persis di VWAP,Akumulasi Pro (Smart Money),Gorengan Sepi (< 5M),Sepi (< 50%),Mark-Up (Fase Pesta),Spesialis Tiang Jemuran (Banting Pucuk),Normal,Naik 1 Hari Beruntun,TP: 314 | CL: 243,Normal,Tidak Ideal (< 1:1),Netral / Sideways,Netral / Sepi Berita,Normal / Sedang Transisi,Mendekati Fibo 38.2%,6,WAIT & SEE,HOLD / NEUTRAL,1.0,MA20 di atas MA50 (Uptrend) | RSI Mendekati Jenuh Beli (67.0),TIDAK ADA,2026-09-10 13:41:26,Biasa / Mengikuti Pasar
13:41,KIJA,Token Mati (Perlu Update),Mid Cap (Lapis 2),Fair Value (Wajar),0.0,0.66995573,199.0,204.0,193.0,195.0,191,119,228,-2.0100502512562812,185609900,Normal,57,Negatif,Uptrend,Bullish,Bearish MACD,Perfect Uptrend (5>20>50),Normal,Distribusi (Turun),Normal,Dominan Jual (Guyur),Normal,Tinggi,Normal,Rawan Pucuk (High Risk),> 1 Miliar,Di Bawah VWAP (Lemah),Distribusi Pro (Guyuran),Sultan (> 50M/hari),Sepi (< 50%),Mark-Up (Fase Pesta),Spesialis Tiang Jemuran (Banting Pucuk),Normal,Turun 2 Hari Beruntun,TP: 219 | CL: 178,Normal,Tidak Ideal (< 1:1),Netral / Sideways,Netral / Sepi Berita,Normal / Sedang Transisi,Mengambang (Jauh dari Fibo),3,WAIT & SEE,HOLD / NEUTRAL,0.0,MA20 di atas MA50 (Uptrend) | RSI Mendekati Jenuh Beli (57.0) | Harga di bawah VWAP Intraday,TIDAK ADA,2026-09-10 13:41:26,Biasa / Mengikuti Pasar
13:41,KKGI,Transaksi Sepi (Skip Broksum),Mid Cap (Lapis 2),Overvalued (Mahal),21.782177,10266.667,310.0,312.0,306.0,308.0,289,272,318,0.0,555700,Normal,69,Negatif,Uptrend,Bullish,Strong Bullish,Perfect Uptrend (5>20>50),Normal,Distribusi (Turun),Normal,Seimbang / Adu Mekanik,Normal,Tinggi,Normal,Rawan Pucuk (High Risk),< 1 Miliar,Persis di VWAP,Distribusi Pro (Guyuran),Gorengan Sepi (< 5M),Sepi (< 50%),Mark-Up (Fase Pesta),Normal,Normal,Sideways / Stagnan,TP: 321 | CL: 298,Normal,Tidak Ideal (< 1:1),Death Cross (Awal Bearish),Netral / Sepi Berita,Normal / Sedang Transisi,Mendekati Fibo 23.6%,4,WAIT & SEE,HOLD / NEUTRAL,1.0,MA20 di atas MA50 (Uptrend) | RSI Mendekati Jenuh Beli (69.0),TIDAK ADA,2026-09-10 13:41:26,Biasa / Mengikuti Pasar
13:41,KLBF,Token Mati (Perlu Update),Big Cap (Lapis 1),Undervalued (Murah),9.739852,1.4413966,760.0,780.0,760.0,775.0,790,750,835,1.9736842105263157,35962400,Normal,49,Positif,Downtrend,Bearish,Bearish MACD,Konsolidasi / Transisi,Normal,Distribusi (Turun),Normal,Dominan Beli (Hajar Kanan),Normal,Sedang,Normal,Area Tengah,> 1 Miliar,Persis di VWAP,Distribusi Pro (Guyuran),Sultan (> 50M/hari),Sepi (< 50%),Distribution (Fase Jualan),Normal,Normal,Naik 1 Hari Beruntun,TP: 810 | CL: 751,Open = Low (Bullish Kuat),Ideal (1:2),Golden Cross (Awal Bullish),Netral / Sepi Berita,Normal / Sedang Transisi,Dekat Support Fibo 38.2%,2,WAIT & SEE,BUY,1.5,MA20 di atas MA50 (Uptrend),TIDAK ADA,2026-09-10 13:41:26,Biasa / Mengikuti Pasar
13:41,KOBX,Transaksi Sepi (Skip Broksum),Small Cap (Lapis 3),Overvalued (Mahal),30333.334,0.85639405,179.0,184.0,178.0,183.0,173,161,200,2.2346368715083798,2366900,Normal,65,Positif,Uptrend,Bullish,Strong Bullish,Perfect Uptrend (5>20>50),Normal,Akumulasi (Naik),Normal,Dominan Beli (Hajar Kanan),Normal,Sedang,Normal,Rawan Pucuk (High Risk),< 1 Miliar,Di Atas VWAP (Kuat),Distribusi Pro (Guyuran),Gorengan Sepi (< 5M),Sepi (< 50%),Mark-Up (Fase Pesta),Spesialis Tiang Jemuran (Banting Pucuk),Normal,Naik 1 Hari Beruntun,TP: 197 | CL: 173,Normal,Tidak Ideal (< 1:1),Netral / Sideways,Netral / Sepi Berita,Supply Kering (Siap Pump) 🏜️,Golden Rebound Fibo 38.2% 🎯,7,BELI,BUY,2.0,MA20 di atas MA50 (Uptrend) | RSI Mendekati Jenuh Beli (65.0) | Harga di atas VWAP Intraday,TIDAK ADA,2026-09-10 13:41:26,Biasa / Mengikuti Pasar
13:41,KONI,Transaksi Sepi (Skip Broksum),Small Cap (Lapis 3),Overvalued (Mahal),30.674849,3.6784708,2170.0,2170.0,2140.0,2150.0,2231,1930,2550,-0.9216589861751152,7700,Normal,37,Negatif,Downtrend,Bearish,Bullish MACD,Strong Downtrend (5<20<50),Normal,Distribusi (Turun),Normal,Seimbang / Adu Mekanik,Normal,Sedang,Normal,Rawan Pucuk (High Risk),< 1 Miliar,Di Bawah VWAP (Lemah),Distribusi Pro (Guyuran),Gorengan Sepi (< 5M),Sepi (< 50%),Mark-Down (Fase Runtuh),Normal,Normal,Turun 3 Hari Beruntun,TP: 2349 | CL: 2017,Open = High (Tekanan Jual),Ideal (1:2),Netral / Sideways,Netral / Sepi Berita,Normal / Sedang Transisi,Mengambang (Jauh dari Fibo),1,WAIT & SEE,SELL,-2.0,MA20 di bawah MA50 (Downtrend) | RSI Rebound Area Murah (37.0) | Harga di bawah VWAP Intraday,TIDAK ADA,2026-09-10 13:41:26,Biasa / Mengikuti Pasar
13:41,KOPI,Transaksi Sepi (Skip Broksum),Small Cap (Lapis 3),Overvalued (Mahal),88.124214,1.9866798,208.0,210.0,206.0,210.0,205,199,224,0.9615384615384616,228600,Normal,57,Positif,Uptrend,Bullish,Bearish MACD,Perfect Uptrend (5>20>50),Normal,Akumulasi (Naik),Normal,Dominan Beli (Hajar Kanan),Squeeze,Rendah,Normal,Area Tengah,< 1 Miliar,Persis di VWAP,Akumulasi Pro (Smart Money),Gorengan Sepi (< 5M),Sepi (< 50%),Mark-Up (Fase Pesta),Spesialis Tiang Jemuran (Banting Pucuk),Normal,Naik 1 Hari Beruntun,TP: 219 | CL: 203,Normal,Menengah (1:1),Netral / Sideways,Netral / Sepi Berita,Normal / Sedang Transisi,Mengambang (Jauh dari Fibo),6,WAIT & SEE,BUY,2.0,MA20 di atas MA50 (Uptrend) | RSI Mendekati Jenuh Beli (57.0) | Volatilitas Bollinger Squeeze (Siap Meledak),TIDAK ADA,2026-09-10 13:41:26,Biasa / Mengikuti Pasar
13:41,KPIG,Token Mati (Perlu Update),Mid Cap (Lapis 2),Undervalued (Murah),13.615024,0.3161877,65.0,88.0,65.0,87.0,67,62,88,31.818181818181817,2873477300,Tembus MA20,73,Positif,Uptrend,Golden Cross,Bullish MACD,Awal Reversal (5>20),Akumulasi Kuat,Akumulasi (Naik),Normal,Dominan Beli (Hajar Kanan),Breakout Upper,Tinggi,Marubozu (Strong Bullish),Rawan Pucuk (High Risk),> 1 Miliar,Di Atas VWAP (Kuat),Akumulasi Pro (Smart Money),Sultan (> 50M/hari),Ledakan Ekstrem (> 300%),Accumulation (Kumpul Barang),Normal,Normal,Naik 1 Hari Beruntun,TP: 93 | CL: 82,Open = Low (Bullish Kuat),Tidak Ideal (< 1:1),Netral / Sideways,Netral / Sepi Berita,Normal / Sedang Transisi,Dekat Support Fibo 23.6%,9,BELI,STRONG SELL,-3.0,MA20 di bawah MA50 (Downtrend) | RSI Overbought Pucuk (73.0) | Harga di atas VWAP Intraday | Volume Lonjak 7.9x MA20,TIDAK ADA,2026-09-10 13:41:26,⚠️ Anomali (Sudah Terbang)
13:41,KRAS,Transaksi Sepi (Skip Broksum),Mid Cap (Lapis 2),Overvalued (Mahal),0.6065858,7200.0,252.0,254.0,250.0,252.0,235,218,264,-0.7874015748031495,1514200,Normal,63,Negatif,Uptrend,Bullish,Strong Bullish,Perfect Uptrend (5>20>50),Normal,Distribusi (Turun),Normal,Seimbang / Adu Mekanik,Normal,Tinggi,Doji (Ragu-ragu),Rawan Pucuk (High Risk),< 1 Miliar,Persis di VWAP,Distribusi Pro (Guyuran),Gorengan Sepi (< 5M),Sepi (< 50%),Mark-Up (Fase Pesta),Normal,Normal,Turun 1 Hari Beruntun,TP: 267 | CL: 242,Normal,Tidak Ideal (< 1:1),Netral / Sideways,Netral / Sepi Berita,Normal / Sedang Transisi,Mendekati Fibo 23.6%,4,WAIT & SEE,HOLD / NEUTRAL,1.0,MA20 di atas MA50 (Uptrend) | RSI Mendekati Jenuh Beli (63.0),TIDAK ADA,2026-09-10 13:41:26,Biasa / Mengikuti Pasar
13:41,KREN,Transaksi Sepi (Skip Broksum),Small Cap (Lapis 3),Fair Value (Wajar),0.0,-14999.999,15.0,15.0,15.0,15.0,13,12,15,0.0,28243000,Tembus MA20,63,Negatif,Uptrend,Bullish,Strong Bullish,Perfect Uptrend (5>20>50),Normal,Akumulasi (Naik),Normal,Tidak Ada Transaksi,Normal,Tinggi,Doji (Ragu-ragu),Rawan Pucuk (High Risk),< 1 Miliar,Di Atas VWAP (Kuat),Akumulasi Pro (Smart Money),Gorengan Sepi (< 5M),Anomali Tinggi (150-300%),Mark-Up (Fase Pesta),Normal,Normal,Sideways / Stagnan,TP: 16 | CL: 14,Normal,Tidak Ideal (< 1:1),Overbought (Jenuh Beli - Rawan),Netral / Sepi Berita,Normal / Sedang Transisi,Mengambang (Jauh dari Fibo),6,WAIT & SEE,HOLD / NEUTRAL,-1.2,MA20 di bawah MA50 (Downtrend) | RSI Mendekati Jenuh Beli (63.0) | Harga di atas VWAP Intraday | Volume Lonjak 1.7x MA20,TIDAK ADA,2026-09-10 13:41:26,Biasa / Mengikuti Pasar
13:41,LAPD,Transaksi Sepi (Skip Broksum),Small Cap (Lapis 3),Fair Value (Wajar),0.0,-11.964948,71.0,72.0,70.0,70.0,68,63,82,-1.4084507042253522,10160300,Normal,54,Negatif,Uptrend,Bullish,Bearish MACD,Perfect Uptrend (5>20>50),Normal,Distribusi (Turun),Normal,Dominan Jual (Guyur),Normal,Tinggi,Normal,Rawan Pucuk (High Risk),< 1 Miliar,Di Bawah VWAP (Lemah),Distribusi Pro (Guyuran),Gorengan Sepi (< 5M),Sepi (< 50%),Mark-Up (Fase Pesta),Spesialis Tiang Jemuran (Banting Pucuk),Normal,Turun 2 Hari Beruntun,TP: 76 | CL: 65,Normal,Ideal (1:2),Netral / Sideways,Netral / Sepi Berita,Normal / Sedang Transisi,Dekat Support Fibo 50.0%,3,WAIT & SEE,HOLD / NEUTRAL,0.5,MA20 di atas MA50 (Uptrend) | Harga di bawah VWAP Intraday,TIDAK ADA,2026-09-10 13:41:26,Biasa / Mengikuti Pasar
13:41,LEAD,Token Mati (Perlu Update),Small Cap (Lapis 3),Overvalued (Mahal),0.0,12666.667,116.0,119.0,112.0,114.0,109,96,121,-0.8695652173913043,42539500,Tembus MA20,55,Negatif,Uptrend,Bullish,Strong Bullish,Perfect Uptrend (5>20>50),Normal,Akumulasi (Naik),Normal,Dominan Jual (Guyur),Normal,Tinggi,Normal,Rawan Pucuk (High Risk),> 1 Miliar,Persis di VWAP,Distribusi Pro (Guyuran),Ritel Aktif (5M - 50M),Normal (50-150%),Mark-Up (Fase Pesta),Normal,Normal,Turun 1 Hari Beruntun,TP: 124 | CL: 106,Normal,Tidak Ideal (< 1:1),Netral / Sideways,Netral / Sepi Berita,Supply Banjir (Distribusi) 🌊,Dekat Support Fibo 50.0%,6,WAIT & SEE,BUY,1.5,MA20 di atas MA50 (Uptrend),TIDAK ADA,2026-09-10 13:41:26,Biasa / Mengikuti Pasar
13:41,LINK,Transaksi Sepi (Skip Broksum),Mid Cap (Lapis 2),Fair Value (Wajar),0.0,1.2637,1690.0,1690.0,1620.0,1630.0,1543,1340,1865,-0.6097560975609756,8200,Normal,61,Negatif,Uptrend,Bullish,Strong Bullish,Perfect Uptrend (5>20>50),Normal,Akumulasi (Naik),Gap Up (+3.0%),Dominan Jual (Guyur),Normal,Tinggi,Normal,Rawan Pucuk (High Risk),< 1 Miliar,Persis di VWAP,Akumulasi Pro (Smart Money),Gorengan Sepi (< 5M),Sepi (< 50%),Mark-Up (Fase Pesta),Spesialis Tiang Jemuran (Banting Pucuk),Normal,Turun 2 Hari Beruntun,TP: 1825 | CL: 1499,Open = High (Tekanan Jual),Tidak Ideal (< 1:1),Netral / Sideways,Netral / Sepi Berita,Normal / Sedang Transisi,Dekat Support Fibo 38.2%,6,WAIT & SEE,HOLD / NEUTRAL,1.0,MA20 di atas MA50 (Uptrend) | RSI Mendekati Jenuh Beli (61.0),TIDAK ADA,2026-09-10 13:41:26,Biasa / Mengikuti Pasar
13:41,LION,Transaksi Sepi (Skip Broksum),Small Cap (Lapis 3),Fair Value (Wajar),0.0,0.4476448,386.0,390.0,384.0,388.0,361,326,460,1.0416666666666665,43800,Normal,65,Positif,Uptrend,Bullish,Strong Bullish,Perfect Uptrend (5>20>50),Normal,Distribusi (Turun),Normal,Seimbang / Adu Mekanik,Normal,Tinggi,Normal,Rawan Pucuk (High Risk),< 1 Miliar,Di Bawah VWAP (Lemah),Distribusi Pro (Guyuran),Gorengan Sepi (< 5M),Sepi (< 50%),Mark-Up (Fase Pesta),Spesialis Tiang Jemuran (Banting Pucuk),Normal,Naik 2 Hari Beruntun,TP: 424 | CL: 363,Normal,Menengah (1:1),Golden Cross (Awal Bullish),Netral / Sepi Berita,Normal / Sedang Transisi,Mendekati Fibo 50.0%,5,WAIT & SEE,HOLD / NEUTRAL,0.0,MA20 di atas MA50 (Uptrend) | RSI Mendekati Jenuh Beli (65.0) | Harga di bawah VWAP Intraday,TIDAK ADA,2026-09-10 13:41:26,Biasa / Mengikuti Pasar
13:41,LMPI,Transaksi Sepi (Skip Broksum),Small Cap (Lapis 3),Fair Value (Wajar),0.0,-4.2982225,165.0,165.0,159.0,162.0,159,147,175,-1.2195121951219512,120800,Normal,59,Negatif,Uptrend,Bullish,Bearish MACD,Perfect Uptrend (5>20>50),Normal,Distribusi (Turun),Normal,Seimbang / Adu Mekanik,Normal,Sedang,Normal,Rawan Pucuk (High Risk),< 1 Miliar,Di Bawah VWAP (Lemah),Distribusi Pro (Guyuran),Gorengan Sepi (< 5M),Sepi (< 50%),Mark-Up (Fase Pesta),Spesialis Tiang Jemuran (Banting Pucuk),Normal,Turun 1 Hari Beruntun,TP: 172 | CL: 155,Open = High (Tekanan Jual),Tidak Ideal (< 1:1),Netral / Sideways,Netral / Sepi Berita,Normal / Sedang Transisi,Dekat Support Fibo 38.2%,3,WAIT & SEE,HOLD / NEUTRAL,0.0,MA20 di atas MA50 (Uptrend) | RSI Mendekati Jenuh Beli (59.0) | Harga di bawah VWAP Intraday,TIDAK ADA,2026-09-10 13:41:26,Biasa / Mengikuti Pasar
13:41,LPCK,Transaksi Sepi (Skip Broksum),Mid Cap (Lapis 2),Undervalued (Murah),11.666667,0.44438538,600.0,610.0,590.0,595.0,602,575,640,-0.8333333333333334,85800,Normal,53,Negatif,Downtrend,Bearish,Bearish MACD,Konsolidasi / Transisi,Normal,Distribusi (Turun),Normal,Dominan Jual (Guyur),Squeeze,Rendah,Normal,Area Tengah,< 1 Miliar,Persis di VWAP,Distribusi Pro (Guyuran),Gorengan Sepi (< 5M),Sepi (< 50%),Distribution (Fase Jualan),Spesialis Tiang Jemuran (Banting Pucuk),Normal,Turun 1 Hari Beruntun,TP: 630 | CL: 571,Normal,Ideal (1:2),Netral / Sideways,Netral / Sepi Berita,Normal / Sedang Transisi,Dekat Support Fibo 38.2%,1,WAIT & SEE,BUY,2.5,MA20 di atas MA50 (Uptrend) | Volatilitas Bollinger Squeeze (Siap Meledak),TIDAK ADA,2026-09-10 13:41:26,Biasa / Mengikuti Pasar
13:41,LPGI,Transaksi Sepi (Skip Broksum),Mid Cap (Lapis 2),Fair Value (Wajar),12.16522,1.7332746,660.0,660.0,635.0,645.0,637,605,705,1.574803149606299,7700,Normal,52,Positif,Uptrend,Bullish,Bullish MACD,Awal Reversal (5>20),Normal,Distribusi (Turun),Gap Up (+3.9%),Seimbang / Adu Mekanik,Squeeze,Rendah,Normal,Area Tengah,< 1 Miliar,Persis di VWAP,Distribusi Pro (Guyuran),Gorengan Sepi (< 5M),Sepi (< 50%),Accumulation (Kumpul Barang),Normal,Normal,Naik 1 Hari Beruntun,TP: 684 | CL: 618,Open = High (Tekanan Jual),Ideal (1:2),Golden Cross (Awal Bullish),Netral / Sepi Berita,Normal / Sedang Transisi,Dekat Support Fibo 50.0%,6,WAIT & SEE,HOLD / NEUTRAL,-0.5,MA20 di bawah MA50 (Downtrend) | Volatilitas Bollinger Squeeze (Siap Meledak),TIDAK ADA,2026-09-10 13:41:26,Biasa / Mengikuti Pasar
13:41,LPIN,Transaksi Sepi (Skip Broksum),Small Cap (Lapis 3),Undervalued (Murah),7.0938215,0.5343209,436.0,436.0,432.0,434.0,426,412,436,0.0,133700,Tembus MA20,73,Negatif,Uptrend,Bullish,Strong Bullish,Perfect Uptrend (5>20>50),Normal,Akumulasi (Naik),Normal,Seimbang / Adu Mekanik,Squeeze,Rendah,Normal,Area Tengah,< 1 Miliar,Persis di VWAP,Akumulasi Pro (Smart Money),Gorengan Sepi (< 5M),Normal (50-150%),Mark-Up (Fase Pesta),Normal,Normal,Sideways / Stagnan,TP: 440 | CL: 430,Open = High (Tekanan Jual),Tidak Ideal (< 1:1),Overbought (Jenuh Beli - Rawan),Netral / Sepi Berita,Normal / Sedang Transisi,Mendekati Fibo 23.6%,6,WAIT & SEE,HOLD / NEUTRAL,0.6,MA20 di atas MA50 (Uptrend) | RSI Overbought Pucuk (73.0) | Volatilitas Bollinger Squeeze (Siap Meledak) | Volume Lonjak 1.6x MA20,TIDAK ADA,2026-09-10 13:41:26,Biasa / Mengikuti Pasar
13:41,LPKR,Token Mati (Perlu Update),Mid Cap (Lapis 2),Undervalued (Murah),6.132542,0.14440635,63.0,64.0,61.0,62.0,62,60,67,-1.5873015873015872,166229500,Tembus MA20,48,Negatif,Downtrend,Bearish,Strong Bearish,Konsolidasi / Transisi,Normal,Distribusi (Turun),Normal,Seimbang / Adu Mekanik,Squeeze,Rendah,Normal,Area Tengah,> 1 Miliar,Persis di VWAP,Distribusi Pro (Guyuran),Ritel Aktif (5M - 50M),Normal (50-150%),Distribution (Fase Jualan),Normal,Normal,Turun 1 Hari Beruntun,TP: 65 | CL: 59,Normal,Ideal (1:2),Netral / Sideways,Netral / Sepi Berita,Normal / Sedang Transisi,Dekat Support Fibo 61.8% (Golden Ratio),1,WAIT & SEE,HOLD / NEUTRAL,-0.5,MA20 di bawah MA50 (Downtrend) | Volatilitas Bollinger Squeeze (Siap Meledak),TIDAK ADA,2026-09-10 13:41:26,Biasa / Mengikuti Pasar
13:41,LPLI,Transaksi Sepi (Skip Broksum),Small Cap (Lapis 3),Undervalued (Murah),0.51610154,0.1640638,242.0,242.0,240.0,242.0,242,236,276,0.0,115800,Normal,46,Negatif,Downtrend,Bearish,Strong Bearish,Strong Downtrend (5<20<50),Normal,Akumulasi (Naik),Normal,Dominan Beli (Hajar Kanan),Squeeze,Rendah,Doji (Ragu-ragu),Dekat Support (Low Risk),< 1 Miliar,Persis di VWAP,Distribusi Pro (Guyuran),Gorengan Sepi (< 5M),Normal (50-150%),Mark-Down (Fase Runtuh),Normal,Jarum Bawah (Sinyal Pantulan Kuat),Sideways / Stagnan,TP: 250 | CL: 236,Normal,Sangat Menarik (> 1:3),Netral / Sideways,Netral / Sepi Berita,Normal / Sedang Transisi,Golden Rebound Fibo 61.8% (Golden Ratio) 🎯,2,WAIT & SEE,HOLD / NEUTRAL,-0.5,MA20 di bawah MA50 (Downtrend) | Volatilitas Bollinger Squeeze (Siap Meledak),TIDAK ADA,2026-09-10 13:41:26,Biasa / Mengikuti Pasar
13:41,LPPF,Token Mati (Perlu Update),Mid Cap (Lapis 2),Overvalued (Mahal),4.7543583,12.230467,1655.0,1660.0,1645.0,1655.0,1617,1580,1665,0.0,869100,Normal,67,Negatif,Uptrend,Bullish,Strong Bullish,Perfect Uptrend (5>20>50),Normal,Akumulasi (Naik),Normal,Seimbang / Adu Mekanik,Squeeze,Rendah,Doji (Ragu-ragu),Area Tengah,> 1 Miliar,Persis di VWAP,Akumulasi Pro (Smart Money),Gorengan Sepi (< 5M),Normal (50-150%),Mark-Up (Fase Pesta),Normal,Jarum Bawah (Sinyal Pantulan Kuat),Sideways / Stagnan,TP: 1687 | CL: 1633,Normal,Tidak Ideal (< 1:1),Overbought (Jenuh Beli - Rawan),Netral / Sepi Berita,Normal / Sedang Transisi,Golden Rebound Fibo 23.6% 🎯,5,WAIT & SEE,BUY,2.0,MA20 di atas MA50 (Uptrend) | RSI Mendekati Jenuh Beli (67.0) | Volatilitas Bollinger Squeeze (Siap Meledak),TIDAK ADA,2026-09-10 13:41:26,Biasa / Mengikuti Pasar
13:41,LPPS,Transaksi Sepi (Skip Broksum),Small Cap (Lapis 3),Fair Value (Wajar),0.0,0.31374922,83.0,88.0,81.0,85.0,82,79,88,2.4096385542168677,8339000,Tembus MA20,61,Positif,Uptrend,Bullish,Bearish MACD,Perfect Uptrend (5>20>50),Akumulasi Kuat,Akumulasi (Naik),Normal,Seimbang / Adu Mekanik,Squeeze,Rendah,Normal,Area Tengah,< 1 Miliar,Di Atas VWAP (Kuat),Akumulasi Pro (Smart Money),Gorengan Sepi (< 5M),Ledakan Ekstrem (> 300%),Mark-Up (Fase Pesta),Normal,Normal,Naik 1 Hari Beruntun,TP: 90 | CL: 81,Normal,Tidak Ideal (< 1:1),Netral / Sideways,Netral / Sepi Berita,Normal / Sedang Transisi,Dekat Support Fibo 23.6%,7,BELI,STRONG BUY,3.6,MA20 di atas MA50 (Uptrend) | RSI Mendekati Jenuh Beli (61.0) | Harga di atas VWAP Intraday | Volatilitas Bollinger Squeeze (Siap Meledak) | Volume Lonjak 4.4x MA20,TIDAK ADA,2026-09-10 13:41:26,Biasa / Mengikuti Pasar
13:41,LRNA,Transaksi Sepi (Skip Broksum),Small Cap (Lapis 3),Fair Value (Wajar),0.0,0.2873455,208.0,228.0,202.0,204.0,193,184,256,-0.9708737864077669,2615000,Tembus MA20,68,Negatif,Uptrend,Bullish,Strong Bullish,Perfect Uptrend (5>20>50),Normal,Akumulasi (Naik),Normal,Dominan Jual (Guyur),Normal,Sedang,Normal,Rawan Pucuk (High Risk),< 1 Miliar,Di Bawah VWAP (Lemah),Distribusi Pro (Guyuran),Gorengan Sepi (< 5M),Normal (50-150%),Mark-Up (Fase Pesta),Spesialis Tiang Jemuran (Banting Pucuk),Normal,Turun 1 Hari Beruntun,TP: 227 | CL: 188,Normal,Ideal (1:2),Netral / Sideways,Netral / Sepi Berita,Normal / Sedang Transisi,Mendekati Fibo 61.8% (Golden Ratio),6,WAIT & SEE,HOLD / NEUTRAL,0.0,MA20 di atas MA50 (Uptrend) | RSI Mendekati Jenuh Beli (68.0) | Harga di bawah VWAP Intraday | Volume Lonjak 1.7x MA20,TIDAK ADA,2026-09-10 13:41:26,Biasa / Mengikuti Pasar
13:41,LSIP,Token Mati (Perlu Update),Big Cap (Lapis 1),Undervalued (Murah),5.559955,0.8023336,1720.0,1760.0,1690.0,1690.0,1526,1375,1760,-1.744186046511628,5872900,Normal,72,Negatif,Uptrend,Bullish,Strong Bullish,Perfect Uptrend (5>20>50),Normal,Akumulasi (Naik),Normal,Dominan Jual (Guyur),Normal,Tinggi,Normal,Rawan Pucuk (High Risk),> 1 Miliar,Persis di VWAP,Distribusi Pro (Guyuran),Ritel Aktif (5M - 50M),Sepi (< 50%),Mark-Up (Fase Pesta),Normal,Normal,Turun 1 Hari Beruntun,TP: 1771 | CL: 1635,Normal,Tidak Ideal (< 1:1),Overbought (Jenuh Beli - Rawan),Netral / Sepi Berita,Normal / Sedang Transisi,Mendekati Fibo 23.6%,5,WAIT & SEE,HOLD / NEUTRAL,-0.5,MA20 di atas MA50 (Uptrend) | RSI Overbought Pucuk (72.0),TIDAK ADA,2026-09-10 13:41:26,Biasa / Mengikuti Pasar
13:41,LTLS,Transaksi Sepi (Skip Broksum),Mid Cap (Lapis 2),Undervalued (Murah),8.350242,0.47386777,1080.0,1135.0,1055.0,1065.0,881,815,1170,-0.9302325581395349,426400,Tembus MA20,89,Negatif,Uptrend,Bullish,Strong Bullish,Perfect Uptrend (5>20>50),Normal,Akumulasi (Naik),Normal,Dominan Jual (Guyur),Breakout Upper,Tinggi,Normal,Rawan Pucuk (High Risk),< 1 Miliar,Di Atas VWAP (Kuat),Akumulasi Pro (Smart Money),Gorengan Sepi (< 5M),Normal (50-150%),Mark-Up (Fase Pesta),Spesialis Tiang Jemuran (Banting Pucuk),Normal,Turun 1 Hari Beruntun,TP: 1134 | CL: 1018,Normal,Tidak Ideal (< 1:1),Death Cross (Awal Bearish),Netral / Sepi Berita,Supply Banjir (Distribusi) 🌊,Dekat Support Fibo 23.6%,6,WAIT & SEE,HOLD / NEUTRAL,0.5,MA20 di atas MA50 (Uptrend) | RSI Overbought Pucuk (89.0) | Harga di atas VWAP Intraday,TIDAK ADA,2026-09-10 13:41:26,Biasa / Mengikuti Pasar
13:41,MAIN,Transaksi Sepi (Skip Broksum),Mid Cap (Lapis 2),Undervalued (Murah),3.293111,0.53340226,700.0,700.0,685.0,685.0,675,650,725,-1.4388489208633095,613500,Normal,51,Negatif,Uptrend,Bullish,Strong Bullish,Awal Reversal (5>20),Normal,Distribusi (Turun),Normal,Dominan Jual (Guyur),Normal,Sedang,Normal,Area Tengah,< 1 Miliar,Di Bawah VWAP (Lemah),Distribusi Pro (Guyuran),Gorengan Sepi (< 5M),Sepi (< 50%),Accumulation (Kumpul Barang),Solid (Jarang Dibanting),Normal,Turun 2 Hari Beruntun,TP: 712 | CL: 666,Open = High (Tekanan Jual),Menengah (1:1),Netral / Sideways,Netral / Sepi Berita,Normal / Sedang Transisi,Dekat Support Fibo 50.0%,4,WAIT & SEE,SELL,-2.5,MA20 di bawah MA50 (Downtrend) | Harga di bawah VWAP Intraday,TIDAK ADA,2026-09-10 13:41:26,Biasa / Mengikuti Pasar
13:41,MAPI,Token Mati (Perlu Update),Big Cap (Lapis 1),Fair Value (Wajar),9.358647,1.5142765,1380.0,1395.0,1375.0,1395.0,1459,1360,1580,2.5735294117647056,1979000,Normal,41,Positif,Downtrend,Bearish,Strong Bearish,Strong Downtrend (5<20<50),Normal,Distribusi (Turun),Normal,Dominan Beli (Hajar Kanan),Normal,Sedang,Normal,Dekat Support (Low Risk),> 1 Miliar,Persis di VWAP,Distribusi Pro (Guyuran),Gorengan Sepi (< 5M),Sepi (< 50%),Mark-Down (Fase Runtuh),Normal,Normal,Naik 1 Hari Beruntun,TP: 1456 | CL: 1353,Normal,Sangat Menarik (> 1:3),Golden Cross (Awal Bullish),Netral / Sepi Berita,Normal / Sedang Transisi,Mendekati Fibo Bottom / 100%,2,WAIT & SEE,HOLD / NEUTRAL,-1.0,MA20 di bawah MA50 (Downtrend) | RSI Rebound Area Murah (41.0),TIDAK ADA,2026-09-10 13:41:26,Biasa / Mengikuti Pasar
13:41,MAYA,Transaksi Sepi (Skip Broksum),Mid Cap (Lapis 2),Overvalued (Mahal),76.447876,0.26671264,198.0,198.0,195.0,198.0,199,192,204,-0.5025125628140703,413600,Normal,49,Negatif,Downtrend,Bearish,Bearish MACD,Konsolidasi / Transisi,Normal,Akumulasi (Naik),Normal,Dominan Beli (Hajar Kanan),Squeeze,Rendah,Doji (Ragu-ragu),Area Tengah,< 1 Miliar,Persis di VWAP,Akumulasi Pro (Smart Money),Gorengan Sepi (< 5M),Sepi (< 50%),Distribution (Fase Jualan),Spesialis Tiang Jemuran (Banting Pucuk),Jarum Bawah (Sinyal Pantulan Kuat),Turun 1 Hari Beruntun,TP: 204 | CL: 193,Normal,Menengah (1:1),Netral / Sideways,Netral / Sepi Berita,Normal / Sedang Transisi,Mendekati Fibo 38.2%,2,WAIT & SEE,BUY,2.5,MA20 di atas MA50 (Uptrend) | Volatilitas Bollinger Squeeze (Siap Meledak),TIDAK ADA,2026-09-10 13:41:26,Biasa / Mengikuti Pasar
13:41,MBAP,Transaksi Sepi (Skip Broksum),Mid Cap (Lapis 2),Overvalued (Mahal),33.805786,11611.843,1770.0,1790.0,1760.0,1765.0,1586,1405,1860,-0.2824858757062147,35600,Normal,74,Negatif,Uptrend,Bullish,Strong Bullish,Perfect Uptrend (5>20>50),Normal,Akumulasi (Naik),Normal,Dominan Jual (Guyur),Normal,Tinggi,Normal,Rawan Pucuk (High Risk),< 1 Miliar,Persis di VWAP,Akumulasi Pro (Smart Money),Gorengan Sepi (< 5M),Sepi (< 50%),Mark-Up (Fase Pesta),Spesialis Tiang Jemuran (Banting Pucuk),Normal,Turun 3 Hari Beruntun,TP: 1886 | CL: 1683,Normal,Tidak Ideal (< 1:1),Death Cross (Awal Bearish),Netral / Sepi Berita,Normal / Sedang Transisi,Mendekati Fibo 23.6%,5,WAIT & SEE,HOLD / NEUTRAL,-0.5,MA20 di atas MA50 (Uptrend) | RSI Overbought Pucuk (74.0),TIDAK ADA,2026-09-10 13:41:26,Biasa / Mengikuti Pasar
13:41,MBSS,Token Mati (Perlu Update),Mid Cap (Lapis 2),Undervalued (Murah),13.634005,1.2313839,2890.0,2890.0,2880.0,2880.0,2840,2780,2920,0.0,825500,Normal,63,Negatif,Uptrend,Bullish,Bearish MACD,Perfect Uptrend (5>20>50),Normal,Akumulasi (Naik),Normal,Dominan Jual (Guyur),Squeeze,Rendah,Normal,Area Tengah,> 1 Miliar,Persis di VWAP,Distribusi Pro (Guyuran),Gorengan Sepi (< 5M),Sepi (< 50%),Mark-Up (Fase Pesta),Normal,Normal,Sideways / Stagnan,TP: 2927 | CL: 2848,Open = High (Tekanan Jual),Tidak Ideal (< 1:1),Netral / Sideways,Netral / Sepi Berita,Normal / Sedang Transisi,Mendekati Fibo 23.6%,4,WAIT & SEE,BUY,2.0,MA20 di atas MA50 (Uptrend) | RSI Mendekati Jenuh Beli (63.0) | Volatilitas Bollinger Squeeze (Siap Meledak),TIDAK ADA,2026-09-10 13:41:26,Biasa / Mengikuti Pasar
13:41,MBTO,Transaksi Sepi (Skip Broksum),Small Cap (Lapis 3),Fair Value (Wajar),0.0,0.430939,142.0,144.0,140.0,142.0,129,121,148,0.7092198581560284,2251800,Normal,70,Positif,Uptrend,Bullish,Strong Bullish,Perfect Uptrend (5>20>50),Normal,Akumulasi (Naik),Normal,Seimbang / Adu Mekanik,Breakout Upper,Tinggi,Doji (Ragu-ragu),Rawan Pucuk (High Risk),< 1 Miliar,Di Atas VWAP (Kuat),Akumulasi Pro (Smart Money),Gorengan Sepi (< 5M),Sepi (< 50%),Mark-Up (Fase Pesta),Normal,Normal,Naik 3 Hari Beruntun,TP: 149 | CL: 136,Normal,Tidak Ideal (< 1:1),Death Cross (Awal Bearish),Netral / Sepi Berita,Normal / Sedang Transisi,Mendekati Fibo 38.2%,6,WAIT & SEE,BUY,2.0,MA20 di atas MA50 (Uptrend) | RSI Mendekati Jenuh Beli (70.0) | Harga di atas VWAP Intraday,TIDAK ADA,2026-09-10 13:41:26,Biasa / Mengikuti Pasar
13:41,MCOR,Transaksi Sepi (Skip Broksum),Mid Cap (Lapis 2),Undervalued (Murah),8.760951,0.36483604,71.0,71.0,70.0,70.0,69,67,73,0.0,1108400,Normal,54,Negatif,Uptrend,Bullish,Bearish MACD,Perfect Uptrend (5>20>50),Normal,Akumulasi (Naik),Normal,Dominan Jual (Guyur),Squeeze,Rendah,Normal,Area Tengah,< 1 Miliar,Persis di VWAP,Distribusi Pro (Guyuran),Gorengan Sepi (< 5M),Sepi (< 50%),Mark-Up (Fase Pesta),Normal,Normal,Sideways / Stagnan,TP: 72 | CL: 68,Open = High (Tekanan Jual),Menengah (1:1),Golden Cross (Awal Bullish),Netral / Sepi Berita,Normal / Sedang Transisi,Dekat Support Fibo 38.2%,4,WAIT & SEE,BUY,2.5,MA20 di atas MA50 (Uptrend) | Volatilitas Bollinger Squeeze (Siap Meledak),TIDAK ADA,2026-09-10 13:41:26,Biasa / Mengikuti Pasar
13:41,MDIA,Token Mati (Perlu Update),Mid Cap (Lapis 2),Overvalued (Mahal),3057.1428,9.140222,216.0,234.0,206.0,218.0,256,192,304,-0.9090909090909091,435012900,Tembus MA20,47,Negatif,Downtrend,Bearish,Bearish MACD,Konsolidasi / Transisi,Normal,Distribusi (Turun),Normal,Seimbang / Adu Mekanik,Normal,Tinggi,Doji (Ragu-ragu),Rawan Pucuk (High Risk),> 1 Miliar,Di Bawah VWAP (Lemah),Distribusi Pro (Guyuran),Sultan (> 50M/hari),Normal (50-150%),Distribution (Fase Jualan),Normal,Normal,Turun 3 Hari Beruntun,TP: 258 | CL: 191,Normal,Sangat Menarik (> 1:3),Netral / Sideways,Netral / Sepi Berita,Normal / Sedang Transisi,Mendekati Fibo 38.2%,1,WAIT & SEE,HOLD / NEUTRAL,0.6,MA20 di atas MA50 (Uptrend) | Harga di bawah VWAP Intraday | Volume Lonjak 2.0x MA20,TIDAK ADA,2026-09-10 13:41:26,🔥 ANOMALI BANDAR (Siap Ledakan)
13:41,MDKA,Token Mati (Perlu Update),Big Cap (Lapis 1),Overvalued (Mahal),1652.4064,88285.71,3120.0,3160.0,3070.0,3080.0,2950,2740,3180,-0.964630225080386,13801100,Normal,61,Negatif,Uptrend,Bullish,Strong Bullish,Perfect Uptrend (5>20>50),Normal,Akumulasi (Naik),Normal,Dominan Jual (Guyur),Normal,Sedang,Normal,Rawan Pucuk (High Risk),> 1 Miliar,Di Atas VWAP (Kuat),Akumulasi Pro (Smart Money),Sultan (> 50M/hari),Sepi (< 50%),Mark-Up (Fase Pesta),Spesialis Tiang Jemuran (Banting Pucuk),Normal,Turun 2 Hari Beruntun,TP: 3238 | CL: 2974,Normal,Tidak Ideal (< 1:1),Death Cross (Awal Bearish),Netral / Sepi Berita,Normal / Sedang Transisi,Mendekati Fibo 23.6%,5,WAIT & SEE,BUY,2.0,MA20 di atas MA50 (Uptrend) | RSI Mendekati Jenuh Beli (61.0) | Harga di atas VWAP Intraday,TIDAK ADA,2026-09-10 13:41:26,Biasa / Mengikuti Pasar
13:41,MDLN,Transaksi Sepi (Skip Broksum),Small Cap (Lapis 3),Fair Value (Wajar),0.0,0.1902421,50.0,50.0,50.0,50.0,50,50,51,0.0,116800,Normal,48,Negatif,Downtrend,Bearish,Bullish MACD,Konsolidasi / Transisi,Normal,Netral,Normal,Tidak Ada Transaksi,Squeeze,Rendah,Doji (Ragu-ragu),Dekat Support (Low Risk),< 1 Miliar,Persis di VWAP,Netral,Gorengan Sepi (< 5M),Sepi (< 50%),Sideways,Normal,Normal,Sideways / Stagnan,TP: 51 | CL: 49,Normal,Di Area Support,Oversold (Jenuh Jual - Peluang),Netral / Sepi Berita,Supply Kering (Siap Pump) 🏜️,Golden Rebound Fibo Bottom / 100% 🎯,1,WAIT & SEE,HOLD / NEUTRAL,-0.5,MA20 di bawah MA50 (Downtrend) | Volatilitas Bollinger Squeeze (Siap Meledak),TIDAK ADA,2026-09-10 13:41:26,Biasa / Mengikuti Pasar
13:41,MEDC,Token Mati (Perlu Update),Big Cap (Lapis 1),Overvalued (Mahal),14.783576,17921.348,1600.0,1605.0,1580.0,1595.0,1424,1265,1605,1.2698412698412698,28332700,Normal,73,Positif,Uptrend,Bullish,Strong Bullish,Perfect Uptrend (5>20>50),Normal,Akumulasi (Naik),Normal,Seimbang / Adu Mekanik,Normal,Tinggi,Normal,Rawan Pucuk (High Risk),> 1 Miliar,Di Atas VWAP (Kuat),Akumulasi Pro (Smart Money),Sultan (> 50M/hari),Sepi (< 50%),Mark-Up (Fase Pesta),Spesialis Tiang Jemuran (Banting Pucuk),Jarum Bawah (Sinyal Pantulan Kuat),Naik 3 Hari Beruntun,TP: 1673 | CL: 1542,Normal,Tidak Ideal (< 1:1),Overbought (Jenuh Beli - Rawan),Netral / Sepi Berita,Normal / Sedang Transisi,Mengambang (Jauh dari Fibo),6,WAIT & SEE,HOLD / NEUTRAL,0.5,MA20 di atas MA50 (Uptrend) | RSI Overbought Pucuk (73.0) | Harga di atas VWAP Intraday,TIDAK ADA,2026-09-10 13:41:26,Biasa / Mengikuti Pasar
13:41,MEGA,Transaksi Sepi (Skip Broksum),Big Cap (Lapis 1),Fair Value (Wajar),13.862025,2.031509,1980.0,1990.0,1900.0,1935.0,1975,1900,2010,-2.272727272727273,236100,Tembus MA20,32,Negatif,Downtrend,Bearish,Strong Bearish,Konsolidasi / Transisi,Distribusi Kuat,Distribusi (Turun),Normal,Seimbang / Adu Mekanik,Squeeze,Rendah,Normal,Dekat Support (Low Risk),< 1 Miliar,Di Bawah VWAP (Lemah),Distribusi Pro (Guyuran),Gorengan Sepi (< 5M),Ledakan Ekstrem (> 300%),Mark-Down (Fase Runtuh),Solid (Jarang Dibanting),Normal,Turun 3 Hari Beruntun,TP: 1984 | CL: 1901,Normal,Ideal (1:2),Netral / Sideways,Netral / Sepi Berita,Supply Banjir (Distribusi) 🌊,Dekat Support Fibo 61.8% (Golden Ratio),1,WAIT & SEE,HOLD / NEUTRAL,-1.2,MA20 di bawah MA50 (Downtrend) | RSI Rebound Area Murah (32.0) | Harga di bawah VWAP Intraday | Volatilitas Bollinger Squeeze (Siap Meledak) | Volume Lonjak 4.9x MA20,TIDAK ADA,2026-09-10 13:41:26,Biasa / Mengikuti Pasar
13:41,MERK,Transaksi Sepi (Skip Broksum),Mid Cap (Lapis 2),Fair Value (Wajar),5.2759795,1.8211948,3890.0,3940.0,3880.0,3920.0,3906,3820,4010,0.7712082262210797,17600,Normal,54,Positif,Uptrend,Bearish,Strong Bearish,Konsolidasi / Transisi,Normal,Akumulasi (Naik),Normal,Seimbang / Adu Mekanik,Squeeze,Rendah,Normal,Dekat Support (Low Risk),< 1 Miliar,Persis di VWAP,Distribusi Pro (Guyuran),Gorengan Sepi (< 5M),Sepi (< 50%),Mark-Up (Fase Pesta),Normal,Normal,Naik 2 Hari Beruntun,TP: 4029 | CL: 3847,Normal,Tidak Ideal (< 1:1),Netral / Sideways,Netral / Sepi Berita,Normal / Sedang Transisi,Dekat Support Fibo 23.6%,4,WAIT & SEE,BUY,2.5,MA20 di atas MA50 (Uptrend) | Volatilitas Bollinger Squeeze (Siap Meledak),TIDAK ADA,2026-09-10 13:41:26,Biasa / Mengikuti Pasar
13:41,MGNA,Token Mati (Perlu Update),Small Cap (Lapis 3),Overvalued (Mahal),3.7754705,16.92595,103.0,136.0,103.0,136.0,99,80,136,34.65346534653465,121160400,Tembus MA20,82,Positif,Uptrend,Golden Cross,Strong Bullish,Perfect Uptrend (5>20>50),Akumulasi Kuat,Akumulasi (Naik),Normal,Dominan Beli (Hajar Kanan),Breakout Upper,Tinggi,Marubozu (Strong Bullish),Rawan Pucuk (High Risk),> 1 Miliar,Di Atas VWAP (Kuat),Akumulasi Pro (Smart Money),Ritel Aktif (5M - 50M),Ledakan Ekstrem (> 300%),Mark-Up (Fase Pesta),Spesialis Tiang Jemuran (Banting Pucuk),Normal,Naik 2 Hari Beruntun,TP: 149 | CL: 127,Open = Low (Bullish Kuat),Tidak Ideal (< 1:1),Netral / Sideways,Netral / Sepi Berita,Normal / Sedang Transisi,Mengambang (Jauh dari Fibo),9,BELI,HOLD / NEUTRAL,0.6,MA20 di atas MA50 (Uptrend) | RSI Overbought Pucuk (82.0) | Harga di atas VWAP Intraday | Volume Lonjak 9.1x MA20,TIDAK ADA,2026-09-10 13:41:26,⚠️ Anomali (Sudah Terbang)
13:41,MICE,Transaksi Sepi (Skip Broksum),Small Cap (Lapis 3),Undervalued (Murah),7.664437,0.33229214,565.0,565.0,550.0,550.0,539,520,570,-2.6548672566371683,4800,Normal,59,Negatif,Uptrend,Bullish,Strong Bullish,Perfect Uptrend (5>20>50),Normal,Akumulasi (Naik),Normal,Dominan Jual (Guyur),Normal,Sedang,Normal,Area Tengah,< 1 Miliar,Di Bawah VWAP (Lemah),Akumulasi Pro (Smart Money),Gorengan Sepi (< 5M),Sepi (< 50%),Mark-Up (Fase Pesta),Normal,Normal,Turun 1 Hari Beruntun,TP: 573 | CL: 534,Open = High (Tekanan Jual),Tidak Ideal (< 1:1),Death Cross (Awal Bearish),Netral / Sepi Berita,Normal / Sedang Transisi,Dekat Support Fibo 23.6%,5,WAIT & SEE,HOLD / NEUTRAL,0.0,MA20 di atas MA50 (Uptrend) | RSI Mendekati Jenuh Beli (59.0) | Harga di bawah VWAP Intraday,TIDAK ADA,2026-09-10 13:41:26,Biasa / Mengikuti Pasar
13:41,MIDI,Token Mati (Perlu Update),Mid Cap (Lapis 2),Fair Value (Wajar),10.094162,1.9346548,274.0,274.0,266.0,268.0,275,266,286,-1.4705882352941175,11801800,Tembus MA20,39,Negatif,Downtrend,Death Cross,Strong Bearish,Strong Downtrend (5<20<50),Normal,Distribusi (Turun),Normal,Dominan Jual (Guyur),Squeeze,Rendah,Normal,Dekat Support (Low Risk),> 1 Miliar,Di Bawah VWAP (Lemah),Distribusi Pro (Guyuran),Gorengan Sepi (< 5M),Normal (50-150%),Mark-Down (Fase Runtuh),Normal,Normal,Turun 3 Hari Beruntun,TP: 277 | CL: 261,Open = High (Tekanan Jual),Sangat Menarik (> 1:3),Netral / Sideways,Netral / Sepi Berita,Normal / Sedang Transisi,Dekat Support Fibo 78.6%,1,WAIT & SEE,HOLD / NEUTRAL,-1.0,MA20 di bawah MA50 (Downtrend) | RSI Rebound Area Murah (39.0) | Harga di bawah VWAP Intraday | Volatilitas Bollinger Squeeze (Siap Meledak),TIDAK ADA,2026-09-10 13:41:26,Biasa / Mengikuti Pasar
13:41,MIKA,Token Mati (Perlu Update),Big Cap (Lapis 1),Overvalued (Mahal),18.100218,3.4885268,1900.0,1900.0,1830.0,1835.0,1851,1730,1990,-2.91005291005291,1975100,Normal,49,Negatif,Downtrend,Bullish,Bearish MACD,Perfect Uptrend (5>20>50),Normal,Distribusi (Turun),Normal,Dominan Jual (Guyur),Normal,Sedang,Normal,Area Tengah,> 1 Miliar,Di Bawah VWAP (Lemah),Distribusi Pro (Guyuran),Ritel Aktif (5M - 50M),Normal (50-150%),Distribution (Fase Jualan),Normal,Normal,Turun 3 Hari Beruntun,TP: 1922 | CL: 1776,Open = High (Tekanan Jual),Menengah (1:1),Netral / Sideways,Netral / Sepi Berita,Normal / Sedang Transisi,Mendekati Fibo 38.2%,1,WAIT & SEE,HOLD / NEUTRAL,0.5,MA20 di atas MA50 (Uptrend) | Harga di bawah VWAP Intraday,TIDAK ADA,2026-09-10 13:41:26,Biasa / Mengikuti Pasar
13:41,MIRA,Transaksi Sepi (Skip Broksum),Small Cap (Lapis 3),Fair Value (Wajar),0.0,0.7539583,25.0,27.0,25.0,27.0,26,23,30,8.0,8713700,Tembus MA20,57,Positif,Uptrend,Bearish,Bearish MACD,Konsolidasi / Transisi,Normal,Akumulasi (Naik),Normal,Dominan Beli (Hajar Kanan),Normal,Tinggi,Marubozu (Strong Bullish),Rawan Pucuk (High Risk),< 1 Miliar,Di Atas VWAP (Kuat),Akumulasi Pro (Smart Money),Gorengan Sepi (< 5M),Normal (50-150%),Mark-Up (Fase Pesta),Normal,Normal,Naik 1 Hari Beruntun,TP: 29 | CL: 25,Open = Low (Bullish Kuat),Tidak Ideal (< 1:1),Netral / Sideways,Netral / Sepi Berita,Normal / Sedang Transisi,Mendekati Fibo 38.2%,6,WAIT & SEE,BUY,2.0,MA20 di atas MA50 (Uptrend) | RSI Mendekati Jenuh Beli (57.0) | Harga di atas VWAP Intraday,TIDAK ADA,2026-09-10 13:41:26,Biasa / Mengikuti Pasar
13:41,MITI,Token Mati (Perlu Update),Small Cap (Lapis 3),Overvalued (Mahal),75.48387,1.8713562,228.0,244.0,218.0,234.0,218,185,264,6.363636363636363,5692500,Tembus MA20,62,Positif,Uptrend,Bullish,Bearish MACD,Perfect Uptrend (5>20>50),Normal,Akumulasi (Naik),Gap Up (+3.6%),Seimbang / Adu Mekanik,Normal,Tinggi,Normal,Rawan Pucuk (High Risk),> 1 Miliar,Di Atas VWAP (Kuat),Akumulasi Pro (Smart Money),Gorengan Sepi (< 5M),Normal (50-150%),Mark-Up (Fase Pesta),Normal,Normal,Naik 1 Hari Beruntun,TP: 261 | CL: 215,Normal,Tidak Ideal (< 1:1),Netral / Sideways,Netral / Sepi Berita,Normal / Sedang Transisi,Mengambang (Jauh dari Fibo),7,BELI,BUY,2.0,MA20 di atas MA50 (Uptrend) | RSI Mendekati Jenuh Beli (62.0) | Harga di atas VWAP Intraday,TIDAK ADA,2026-09-10 13:41:26,Biasa / Mengikuti Pasar
13:41,MKPI,Transaksi Sepi (Skip Broksum),Big Cap (Lapis 1),Fair Value (Wajar),17.813858,2.7850194,21800.0,21900.0,21800.0,21900.0,21988,21750,22175,0.1142857142857143,40000,Normal,52,Positif,Downtrend,Bearish,Bearish MACD,Konsolidasi / Transisi,Normal,Distribusi (Turun),Normal,Dominan Beli (Hajar Kanan),Squeeze,Rendah,Marubozu (Strong Bullish),Dekat Support (Low Risk),< 1 Miliar,Persis di VWAP,Akumulasi Pro (Smart Money),Gorengan Sepi (< 5M),Normal (50-150%),Distribution (Fase Jualan),Normal,Normal,Naik 1 Hari Beruntun,TP: 22111 | CL: 21758,Open = Low (Bullish Kuat),Ideal (1:2),Golden Cross (Awal Bullish),Netral / Sepi Berita,Normal / Sedang Transisi,Dekat Support Fibo 23.6%,3,WAIT & SEE,BUY,2.5,MA20 di atas MA50 (Uptrend) | Volatilitas Bollinger Squeeze (Siap Meledak),TIDAK ADA,2026-09-10 13:41:26,Biasa / Mengikuti Pasar
13:41,MLBI,Transaksi Sepi (Skip Broksum),Big Cap (Lapis 1),Overvalued (Mahal),11.125836,12.969055,6875.0,6875.0,6700.0,6800.0,6888,6300,7100,-1.090909090909091,7700,Normal,49,Negatif,Downtrend,Bearish,Bearish MACD,Konsolidasi / Transisi,Normal,Akumulasi (Naik),Normal,Seimbang / Adu Mekanik,Squeeze,Rendah,Normal,Area Tengah,< 1 Miliar,Persis di VWAP,Akumulasi Pro (Smart Money),Gorengan Sepi (< 5M),Sepi (< 50%),Distribution (Fase Jualan),Normal,Normal,Turun 1 Hari Beruntun,TP: 7038 | CL: 6641,Open = High (Tekanan Jual),Tidak Ideal (< 1:1),Death Cross (Awal Bearish),Netral / Sepi Berita,Normal / Sedang Transisi,Mendekati Fibo 38.2%,1,WAIT & SEE,BUY,2.5,MA20 di atas MA50 (Uptrend) | Volatilitas Bollinger Squeeze (Siap Meledak),TIDAK ADA,2026-09-10 13:41:26,Biasa / Mengikuti Pasar
13:41,MLIA,Transaksi Sepi (Skip Broksum),Mid Cap (Lapis 2),Fair Value (Wajar),0.0,0.27777708,228.0,228.0,220.0,220.0,229,220,236,-1.7857142857142856,412600,Tembus MA20,28,Negatif,Downtrend,Bearish,Strong Bearish,Strong Downtrend (5<20<50),Distribusi Kuat,Distribusi (Turun),Normal,Dominan Jual (Guyur),Squeeze,Rendah,Normal,Dekat Support (Low Risk),< 1 Miliar,Di Bawah VWAP (Lemah),Distribusi Pro (Guyuran),Gorengan Sepi (< 5M),Ledakan Ekstrem (> 300%),Mark-Down (Fase Runtuh),Normal,Normal,Turun 1 Hari Beruntun,TP: 223 | CL: 217,Open = High (Tekanan Jual),Di Area Support,Oversold (Jenuh Jual - Peluang),Netral / Sepi Berita,Supply Banjir (Distribusi) 🌊,Golden Rebound Fibo Bottom / 100% 🎯,1,WAIT & SEE,HOLD / NEUTRAL,0.6,MA20 di bawah MA50 (Downtrend) | RSI Oversold Kuat (28.0) | Harga di bawah VWAP Intraday | Volatilitas Bollinger Squeeze (Siap Meledak) | Volume Lonjak 5.3x MA20,TIDAK ADA,2026-09-10 13:41:26,Biasa / Mengikuti Pasar
13:41,MLPL,Transaksi Sepi (Skip Broksum),Mid Cap (Lapis 2),Fair Value (Wajar),0.0,0.29497012,92.0,92.0,91.0,92.0,93,90,101,0.0,7540600,Normal,47,Negatif,Downtrend,Bearish,Strong Bearish,Konsolidasi / Transisi,Normal,Akumulasi (Naik),Normal,Dominan Beli (Hajar Kanan),Squeeze,Rendah,Doji (Ragu-ragu),Dekat Support (Low Risk),< 1 Miliar,Persis di VWAP,Akumulasi Pro (Smart Money),Gorengan Sepi (< 5M),Sepi (< 50%),Distribution (Fase Jualan),Solid (Jarang Dibanting),Jarum Bawah (Sinyal Pantulan Kuat),Sideways / Stagnan,TP: 96 | CL: 89,Normal,Sangat Menarik (> 1:3),Netral / Sideways,Netral / Sepi Berita,Normal / Sedang Transisi,Golden Rebound Fibo 50.0% 🎯,2,WAIT & SEE,BUY,2.5,MA20 di atas MA50 (Uptrend) | Volatilitas Bollinger Squeeze (Siap Meledak),TIDAK ADA,2026-09-10 13:41:26,Biasa / Mengikuti Pasar
13:41,MLPT,Token Mati (Perlu Update),Big Cap (Lapis 1),Overvalued (Mahal),150.30676,77.42384,1245.0,1250.0,1200.0,1225.0,1315,1195,1575,-0.8097165991902834,952400,Normal,44,Negatif,Downtrend,Bearish,Strong Bearish,Konsolidasi / Transisi,Normal,Distribusi (Turun),Normal,Seimbang / Adu Mekanik,Normal,Tinggi,Normal,Dekat Support (Low Risk),> 1 Miliar,Persis di VWAP,Distribusi Pro (Guyuran),Gorengan Sepi (< 5M),Sepi (< 50%),Distribution (Fase Jualan),Normal,Normal,Turun 1 Hari Beruntun,TP: 1326 | CL: 1157,Normal,Sangat Menarik (> 1:3),Oversold (Jenuh Jual - Peluang),Netral / Sepi Berita,Normal / Sedang Transisi,Mengambang (Jauh dari Fibo),0,WAIT & SEE,BUY,2.0,MA20 di atas MA50 (Uptrend) | RSI Rebound Area Murah (44.0),TIDAK ADA,2026-09-10 13:41:26,Biasa / Mengikuti Pasar
13:41,MMLP,Transaksi Sepi (Skip Broksum),Mid Cap (Lapis 2),Fair Value (Wajar),20.280188,0.44259962,302.0,306.0,302.0,304.0,299,286,320,0.0,168400,Normal,57,Negatif,Uptrend,Bullish,Strong Bullish,Perfect Uptrend (5>20>50),Normal,Akumulasi (Naik),Normal,Seimbang / Adu Mekanik,Squeeze,Rendah,Normal,Area Tengah,< 1 Miliar,Persis di VWAP,Akumulasi Pro (Smart Money),Gorengan Sepi (< 5M),Sepi (< 50%),Mark-Up (Fase Pesta),Spesialis Tiang Jemuran (Banting Pucuk),Normal,Sideways / Stagnan,TP: 314 | CL: 296,Open = Low (Bullish Kuat),Tidak Ideal (< 1:1),Netral / Sideways,Netral / Sepi Berita,Normal / Sedang Transisi,Dekat Support Fibo 38.2%,5,WAIT & SEE,BUY,2.0,MA20 di atas MA50 (Uptrend) | RSI Mendekati Jenuh Beli (57.0) | Volatilitas Bollinger Squeeze (Siap Meledak),TIDAK ADA,2026-09-10 13:41:26,Biasa / Mengikuti Pasar
13:41,MNCN,Token Mati (Perlu Update),Mid Cap (Lapis 2),Undervalued (Murah),2.3003762,0.123750225,202.0,214.0,199.0,208.0,202,198,214,2.9702970297029703,87740300,Tembus MA20,56,Positif,Uptrend,Bullish,Strong Bullish,Awal Reversal (5>20),Normal,Akumulasi (Naik),Normal,Seimbang / Adu Mekanik,Squeeze,Rendah,Normal,Area Tengah,> 1 Miliar,Di Atas VWAP (Kuat),Akumulasi Pro (Smart Money),Ritel Aktif (5M - 50M),Anomali Tinggi (150-300%),Accumulation (Kumpul Barang),Normal,Normal,Naik 1 Hari Beruntun,TP: 216 | CL: 202,Normal,Tidak Ideal (< 1:1),Netral / Sideways,Netral / Sepi Berita,Normal / Sedang Transisi,Dekat Support Fibo 61.8% (Golden Ratio),7,BELI,HOLD / NEUTRAL,0.0,MA20 di bawah MA50 (Downtrend) | RSI Mendekati Jenuh Beli (56.0) | Harga di atas VWAP Intraday | Volatilitas Bollinger Squeeze (Siap Meledak) | Volume Lonjak 2.0x MA20,TIDAK ADA,2026-09-10 13:41:26,Biasa / Mengikuti Pasar
13:41,MPMX,Token Mati (Perlu Update),Mid Cap (Lapis 2),Undervalued (Murah),8.859687,0.8235233,1055.0,1060.0,1045.0,1045.0,1021,995,1060,-0.9478672985781991,1169100,Normal,68,Negatif,Uptrend,Bullish,Strong Bullish,Perfect Uptrend (5>20>50),Normal,Akumulasi (Naik),Normal,Dominan Jual (Guyur),Squeeze,Rendah,Normal,Area Tengah,> 1 Miliar,Persis di VWAP,Akumulasi Pro (Smart Money),Gorengan Sepi (< 5M),Sepi (< 50%),Mark-Up (Fase Pesta),Normal,Normal,Turun 1 Hari Beruntun,TP: 1061 | CL: 1034,Normal,Tidak Ideal (< 1:1),Death Cross (Awal Bearish),Netral / Sepi Berita,Normal / Sedang Transisi,Dekat Support Fibo 23.6%,5,WAIT & SEE,BUY,2.0,MA20 di atas MA50 (Uptrend) | RSI Mendekati Jenuh Beli (68.0) | Volatilitas Bollinger Squeeze (Siap Meledak),TIDAK ADA,2026-09-10 13:41:26,Biasa / Mengikuti Pasar
13:41,MPPA,Transaksi Sepi (Skip Broksum),Mid Cap (Lapis 2),Fair Value (Wajar),0.0,-14.568159,42.0,42.0,42.0,42.0,45,42,50,0.0,6587900,Normal,34,Negatif,Downtrend,Bearish,Strong Bearish,Strong Downtrend (5<20<50),Normal,Distribusi (Turun),Normal,Tidak Ada Transaksi,Normal,Tinggi,Doji (Ragu-ragu),Dekat Support (Low Risk),< 1 Miliar,Di Bawah VWAP (Lemah),Distribusi Pro (Guyuran),Gorengan Sepi (< 5M),Normal (50-150%),Mark-Down (Fase Runtuh),Solid (Jarang Dibanting),Normal,Sideways / Stagnan,TP: 43 | CL: 41,Normal,Di Area Support,Oversold (Jenuh Jual - Peluang),Netral / Sepi Berita,Normal / Sedang Transisi,Golden Rebound Fibo 78.6% 🎯,0,WAIT & SEE,SELL,-2.0,MA20 di bawah MA50 (Downtrend) | RSI Rebound Area Murah (34.0) | Harga di bawah VWAP Intraday,TIDAK ADA,2026-09-10 13:41:26,Biasa / Mengikuti Pasar
13:41,MRAT,Transaksi Sepi (Skip Broksum),Small Cap (Lapis 3),Overvalued (Mahal),51.53538,0.2858186,386.0,388.0,380.0,386.0,412,370,550,0.0,135300,Normal,25,Negatif,Downtrend,Bearish,Strong Bearish,Strong Downtrend (5<20<50),Normal,Distribusi (Turun),Normal,Dominan Beli (Hajar Kanan),Bottom Rebound,Sedang,Doji (Ragu-ragu),Area Tengah,< 1 Miliar,Di Bawah VWAP (Lemah),Distribusi Pro (Guyuran),Gorengan Sepi (< 5M),Sepi (< 50%),Mark-Down (Fase Runtuh),Spesialis Tiang Jemuran (Banting Pucuk),Jarum Bawah (Sinyal Pantulan Kuat),Sideways / Stagnan,TP: 401 | CL: 375,Normal,Sangat Menarik (> 1:3),Golden Cross (Awal Bullish),Netral / Sepi Berita,Normal / Sedang Transisi,Mendekati Fibo Bottom / 100%,1,WAIT & SEE,HOLD / NEUTRAL,-0.5,MA20 di bawah MA50 (Downtrend) | RSI Oversold Kuat (25.0) | Harga di bawah VWAP Intraday,TIDAK ADA,2026-09-10 13:41:26,Biasa / Mengikuti Pasar
13:41,MSKY,Token Mati (Perlu Update),Small Cap (Lapis 3),Fair Value (Wajar),0.0,1.1546206,67.0,85.0,66.0,83.0,66,59,85,25.757575757575758,306422700,Tembus MA20,73,Positif,Uptrend,Bullish,Strong Bullish,Perfect Uptrend (5>20>50),Akumulasi Kuat,Akumulasi (Naik),Normal,Dominan Beli (Hajar Kanan),Breakout Upper,Tinggi,Marubozu (Strong Bullish),Rawan Pucuk (High Risk),> 1 Miliar,Di Atas VWAP (Kuat),Akumulasi Pro (Smart Money),Ritel Aktif (5M - 50M),Ledakan Ekstrem (> 300%),Mark-Up (Fase Pesta),Spesialis Tiang Jemuran (Banting Pucuk),Normal,Naik 1 Hari Beruntun,TP: 90 | CL: 78,Normal,Tidak Ideal (< 1:1),Netral / Sideways,Netral / Sepi Berita,Normal / Sedang Transisi,Mengambang (Jauh dari Fibo),9,BELI,HOLD / NEUTRAL,0.6,MA20 di atas MA50 (Uptrend) | RSI Overbought Pucuk (73.0) | Harga di atas VWAP Intraday | Volume Lonjak 12.3x MA20,TIDAK ADA,2026-09-10 13:41:26,⚠️ Anomali (Sudah Terbang)
13:41,MTDL,Token Mati (Perlu Update),Mid Cap (Lapis 2),Undervalued (Murah),7.6448107,1.3598753,520.0,525.0,515.0,520.0,512,500,525,0.0,2998600,Tembus MA20,57,Negatif,Uptrend,Bullish,Strong Bullish,Perfect Uptrend (5>20>50),Normal,Akumulasi (Naik),Normal,Seimbang / Adu Mekanik,Squeeze,Rendah,Doji (Ragu-ragu),Area Tengah,> 1 Miliar,Persis di VWAP,Akumulasi Pro (Smart Money),Gorengan Sepi (< 5M),Normal (50-150%),Mark-Up (Fase Pesta),Normal,Normal,Sideways / Stagnan,TP: 535 | CL: 510,Normal,Tidak Ideal (< 1:1),Death Cross (Awal Bearish),Netral / Sepi Berita,Normal / Sedang Transisi,Dekat Support Fibo 23.6%,6,WAIT & SEE,BUY,2.0,MA20 di atas MA50 (Uptrend) | RSI Mendekati Jenuh Beli (57.0) | Volatilitas Bollinger Squeeze (Siap Meledak),TIDAK ADA,2026-09-10 13:41:26,Biasa / Mengikuti Pasar
13:41,MTLA,Transaksi Sepi (Skip Broksum),Mid Cap (Lapis 2),Undervalued (Murah),11.074652,0.7408566,520.0,540.0,520.0,540.0,521,505,540,1.8867924528301887,3300,Normal,60,Positif,Uptrend,Bullish,Strong Bullish,Perfect Uptrend (5>20>50),Normal,Distribusi (Turun),Normal,Dominan Beli (Hajar Kanan),Squeeze,Rendah,Marubozu (Strong Bullish),Area Tengah,< 1 Miliar,Di Atas VWAP (Kuat),Akumulasi Pro (Smart Money),Gorengan Sepi (< 5M),Sepi (< 50%),Mark-Up (Fase Pesta),Normal,Normal,Naik 1 Hari Beruntun,TP: 557 | CL: 528,Open = Low (Bullish Kuat),Tidak Ideal (< 1:1),Netral / Sideways,Netral / Sepi Berita,Supply Kering (Siap Pump) 🏜️,Mendekati Fibo 61.8% (Golden Ratio),6,WAIT & SEE,STRONG BUY,3.0,MA20 di atas MA50 (Uptrend) | RSI Mendekati Jenuh Beli (60.0) | Harga di atas VWAP Intraday | Volatilitas Bollinger Squeeze (Siap Meledak),TIDAK ADA,2026-09-10 13:41:26,Biasa / Mengikuti Pasar
13:41,MYOH,Transaksi Sepi (Skip Broksum),Mid Cap (Lapis 2),Overvalued (Mahal),10.00348,14556.961,1145.0,1150.0,1135.0,1150.0,1127,1015,1250,0.43668122270742354,11900,Normal,61,Positif,Uptrend,Bullish,Bearish MACD,Perfect Uptrend (5>20>50),Normal,Distribusi (Turun),Normal,Dominan Beli (Hajar Kanan),Normal,Sedang,Normal,Rawan Pucuk (High Risk),< 1 Miliar,Persis di VWAP,Distribusi Pro (Guyuran),Gorengan Sepi (< 5M),Sepi (< 50%),Mark-Up (Fase Pesta),Spesialis Tiang Jemuran (Banting Pucuk),Normal,Naik 1 Hari Beruntun,TP: 1225 | CL: 1099,Normal,Tidak Ideal (< 1:1),Golden Cross (Awal Bullish),Netral / Sepi Berita,Supply Kering (Siap Pump) 🏜️,Mendekati Fibo 50.0%,5,WAIT & SEE,HOLD / NEUTRAL,1.0,MA20 di atas MA50 (Uptrend) | RSI Mendekati Jenuh Beli (61.0),TIDAK ADA,2026-09-10 13:41:26,Biasa / Mengikuti Pasar
13:41,MYOR,Token Mati (Perlu Update),Big Cap (Lapis 1),Fair Value (Wajar),9.940034,1.8491035,1520.0,1535.0,1510.0,1525.0,1599,1510,1695,0.0,9733100,Normal,32,Negatif,Downtrend,Bearish,Strong Bearish,Strong Downtrend (5<20<50),Normal,Distribusi (Turun),Normal,Seimbang / Adu Mekanik,Normal,Sedang,Normal,Dekat Support (Low Risk),> 1 Miliar,Di Bawah VWAP (Lemah),Distribusi Pro (Guyuran),Ritel Aktif (5M - 50M),Sepi (< 50%),Mark-Down (Fase Runtuh),Normal,Normal,Sideways / Stagnan,TP: 1580 | CL: 1488,Normal,Sangat Menarik (> 1:3),Oversold (Jenuh Jual - Peluang),Netral / Sepi Berita,Normal / Sedang Transisi,Golden Rebound Fibo Bottom / 100% 🎯,0,WAIT & SEE,SELL,-2.0,MA20 di bawah MA50 (Downtrend) | RSI Rebound Area Murah (32.0) | Harga di bawah VWAP Intraday,TIDAK ADA,2026-09-10 13:41:26,Biasa / Mengikuti Pasar
13:41,NELY,Transaksi Sepi (Skip Broksum),Small Cap (Lapis 3),Undervalued (Murah),7.5349836,0.5636964,212.0,212.0,208.0,210.0,207,195,228,-0.9433962264150944,298100,Normal,54,Negatif,Uptrend,Bullish,Strong Bullish,Perfect Uptrend (5>20>50),Normal,Distribusi (Turun),Normal,Seimbang / Adu Mekanik,Normal,Sedang,Normal,Area Tengah,< 1 Miliar,Persis di VWAP,Distribusi Pro (Guyuran),Gorengan Sepi (< 5M),Sepi (< 50%),Mark-Up (Fase Pesta),Normal,Normal,Turun 1 Hari Beruntun,TP: 222 | CL: 201,Open = High (Tekanan Jual),Menengah (1:1),Netral / Sideways,Netral / Sepi Berita,Normal / Sedang Transisi,Dekat Support Fibo 38.2%,4,WAIT & SEE,BUY,1.5,MA20 di atas MA50 (Uptrend),TIDAK ADA,2026-09-10 13:41:26,Biasa / Mengikuti Pasar
13:41,NIKL,Token Mati (Perlu Update),Small Cap (Lapis 3),Overvalued (Mahal),18.853104,10909.091,250.0,254.0,236.0,240.0,207,187,256,-5.511811023622047,18637100,Tembus MA20,67,Negatif,Uptrend,Bullish,Strong Bullish,Perfect Uptrend (5>20>50),Normal,Akumulasi (Naik),Normal,Dominan Jual (Guyur),Normal,Tinggi,Normal,Rawan Pucuk (High Risk),> 1 Miliar,Di Atas VWAP (Kuat),Akumulasi Pro (Smart Money),Ritel Aktif (5M - 50M),Normal (50-150%),Mark-Up (Fase Pesta),Normal,Normal,Turun 1 Hari Beruntun,TP: 259 | CL: 226,Normal,Tidak Ideal (< 1:1),Death Cross (Awal Bearish),Netral / Sepi Berita,Supply Banjir (Distribusi) 🌊,Dekat Support Fibo 23.6%,6,WAIT & SEE,BUY,2.0,MA20 di atas MA50 (Uptrend) | RSI Mendekati Jenuh Beli (67.0) | Harga di atas VWAP Intraday,TIDAK ADA,2026-09-10 13:41:26,Biasa / Mengikuti Pasar
13:41,NIRO,Token Mati (Perlu Update),Mid Cap (Lapis 2),Fair Value (Wajar),0.0,2.5617542,177.0,236.0,171.0,192.0,165,150,236,9.090909090909092,14611900,Tembus MA20,72,Positif,Uptrend,Bullish,Strong Bullish,Perfect Uptrend (5>20>50),Akumulasi Kuat,Akumulasi (Naik),Normal,Seimbang / Adu Mekanik,Breakout Upper,Tinggi,Normal,Rawan Pucuk (High Risk),> 1 Miliar,Di Bawah VWAP (Lemah),Distribusi Pro (Guyuran),Gorengan Sepi (< 5M),Ledakan Ekstrem (> 300%),Mark-Up (Fase Pesta),Spesialis Tiang Jemuran (Banting Pucuk),Normal,Naik 1 Hari Beruntun,TP: 219 | CL: 174,Normal,Menengah (1:1),Golden Cross (Awal Bullish),Netral / Sepi Berita,Normal / Sedang Transisi,Mendekati Fibo 50.0%,8,BELI,SELL,-1.8,MA20 di atas MA50 (Uptrend) | RSI Overbought Pucuk (72.0) | Harga di bawah VWAP Intraday | Volume Lonjak 10.1x MA20,TIDAK ADA,2026-09-10 13:41:26,Biasa / Mengikuti Pasar
13:41,NISP,Token Mati (Perlu Update),Big Cap (Lapis 1),Undervalued (Murah),5.647607,0.6644745,1260.0,1290.0,1260.0,1285.0,1254,1235,1290,1.984126984126984,3888600,Normal,67,Positif,Uptrend,Golden Cross,Strong Bullish,Perfect Uptrend (5>20>50),Normal,Akumulasi (Naik),Normal,Dominan Beli (Hajar Kanan),Squeeze,Rendah,Marubozu (Strong Bullish),Area Tengah,> 1 Miliar,Di Atas VWAP (Kuat),Akumulasi Pro (Smart Money),Ritel Aktif (5M - 50M),Normal (50-150%),Mark-Up (Fase Pesta),Normal,Normal,Naik 3 Hari Beruntun,TP: 1311 | CL: 1267,Open = Low (Bullish Kuat),Tidak Ideal (< 1:1),Netral / Sideways,Netral / Sepi Berita,Normal / Sedang Transisi,Dekat Support Fibo 23.6%,7,BELI,STRONG BUY,3.0,MA20 di atas MA50 (Uptrend) | RSI Mendekati Jenuh Beli (67.0) | Harga di atas VWAP Intraday | Volatilitas Bollinger Squeeze (Siap Meledak),TIDAK ADA,2026-09-10 13:41:26,Biasa / Mengikuti Pasar
13:41,NOBU,Transaksi Sepi (Skip Broksum),Mid Cap (Lapis 2),Undervalued (Murah),6.8754773,0.9071163,535.0,545.0,530.0,540.0,514,486,565,0.9345794392523363,975300,Normal,65,Positif,Uptrend,Bullish,Strong Bullish,Perfect Uptrend (5>20>50),Normal,Akumulasi (Naik),Normal,Seimbang / Adu Mekanik,Normal,Tinggi,Normal,Rawan Pucuk (High Risk),< 1 Miliar,Persis di VWAP,Distribusi Pro (Guyuran),Gorengan Sepi (< 5M),Sepi (< 50%),Mark-Up (Fase Pesta),Normal,Normal,Naik 1 Hari Beruntun,TP: 569 | CL: 520,Normal,Tidak Ideal (< 1:1),Death Cross (Awal Bearish),Netral / Sepi Berita,Normal / Sedang Transisi,Dekat Support Fibo 23.6%,6,WAIT & SEE,HOLD / NEUTRAL,1.0,MA20 di atas MA50 (Uptrend) | RSI Mendekati Jenuh Beli (65.0),TIDAK ADA,2026-09-10 13:41:26,Biasa / Mengikuti Pasar
13:41,NRCA,Token Mati (Perlu Update),Mid Cap (Lapis 2),Undervalued (Murah),7.3395686,1.0372549,560.0,570.0,550.0,565.0,567,505,620,1.8018018018018018,3039600,Normal,54,Positif,Downtrend,Death Cross,Bearish MACD,Konsolidasi / Transisi,Normal,Distribusi (Turun),Normal,Dominan Beli (Hajar Kanan),Normal,Tinggi,Normal,Rawan Pucuk (High Risk),> 1 Miliar,Persis di VWAP,Distribusi Pro (Guyuran),Gorengan Sepi (< 5M),Sepi (< 50%),Distribution (Fase Jualan),Normal,Normal,Naik 1 Hari Beruntun,TP: 609 | CL: 535,Normal,Tidak Ideal (< 1:1),Netral / Sideways,Netral / Sepi Berita,Normal / Sedang Transisi,Dekat Support Fibo 23.6%,3,WAIT & SEE,BUY,1.5,MA20 di atas MA50 (Uptrend),TIDAK ADA,2026-09-10 13:41:26,Biasa / Mengikuti Pasar
13:41,OKAS,Transaksi Sepi (Skip Broksum),Small Cap (Lapis 3),Overvalued (Mahal),0.0,17285.713,122.0,122.0,120.0,121.0,121,114,143,0.0,2220900,Normal,58,Negatif,Downtrend,Bearish,Bearish MACD,Konsolidasi / Transisi,Normal,Akumulasi (Naik),Normal,Seimbang / Adu Mekanik,Normal,Sedang,Normal,Area Tengah,< 1 Miliar,Di Bawah VWAP (Lemah),Distribusi Pro (Guyuran),Gorengan Sepi (< 5M),Sepi (< 50%),Distribution (Fase Jualan),Spesialis Tiang Jemuran (Banting Pucuk),Normal,Sideways / Stagnan,TP: 129 | CL: 115,Open = High (Tekanan Jual),Sangat Menarik (> 1:3),Golden Cross (Awal Bullish),Netral / Sepi Berita,Normal / Sedang Transisi,Mendekati Fibo 50.0%,2,WAIT & SEE,HOLD / NEUTRAL,0.0,MA20 di atas MA50 (Uptrend) | RSI Mendekati Jenuh Beli (58.0) | Harga di bawah VWAP Intraday,TIDAK ADA,2026-09-10 13:41:26,Biasa / Mengikuti Pasar
13:41,OMRE,Transaksi Sepi (Skip Broksum),Mid Cap (Lapis 2),Fair Value (Wajar),0.0,0.90933055,1050.0,1050.0,965.0,990.0,979,900,1100,-4.3478260869565215,8800,Normal,49,Negatif,Uptrend,Bullish,Bullish MACD,Awal Reversal (5>20),Normal,Distribusi (Turun),Normal,Dominan Jual (Guyur),Normal,Sedang,Normal,Rawan Pucuk (High Risk),< 1 Miliar,Di Bawah VWAP (Lemah),Distribusi Pro (Guyuran),Gorengan Sepi (< 5M),Sepi (< 50%),Accumulation (Kumpul Barang),Normal,Normal,Turun 2 Hari Beruntun,TP: 1081 | CL: 928,Open = High (Tekanan Jual),Menengah (1:1),Netral / Sideways,Netral / Sepi Berita,Supply Banjir (Distribusi) 🌊,Mendekati Fibo 78.6%,3,WAIT & SEE,SELL,-2.5,MA20 di bawah MA50 (Downtrend) | Harga di bawah VWAP Intraday,TIDAK ADA,2026-09-10 13:41:26,Biasa / Mengikuti Pasar
13:41,PADI,Token Mati (Perlu Update),Small Cap (Lapis 3),Overvalued (Mahal),0.0,5.776173,72.0,74.0,71.0,72.0,72,67,82,0.0,135055100,Normal,50,Negatif,Downtrend,Bearish,Bearish MACD,Konsolidasi / Transisi,Normal,Akumulasi (Naik),Normal,Seimbang / Adu Mekanik,Normal,Sedang,Doji (Ragu-ragu),Area Tengah,> 1 Miliar,Persis di VWAP,Distribusi Pro (Guyuran),Ritel Aktif (5M - 50M),Normal (50-150%),Sideways,Normal,Normal,Sideways / Stagnan,TP: 78 | CL: 67,Normal,Ideal (1:2),Netral / Sideways,Netral / Sepi Berita,Normal / Sedang Transisi,Dekat Support Fibo 50.0%,1,WAIT & SEE,SELL,-1.5,MA20 di bawah MA50 (Downtrend),TIDAK ADA,2026-09-10 13:41:26,Biasa / Mengikuti Pasar
13:41,PALM,Transaksi Sepi (Skip Broksum),Mid Cap (Lapis 2),Undervalued (Murah),8.347434,0.9299461,294.0,298.0,294.0,296.0,292,282,302,-0.6711409395973155,52000,Normal,52,Negatif,Uptrend,Bullish,Strong Bullish,Awal Reversal (5>20),Normal,Akumulasi (Naik),Normal,Seimbang / Adu Mekanik,Squeeze,Rendah,Normal,Area Tengah,< 1 Miliar,Di Atas VWAP (Kuat),Akumulasi Pro (Smart Money),Gorengan Sepi (< 5M),Sepi (< 50%),Accumulation (Kumpul Barang),Normal,Normal,Turun 1 Hari Beruntun,TP: 306 | CL: 289,Open = Low (Bullish Kuat),Tidak Ideal (< 1:1),Death Cross (Awal Bearish),Netral / Sepi Berita,Normal / Sedang Transisi,Dekat Support Fibo 61.8% (Golden Ratio),5,WAIT & SEE,HOLD / NEUTRAL,0.5,MA20 di bawah MA50 (Downtrend) | Harga di atas VWAP Intraday | Volatilitas Bollinger Squeeze (Siap Meledak),TIDAK ADA,2026-09-10 13:41:26,Biasa / Mengikuti Pasar
13:41,PANR,Transaksi Sepi (Skip Broksum),Small Cap (Lapis 3),Fair Value (Wajar),0.0,0.64002115,430.0,434.0,424.0,426.0,426,412,448,-0.46728971962616817,20700,Normal,51,Negatif,Downtrend,Bullish,Bearish MACD,Perfect Uptrend (5>20>50),Normal,Distribusi (Turun),Normal,Dominan Jual (Guyur),Squeeze,Rendah,Normal,Area Tengah,< 1 Miliar,Di Bawah VWAP (Lemah),Distribusi Pro (Guyuran),Gorengan Sepi (< 5M),Sepi (< 50%),Distribution (Fase Jualan),Spesialis Tiang Jemuran (Banting Pucuk),Normal,Turun 2 Hari Beruntun,TP: 443 | CL: 414,Normal,Ideal (1:2),Netral / Sideways,Netral / Sepi Berita,Normal / Sedang Transisi,Dekat Support Fibo 50.0%,2,WAIT & SEE,BUY,1.5,MA20 di atas MA50 (Uptrend) | Harga di bawah VWAP Intraday | Volatilitas Bollinger Squeeze (Siap Meledak),TIDAK ADA,2026-09-10 13:41:26,Biasa / Mengikuti Pasar
13:41,PANS,Transaksi Sepi (Skip Broksum),Mid Cap (Lapis 2),Undervalued (Murah),6.891842,0.8373626,1670.0,1675.0,1660.0,1665.0,1587,1515,1675,0.0,86300,Normal,79,Negatif,Uptrend,Bullish,Strong Bullish,Perfect Uptrend (5>20>50),Normal,Akumulasi (Naik),Normal,Seimbang / Adu Mekanik,Normal,Sedang,Normal,Area Tengah,< 1 Miliar,Di Atas VWAP (Kuat),Akumulasi Pro (Smart Money),Gorengan Sepi (< 5M),Sepi (< 50%),Mark-Up (Fase Pesta),Solid (Jarang Dibanting),Normal,Sideways / Stagnan,TP: 1693 | CL: 1646,Normal,Tidak Ideal (< 1:1),Overbought (Jenuh Beli - Rawan),Netral / Sepi Berita,Normal / Sedang Transisi,Mendekati Fibo 23.6%,5,WAIT & SEE,HOLD / NEUTRAL,0.5,MA20 di atas MA50 (Uptrend) | RSI Overbought Pucuk (79.0) | Harga di atas VWAP Intraday,TIDAK ADA,2026-09-10 13:41:26,Biasa / Mengikuti Pasar
13:41,PBRX,Transaksi Sepi (Skip Broksum),Small Cap (Lapis 3),Overvalued (Mahal),0.0,9000.0,27.0,28.0,27.0,27.0,26,26,28,-3.571428571428571,2523100,Normal,51,Negatif,Uptrend,Bullish,Strong Bullish,Awal Reversal (5>20),Normal,Akumulasi (Naik),Gap Down (-3.6%),Dominan Jual (Guyur),Normal,Sedang,Doji (Ragu-ragu),Area Tengah,< 1 Miliar,Di Bawah VWAP (Lemah),Akumulasi Pro (Smart Money),Gorengan Sepi (< 5M),Sepi (< 50%),Accumulation (Kumpul Barang),Normal,Normal,Turun 1 Hari Beruntun,TP: 27 | CL: 26,Normal,Menengah (1:1),Netral / Sideways,Netral / Sepi Berita,Normal / Sedang Transisi,Dekat Support Fibo 61.8% (Golden Ratio),5,WAIT & SEE,SELL,-2.5,MA20 di bawah MA50 (Downtrend) | Harga di bawah VWAP Intraday,TIDAK ADA,2026-09-10 13:41:26,Biasa / Mengikuti Pasar
13:41,PDES,Transaksi Sepi (Skip Broksum),Small Cap (Lapis 3),Fair Value (Wajar),0.0,2.5213523,386.0,388.0,370.0,382.0,386,356,422,-0.5208333333333333,907000,Tembus MA20,45,Negatif,Downtrend,Bearish,Bullish MACD,Strong Downtrend (5<20<50),Normal,Distribusi (Turun),Normal,Seimbang / Adu Mekanik,Normal,Sedang,Normal,Area Tengah,< 1 Miliar,Persis di VWAP,Akumulasi Pro (Smart Money),Gorengan Sepi (< 5M),Normal (50-150%),Mark-Down (Fase Runtuh),Solid (Jarang Dibanting),Jarum Bawah (Sinyal Pantulan Kuat),Turun 1 Hari Beruntun,TP: 413 | CL: 361,Normal,Ideal (1:2),Netral / Sideways,Netral / Sepi Berita,Normal / Sedang Transisi,Mengambang (Jauh dari Fibo),2,WAIT & SEE,SELL,-1.8,MA20 di bawah MA50 (Downtrend) | Volume Lonjak 1.9x MA20,TIDAK ADA,2026-09-10 13:41:26,Biasa / Mengikuti Pasar
13:41,PEGE,Transaksi Sepi (Skip Broksum),Small Cap (Lapis 3),Fair Value (Wajar),0.0,2.6963682,133.0,134.0,129.0,131.0,118,99,139,-1.5037593984962405,7043300,Normal,68,Negatif,Uptrend,Bullish,Strong Bullish,Perfect Uptrend (5>20>50),Normal,Akumulasi (Naik),Normal,Seimbang / Adu Mekanik,Normal,Tinggi,Normal,Rawan Pucuk (High Risk),< 1 Miliar,Persis di VWAP,Distribusi Pro (Guyuran),Gorengan Sepi (< 5M),Sepi (< 50%),Mark-Up (Fase Pesta),Spesialis Tiang Jemuran (Banting Pucuk),Normal,Turun 1 Hari Beruntun,TP: 143 | CL: 122,Normal,Tidak Ideal (< 1:1),Death Cross (Awal Bearish),Netral / Sepi Berita,Normal / Sedang Transisi,Mendekati Fibo 50.0%,5,WAIT & SEE,HOLD / NEUTRAL,1.0,MA20 di atas MA50 (Uptrend) | RSI Mendekati Jenuh Beli (68.0),TIDAK ADA,2026-09-10 13:41:26,Biasa / Mengikuti Pasar
13:41,PGAS,Token Mati (Perlu Update),Big Cap (Lapis 1),Overvalued (Mahal),8.628006,13034.188,1545.0,1555.0,1525.0,1530.0,1524,1470,1570,-0.9708737864077669,19077700,Normal,52,Negatif,Uptrend,Bullish,Bearish MACD,Perfect Uptrend (5>20>50),Normal,Akumulasi (Naik),Normal,Dominan Jual (Guyur),Squeeze,Rendah,Normal,Area Tengah,> 1 Miliar,Persis di VWAP,Akumulasi Pro (Smart Money),Ritel Aktif (5M - 50M),Normal (50-150%),Mark-Up (Fase Pesta),Normal,Normal,Turun 1 Hari Beruntun,TP: 1576 | CL: 1499,Normal,Tidak Ideal (< 1:1),Netral / Sideways,Netral / Sepi Berita,Normal / Sedang Transisi,Dekat Support Fibo 38.2%,4,WAIT & SEE,BUY,2.5,MA20 di atas MA50 (Uptrend) | Volatilitas Bollinger Squeeze (Siap Meledak),TIDAK ADA,2026-09-10 13:41:26,Biasa / Mengikuti Pasar
13:41,PGLI,Transaksi Sepi (Skip Broksum),Small Cap (Lapis 3),Overvalued (Mahal),0.0,7.8139534,210.0,210.0,202.0,210.0,210,200,238,0.9615384615384616,76800,Normal,52,Positif,Downtrend,Bullish,Bearish MACD,Perfect Uptrend (5>20>50),Normal,Akumulasi (Naik),Normal,Dominan Beli (Hajar Kanan),Squeeze,Rendah,Doji (Ragu-ragu),Area Tengah,< 1 Miliar,Di Bawah VWAP (Lemah),Distribusi Pro (Guyuran),Gorengan Sepi (< 5M),Sepi (< 50%),Distribution (Fase Jualan),Spesialis Tiang Jemuran (Banting Pucuk),Jarum Bawah (Sinyal Pantulan Kuat),Naik 1 Hari Beruntun,TP: 229 | CL: 196,Normal,Ideal (1:2),Netral / Sideways,Netral / Sepi Berita,Normal / Sedang Transisi,Mendekati Fibo 50.0%,5,WAIT & SEE,BUY,1.5,MA20 di atas MA50 (Uptrend) | Harga di bawah VWAP Intraday | Volatilitas Bollinger Squeeze (Siap Meledak),TIDAK ADA,2026-09-10 13:41:26,Biasa / Mengikuti Pasar
13:41,PICO,Transaksi Sepi (Skip Broksum),Small Cap (Lapis 3),Fair Value (Wajar),0.0,0.4998463,191.0,191.0,184.0,187.0,173,131,248,-2.604166666666667,1784500,Normal,63,Negatif,Uptrend,Bullish,Bearish MACD,Perfect Uptrend (5>20>50),Normal,Akumulasi (Naik),Normal,Seimbang / Adu Mekanik,Normal,Tinggi,Normal,Rawan Pucuk (High Risk),< 1 Miliar,Di Bawah VWAP (Lemah),Akumulasi Pro (Smart Money),Gorengan Sepi (< 5M),Sepi (< 50%),Mark-Up (Fase Pesta),Normal,Normal,Turun 2 Hari Beruntun,TP: 217 | CL: 166,Open = High (Tekanan Jual),Menengah (1:1),Netral / Sideways,Netral / Sepi Berita,Normal / Sedang Transisi,Mendekati Fibo 50.0%,4,WAIT & SEE,HOLD / NEUTRAL,0.0,MA20 di atas MA50 (Uptrend) | RSI Mendekati Jenuh Beli (63.0) | Harga di bawah VWAP Intraday,TIDAK ADA,2026-09-10 13:41:26,Biasa / Mengikuti Pasar
13:41,PJAA,Transaksi Sepi (Skip Broksum),Small Cap (Lapis 3),Undervalued (Murah),4.619538,0.41065425,472.0,472.0,462.0,462.0,461,452,476,-1.282051282051282,38900,Normal,51,Negatif,Uptrend,Bullish,Strong Bullish,Perfect Uptrend (5>20>50),Normal,Akumulasi (Naik),Normal,Dominan Jual (Guyur),Squeeze,Rendah,Normal,Dekat Support (Low Risk),< 1 Miliar,Di Bawah VWAP (Lemah),Distribusi Pro (Guyuran),Gorengan Sepi (< 5M),Sepi (< 50%),Mark-Up (Fase Pesta),Normal,Normal,Turun 1 Hari Beruntun,TP: 471 | CL: 455,Open = High (Tekanan Jual),Menengah (1:1),Netral / Sideways,Netral / Sepi Berita,Normal / Sedang Transisi,Dekat Support Fibo 50.0%,5,WAIT & SEE,BUY,1.5,MA20 di atas MA50 (Uptrend) | Harga di bawah VWAP Intraday | Volatilitas Bollinger Squeeze (Siap Meledak),TIDAK ADA,2026-09-10 13:41:26,Biasa / Mengikuti Pasar
13:41,PKPK,Token Mati (Perlu Update),Mid Cap (Lapis 2),Overvalued (Mahal),55.125847,16.539398,4500.0,4550.0,4390.0,4490.0,3889,3500,4790,-0.2222222222222222,599900,Normal,76,Negatif,Uptrend,Bullish,Strong Bullish,Perfect Uptrend (5>20>50),Normal,Akumulasi (Naik),Normal,Seimbang / Adu Mekanik,Normal,Tinggi,Doji (Ragu-ragu),Rawan Pucuk (High Risk),> 1 Miliar,Di Atas VWAP (Kuat),Akumulasi Pro (Smart Money),Ritel Aktif (5M - 50M),Sepi (< 50%),Mark-Up (Fase Pesta),Normal,Jarum Bawah (Sinyal Pantulan Kuat),Turun 1 Hari Beruntun,TP: 4833 | CL: 4260,Normal,Tidak Ideal (< 1:1),Netral / Sideways,Netral / Sepi Berita,Normal / Sedang Transisi,Mendekati Fibo 23.6%,5,WAIT & SEE,HOLD / NEUTRAL,0.5,MA20 di atas MA50 (Uptrend) | RSI Overbought Pucuk (76.0) | Harga di atas VWAP Intraday,TIDAK ADA,2026-09-10 13:41:26,Biasa / Mengikuti Pasar
13:41,PNBN,Transaksi Sepi (Skip Broksum),Big Cap (Lapis 1),Undervalued (Murah),8.056705,0.41300437,910.0,915.0,905.0,915.0,904,885,935,0.5494505494505495,658400,Normal,57,Positif,Uptrend,Bullish,Strong Bullish,Perfect Uptrend (5>20>50),Normal,Distribusi (Turun),Normal,Dominan Beli (Hajar Kanan),Squeeze,Rendah,Normal,Area Tengah,< 1 Miliar,Persis di VWAP,Akumulasi Pro (Smart Money),Gorengan Sepi (< 5M),Sepi (< 50%),Mark-Up (Fase Pesta),Normal,Normal,Naik 1 Hari Beruntun,TP: 940 | CL: 897,Normal,Tidak Ideal (< 1:1),Netral / Sideways,Netral / Sepi Berita,Normal / Sedang Transisi,Dekat Support Fibo 23.6%,6,WAIT & SEE,BUY,2.0,MA20 di atas MA50 (Uptrend) | RSI Mendekati Jenuh Beli (57.0) | Volatilitas Bollinger Squeeze (Siap Meledak),TIDAK ADA,2026-09-10 13:41:26,Biasa / Mengikuti Pasar
13:41,PNBS,Transaksi Sepi (Skip Broksum),Mid Cap (Lapis 2),Overvalued (Mahal),25.906736,0.6449366,50.0,50.0,50.0,50.0,50,50,51,0.0,113100,Normal,47,Negatif,Downtrend,Bearish,Bullish MACD,Strong Downtrend (5<20<50),Normal,Netral,Normal,Tidak Ada Transaksi,Squeeze,Rendah,Doji (Ragu-ragu),Dekat Support (Low Risk),< 1 Miliar,Persis di VWAP,Netral,Gorengan Sepi (< 5M),Sepi (< 50%),Mark-Down (Fase Runtuh),Spesialis Tiang Jemuran (Banting Pucuk),Normal,Sideways / Stagnan,TP: 50 | CL: 49,Normal,Di Area Support,Oversold (Jenuh Jual - Peluang),Netral / Sepi Berita,Supply Kering (Siap Pump) 🏜️,Golden Rebound Fibo Bottom / 100% 🎯,1,WAIT & SEE,HOLD / NEUTRAL,-0.5,MA20 di bawah MA50 (Downtrend) | Volatilitas Bollinger Squeeze (Siap Meledak),TIDAK ADA,2026-09-10 13:41:26,Biasa / Mengikuti Pasar
13:41,PNIN,Transaksi Sepi (Skip Broksum),Mid Cap (Lapis 2),Undervalued (Murah),2.757839,0.1339201,725.0,730.0,720.0,730.0,722,700,750,0.6896551724137931,383300,Tembus MA20,55,Positif,Uptrend,Bullish,Strong Bullish,Perfect Uptrend (5>20>50),Normal,Distribusi (Turun),Normal,Dominan Beli (Hajar Kanan),Squeeze,Rendah,Normal,Area Tengah,< 1 Miliar,Persis di VWAP,Akumulasi Pro (Smart Money),Gorengan Sepi (< 5M),Normal (50-150%),Mark-Up (Fase Pesta),Normal,Normal,Naik 1 Hari Beruntun,TP: 756 | CL: 712,Normal,Tidak Ideal (< 1:1),Netral / Sideways,Netral / Sepi Berita,Normal / Sedang Transisi,Dekat Support Fibo 50.0%,7,BELI,BUY,2.5,MA20 di atas MA50 (Uptrend) | Volatilitas Bollinger Squeeze (Siap Meledak),TIDAK ADA,2026-09-10 13:41:26,Biasa / Mengikuti Pasar
13:41,PNLF,Transaksi Sepi (Skip Broksum),Mid Cap (Lapis 2),Undervalued (Murah),3.4190621,0.22930543,228.0,228.0,226.0,226.0,230,224,244,0.0,3391800,Normal,46,Negatif,Downtrend,Bearish,Strong Bearish,Konsolidasi / Transisi,Normal,Distribusi (Turun),Normal,Dominan Jual (Guyur),Normal,Sedang,Normal,Dekat Support (Low Risk),< 1 Miliar,Persis di VWAP,Distribusi Pro (Guyuran),Gorengan Sepi (< 5M),Sepi (< 50%),Distribution (Fase Jualan),Normal,Normal,Sideways / Stagnan,TP: 233 | CL: 221,Open = High (Tekanan Jual),Sangat Menarik (> 1:3),Golden Cross (Awal Bullish),Netral / Sepi Berita,Normal / Sedang Transisi,Dekat Support Fibo 50.0%,0,WAIT & SEE,BUY,1.5,MA20 di atas MA50 (Uptrend),TIDAK ADA,2026-09-10 13:41:26,Biasa / Mengikuti Pasar
13:41,PSAB,Token Mati (Perlu Update),Big Cap (Lapis 1),Overvalued (Mahal),4.472135,36562.5,595.0,600.0,580.0,585.0,584,482,665,0.0,39139100,Normal,59,Negatif,Uptrend,Bearish,Bearish MACD,Konsolidasi / Transisi,Normal,Akumulasi (Naik),Normal,Dominan Jual (Guyur),Normal,Tinggi,Normal,Rawan Pucuk (High Risk),> 1 Miliar,Di Atas VWAP (Kuat),Akumulasi Pro (Smart Money),Ritel Aktif (5M - 50M),Normal (50-150%),Mark-Up (Fase Pesta),Normal,Normal,Sideways / Stagnan,TP: 625 | CL: 558,Normal,Tidak Ideal (< 1:1),Golden Cross (Awal Bullish),Netral / Sepi Berita,Normal / Sedang Transisi,Mendekati Fibo 38.2%,3,WAIT & SEE,BUY,2.0,MA20 di atas MA50 (Uptrend) | RSI Mendekati Jenuh Beli (59.0) | Harga di atas VWAP Intraday,TIDAK ADA,2026-09-10 13:41:26,Biasa / Mengikuti Pasar
13:41,PSDN,Token Mati (Perlu Update),Small Cap (Lapis 3),Overvalued (Mahal),22.307692,4.45277,148.0,149.0,143.0,146.0,136,126,149,-1.3513513513513513,9252300,Tembus MA20,63,Negatif,Uptrend,Bullish,Strong Bullish,Perfect Uptrend (5>20>50),Normal,Akumulasi (Naik),Normal,Seimbang / Adu Mekanik,Normal,Sedang,Normal,Rawan Pucuk (High Risk),> 1 Miliar,Di Atas VWAP (Kuat),Akumulasi Pro (Smart Money),Gorengan Sepi (< 5M),Normal (50-150%),Mark-Up (Fase Pesta),Spesialis Tiang Jemuran (Banting Pucuk),Normal,Turun 1 Hari Beruntun,TP: 157 | CL: 138,Normal,Tidak Ideal (< 1:1),Overbought (Jenuh Beli - Rawan),Netral / Sepi Berita,Normal / Sedang Transisi,Dekat Support Fibo 23.6%,6,WAIT & SEE,BUY,2.0,MA20 di atas MA50 (Uptrend) | RSI Mendekati Jenuh Beli (63.0) | Harga di atas VWAP Intraday,TIDAK ADA,2026-09-10 13:41:26,Biasa / Mengikuti Pasar
13:41,PSKT,Token Mati (Perlu Update),Mid Cap (Lapis 2),Overvalued (Mahal),0.0,8.084496,254.0,254.0,244.0,248.0,235,208,270,-2.3622047244094486,6955200,Normal,56,Negatif,Uptrend,Bullish,Strong Bullish,Perfect Uptrend (5>20>50),Normal,Distribusi (Turun),Normal,Seimbang / Adu Mekanik,Normal,Tinggi,Normal,Rawan Pucuk (High Risk),> 1 Miliar,Persis di VWAP,Akumulasi Pro (Smart Money),Gorengan Sepi (< 5M),Sepi (< 50%),Mark-Up (Fase Pesta),Normal,Normal,Turun 1 Hari Beruntun,TP: 280 | CL: 226,Open = High (Tekanan Jual),Tidak Ideal (< 1:1),Death Cross (Awal Bearish),Netral / Sepi Berita,Normal / Sedang Transisi,Dekat Support Fibo 23.6%,4,WAIT & SEE,HOLD / NEUTRAL,1.0,MA20 di atas MA50 (Uptrend) | RSI Mendekati Jenuh Beli (56.0),TIDAK ADA,2026-09-10 13:41:26,Biasa / Mengikuti Pasar
13:41,PTBA,Token Mati (Perlu Update),Big Cap (Lapis 1),Fair Value (Wajar),7.6943617,1.551024,3080.0,3200.0,3080.0,3170.0,2632,2320,3200,2.258064516129032,41539000,Normal,89,Positif,Uptrend,Bullish,Strong Bullish,Perfect Uptrend (5>20>50),Normal,Akumulasi (Naik),Normal,Dominan Beli (Hajar Kanan),Normal,Tinggi,Normal,Rawan Pucuk (High Risk),> 1 Miliar,Di Atas VWAP (Kuat),Akumulasi Pro (Smart Money),Sultan (> 50M/hari),Normal (50-150%),Mark-Up (Fase Pesta),Spesialis Tiang Jemuran (Banting Pucuk),Normal,Naik 2 Hari Beruntun,TP: 3346 | CL: 3052,Open = Low (Bullish Kuat),Tidak Ideal (< 1:1),Overbought (Jenuh Beli - Rawan),Netral / Sepi Berita,Normal / Sedang Transisi,Mengambang (Jauh dari Fibo),7,BELI,HOLD / NEUTRAL,0.5,MA20 di atas MA50 (Uptrend) | RSI Overbought Pucuk (89.0) | Harga di atas VWAP Intraday,TIDAK ADA,2026-09-10 13:41:26,Biasa / Mengikuti Pasar
13:41,PTIS,Transaksi Sepi (Skip Broksum),Small Cap (Lapis 3),Overvalued (Mahal),0.0,7135.1353,268.0,268.0,258.0,264.0,258,242,290,-1.4925373134328357,116500,Normal,53,Negatif,Uptrend,Golden Cross,Bullish MACD,Awal Reversal (5>20),Normal,Akumulasi (Naik),Normal,Seimbang / Adu Mekanik,Normal,Sedang,Normal,Area Tengah,< 1 Miliar,Persis di VWAP,Akumulasi Pro (Smart Money),Gorengan Sepi (< 5M),Normal (50-150%),Accumulation (Kumpul Barang),Normal,Normal,Turun 1 Hari Beruntun,TP: 282 | CL: 251,Open = High (Tekanan Jual),Menengah (1:1),Golden Cross (Awal Bullish),Netral / Sepi Berita,Supply Banjir (Distribusi) 🌊,Mendekati Fibo 78.6%,5,WAIT & SEE,SELL,-1.5,MA20 di bawah MA50 (Downtrend),TIDAK ADA,2026-09-10 13:41:26,Biasa / Mengikuti Pasar
13:41,PTPP,Transaksi Sepi (Skip Broksum),Mid Cap (Lapis 2),Fair Value (Wajar),0.0,0.37506986,202.0,206.0,202.0,204.0,205,195,222,-0.9708737864077669,3357000,Normal,49,Negatif,Downtrend,Bullish,Bearish MACD,Perfect Uptrend (5>20>50),Normal,Distribusi (Turun),Normal,Seimbang / Adu Mekanik,Normal,Sedang,Normal,Area Tengah,< 1 Miliar,Di Bawah VWAP (Lemah),Distribusi Pro (Guyuran),Gorengan Sepi (< 5M),Sepi (< 50%),Distribution (Fase Jualan),Spesialis Tiang Jemuran (Banting Pucuk),Normal,Turun 4 Hari Beruntun,TP: 216 | CL: 195,Open = Low (Bullish Kuat),Ideal (1:2),Netral / Sideways,Netral / Sepi Berita,Normal / Sedang Transisi,Mendekati Fibo 61.8% (Golden Ratio),1,WAIT & SEE,HOLD / NEUTRAL,0.5,MA20 di atas MA50 (Uptrend) | Harga di bawah VWAP Intraday,TIDAK ADA,2026-09-10 13:41:26,Biasa / Mengikuti Pasar
13:41,PTRO,Token Mati (Perlu Update),Big Cap (Lapis 1),Overvalued (Mahal),110.77494,218269.22,5500.0,5850.0,5500.0,5700.0,5260,4800,5850,4.587155963302752,61349900,Tembus MA20,67,Positif,Uptrend,Bullish,Strong Bullish,Perfect Uptrend (5>20>50),Normal,Akumulasi (Naik),Normal,Seimbang / Adu Mekanik,Breakout Upper,Sedang,Normal,Rawan Pucuk (High Risk),> 1 Miliar,Di Atas VWAP (Kuat),Distribusi Pro (Guyuran),Sultan (> 50M/hari),Normal (50-150%),Mark-Up (Fase Pesta),Normal,Normal,Naik 2 Hari Beruntun,TP: 6084 | CL: 5443,Open = Low (Bullish Kuat),Tidak Ideal (< 1:1),Netral / Sideways,Netral / Sepi Berita,Normal / Sedang Transisi,Mengambang (Jauh dari Fibo),7,BELI,BUY,2.0,MA20 di atas MA50 (Uptrend) | RSI Mendekati Jenuh Beli (67.0) | Harga di atas VWAP Intraday,TIDAK ADA,2026-09-10 13:41:26,Biasa / Mengikuti Pasar
13:41,PTSN,Transaksi Sepi (Skip Broksum),Mid Cap (Lapis 2),Overvalued (Mahal),7.626263,12583.333,296.0,308.0,294.0,302.0,295,278,320,2.027027027027027,178000,Normal,61,Positif,Uptrend,Bullish,Bearish MACD,Perfect Uptrend (5>20>50),Normal,Distribusi (Turun),Normal,Seimbang / Adu Mekanik,Normal,Sedang,Normal,Area Tengah,< 1 Miliar,Di Atas VWAP (Kuat),Distribusi Pro (Guyuran),Gorengan Sepi (< 5M),Sepi (< 50%),Mark-Up (Fase Pesta),Normal,Normal,Naik 1 Hari Beruntun,TP: 319 | CL: 290,Normal,Tidak Ideal (< 1:1),Netral / Sideways,Netral / Sepi Berita,Normal / Sedang Transisi,Mendekati Fibo 38.2%,4,WAIT & SEE,BUY,2.0,MA20 di atas MA50 (Uptrend) | RSI Mendekati Jenuh Beli (61.0) | Harga di atas VWAP Intraday,TIDAK ADA,2026-09-10 13:41:26,Biasa / Mengikuti Pasar
13:41,PTSP,Transaksi Sepi (Skip Broksum),Small Cap (Lapis 3),Undervalued (Murah),9.970604,1.4529886,1265.0,1275.0,1225.0,1255.0,1077,885,1740,-0.3968253968253968,54200,Normal,60,Negatif,Uptrend,Bullish,Strong Bullish,Perfect Uptrend (5>20>50),Normal,Distribusi (Turun),Normal,Seimbang / Adu Mekanik,Normal,Tinggi,Normal,Rawan Pucuk (High Risk),< 1 Miliar,Di Bawah VWAP (Lemah),Distribusi Pro (Guyuran),Gorengan Sepi (< 5M),Sepi (< 50%),Mark-Up (Fase Pesta),Spesialis Tiang Jemuran (Banting Pucuk),Jarum Bawah (Sinyal Pantulan Kuat),Turun 5 Hari Beruntun,TP: 1465 | CL: 1115,Normal,Menengah (1:1),Netral / Sideways,Netral / Sepi Berita,Normal / Sedang Transisi,Mengambang (Jauh dari Fibo),4,WAIT & SEE,HOLD / NEUTRAL,0.0,MA20 di atas MA50 (Uptrend) | RSI Mendekati Jenuh Beli (60.0) | Harga di bawah VWAP Intraday,TIDAK ADA,2026-09-10 13:41:26,Biasa / Mengikuti Pasar
13:41,PUDP,Transaksi Sepi (Skip Broksum),Small Cap (Lapis 3),Fair Value (Wajar),0.0,0.36492422,274.0,286.0,274.0,278.0,279,264,318,1.4598540145985401,407200,Tembus MA20,43,Positif,Downtrend,Bearish,Bullish MACD,Strong Downtrend (5<20<50),Normal,Akumulasi (Naik),Normal,Seimbang / Adu Mekanik,Normal,Sedang,Normal,Area Tengah,< 1 Miliar,Persis di VWAP,Distribusi Pro (Guyuran),Gorengan Sepi (< 5M),Normal (50-150%),Mark-Down (Fase Runtuh),Spesialis Tiang Jemuran (Banting Pucuk),Normal,Naik 2 Hari Beruntun,TP: 297 | CL: 265,Open = Low (Bullish Kuat),Ideal (1:2),Golden Cross (Awal Bullish),Netral / Sepi Berita,Normal / Sedang Transisi,Mendekati Fibo Bottom / 100%,4,WAIT & SEE,HOLD / NEUTRAL,-1.0,MA20 di bawah MA50 (Downtrend) | RSI Rebound Area Murah (43.0),TIDAK ADA,2026-09-10 13:41:26,Biasa / Mengikuti Pasar
13:41,PWON,Token Mati (Perlu Update),Big Cap (Lapis 1),Undervalued (Murah),5.9986963,0.5818648,276.0,278.0,274.0,274.0,270,252,284,-0.7246376811594203,18197700,Normal,55,Negatif,Uptrend,Bullish,Strong Bullish,Perfect Uptrend (5>20>50),Normal,Distribusi (Turun),Normal,Dominan Jual (Guyur),Normal,Sedang,Normal,Area Tengah,> 1 Miliar,Di Bawah VWAP (Lemah),Distribusi Pro (Guyuran),Ritel Aktif (5M - 50M),Sepi (< 50%),Mark-Up (Fase Pesta),Normal,Normal,Turun 2 Hari Beruntun,TP: 284 | CL: 267,Normal,Tidak Ideal (< 1:1),Death Cross (Awal Bearish),Netral / Sepi Berita,Normal / Sedang Transisi,Dekat Support Fibo 23.6%,4,WAIT & SEE,HOLD / NEUTRAL,0.5,MA20 di atas MA50 (Uptrend) | Harga di bawah VWAP Intraday,TIDAK ADA,2026-09-10 13:41:26,Biasa / Mengikuti Pasar
13:41,PYFA,Token Mati (Perlu Update),Mid Cap (Lapis 2),Overvalued (Mahal),0.0,4.3686767,262.0,272.0,258.0,268.0,244,206,314,3.076923076923077,17362100,Normal,60,Positif,Uptrend,Bullish,Strong Bullish,Perfect Uptrend (5>20>50),Normal,Akumulasi (Naik),Normal,Dominan Beli (Hajar Kanan),Normal,Tinggi,Normal,Rawan Pucuk (High Risk),> 1 Miliar,Di Bawah VWAP (Lemah),Distribusi Pro (Guyuran),Ritel Aktif (5M - 50M),Sepi (< 50%),Mark-Up (Fase Pesta),Normal,Normal,Naik 1 Hari Beruntun,TP: 297 | CL: 248,Normal,Tidak Ideal (< 1:1),Netral / Sideways,Netral / Sepi Berita,Normal / Sedang Transisi,Mendekati Fibo 38.2%,7,BELI,HOLD / NEUTRAL,0.0,MA20 di atas MA50 (Uptrend) | RSI Mendekati Jenuh Beli (60.0) | Harga di bawah VWAP Intraday,TIDAK ADA,2026-09-10 13:41:26,Biasa / Mengikuti Pasar
13:41,RAJA,Token Mati (Perlu Update),Big Cap (Lapis 1),Overvalued (Mahal),25.664812,83000.0,835.0,850.0,825.0,835.0,822,785,895,1.2121212121212122,83966300,Tembus MA20,51,Positif,Uptrend,Bearish,Bullish MACD,Strong Downtrend (5<20<50),Normal,Akumulasi (Naik),Normal,Seimbang / Adu Mekanik,Normal,Sedang,Doji (Ragu-ragu),Area Tengah,> 1 Miliar,Di Atas VWAP (Kuat),Distribusi Pro (Guyuran),Sultan (> 50M/hari),Normal (50-150%),Accumulation (Kumpul Barang),Normal,Normal,Naik 1 Hari Beruntun,TP: 878 | CL: 806,Normal,Menengah (1:1),Netral / Sideways,Netral / Sepi Berita,Normal / Sedang Transisi,Dekat Support Fibo 50.0%,6,WAIT & SEE,HOLD / NEUTRAL,-0.5,MA20 di bawah MA50 (Downtrend) | Harga di atas VWAP Intraday,TIDAK ADA,2026-09-10 13:41:26,Biasa / Mengikuti Pasar
13:41,RALS,Transaksi Sepi (Skip Broksum),Mid Cap (Lapis 2),Undervalued (Murah),9.89204,0.69707745,396.0,398.0,392.0,396.0,383,378,398,0.5076142131979695,1484500,Normal,74,Positif,Uptrend,Bullish,Strong Bullish,Perfect Uptrend (5>20>50),Normal,Akumulasi (Naik),Normal,Seimbang / Adu Mekanik,Squeeze,Rendah,Doji (Ragu-ragu),Area Tengah,< 1 Miliar,Di Atas VWAP (Kuat),Akumulasi Pro (Smart Money),Gorengan Sepi (< 5M),Normal (50-150%),Mark-Up (Fase Pesta),Solid (Jarang Dibanting),Jarum Bawah (Sinyal Pantulan Kuat),Naik 4 Hari Beruntun,TP: 402 | CL: 391,Normal,Tidak Ideal (< 1:1),Overbought (Jenuh Beli - Rawan),Netral / Sepi Berita,Normal / Sedang Transisi,Golden Rebound Fibo 23.6% 🎯,6,WAIT & SEE,BUY,1.5,MA20 di atas MA50 (Uptrend) | RSI Overbought Pucuk (74.0) | Harga di atas VWAP Intraday | Volatilitas Bollinger Squeeze (Siap Meledak),TIDAK ADA,2026-09-10 13:41:26,Biasa / Mengikuti Pasar
13:41,RANC,Transaksi Sepi (Skip Broksum),Small Cap (Lapis 3),Overvalued (Mahal),0.0,3.209688,550.0,585.0,540.0,555.0,532,500,585,0.0,51700,Tembus MA20,67,Negatif,Uptrend,Bullish,Strong Bullish,Perfect Uptrend (5>20>50),Normal,Akumulasi (Naik),Normal,Seimbang / Adu Mekanik,Normal,Sedang,Normal,Rawan Pucuk (High Risk),< 1 Miliar,Persis di VWAP,Akumulasi Pro (Smart Money),Gorengan Sepi (< 5M),Normal (50-150%),Mark-Up (Fase Pesta),Normal,Normal,Sideways / Stagnan,TP: 600 | CL: 525,Normal,Tidak Ideal (< 1:1),Death Cross (Awal Bearish),Netral / Sepi Berita,Normal / Sedang Transisi,Dekat Support Fibo 38.2%,6,WAIT & SEE,HOLD / NEUTRAL,1.0,MA20 di atas MA50 (Uptrend) | RSI Mendekati Jenuh Beli (67.0),TIDAK ADA,2026-09-10 13:41:26,Biasa / Mengikuti Pasar
13:41,RBMS,Transaksi Sepi (Skip Broksum),Small Cap (Lapis 3),Fair Value (Wajar),0.0,0.3361201,64.0,64.0,62.0,63.0,63,58,69,0.0,12381100,Normal,50,Negatif,Downtrend,Bearish,Bullish MACD,Strong Downtrend (5<20<50),Normal,Akumulasi (Naik),Normal,Seimbang / Adu Mekanik,Normal,Sedang,Normal,Area Tengah,< 1 Miliar,Persis di VWAP,Akumulasi Pro (Smart Money),Gorengan Sepi (< 5M),Normal (50-150%),Sideways,Normal,Normal,Sideways / Stagnan,TP: 67 | CL: 60,Open = High (Tekanan Jual),Menengah (1:1),Death Cross (Awal Bearish),Netral / Sepi Berita,Normal / Sedang Transisi,Mengambang (Jauh dari Fibo),2,WAIT & SEE,SELL,-1.5,MA20 di bawah MA50 (Downtrend),TIDAK ADA,2026-09-10 13:41:26,Biasa / Mengikuti Pasar
13:41,RDTX,Transaksi Sepi (Skip Broksum),Mid Cap (Lapis 2),Undervalued (Murah),8.688084,1.0525461,13525.0,13525.0,13525.0,13525.0,13560,12800,13825,0.0,100,Normal,49,Negatif,Downtrend,Bearish,Bullish MACD,Strong Downtrend (5<20<50),Normal,Distribusi (Turun),Normal,Tidak Ada Transaksi,Squeeze,Rendah,Doji (Ragu-ragu),Area Tengah,< 1 Miliar,Di Atas VWAP (Kuat),Akumulasi Pro (Smart Money),Gorengan Sepi (< 5M),Sepi (< 50%),Mark-Down (Fase Runtuh),Normal,Normal,Sideways / Stagnan,TP: 13921 | CL: 13260,Normal,Tidak Ideal (< 1:1),Netral / Sideways,Netral / Sepi Berita,Normal / Sedang Transisi,Dekat Support Fibo 78.6%,1,WAIT & SEE,HOLD / NEUTRAL,0.5,MA20 di bawah MA50 (Downtrend) | Harga di atas VWAP Intraday | Volatilitas Bollinger Squeeze (Siap Meledak),TIDAK ADA,2026-09-10 13:41:26,Biasa / Mengikuti Pasar
13:41,RELI,Transaksi Sepi (Skip Broksum),Small Cap (Lapis 3),Overvalued (Mahal),47.65585,1.8832135,555.0,555.0,525.0,555.0,529,468,605,0.0,9100,Normal,67,Negatif,Uptrend,Bullish,Strong Bullish,Perfect Uptrend (5>20>50),Normal,Akumulasi (Naik),Normal,Dominan Beli (Hajar Kanan),Normal,Tinggi,Doji (Ragu-ragu),Rawan Pucuk (High Risk),< 1 Miliar,Di Atas VWAP (Kuat),Akumulasi Pro (Smart Money),Gorengan Sepi (< 5M),Normal (50-150%),Mark-Up (Fase Pesta),Spesialis Tiang Jemuran (Banting Pucuk),Jarum Bawah (Sinyal Pantulan Kuat),Sideways / Stagnan,TP: 601 | CL: 524,Normal,Tidak Ideal (< 1:1),Netral / Sideways,Netral / Sepi Berita,Normal / Sedang Transisi,Golden Rebound Fibo 38.2% 🎯,6,WAIT & SEE,BUY,2.0,MA20 di atas MA50 (Uptrend) | RSI Mendekati Jenuh Beli (67.0) | Harga di atas VWAP Intraday,TIDAK ADA,2026-09-10 13:41:26,Biasa / Mengikuti Pasar
13:41,RICY,Transaksi Sepi (Skip Broksum),Small Cap (Lapis 3),Fair Value (Wajar),0.0,0.2343615,79.0,80.0,79.0,80.0,79,72,97,0.0,735500,Normal,55,Negatif,Uptrend,Bullish,Bearish MACD,Perfect Uptrend (5>20>50),Normal,Akumulasi (Naik),Normal,Dominan Beli (Hajar Kanan),Squeeze,Rendah,Marubozu (Strong Bullish),Rawan Pucuk (High Risk),< 1 Miliar,Persis di VWAP,Distribusi Pro (Guyuran),Gorengan Sepi (< 5M),Sepi (< 50%),Mark-Up (Fase Pesta),Spesialis Tiang Jemuran (Banting Pucuk),Normal,Sideways / Stagnan,TP: 86 | CL: 75,Open = Low (Bullish Kuat),Ideal (1:2),Netral / Sideways,Netral / Sepi Berita,Normal / Sedang Transisi,Mendekati Fibo 61.8% (Golden Ratio),5,WAIT & SEE,BUY,2.5,MA20 di atas MA50 (Uptrend) | Volatilitas Bollinger Squeeze (Siap Meledak),TIDAK ADA,2026-09-10 13:41:26,Biasa / Mengikuti Pasar
13:41,RIGS,Transaksi Sepi (Skip Broksum),Small Cap (Lapis 3),Overvalued (Mahal),4.97109,9657.534,700.0,710.0,695.0,710.0,692,660,790,1.4285714285714286,96000,Normal,59,Positif,Uptrend,Bullish,Strong Bullish,Perfect Uptrend (5>20>50),Normal,Distribusi (Turun),Normal,Dominan Beli (Hajar Kanan),Normal,Sedang,Normal,Area Tengah,< 1 Miliar,Persis di VWAP,Akumulasi Pro (Smart Money),Gorengan Sepi (< 5M),Sepi (< 50%),Mark-Up (Fase Pesta),Normal,Normal,Naik 1 Hari Beruntun,TP: 746 | CL: 685,Normal,Ideal (1:2),Golden Cross (Awal Bullish),Netral / Sepi Berita,Supply Kering (Siap Pump) 🏜️,Golden Rebound Fibo 61.8% (Golden Ratio) 🎯,6,WAIT & SEE,HOLD / NEUTRAL,1.0,MA20 di atas MA50 (Uptrend) | RSI Mendekati Jenuh Beli (59.0),TIDAK ADA,2026-09-10 13:41:26,Biasa / Mengikuti Pasar
13:41,RODA,Token Mati (Perlu Update),Small Cap (Lapis 3),Fair Value (Wajar),0.0,0.48965514,64.0,69.0,64.0,66.0,64,61,71,3.125,64051700,Tembus MA20,55,Positif,Uptrend,Bearish,Bearish MACD,Konsolidasi / Transisi,Akumulasi Kuat,Akumulasi (Naik),Normal,Seimbang / Adu Mekanik,Normal,Sedang,Normal,Area Tengah,> 1 Miliar,Di Atas VWAP (Kuat),Distribusi Pro (Guyuran),Gorengan Sepi (< 5M),Ledakan Ekstrem (> 300%),Mark-Up (Fase Pesta),Normal,Normal,Naik 3 Hari Beruntun,TP: 70 | CL: 62,Open = Low (Bullish Kuat),Menengah (1:1),Netral / Sideways,Netral / Sepi Berita,Normal / Sedang Transisi,Mendekati Fibo 50.0%,6,WAIT & SEE,STRONG BUY,3.0,MA20 di atas MA50 (Uptrend) | Harga di atas VWAP Intraday | Volume Lonjak 3.2x MA20,TIDAK ADA,2026-09-10 13:41:26,Biasa / Mengikuti Pasar
13:41,ROTI,Transaksi Sepi (Skip Broksum),Mid Cap (Lapis 2),Fair Value (Wajar),17.450459,2.0793464,585.0,595.0,585.0,590.0,585,580,595,0.8547008547008548,95800,Normal,53,Positif,Uptrend,Bullish,Bullish MACD,Awal Reversal (5>20),Normal,Akumulasi (Naik),Normal,Seimbang / Adu Mekanik,Squeeze,Rendah,Normal,Dekat Support (Low Risk),< 1 Miliar,Persis di VWAP,Distribusi Pro (Guyuran),Gorengan Sepi (< 5M),Sepi (< 50%),Accumulation (Kumpul Barang),Spesialis Tiang Jemuran (Banting Pucuk),Normal,Naik 1 Hari Beruntun,TP: 603 | CL: 580,Open = Low (Bullish Kuat),Tidak Ideal (< 1:1),Netral / Sideways,Netral / Sepi Berita,Normal / Sedang Transisi,Dekat Support Fibo 61.8% (Golden Ratio),6,WAIT & SEE,HOLD / NEUTRAL,-0.5,MA20 di bawah MA50 (Downtrend) | Volatilitas Bollinger Squeeze (Siap Meledak),TIDAK ADA,2026-09-10 13:41:26,Biasa / Mengikuti Pasar
13:41,RUIS,Transaksi Sepi (Skip Broksum),Small Cap (Lapis 3),Undervalued (Murah),12.20495,0.2890524,210.0,218.0,204.0,212.0,206,198,220,1.9230769230769231,816000,Tembus MA20,57,Positif,Uptrend,Bullish,Bearish MACD,Perfect Uptrend (5>20>50),Normal,Distribusi (Turun),Normal,Seimbang / Adu Mekanik,Normal,Sedang,Normal,Area Tengah,< 1 Miliar,Di Atas VWAP (Kuat),Akumulasi Pro (Smart Money),Gorengan Sepi (< 5M),Normal (50-150%),Mark-Up (Fase Pesta),Normal,Normal,Naik 2 Hari Beruntun,TP: 226 | CL: 202,Normal,Tidak Ideal (< 1:1),Netral / Sideways,Netral / Sepi Berita,Normal / Sedang Transisi,Dekat Support Fibo 23.6%,5,WAIT & SEE,BUY,2.0,MA20 di atas MA50 (Uptrend) | RSI Mendekati Jenuh Beli (57.0) | Harga di atas VWAP Intraday,TIDAK ADA,2026-09-10 13:41:26,Biasa / Mengikuti Pasar
13:41,SAME,Transaksi Sepi (Skip Broksum),Mid Cap (Lapis 2),Overvalued (Mahal),238.7597,1.3817545,302.0,316.0,302.0,308.0,305,286,338,0.6535947712418301,310300,Normal,50,Positif,Uptrend,Bullish,Strong Bullish,Awal Reversal (5>20),Normal,Distribusi (Turun),Normal,Seimbang / Adu Mekanik,Normal,Tinggi,Normal,Area Tengah,< 1 Miliar,Di Bawah VWAP (Lemah),Distribusi Pro (Guyuran),Gorengan Sepi (< 5M),Sepi (< 50%),Accumulation (Kumpul Barang),Spesialis Tiang Jemuran (Banting Pucuk),Normal,Naik 1 Hari Beruntun,TP: 331 | CL: 292,Open = Low (Bullish Kuat),Menengah (1:1),Netral / Sideways,Netral / Sepi Berita,Normal / Sedang Transisi,Mengambang (Jauh dari Fibo),4,WAIT & SEE,SELL,-2.5,MA20 di bawah MA50 (Downtrend) | Harga di bawah VWAP Intraday,TIDAK ADA,2026-09-10 13:41:26,Biasa / Mengikuti Pasar
13:41,SCCO,Transaksi Sepi (Skip Broksum),Mid Cap (Lapis 2),Undervalued (Murah),6.406808,0.3755929,2640.0,2640.0,2570.0,2620.0,2407,2300,2730,-0.7575757575757576,32700,Normal,72,Negatif,Uptrend,Bullish,Strong Bullish,Perfect Uptrend (5>20>50),Normal,Akumulasi (Naik),Normal,Dominan Beli (Hajar Kanan),Normal,Tinggi,Hammer (Potensi Reversal),Rawan Pucuk (High Risk),< 1 Miliar,Di Atas VWAP (Kuat),Akumulasi Pro (Smart Money),Gorengan Sepi (< 5M),Sepi (< 50%),Mark-Up (Fase Pesta),Solid (Jarang Dibanting),Jarum Bawah (Sinyal Pantulan Kuat),Turun 1 Hari Beruntun,TP: 2742 | CL: 2538,Open = High (Tekanan Jual),Tidak Ideal (< 1:1),Netral / Sideways,Netral / Sepi Berita,Normal / Sedang Transisi,Golden Rebound Fibo 23.6% 🎯,6,WAIT & SEE,HOLD / NEUTRAL,0.5,MA20 di atas MA50 (Uptrend) | RSI Overbought Pucuk (72.0) | Harga di atas VWAP Intraday,TIDAK ADA,2026-09-10 13:41:26,Biasa / Mengikuti Pasar
13:41,SCMA,Token Mati (Perlu Update),Big Cap (Lapis 1),Fair Value (Wajar),13.127413,2.0515294,204.0,206.0,202.0,204.0,205,198,224,0.0,13018300,Normal,49,Negatif,Downtrend,Bearish,Strong Bearish,Konsolidasi / Transisi,Normal,Distribusi (Turun),Normal,Seimbang / Adu Mekanik,Normal,Sedang,Doji (Ragu-ragu),Area Tengah,> 1 Miliar,Persis di VWAP,Distribusi Pro (Guyuran),Ritel Aktif (5M - 50M),Sepi (< 50%),Distribution (Fase Jualan),Normal,Normal,Sideways / Stagnan,TP: 212 | CL: 198,Normal,Sangat Menarik (> 1:3),Golden Cross (Awal Bullish),Netral / Sepi Berita,Normal / Sedang Transisi,Dekat Support Fibo 78.6%,0,WAIT & SEE,BUY,1.5,MA20 di atas MA50 (Uptrend),TIDAK ADA,2026-09-10 13:41:26,Biasa / Mengikuti Pasar
13:41,SDMU,Transaksi Sepi (Skip Broksum),Small Cap (Lapis 3),Fair Value (Wajar),0.0,2.695339,92.0,92.0,91.0,92.0,87,77,108,1.098901098901099,3763500,Normal,58,Positif,Uptrend,Bullish,Strong Bullish,Perfect Uptrend (5>20>50),Normal,Distribusi (Turun),Normal,Dominan Beli (Hajar Kanan),Normal,Tinggi,Doji (Ragu-ragu),Rawan Pucuk (High Risk),< 1 Miliar,Persis di VWAP,Distribusi Pro (Guyuran),Gorengan Sepi (< 5M),Sepi (< 50%),Mark-Up (Fase Pesta),Spesialis Tiang Jemuran (Banting Pucuk),Jarum Bawah (Sinyal Pantulan Kuat),Naik 1 Hari Beruntun,TP: 104 | CL: 83,Normal,Menengah (1:1),Golden Cross (Awal Bullish),Netral / Sepi Berita,Normal / Sedang Transisi,Mendekati Fibo 50.0%,6,WAIT & SEE,HOLD / NEUTRAL,1.0,MA20 di atas MA50 (Uptrend) | RSI Mendekati Jenuh Beli (58.0),TIDAK ADA,2026-09-10 13:41:26,Biasa / Mengikuti Pasar
13:41,SDPC,Transaksi Sepi (Skip Broksum),Small Cap (Lapis 3),Undervalued (Murah),6.1073413,0.7617113,204.0,204.0,198.0,198.0,194,181,226,-1.0,156600,Normal,57,Negatif,Uptrend,Bullish,Strong Bullish,Perfect Uptrend (5>20>50),Normal,Akumulasi (Naik),Gap Up (+2.0%),Dominan Jual (Guyur),Normal,Sedang,Normal,Area Tengah,< 1 Miliar,Di Bawah VWAP (Lemah),Distribusi Pro (Guyuran),Gorengan Sepi (< 5M),Sepi (< 50%),Mark-Up (Fase Pesta),Spesialis Tiang Jemuran (Banting Pucuk),Normal,Turun 2 Hari Beruntun,TP: 212 | CL: 188,Open = High (Tekanan Jual),Ideal (1:2),Netral / Sideways,Netral / Sepi Berita,Normal / Sedang Transisi,Mendekati Fibo 50.0%,6,WAIT & SEE,HOLD / NEUTRAL,0.0,MA20 di atas MA50 (Uptrend) | RSI Mendekati Jenuh Beli (57.0) | Harga di bawah VWAP Intraday,TIDAK ADA,2026-09-10 13:41:26,Biasa / Mengikuti Pasar
13:41,SDRA,Transaksi Sepi (Skip Broksum),Mid Cap (Lapis 2),Fair Value (Wajar),0.0,0.2820841,218.0,218.0,214.0,214.0,220,212,228,-0.9259259259259258,1021300,Normal,40,Negatif,Downtrend,Death Cross,Bearish MACD,Konsolidasi / Transisi,Normal,Distribusi (Turun),Normal,Dominan Jual (Guyur),Squeeze,Rendah,Normal,Dekat Support (Low Risk),< 1 Miliar,Di Bawah VWAP (Lemah),Distribusi Pro (Guyuran),Gorengan Sepi (< 5M),Normal (50-150%),Distribution (Fase Jualan),Normal,Normal,Turun 5 Hari Beruntun,TP: 222 | CL: 208,Open = High (Tekanan Jual),Sangat Menarik (> 1:3),Oversold (Jenuh Jual - Peluang),Netral / Sepi Berita,Normal / Sedang Transisi,Mendekati Fibo 78.6%,0,WAIT & SEE,BUY,2.0,MA20 di atas MA50 (Uptrend) | RSI Rebound Area Murah (40.0) | Harga di bawah VWAP Intraday | Volatilitas Bollinger Squeeze (Siap Meledak),TIDAK ADA,2026-09-10 13:41:26,Biasa / Mengikuti Pasar
13:41,SGRO,Transaksi Sepi (Skip Broksum),Mid Cap (Lapis 2),Fair Value (Wajar),17.953514,1.770427,4960.0,4990.0,4930.0,4990.0,4851,4430,5075,0.0,18300,Normal,78,Negatif,Uptrend,Bullish,Bearish MACD,Perfect Uptrend (5>20>50),Normal,Akumulasi (Naik),Normal,Dominan Beli (Hajar Kanan),Normal,Sedang,Normal,Rawan Pucuk (High Risk),< 1 Miliar,Persis di VWAP,Akumulasi Pro (Smart Money),Gorengan Sepi (< 5M),Sepi (< 50%),Mark-Up (Fase Pesta),Spesialis Tiang Jemuran (Banting Pucuk),Normal,Sideways / Stagnan,TP: 5166 | CL: 4872,Normal,Tidak Ideal (< 1:1),Netral / Sideways,Netral / Sepi Berita,Normal / Sedang Transisi,Mengambang (Jauh dari Fibo),5,WAIT & SEE,HOLD / NEUTRAL,-0.5,MA20 di atas MA50 (Uptrend) | RSI Overbought Pucuk (78.0),TIDAK ADA,2026-09-10 13:41:26,Biasa / Mengikuti Pasar
13:41,SHID,Transaksi Sepi (Skip Broksum),Small Cap (Lapis 3),Fair Value (Wajar),0.0,1.2975526,850.0,850.0,750.0,820.0,600,480,1050,-4.093567251461988,346000,Tembus MA20,76,Negatif,Uptrend,Bullish,Strong Bullish,Perfect Uptrend (5>20>50),Normal,Akumulasi (Naik),Normal,Seimbang / Adu Mekanik,Breakout Upper,Tinggi,Hammer (Potensi Reversal),Rawan Pucuk (High Risk),< 1 Miliar,Di Bawah VWAP (Lemah),Distribusi Pro (Guyuran),Gorengan Sepi (< 5M),Normal (50-150%),Mark-Up (Fase Pesta),Normal,Jarum Bawah (Sinyal Pantulan Kuat),Turun 1 Hari Beruntun,TP: 926 | CL: 749,Open = High (Tekanan Jual),Tidak Ideal (< 1:1),Death Cross (Awal Bearish),Netral / Sepi Berita,Supply Banjir (Distribusi) 🌊,Mengambang (Jauh dari Fibo),6,WAIT & SEE,SELL,-1.5,MA20 di atas MA50 (Uptrend) | RSI Overbought Pucuk (76.0) | Harga di bawah VWAP Intraday,TIDAK ADA,2026-09-10 13:41:26,Biasa / Mengikuti Pasar
13:41,SIDO,Token Mati (Perlu Update),Big Cap (Lapis 1),Overvalued (Mahal),10.797546,3.4592896,354.0,356.0,352.0,352.0,352,344,360,0.0,8629000,Normal,45,Negatif,Downtrend,Bullish,Bullish MACD,Awal Reversal (5>20),Normal,Distribusi (Turun),Normal,Dominan Jual (Guyur),Squeeze,Rendah,Normal,Dekat Support (Low Risk),> 1 Miliar,Persis di VWAP,Distribusi Pro (Guyuran),Ritel Aktif (5M - 50M),Sepi (< 50%),Mark-Down (Fase Runtuh),Normal,Normal,Sideways / Stagnan,TP: 359 | CL: 347,Normal,Menengah (1:1),Netral / Sideways,Netral / Sepi Berita,Normal / Sedang Transisi,Dekat Support Fibo Bottom / 100%,2,WAIT & SEE,HOLD / NEUTRAL,-0.5,MA20 di bawah MA50 (Downtrend) | Volatilitas Bollinger Squeeze (Siap Meledak),TIDAK ADA,2026-09-10 13:41:26,Biasa / Mengikuti Pasar
13:41,SILO,Token Mati (Perlu Update),Big Cap (Lapis 1),Fair Value (Wajar),21.310099,2.5644524,2090.0,2100.0,2000.0,2030.0,2208,2000,2410,-2.403846153846154,893400,Tembus MA20,36,Negatif,Downtrend,Bearish,Strong Bearish,Konsolidasi / Transisi,Normal,Distribusi (Turun),Normal,Seimbang / Adu Mekanik,Bottom Rebound,Tinggi,Normal,Dekat Support (Low Risk),> 1 Miliar,Di Bawah VWAP (Lemah),Distribusi Pro (Guyuran),Gorengan Sepi (< 5M),Anomali Tinggi (150-300%),Distribution (Fase Jualan),Normal,Normal,Turun 3 Hari Beruntun,TP: 2156 | CL: 1945,Normal,Sangat Menarik (> 1:3),Oversold (Jenuh Jual - Peluang),Netral / Sepi Berita,Normal / Sedang Transisi,Golden Rebound Fibo Bottom / 100% 🎯,1,WAIT & SEE,HOLD / NEUTRAL,1.2,MA20 di atas MA50 (Uptrend) | RSI Rebound Area Murah (36.0) | Harga di bawah VWAP Intraday | Volume Lonjak 1.6x MA20,TIDAK ADA,2026-09-10 13:41:26,Biasa / Mengikuti Pasar
13:41,SIMP,Token Mati (Perlu Update),Mid Cap (Lapis 2),Undervalued (Murah),4.535066,0.47070158,635.0,640.0,630.0,635.0,617,575,665,0.0,4624300,Normal,61,Negatif,Uptrend,Bullish,Bearish MACD,Perfect Uptrend (5>20>50),Normal,Akumulasi (Naik),Normal,Seimbang / Adu Mekanik,Normal,Sedang,Doji (Ragu-ragu),Rawan Pucuk (High Risk),> 1 Miliar,Persis di VWAP,Distribusi Pro (Guyuran),Ritel Aktif (5M - 50M),Sepi (< 50%),Mark-Up (Fase Pesta),Spesialis Tiang Jemuran (Banting Pucuk),Normal,Sideways / Stagnan,TP: 662 | CL: 616,Normal,Tidak Ideal (< 1:1),Netral / Sideways,Netral / Sepi Berita,Normal / Sedang Transisi,Dekat Support Fibo 23.6%,4,WAIT & SEE,HOLD / NEUTRAL,1.0,MA20 di atas MA50 (Uptrend) | RSI Mendekati Jenuh Beli (61.0),TIDAK ADA,2026-09-10 13:41:26,Biasa / Mengikuti Pasar
13:41,SIPD,Transaksi Sepi (Skip Broksum),Mid Cap (Lapis 2),Fair Value (Wajar),0.0,1.5076649,920.0,970.0,890.0,970.0,853,675,995,4.301075268817205,59500,Tembus MA20,74,Positif,Uptrend,Bullish,Strong Bullish,Perfect Uptrend (5>20>50),Normal,Akumulasi (Naik),Normal,Dominan Beli (Hajar Kanan),Normal,Tinggi,Normal,Rawan Pucuk (High Risk),< 1 Miliar,Di Atas VWAP (Kuat),Akumulasi Pro (Smart Money),Gorengan Sepi (< 5M),Anomali Tinggi (150-300%),Mark-Up (Fase Pesta),Normal,Normal,Naik 1 Hari Beruntun,TP: 1072 | CL: 901,Normal,Tidak Ideal (< 1:1),Overbought (Jenuh Beli - Rawan),Netral / Sepi Berita,Normal / Sedang Transisi,Mengambang (Jauh dari Fibo),8,BELI,HOLD / NEUTRAL,0.5,MA20 di atas MA50 (Uptrend) | RSI Overbought Pucuk (74.0) | Harga di atas VWAP Intraday,TIDAK ADA,2026-09-10 13:41:26,Biasa / Mengikuti Pasar
13:41,SKBM,Transaksi Sepi (Skip Broksum),Small Cap (Lapis 3),Undervalued (Murah),7.047668,0.9171084,545.0,555.0,540.0,550.0,545,520,580,0.9174311926605505,76300,Normal,51,Positif,Uptrend,Bullish,Strong Bullish,Awal Reversal (5>20),Normal,Distribusi (Turun),Normal,Seimbang / Adu Mekanik,Squeeze,Rendah,Normal,Area Tengah,< 1 Miliar,Di Bawah VWAP (Lemah),Akumulasi Pro (Smart Money),Gorengan Sepi (< 5M),Sepi (< 50%),Accumulation (Kumpul Barang),Normal,Normal,Naik 1 Hari Beruntun,TP: 578 | CL: 530,Normal,Menengah (1:1),Netral / Sideways,Netral / Sepi Berita,Normal / Sedang Transisi,Dekat Support Fibo 61.8% (Golden Ratio),5,WAIT & SEE,SELL,-1.5,MA20 di bawah MA50 (Downtrend) | Harga di bawah VWAP Intraday | Volatilitas Bollinger Squeeze (Siap Meledak),TIDAK ADA,2026-09-10 13:41:26,Biasa / Mengikuti Pasar
13:41,SKLT,Transaksi Sepi (Skip Broksum),Mid Cap (Lapis 2),Fair Value (Wajar),12.104386,1.7664982,216.0,220.0,212.0,218.0,212,199,240,0.9259259259259258,54400,Normal,65,Positif,Uptrend,Bullish,Bearish MACD,Perfect Uptrend (5>20>50),Normal,Akumulasi (Naik),Normal,Dominan Beli (Hajar Kanan),Squeeze,Rendah,Normal,Area Tengah,< 1 Miliar,Di Bawah VWAP (Lemah),Distribusi Pro (Guyuran),Gorengan Sepi (< 5M),Sepi (< 50%),Mark-Up (Fase Pesta),Normal,Normal,Naik 1 Hari Beruntun,TP: 231 | CL: 208,Normal,Menengah (1:1),Golden Cross (Awal Bullish),Netral / Sepi Berita,Supply Kering (Siap Pump) 🏜️,Mendekati Fibo 38.2%,6,WAIT & SEE,HOLD / NEUTRAL,1.0,MA20 di atas MA50 (Uptrend) | RSI Mendekati Jenuh Beli (65.0) | Harga di bawah VWAP Intraday | Volatilitas Bollinger Squeeze (Siap Meledak),TIDAK ADA,2026-09-10 13:41:26,Biasa / Mengikuti Pasar
13:41,SMAR,Transaksi Sepi (Skip Broksum),Big Cap (Lapis 1),Undervalued (Murah),4.4970956,0.7650969,6575.0,6575.0,6400.0,6425.0,6183,5500,6975,-1.153846153846154,102400,Tembus MA20,61,Negatif,Uptrend,Bullish,Strong Bullish,Perfect Uptrend (5>20>50),Normal,Distribusi (Turun),Normal,Dominan Jual (Guyur),Normal,Tinggi,Normal,Rawan Pucuk (High Risk),< 1 Miliar,Di Bawah VWAP (Lemah),Distribusi Pro (Guyuran),Gorengan Sepi (< 5M),Normal (50-150%),Mark-Up (Fase Pesta),Normal,Normal,Turun 2 Hari Beruntun,TP: 6757 | CL: 6203,Open = High (Tekanan Jual),Tidak Ideal (< 1:1),Death Cross (Awal Bearish),Netral / Sepi Berita,Normal / Sedang Transisi,Dekat Support Fibo 23.6%,5,WAIT & SEE,HOLD / NEUTRAL,0.0,MA20 di atas MA50 (Uptrend) | RSI Mendekati Jenuh Beli (61.0) | Harga di bawah VWAP Intraday,TIDAK ADA,2026-09-10 13:41:26,Biasa / Mengikuti Pasar
13:41,SMBR,Transaksi Sepi (Skip Broksum),Mid Cap (Lapis 2),Fair Value (Wajar),16.196543,0.5199023,175.0,180.0,175.0,179.0,171,157,208,1.1299435028248588,4454500,Normal,59,Positif,Uptrend,Bullish,Strong Bullish,Perfect Uptrend (5>20>50),Normal,Distribusi (Turun),Normal,Dominan Beli (Hajar Kanan),Normal,Tinggi,Normal,Rawan Pucuk (High Risk),< 1 Miliar,Persis di VWAP,Distribusi Pro (Guyuran),Gorengan Sepi (< 5M),Sepi (< 50%),Mark-Up (Fase Pesta),Normal,Normal,Naik 3 Hari Beruntun,TP: 194 | CL: 168,Open = Low (Bullish Kuat),Menengah (1:1),Golden Cross (Awal Bullish),Netral / Sepi Berita,Normal / Sedang Transisi,Mendekati Fibo 50.0%,6,WAIT & SEE,HOLD / NEUTRAL,1.0,MA20 di atas MA50 (Uptrend) | RSI Mendekati Jenuh Beli (59.0),TIDAK ADA,2026-09-10 13:41:26,Biasa / Mengikuti Pasar
13:41,SMDM,Transaksi Sepi (Skip Broksum),Mid Cap (Lapis 2),Overvalued (Mahal),142.67017,1.1130036,545.0,555.0,525.0,550.0,550,515,575,0.9174311926605505,82900,Tembus MA20,48,Positif,Downtrend,Bullish,Bullish MACD,Awal Reversal (5>20),Normal,Distribusi (Turun),Normal,Dominan Beli (Hajar Kanan),Squeeze,Rendah,Normal,Area Tengah,< 1 Miliar,Persis di VWAP,Akumulasi Pro (Smart Money),Gorengan Sepi (< 5M),Normal (50-150%),Mark-Down (Fase Runtuh),Normal,Jarum Bawah (Sinyal Pantulan Kuat),Naik 1 Hari Beruntun,TP: 580 | CL: 529,Normal,Tidak Ideal (< 1:1),Netral / Sideways,Netral / Sepi Berita,Normal / Sedang Transisi,Mendekati Fibo 61.8% (Golden Ratio),5,WAIT & SEE,HOLD / NEUTRAL,-0.6,MA20 di bawah MA50 (Downtrend) | Volatilitas Bollinger Squeeze (Siap Meledak) | Volume Lonjak 1.6x MA20,TIDAK ADA,2026-09-10 13:41:26,Biasa / Mengikuti Pasar
13:41,SMDR,Token Mati (Perlu Update),Mid Cap (Lapis 2),Overvalued (Mahal),7.2788987,11696.97,388.0,396.0,380.0,390.0,327,298,408,1.5625,24776400,Tembus MA20,86,Positif,Uptrend,Bullish,Strong Bullish,Perfect Uptrend (5>20>50),Normal,Akumulasi (Naik),Normal,Seimbang / Adu Mekanik,Breakout Upper,Tinggi,Normal,Rawan Pucuk (High Risk),> 1 Miliar,Di Atas VWAP (Kuat),Distribusi Pro (Guyuran),Ritel Aktif (5M - 50M),Normal (50-150%),Mark-Up (Fase Pesta),Normal,Normal,Naik 2 Hari Beruntun,TP: 410 | CL: 376,Normal,Tidak Ideal (< 1:1),Overbought (Jenuh Beli - Rawan),Netral / Sepi Berita,Normal / Sedang Transisi,Mendekati Fibo 23.6%,7,BELI,HOLD / NEUTRAL,0.5,MA20 di atas MA50 (Uptrend) | RSI Overbought Pucuk (86.0) | Harga di atas VWAP Intraday,TIDAK ADA,2026-09-10 13:41:26,Biasa / Mengikuti Pasar
13:41,SMGR,Token Mati (Perlu Update),Big Cap (Lapis 1),Overvalued (Mahal),31.400536,0.27222273,1745.0,1780.0,1705.0,1765.0,1615,1465,1840,2.023121387283237,12927900,Normal,64,Positif,Uptrend,Bullish,Strong Bullish,Perfect Uptrend (5>20>50),Normal,Akumulasi (Naik),Normal,Dominan Beli (Hajar Kanan),Normal,Tinggi,Normal,Rawan Pucuk (High Risk),> 1 Miliar,Persis di VWAP,Distribusi Pro (Guyuran),Ritel Aktif (5M - 50M),Sepi (< 50%),Mark-Up (Fase Pesta),Normal,Normal,Naik 1 Hari Beruntun,TP: 1883 | CL: 1685,Normal,Tidak Ideal (< 1:1),Netral / Sideways,Netral / Sepi Berita,Normal / Sedang Transisi,Dekat Support Fibo 23.6%,7,BELI,HOLD / NEUTRAL,1.0,MA20 di atas MA50 (Uptrend) | RSI Mendekati Jenuh Beli (64.0),TIDAK ADA,2026-09-10 13:41:26,Biasa / Mengikuti Pasar
13:41,SMMA,Transaksi Sepi (Skip Broksum),Big Cap (Lapis 1),Overvalued (Mahal),41.840786,4.8411074,20000.0,20025.0,19825.0,20025.0,20056,18000,21150,0.0,700,Normal,47,Negatif,Downtrend,Bearish,Bullish MACD,Strong Downtrend (5<20<50),Normal,Distribusi (Turun),Normal,Dominan Beli (Hajar Kanan),Squeeze,Rendah,Hammer (Potensi Reversal),Rawan Pucuk (High Risk),< 1 Miliar,Persis di VWAP,Distribusi Pro (Guyuran),Gorengan Sepi (< 5M),Sepi (< 50%),Mark-Down (Fase Runtuh),Normal,Jarum Bawah (Sinyal Pantulan Kuat),Sideways / Stagnan,TP: 20906 | CL: 19437,Normal,Tidak Ideal (< 1:1),Netral / Sideways,Netral / Sepi Berita,Supply Kering (Siap Pump) 🏜️,Mendekati Fibo 78.6%,2,WAIT & SEE,HOLD / NEUTRAL,-0.5,MA20 di bawah MA50 (Downtrend) | Volatilitas Bollinger Squeeze (Siap Meledak),TIDAK ADA,2026-09-10 13:41:26,Biasa / Mengikuti Pasar
13:41,SMMT,Transaksi Sepi (Skip Broksum),Mid Cap (Lapis 2),Overvalued (Mahal),128.90996,247272.73,2740.0,2820.0,2660.0,2720.0,2134,1840,2890,-0.7299270072992701,93500,Normal,80,Negatif,Uptrend,Bullish,Strong Bullish,Perfect Uptrend (5>20>50),Normal,Akumulasi (Naik),Normal,Seimbang / Adu Mekanik,Normal,Tinggi,Normal,Rawan Pucuk (High Risk),< 1 Miliar,Di Atas VWAP (Kuat),Akumulasi Pro (Smart Money),Gorengan Sepi (< 5M),Sepi (< 50%),Mark-Up (Fase Pesta),Spesialis Tiang Jemuran (Banting Pucuk),Normal,Turun 1 Hari Beruntun,TP: 3023 | CL: 2517,Normal,Tidak Ideal (< 1:1),Overbought (Jenuh Beli - Rawan),Netral / Sepi Berita,Supply Banjir (Distribusi) 🌊,Mendekati Fibo 23.6%,5,WAIT & SEE,HOLD / NEUTRAL,0.5,MA20 di atas MA50 (Uptrend) | RSI Overbought Pucuk (80.0) | Harga di atas VWAP Intraday,TIDAK ADA,2026-09-10 13:41:26,Biasa / Mengikuti Pasar
13:41,SMRA,Token Mati (Perlu Update),Mid Cap (Lapis 2),Undervalued (Murah),9.315221,0.4663771,334.0,340.0,332.0,336.0,326,306,348,0.5988023952095809,10497300,Normal,61,Positif,Uptrend,Bullish,Strong Bullish,Perfect Uptrend (5>20>50),Normal,Akumulasi (Naik),Normal,Seimbang / Adu Mekanik,Normal,Sedang,Normal,Area Tengah,> 1 Miliar,Persis di VWAP,Distribusi Pro (Guyuran),Ritel Aktif (5M - 50M),Normal (50-150%),Mark-Up (Fase Pesta),Normal,Normal,Naik 1 Hari Beruntun,TP: 348 | CL: 328,Normal,Tidak Ideal (< 1:1),Overbought (Jenuh Beli - Rawan),Netral / Sepi Berita,Normal / Sedang Transisi,Mendekati Fibo 23.6%,6,WAIT & SEE,HOLD / NEUTRAL,1.0,MA20 di atas MA50 (Uptrend) | RSI Mendekati Jenuh Beli (61.0),TIDAK ADA,2026-09-10 13:41:26,Biasa / Mengikuti Pasar
13:41,SMSM,Token Mati (Perlu Update),Big Cap (Lapis 1),Fair Value (Wajar),8.898049,2.5427017,1765.0,1780.0,1765.0,1770.0,1732,1700,1780,0.28328611898017,1038500,Normal,66,Positif,Uptrend,Bullish,Strong Bullish,Perfect Uptrend (5>20>50),Normal,Akumulasi (Naik),Normal,Seimbang / Adu Mekanik,Squeeze,Rendah,Normal,Area Tengah,> 1 Miliar,Di Atas VWAP (Kuat),Distribusi Pro (Guyuran),Ritel Aktif (5M - 50M),Sepi (< 50%),Mark-Up (Fase Pesta),Spesialis Tiang Jemuran (Banting Pucuk),Normal,Naik 1 Hari Beruntun,TP: 1803 | CL: 1747,Open = Low (Bullish Kuat),Tidak Ideal (< 1:1),Overbought (Jenuh Beli - Rawan),Netral / Sepi Berita,Normal / Sedang Transisi,Dekat Support Fibo 23.6%,6,WAIT & SEE,STRONG BUY,3.0,MA20 di atas MA50 (Uptrend) | RSI Mendekati Jenuh Beli (66.0) | Harga di atas VWAP Intraday | Volatilitas Bollinger Squeeze (Siap Meledak),TIDAK ADA,2026-09-10 13:41:26,Biasa / Mengikuti Pasar
13:41,SOCI,Token Mati (Perlu Update),Mid Cap (Lapis 2),Overvalued (Mahal),12.344515,11293.104,675.0,675.0,645.0,660.0,574,478,730,-2.2222222222222223,13973300,Normal,73,Negatif,Uptrend,Bullish,Strong Bullish,Perfect Uptrend (5>20>50),Normal,Akumulasi (Naik),Normal,Seimbang / Adu Mekanik,Normal,Tinggi,Normal,Rawan Pucuk (High Risk),> 1 Miliar,Persis di VWAP,Distribusi Pro (Guyuran),Ritel Aktif (5M - 50M),Normal (50-150%),Mark-Up (Fase Pesta),Spesialis Tiang Jemuran (Banting Pucuk),Normal,Turun 2 Hari Beruntun,TP: 720 | CL: 620,Open = High (Tekanan Jual),Tidak Ideal (< 1:1),Death Cross (Awal Bearish),Netral / Sepi Berita,Normal / Sedang Transisi,Mendekati Fibo 23.6%,5,WAIT & SEE,HOLD / NEUTRAL,-0.5,MA20 di atas MA50 (Uptrend) | RSI Overbought Pucuk (73.0),TIDAK ADA,2026-09-10 13:41:26,Biasa / Mengikuti Pasar
13:41,SONA,Transaksi Sepi (Skip Broksum),Mid Cap (Lapis 2),Fair Value (Wajar),15.862069,2.0777345,2300.0,2300.0,2300.0,2300.0,2529,2170,3240,-2.127659574468085,3100,Normal,43,Negatif,Downtrend,Bearish,Strong Bearish,Konsolidasi / Transisi,Normal,Distribusi (Turun),Gap Down (-2.1%),Tidak Ada Transaksi,Normal,Tinggi,Doji (Ragu-ragu),Area Tengah,< 1 Miliar,Di Bawah VWAP (Lemah),Akumulasi Pro (Smart Money),Gorengan Sepi (< 5M),Normal (50-150%),Distribution (Fase Jualan),Normal,Normal,Turun 2 Hari Beruntun,TP: 2463 | CL: 2190,Normal,Sangat Menarik (> 1:3),Netral / Sideways,Netral / Sepi Berita,Normal / Sedang Transisi,Mendekati Fibo 78.6%,0,WAIT & SEE,HOLD / NEUTRAL,1.0,MA20 di atas MA50 (Uptrend) | RSI Rebound Area Murah (43.0) | Harga di bawah VWAP Intraday,TIDAK ADA,2026-09-10 13:41:26,Biasa / Mengikuti Pasar
13:41,SPMA,Transaksi Sepi (Skip Broksum),Small Cap (Lapis 3),Undervalued (Murah),10.283688,0.36712348,173.0,177.0,173.0,174.0,167,163,177,0.5780346820809248,718100,Tembus MA20,72,Positif,Uptrend,Bullish,Strong Bullish,Perfect Uptrend (5>20>50),Normal,Akumulasi (Naik),Normal,Dominan Jual (Guyur),Squeeze,Rendah,Normal,Area Tengah,< 1 Miliar,Di Atas VWAP (Kuat),Akumulasi Pro (Smart Money),Gorengan Sepi (< 5M),Normal (50-150%),Mark-Up (Fase Pesta),Spesialis Tiang Jemuran (Banting Pucuk),Normal,Naik 1 Hari Beruntun,TP: 179 | CL: 170,Open = Low (Bullish Kuat),Tidak Ideal (< 1:1),Death Cross (Awal Bearish),Netral / Sepi Berita,Normal / Sedang Transisi,Mendekati Fibo 50.0%,7,BELI,BUY,1.5,MA20 di atas MA50 (Uptrend) | RSI Overbought Pucuk (72.0) | Harga di atas VWAP Intraday | Volatilitas Bollinger Squeeze (Siap Meledak),TIDAK ADA,2026-09-10 13:41:26,Biasa / Mengikuti Pasar
13:41,SQMI,Token Mati (Perlu Update),Mid Cap (Lapis 2),Overvalued (Mahal),0.0,16.38562,106.0,107.0,99.0,103.0,76,59,114,-1.9047619047619049,227259900,Normal,70,Negatif,Uptrend,Bullish,Strong Bullish,Perfect Uptrend (5>20>50),Normal,Akumulasi (Naik),Normal,Seimbang / Adu Mekanik,Normal,Tinggi,Normal,Rawan Pucuk (High Risk),> 1 Miliar,Persis di VWAP,Akumulasi Pro (Smart Money),Sultan (> 50M/hari),Sepi (< 50%),Mark-Up (Fase Pesta),Spesialis Tiang Jemuran (Banting Pucuk),Normal,Turun 1 Hari Beruntun,TP: 120 | CL: 91,Normal,Tidak Ideal (< 1:1),Netral / Sideways,Netral / Sepi Berita,Normal / Sedang Transisi,Mengambang (Jauh dari Fibo),5,WAIT & SEE,HOLD / NEUTRAL,1.0,MA20 di atas MA50 (Uptrend) | RSI Mendekati Jenuh Beli (70.0),TIDAK ADA,2026-09-10 13:41:26,Biasa / Mengikuti Pasar
13:41,SRAJ,Transaksi Sepi (Skip Broksum),Big Cap (Lapis 1),Overvalued (Mahal),0.0,144.10274,13525.0,13525.0,11850.0,12825.0,13801,11850,15700,-2.6565464895635675,1100,Normal,45,Negatif,Downtrend,Bearish,Bearish MACD,Konsolidasi / Transisi,Normal,Distribusi (Turun),Gap Up (+2.7%),Seimbang / Adu Mekanik,Normal,Tinggi,Normal,Area Tengah,< 1 Miliar,Di Bawah VWAP (Lemah),Distribusi Pro (Guyuran),Gorengan Sepi (< 5M),Sepi (< 50%),Distribution (Fase Jualan),Spesialis Tiang Jemuran (Banting Pucuk),Normal,Turun 1 Hari Beruntun,TP: 14426 | CL: 11757,Open = High (Tekanan Jual),Ideal (1:2),Netral / Sideways,Netral / Sepi Berita,Normal / Sedang Transisi,Mendekati Fibo 50.0%,1,WAIT & SEE,HOLD / NEUTRAL,0.5,MA20 di atas MA50 (Uptrend) | Harga di bawah VWAP Intraday,TIDAK ADA,2026-09-10 13:41:26,Biasa / Mengikuti Pasar
13:41,SRSN,Token Mati (Perlu Update),Small Cap (Lapis 3),Undervalued (Murah),4.7826085,0.6809131,105.0,106.0,99.0,99.0,84,67,122,-2.941176470588235,64787800,Normal,66,Negatif,Uptrend,Bullish,Strong Bullish,Perfect Uptrend (5>20>50),Normal,Distribusi (Turun),Gap Up (+2.9%),Dominan Jual (Guyur),Normal,Tinggi,Normal,Rawan Pucuk (High Risk),> 1 Miliar,Di Bawah VWAP (Lemah),Distribusi Pro (Guyuran),Ritel Aktif (5M - 50M),Sepi (< 50%),Mark-Up (Fase Pesta),Normal,Normal,Turun 1 Hari Beruntun,TP: 111 | CL: 90,Normal,Tidak Ideal (< 1:1),Death Cross (Awal Bearish),Netral / Sepi Berita,Normal / Sedang Transisi,Dekat Support Fibo 38.2%,5,WAIT & SEE,HOLD / NEUTRAL,0.0,MA20 di atas MA50 (Uptrend) | RSI Mendekati Jenuh Beli (66.0) | Harga di bawah VWAP Intraday,TIDAK ADA,2026-09-10 13:41:26,Biasa / Mengikuti Pasar
13:41,SRTG,Token Mati (Perlu Update),Big Cap (Lapis 1),Undervalued (Murah),7.4891844,0.46329108,1845.0,1845.0,1830.0,1835.0,1861,1775,1960,-0.5420054200542005,1041100,Normal,53,Negatif,Downtrend,Bearish,Bearish MACD,Konsolidasi / Transisi,Normal,Akumulasi (Naik),Normal,Seimbang / Adu Mekanik,Normal,Sedang,Normal,Area Tengah,> 1 Miliar,Persis di VWAP,Akumulasi Pro (Smart Money),Gorengan Sepi (< 5M),Sepi (< 50%),Distribution (Fase Jualan),Normal,Normal,Turun 1 Hari Beruntun,TP: 1915 | CL: 1781,Open = High (Tekanan Jual),Ideal (1:2),Netral / Sideways,Netral / Sepi Berita,Normal / Sedang Transisi,Dekat Support Fibo 23.6%,2,WAIT & SEE,BUY,1.5,MA20 di atas MA50 (Uptrend),TIDAK ADA,2026-09-10 13:41:26,Biasa / Mengikuti Pasar
13:41,SSIA,Token Mati (Perlu Update),Mid Cap (Lapis 2),Overvalued (Mahal),40.48165,1.4359586,1765.0,1780.0,1755.0,1765.0,1809,1630,1980,0.0,10092200,Normal,49,Negatif,Downtrend,Death Cross,Bearish MACD,Konsolidasi / Transisi,Normal,Distribusi (Turun),Normal,Seimbang / Adu Mekanik,Normal,Tinggi,Doji (Ragu-ragu),Area Tengah,> 1 Miliar,Di Bawah VWAP (Lemah),Distribusi Pro (Guyuran),Ritel Aktif (5M - 50M),Sepi (< 50%),Distribution (Fase Jualan),Normal,Normal,Sideways / Stagnan,TP: 1867 | CL: 1696,Normal,Ideal (1:2),Oversold (Jenuh Jual - Peluang),Netral / Sepi Berita,Normal / Sedang Transisi,Golden Rebound Fibo 38.2% 🎯,0,WAIT & SEE,HOLD / NEUTRAL,0.5,MA20 di atas MA50 (Uptrend) | Harga di bawah VWAP Intraday,TIDAK ADA,2026-09-10 13:41:26,Biasa / Mengikuti Pasar
13:41,SSMS,Token Mati (Perlu Update),Big Cap (Lapis 1),Overvalued (Mahal),7.4599595,4.8037143,1270.0,1280.0,1155.0,1230.0,1009,850,1290,-3.149606299212598,9829800,Normal,75,Negatif,Uptrend,Bullish,Strong Bullish,Perfect Uptrend (5>20>50),Normal,Akumulasi (Naik),Normal,Seimbang / Adu Mekanik,Normal,Tinggi,Normal,Rawan Pucuk (High Risk),> 1 Miliar,Persis di VWAP,Akumulasi Pro (Smart Money),Ritel Aktif (5M - 50M),Normal (50-150%),Mark-Up (Fase Pesta),Normal,Normal,Turun 1 Hari Beruntun,TP: 1332 | CL: 1161,Normal,Tidak Ideal (< 1:1),Overbought (Jenuh Beli - Rawan),Netral / Sepi Berita,Normal / Sedang Transisi,Mengambang (Jauh dari Fibo),5,WAIT & SEE,HOLD / NEUTRAL,-0.5,MA20 di atas MA50 (Uptrend) | RSI Overbought Pucuk (75.0),TIDAK ADA,2026-09-10 13:41:26,Biasa / Mengikuti Pasar
13:41,SSTM,Transaksi Sepi (Skip Broksum),Small Cap (Lapis 3),Fair Value (Wajar),0.0,2.8043473,496.0,496.0,480.0,480.0,445,364,590,-2.0408163265306123,109000,Normal,59,Negatif,Uptrend,Bullish,Strong Bullish,Perfect Uptrend (5>20>50),Normal,Akumulasi (Naik),Normal,Dominan Jual (Guyur),Normal,Tinggi,Normal,Rawan Pucuk (High Risk),< 1 Miliar,Di Bawah VWAP (Lemah),Distribusi Pro (Guyuran),Gorengan Sepi (< 5M),Sepi (< 50%),Mark-Up (Fase Pesta),Spesialis Tiang Jemuran (Banting Pucuk),Normal,Turun 1 Hari Beruntun,TP: 552 | CL: 431,Open = High (Tekanan Jual),Tidak Ideal (< 1:1),Death Cross (Awal Bearish),Netral / Sepi Berita,Normal / Sedang Transisi,Mendekati Fibo 50.0%,5,WAIT & SEE,HOLD / NEUTRAL,0.0,MA20 di atas MA50 (Uptrend) | RSI Mendekati Jenuh Beli (59.0) | Harga di bawah VWAP Intraday,TIDAK ADA,2026-09-10 13:41:26,Biasa / Mengikuti Pasar
13:41,STAR,Transaksi Sepi (Skip Broksum),Mid Cap (Lapis 2),Overvalued (Mahal),71.69118,3.4479406,400.0,400.0,390.0,390.0,409,358,515,-2.5,21100,Normal,54,Negatif,Downtrend,Bearish,Bearish MACD,Konsolidasi / Transisi,Normal,Distribusi (Turun),Normal,Dominan Jual (Guyur),Normal,Tinggi,Normal,Area Tengah,< 1 Miliar,Persis di VWAP,Distribusi Pro (Guyuran),Gorengan Sepi (< 5M),Sepi (< 50%),Distribution (Fase Jualan),Spesialis Tiang Jemuran (Banting Pucuk),Normal,Turun 1 Hari Beruntun,TP: 422 | CL: 368,Open = High (Tekanan Jual),Sangat Menarik (> 1:3),Oversold (Jenuh Jual - Peluang),Netral / Sepi Berita,Normal / Sedang Transisi,Mendekati Fibo 50.0%,1,WAIT & SEE,BUY,1.5,MA20 di atas MA50 (Uptrend),TIDAK ADA,2026-09-10 13:41:26,Biasa / Mengikuti Pasar
13:41,STTP,Transaksi Sepi (Skip Broksum),Big Cap (Lapis 1),Fair Value (Wajar),9.950249,1.6353048,9400.0,9400.0,9400.0,9400.0,9450,9300,9775,0.0,1600,Normal,42,Negatif,Downtrend,Bearish,Bullish MACD,Strong Downtrend (5<20<50),Normal,Distribusi (Turun),Normal,Tidak Ada Transaksi,Squeeze,Rendah,Doji (Ragu-ragu),Dekat Support (Low Risk),< 1 Miliar,Persis di VWAP,Distribusi Pro (Guyuran),Gorengan Sepi (< 5M),Normal (50-150%),Mark-Down (Fase Runtuh),Spesialis Tiang Jemuran (Banting Pucuk),Normal,Sideways / Stagnan,TP: 9544 | CL: 9303,Normal,Sangat Menarik (> 1:3),Netral / Sideways,Netral / Sepi Berita,Normal / Sedang Transisi,Dekat Support Fibo Bottom / 100%,1,WAIT & SEE,HOLD / NEUTRAL,0.0,MA20 di bawah MA50 (Downtrend) | RSI Rebound Area Murah (42.0) | Volatilitas Bollinger Squeeze (Siap Meledak),TIDAK ADA,2026-09-10 13:41:26,Biasa / Mengikuti Pasar
13:41,SULI,Token Mati (Perlu Update),Small Cap (Lapis 3),Overvalued (Mahal),0.0,45499.996,90.0,93.0,89.0,91.0,91,87,98,1.1111111111111112,12793500,Normal,51,Positif,Downtrend,Bearish,Bearish MACD,Konsolidasi / Transisi,Normal,Akumulasi (Naik),Normal,Seimbang / Adu Mekanik,Normal,Sedang,Normal,Area Tengah,> 1 Miliar,Di Atas VWAP (Kuat),Distribusi Pro (Guyuran),Gorengan Sepi (< 5M),Normal (50-150%),Distribution (Fase Jualan),Spesialis Tiang Jemuran (Banting Pucuk),Normal,Naik 2 Hari Beruntun,TP: 97 | CL: 86,Normal,Ideal (1:2),Golden Cross (Awal Bullish),Netral / Sepi Berita,Normal / Sedang Transisi,Mengambang (Jauh dari Fibo),3,WAIT & SEE,BUY,2.5,MA20 di atas MA50 (Uptrend) | Harga di atas VWAP Intraday,TIDAK ADA,2026-09-10 13:41:26,Biasa / Mengikuti Pasar
13:41,TALF,Transaksi Sepi (Skip Broksum),Small Cap (Lapis 3),Overvalued (Mahal),46.022354,0.72362864,705.0,705.0,685.0,700.0,728,670,925,0.0,41500,Normal,46,Negatif,Downtrend,Bearish,Strong Bearish,Konsolidasi / Transisi,Normal,Akumulasi (Naik),Normal,Dominan Beli (Hajar Kanan),Normal,Tinggi,Hammer (Potensi Reversal),Area Tengah,< 1 Miliar,Persis di VWAP,Akumulasi Pro (Smart Money),Gorengan Sepi (< 5M),Sepi (< 50%),Distribution (Fase Jualan),Normal,Jarum Bawah (Sinyal Pantulan Kuat),Sideways / Stagnan,TP: 757 | CL: 661,Open = High (Tekanan Jual),Sangat Menarik (> 1:3),Netral / Sideways,Netral / Sepi Berita,Normal / Sedang Transisi,Mengambang (Jauh dari Fibo),2,WAIT & SEE,BUY,1.5,MA20 di atas MA50 (Uptrend),TIDAK ADA,2026-09-10 13:41:26,Biasa / Mengikuti Pasar
13:41,TARA,Transaksi Sepi (Skip Broksum),Small Cap (Lapis 3),Fair Value (Wajar),0.0,0.33863866,36.0,36.0,35.0,35.0,30,28,36,6.0606060606060606,2705200,Tembus MA20,71,Positif,Uptrend,Bullish,Strong Bullish,Awal Reversal (5>20),Distribusi Kuat,Akumulasi (Naik),Gap Up (+9.1%),Dominan Jual (Guyur),Breakout Upper,Tinggi,Normal,Rawan Pucuk (High Risk),< 1 Miliar,Di Atas VWAP (Kuat),Distribusi Pro (Guyuran),Gorengan Sepi (< 5M),Anomali Tinggi (150-300%),Accumulation (Kumpul Barang),Normal,Normal,Naik 4 Hari Beruntun,TP: 36 | CL: 33,Open = High (Tekanan Jual),Tidak Ideal (< 1:1),Overbought (Jenuh Beli - Rawan),Netral / Sepi Berita,Normal / Sedang Transisi,Mendekati Fibo 23.6%,8,BELI,STRONG SELL,-3.0,MA20 di bawah MA50 (Downtrend) | RSI Overbought Pucuk (71.0) | Harga di atas VWAP Intraday | Volume Lonjak 2.3x MA20,TIDAK ADA,2026-09-10 13:41:26,Biasa / Mengikuti Pasar
13:41,TAXI,Transaksi Sepi (Skip Broksum),Small Cap (Lapis 3),Overvalued (Mahal),0.0,3.7593985,14.0,14.0,14.0,14.0,13,13,16,0.0,17331300,Normal,52,Negatif,Uptrend,Bearish,Strong Bullish,Konsolidasi / Transisi,Normal,Akumulasi (Naik),Normal,Tidak Ada Transaksi,Normal,Tinggi,Doji (Ragu-ragu),Area Tengah,< 1 Miliar,Persis di VWAP,Distribusi Pro (Guyuran),Gorengan Sepi (< 5M),Sepi (< 50%),Mark-Up (Fase Pesta),Normal,Normal,Sideways / Stagnan,TP: 14 | CL: 13,Normal,Ideal (1:2),Netral / Sideways,Netral / Sepi Berita,Normal / Sedang Transisi,Dekat Support Fibo 50.0%,4,WAIT & SEE,SELL,-1.5,MA20 di bawah MA50 (Downtrend),TIDAK ADA,2026-09-10 13:41:26,Biasa / Mengikuti Pasar
13:41,TBIG,Transaksi Sepi (Skip Broksum),Big Cap (Lapis 1),Fair Value (Wajar),23.34267,2.620316,1525.0,1525.0,1495.0,1500.0,1461,1345,1580,-1.9607843137254901,125200,Normal,56,Negatif,Uptrend,Bullish,Strong Bullish,Perfect Uptrend (5>20>50),Normal,Distribusi (Turun),Normal,Dominan Jual (Guyur),Normal,Sedang,Normal,Rawan Pucuk (High Risk),< 1 Miliar,Di Bawah VWAP (Lemah),Distribusi Pro (Guyuran),Gorengan Sepi (< 5M),Sepi (< 50%),Mark-Up (Fase Pesta),Spesialis Tiang Jemuran (Banting Pucuk),Normal,Turun 1 Hari Beruntun,TP: 1595 | CL: 1436,Open = High (Tekanan Jual),Tidak Ideal (< 1:1),Netral / Sideways,Netral / Sepi Berita,Normal / Sedang Transisi,Dekat Support Fibo 38.2%,4,WAIT & SEE,HOLD / NEUTRAL,0.0,MA20 di atas MA50 (Uptrend) | RSI Mendekati Jenuh Beli (56.0) | Harga di bawah VWAP Intraday,TIDAK ADA,2026-09-10 13:41:26,Biasa / Mengikuti Pasar
13:41,TBLA,Transaksi Sepi (Skip Broksum),Mid Cap (Lapis 2),Undervalued (Murah),4.320316,0.39431515,635.0,635.0,625.0,635.0,628,615,650,0.7936507936507936,1239800,Normal,55,Positif,Uptrend,Bullish,Strong Bullish,Awal Reversal (5>20),Normal,Akumulasi (Naik),Normal,Dominan Beli (Hajar Kanan),Squeeze,Rendah,Doji (Ragu-ragu),Area Tengah,< 1 Miliar,Persis di VWAP,Distribusi Pro (Guyuran),Gorengan Sepi (< 5M),Sepi (< 50%),Accumulation (Kumpul Barang),Solid (Jarang Dibanting),Jarum Bawah (Sinyal Pantulan Kuat),Naik 1 Hari Beruntun,TP: 652 | CL: 623,Normal,Tidak Ideal (< 1:1),Netral / Sideways,Netral / Sepi Berita,Normal / Sedang Transisi,Golden Rebound Fibo 23.6% 🎯,7,BELI,HOLD / NEUTRAL,-0.5,MA20 di bawah MA50 (Downtrend) | Volatilitas Bollinger Squeeze (Siap Meledak),TIDAK ADA,2026-09-10 13:41:26,Biasa / Mengikuti Pasar
13:41,TBMS,Transaksi Sepi (Skip Broksum),Small Cap (Lapis 3),Overvalued (Mahal),66052.63,11952.381,1240.0,1255.0,1235.0,1255.0,1217,1145,1300,2.4489795918367347,51400,Tembus MA20,59,Positif,Uptrend,Golden Cross,Strong Bullish,Perfect Uptrend (5>20>50),Normal,Akumulasi (Naik),Normal,Dominan Beli (Hajar Kanan),Squeeze,Rendah,Normal,Area Tengah,< 1 Miliar,Di Atas VWAP (Kuat),Akumulasi Pro (Smart Money),Gorengan Sepi (< 5M),Anomali Tinggi (150-300%),Mark-Up (Fase Pesta),Spesialis Tiang Jemuran (Banting Pucuk),Normal,Naik 1 Hari Beruntun,TP: 1312 | CL: 1216,Normal,Tidak Ideal (< 1:1),Netral / Sideways,Netral / Sepi Berita,Normal / Sedang Transisi,Dekat Support Fibo 50.0%,8,BELI,STRONG BUY,3.6,MA20 di atas MA50 (Uptrend) | RSI Mendekati Jenuh Beli (59.0) | Harga di atas VWAP Intraday | Volatilitas Bollinger Squeeze (Siap Meledak) | Volume Lonjak 1.8x MA20,TIDAK ADA,2026-09-10 13:41:26,Biasa / Mengikuti Pasar
13:41,TCID,Transaksi Sepi (Skip Broksum),Mid Cap (Lapis 2),Fair Value (Wajar),0.0,0.5734367,2590.0,2590.0,2550.0,2580.0,2652,2430,2720,-1.5267175572519083,14400,Tembus MA20,41,Negatif,Downtrend,Bearish,Strong Bearish,Strong Downtrend (5<20<50),Normal,Distribusi (Turun),Normal,Dominan Beli (Hajar Kanan),Squeeze,Rendah,Hammer (Potensi Reversal),Area Tengah,< 1 Miliar,Persis di VWAP,Akumulasi Pro (Smart Money),Gorengan Sepi (< 5M),Normal (50-150%),Mark-Down (Fase Runtuh),Normal,Jarum Bawah (Sinyal Pantulan Kuat),Turun 1 Hari Beruntun,TP: 2708 | CL: 2494,Open = High (Tekanan Jual),Tidak Ideal (< 1:1),Netral / Sideways,Netral / Sepi Berita,Normal / Sedang Transisi,Golden Rebound Fibo 78.6% 🎯,2,WAIT & SEE,HOLD / NEUTRAL,0.0,MA20 di bawah MA50 (Downtrend) | RSI Rebound Area Murah (41.0) | Volatilitas Bollinger Squeeze (Siap Meledak),TIDAK ADA,2026-09-10 13:41:26,Biasa / Mengikuti Pasar
13:41,TFCO,Transaksi Sepi (Skip Broksum),Mid Cap (Lapis 2),Overvalued (Mahal),0.0,12307.692,850.0,850.0,800.0,800.0,863,790,960,-5.88235294117647,1400,Normal,45,Negatif,Downtrend,Death Cross,Bearish MACD,Konsolidasi / Transisi,Normal,Distribusi (Turun),Normal,Dominan Jual (Guyur),Normal,Tinggi,Normal,Dekat Support (Low Risk),< 1 Miliar,Di Bawah VWAP (Lemah),Distribusi Pro (Guyuran),Gorengan Sepi (< 5M),Sepi (< 50%),Distribution (Fase Jualan),Normal,Normal,Turun 1 Hari Beruntun,TP: 870 | CL: 752,Open = High (Tekanan Jual),Sangat Menarik (> 1:3),Oversold (Jenuh Jual - Peluang),Netral / Sepi Berita,Normal / Sedang Transisi,Mendekati Fibo 50.0%,0,WAIT & SEE,HOLD / NEUTRAL,0.5,MA20 di atas MA50 (Uptrend) | Harga di bawah VWAP Intraday,TIDAK ADA,2026-09-10 13:41:26,Biasa / Mengikuti Pasar
13:41,TGKA,Transaksi Sepi (Skip Broksum),Mid Cap (Lapis 2),Fair Value (Wajar),10.757353,1.868081,5075.0,5075.0,4960.0,4960.0,5011,4770,5250,-0.6012024048096193,1700,Normal,49,Negatif,Downtrend,Bearish,Bearish MACD,Konsolidasi / Transisi,Normal,Distribusi (Turun),Normal,Dominan Jual (Guyur),Squeeze,Rendah,Normal,Area Tengah,< 1 Miliar,Persis di VWAP,Akumulasi Pro (Smart Money),Gorengan Sepi (< 5M),Anomali Tinggi (150-300%),Distribution (Fase Jualan),Normal,Normal,Turun 1 Hari Beruntun,TP: 5076 | CL: 4882,Open = High (Tekanan Jual),Ideal (1:2),Netral / Sideways,Netral / Sepi Berita,Normal / Sedang Transisi,Dekat Support Fibo 50.0%,0,WAIT & SEE,BUY,2.5,MA20 di atas MA50 (Uptrend) | Volatilitas Bollinger Squeeze (Siap Meledak),TIDAK ADA,2026-09-10 13:41:26,Biasa / Mengikuti Pasar
13:41,TIFA,Transaksi Sepi (Skip Broksum),Mid Cap (Lapis 2),Fair Value (Wajar),16.522182,0.9412476,330.0,332.0,318.0,324.0,331,300,414,-1.2195121951219512,81800,Normal,51,Negatif,Downtrend,Bearish,Bearish MACD,Konsolidasi / Transisi,Normal,Distribusi (Turun),Normal,Seimbang / Adu Mekanik,Normal,Tinggi,Normal,Area Tengah,< 1 Miliar,Di Bawah VWAP (Lemah),Distribusi Pro (Guyuran),Gorengan Sepi (< 5M),Normal (50-150%),Distribution (Fase Jualan),Normal,Normal,Turun 2 Hari Beruntun,TP: 360 | CL: 299,Normal,Sangat Menarik (> 1:3),Golden Cross (Awal Bullish),Netral / Sepi Berita,Normal / Sedang Transisi,Mendekati Fibo 50.0%,1,WAIT & SEE,HOLD / NEUTRAL,0.5,MA20 di atas MA50 (Uptrend) | Harga di bawah VWAP Intraday,TIDAK ADA,2026-09-10 13:41:26,Biasa / Mengikuti Pasar
13:41,TINS,Token Mati (Perlu Update),Big Cap (Lapis 1),Overvalued (Mahal),9.459621,3.3400135,4600.0,4910.0,4600.0,4740.0,4142,3690,4910,3.0434782608695654,56181300,Tembus MA20,75,Positif,Uptrend,Bullish,Strong Bullish,Perfect Uptrend (5>20>50),Normal,Akumulasi (Naik),Normal,Seimbang / Adu Mekanik,Breakout Upper,Tinggi,Normal,Rawan Pucuk (High Risk),> 1 Miliar,Di Atas VWAP (Kuat),Akumulasi Pro (Smart Money),Sultan (> 50M/hari),Normal (50-150%),Mark-Up (Fase Pesta),Normal,Normal,Naik 2 Hari Beruntun,TP: 4993 | CL: 4570,Open = Low (Bullish Kuat),Tidak Ideal (< 1:1),Overbought (Jenuh Beli - Rawan),Netral / Sepi Berita,Normal / Sedang Transisi,Mengambang (Jauh dari Fibo),7,BELI,HOLD / NEUTRAL,0.5,MA20 di atas MA50 (Uptrend) | RSI Overbought Pucuk (75.0) | Harga di atas VWAP Intraday,TIDAK ADA,2026-09-10 13:41:26,Biasa / Mengikuti Pasar
13:41,TIRA,Transaksi Sepi (Skip Broksum),Small Cap (Lapis 3),Overvalued (Mahal),108.67238,1.3136438,418.0,420.0,406.0,406.0,413,394,438,-2.8708133971291865,267400,Normal,29,Negatif,Downtrend,Bearish,Bullish MACD,Konsolidasi / Transisi,Normal,Akumulasi (Naik),Normal,Dominan Jual (Guyur),Squeeze,Rendah,Normal,Area Tengah,< 1 Miliar,Di Bawah VWAP (Lemah),Akumulasi Pro (Smart Money),Gorengan Sepi (< 5M),Normal (50-150%),Mark-Down (Fase Runtuh),Normal,Normal,Turun 1 Hari Beruntun,TP: 427 | CL: 391,Normal,Ideal (1:2),Netral / Sideways,Netral / Sepi Berita,Normal / Sedang Transisi,Mendekati Fibo Bottom / 100%,2,WAIT & SEE,HOLD / NEUTRAL,0.5,MA20 di bawah MA50 (Downtrend) | RSI Oversold Kuat (29.0) | Harga di bawah VWAP Intraday | Volatilitas Bollinger Squeeze (Siap Meledak),TIDAK ADA,2026-09-10 13:41:26,Biasa / Mengikuti Pasar
13:41,TKIM,Token Mati (Perlu Update),Big Cap (Lapis 1),Overvalued (Mahal),3.2326767,8517.933,8225.0,8325.0,8025.0,8100.0,8028,7400,8500,-1.5197568389057752,1188600,Normal,61,Negatif,Uptrend,Bullish,Bearish MACD,Perfect Uptrend (5>20>50),Normal,Distribusi (Turun),Normal,Dominan Jual (Guyur),Normal,Sedang,Normal,Area Tengah,> 1 Miliar,Di Bawah VWAP (Lemah),Distribusi Pro (Guyuran),Ritel Aktif (5M - 50M),Sepi (< 50%),Mark-Up (Fase Pesta),Normal,Normal,Turun 2 Hari Beruntun,TP: 8504 | CL: 7830,Normal,Tidak Ideal (< 1:1),Death Cross (Awal Bearish),Netral / Sepi Berita,Normal / Sedang Transisi,Mendekati Fibo 23.6%,3,WAIT & SEE,HOLD / NEUTRAL,0.0,MA20 di atas MA50 (Uptrend) | RSI Mendekati Jenuh Beli (61.0) | Harga di bawah VWAP Intraday,TIDAK ADA,2026-09-10 13:41:26,Biasa / Mengikuti Pasar
13:41,TLKM,Token Mati (Perlu Update),Big Cap (Lapis 1),Fair Value (Wajar),14.813152,1.9407057,2680.0,2680.0,2630.0,2640.0,2611,2550,2680,-0.7518796992481203,35849000,Normal,54,Negatif,Uptrend,Bullish,Strong Bullish,Perfect Uptrend (5>20>50),Normal,Akumulasi (Naik),Normal,Dominan Jual (Guyur),Squeeze,Rendah,Normal,Area Tengah,> 1 Miliar,Persis di VWAP,Akumulasi Pro (Smart Money),Sultan (> 50M/hari),Sepi (< 50%),Mark-Up (Fase Pesta),Normal,Normal,Turun 1 Hari Beruntun,TP: 2702 | CL: 2598,Open = High (Tekanan Jual),Tidak Ideal (< 1:1),Death Cross (Awal Bearish),Netral / Sepi Berita,Normal / Sedang Transisi,Dekat Support Fibo 38.2%,5,WAIT & SEE,BUY,2.5,MA20 di atas MA50 (Uptrend) | Volatilitas Bollinger Squeeze (Siap Meledak),TIDAK ADA,2026-09-10 13:41:26,Biasa / Mengikuti Pasar
13:41,TMAS,Transaksi Sepi (Skip Broksum),Mid Cap (Lapis 2),Fair Value (Wajar),12.510426,2.6332421,153.0,153.0,150.0,150.0,139,127,154,0.6711409395973155,5466800,Normal,76,Positif,Uptrend,Bullish,Strong Bullish,Perfect Uptrend (5>20>50),Normal,Akumulasi (Naik),Gap Up (+2.7%),Dominan Jual (Guyur),Normal,Tinggi,Normal,Rawan Pucuk (High Risk),< 1 Miliar,Di Atas VWAP (Kuat),Distribusi Pro (Guyuran),Gorengan Sepi (< 5M),Normal (50-150%),Mark-Up (Fase Pesta),Spesialis Tiang Jemuran (Banting Pucuk),Normal,Naik 2 Hari Beruntun,TP: 158 | CL: 144,Open = High (Tekanan Jual),Tidak Ideal (< 1:1),Netral / Sideways,Netral / Sepi Berita,Normal / Sedang Transisi,Mendekati Fibo 23.6%,7,BELI,HOLD / NEUTRAL,0.5,MA20 di atas MA50 (Uptrend) | RSI Overbought Pucuk (76.0) | Harga di atas VWAP Intraday,TIDAK ADA,2026-09-10 13:41:26,Biasa / Mengikuti Pasar
13:41,TMPO,Transaksi Sepi (Skip Broksum),Small Cap (Lapis 3),Overvalued (Mahal),37.333332,0.7641331,168.0,170.0,167.0,167.0,185,161,252,-0.5952380952380952,2840300,Normal,49,Negatif,Downtrend,Bearish,Bearish MACD,Konsolidasi / Transisi,Normal,Distribusi (Turun),Normal,Dominan Jual (Guyur),Normal,Tinggi,Normal,Area Tengah,< 1 Miliar,Di Bawah VWAP (Lemah),Distribusi Pro (Guyuran),Gorengan Sepi (< 5M),Sepi (< 50%),Distribution (Fase Jualan),Spesialis Tiang Jemuran (Banting Pucuk),Normal,Turun 2 Hari Beruntun,TP: 191 | CL: 150,Normal,Sangat Menarik (> 1:3),Oversold (Jenuh Jual - Peluang),Netral / Sepi Berita,Normal / Sedang Transisi,Mengambang (Jauh dari Fibo),0,WAIT & SEE,HOLD / NEUTRAL,0.5,MA20 di atas MA50 (Uptrend) | Harga di bawah VWAP Intraday,TIDAK ADA,2026-09-10 13:41:26,Biasa / Mengikuti Pasar
13:41,TOBA,Token Mati (Perlu Update),Mid Cap (Lapis 2),Overvalued (Mahal),0.0,26136.363,585.0,585.0,565.0,580.0,565,498,635,0.0,6597200,Normal,58,Negatif,Uptrend,Bullish,Bearish MACD,Perfect Uptrend (5>20>50),Normal,Distribusi (Turun),Normal,Dominan Beli (Hajar Kanan),Normal,Tinggi,Hammer (Potensi Reversal),Rawan Pucuk (High Risk),> 1 Miliar,Persis di VWAP,Distribusi Pro (Guyuran),Ritel Aktif (5M - 50M),Sepi (< 50%),Mark-Up (Fase Pesta),Normal,Jarum Bawah (Sinyal Pantulan Kuat),Sideways / Stagnan,TP: 634 | CL: 543,Open = High (Tekanan Jual),Tidak Ideal (< 1:1),Netral / Sideways,Netral / Sepi Berita,Normal / Sedang Transisi,Mendekati Fibo 23.6%,4,WAIT & SEE,HOLD / NEUTRAL,1.0,MA20 di atas MA50 (Uptrend) | RSI Mendekati Jenuh Beli (58.0),TIDAK ADA,2026-09-10 13:41:26,Biasa / Mengikuti Pasar
13:41,TOTL,Token Mati (Perlu Update),Mid Cap (Lapis 2),Overvalued (Mahal),10.204082,4.2386775,1535.0,1555.0,1510.0,1525.0,1481,1340,1570,0.0,2410600,Normal,63,Negatif,Uptrend,Bullish,Bearish MACD,Perfect Uptrend (5>20>50),Normal,Akumulasi (Naik),Normal,Seimbang / Adu Mekanik,Normal,Sedang,Normal,Rawan Pucuk (High Risk),> 1 Miliar,Di Atas VWAP (Kuat),Akumulasi Pro (Smart Money),Gorengan Sepi (< 5M),Normal (50-150%),Mark-Up (Fase Pesta),Solid (Jarang Dibanting),Normal,Sideways / Stagnan,TP: 1623 | CL: 1459,Normal,Tidak Ideal (< 1:1),Netral / Sideways,Netral / Sepi Berita,Normal / Sedang Transisi,Mengambang (Jauh dari Fibo),4,WAIT & SEE,BUY,2.0,MA20 di atas MA50 (Uptrend) | RSI Mendekati Jenuh Beli (63.0) | Harga di atas VWAP Intraday,TIDAK ADA,2026-09-10 13:41:26,Biasa / Mengikuti Pasar
13:41,TOTO,Transaksi Sepi (Skip Broksum),Mid Cap (Lapis 2),Undervalued (Murah),9.257843,0.9901436,242.0,242.0,240.0,240.0,236,230,244,-0.8264462809917356,100700,Normal,59,Negatif,Uptrend,Bullish,Strong Bullish,Awal Reversal (5>20),Normal,Akumulasi (Naik),Normal,Dominan Jual (Guyur),Squeeze,Rendah,Normal,Area Tengah,< 1 Miliar,Persis di VWAP,Distribusi Pro (Guyuran),Gorengan Sepi (< 5M),Sepi (< 50%),Accumulation (Kumpul Barang),Normal,Normal,Turun 1 Hari Beruntun,TP: 244 | CL: 237,Open = High (Tekanan Jual),Tidak Ideal (< 1:1),Death Cross (Awal Bearish),Netral / Sepi Berita,Normal / Sedang Transisi,Dekat Support Fibo 23.6%,5,WAIT & SEE,HOLD / NEUTRAL,-1.0,MA20 di bawah MA50 (Downtrend) | RSI Mendekati Jenuh Beli (59.0) | Volatilitas Bollinger Squeeze (Siap Meledak),TIDAK ADA,2026-09-10 13:41:26,Biasa / Mengikuti Pasar
13:41,TOWR,Token Mati (Perlu Update),Big Cap (Lapis 1),Undervalued (Murah),6.970588,0.9596152,484.0,486.0,474.0,474.0,442,384,498,-2.066115702479339,37060800,Normal,68,Negatif,Uptrend,Bullish,Strong Bullish,Perfect Uptrend (5>20>50),Normal,Akumulasi (Naik),Normal,Dominan Jual (Guyur),Normal,Tinggi,Normal,Rawan Pucuk (High Risk),> 1 Miliar,Di Atas VWAP (Kuat),Distribusi Pro (Guyuran),Ritel Aktif (5M - 50M),Normal (50-150%),Mark-Up (Fase Pesta),Spesialis Tiang Jemuran (Banting Pucuk),Normal,Turun 1 Hari Beruntun,TP: 499 | CL: 456,Normal,Tidak Ideal (< 1:1),Death Cross (Awal Bearish),Netral / Sepi Berita,Normal / Sedang Transisi,Mendekati Fibo 23.6%,5,WAIT & SEE,BUY,2.0,MA20 di atas MA50 (Uptrend) | RSI Mendekati Jenuh Beli (68.0) | Harga di atas VWAP Intraday,TIDAK ADA,2026-09-10 13:41:26,Biasa / Mengikuti Pasar
13:41,TPIA,Token Mati (Perlu Update),Big Cap (Lapis 1),Overvalued (Mahal),139.06581,42717.39,1940.0,1990.0,1940.0,1975.0,1986,1830,2170,2.0671834625323,116641800,Normal,48,Positif,Downtrend,Bearish,Strong Bearish,Strong Downtrend (5<20<50),Normal,Distribusi (Turun),Normal,Seimbang / Adu Mekanik,Normal,Sedang,Normal,Area Tengah,> 1 Miliar,Persis di VWAP,Distribusi Pro (Guyuran),Sultan (> 50M/hari),Normal (50-150%),Mark-Down (Fase Runtuh),Normal,Normal,Naik 1 Hari Beruntun,TP: 2084 | CL: 1901,Open = Low (Bullish Kuat),Menengah (1:1),Netral / Sideways,Netral / Sepi Berita,Normal / Sedang Transisi,Mendekati Fibo 61.8% (Golden Ratio),1,WAIT & SEE,SELL,-1.5,MA20 di bawah MA50 (Downtrend),TIDAK ADA,2026-09-10 13:41:26,Biasa / Mengikuti Pasar
13:41,TPMA,Transaksi Sepi (Skip Broksum),Mid Cap (Lapis 2),Overvalued (Mahal),8.408819,12947.369,490.0,494.0,490.0,492.0,470,452,498,0.40816326530612246,530800,Normal,72,Positif,Uptrend,Bullish,Strong Bullish,Perfect Uptrend (5>20>50),Normal,Distribusi (Turun),Normal,Seimbang / Adu Mekanik,Normal,Sedang,Normal,Area Tengah,< 1 Miliar,Persis di VWAP,Distribusi Pro (Guyuran),Gorengan Sepi (< 5M),Sepi (< 50%),Mark-Up (Fase Pesta),Normal,Normal,Naik 1 Hari Beruntun,TP: 504 | CL: 483,Open = Low (Bullish Kuat),Tidak Ideal (< 1:1),Overbought (Jenuh Beli - Rawan),Netral / Sepi Berita,Normal / Sedang Transisi,Mengambang (Jauh dari Fibo),5,WAIT & SEE,HOLD / NEUTRAL,-0.5,MA20 di atas MA50 (Uptrend) | RSI Overbought Pucuk (72.0),TIDAK ADA,2026-09-10 13:41:26,Biasa / Mengikuti Pasar
13:41,TRIM,Transaksi Sepi (Skip Broksum),Mid Cap (Lapis 2),Fair Value (Wajar),7.246377,2.2183864,720.0,735.0,705.0,730.0,644,570,750,2.097902097902098,1206900,Tembus MA20,74,Positif,Uptrend,Bullish,Strong Bullish,Perfect Uptrend (5>20>50),Akumulasi Kuat,Akumulasi (Naik),Normal,Dominan Beli (Hajar Kanan),Normal,Tinggi,Normal,Rawan Pucuk (High Risk),< 1 Miliar,Di Atas VWAP (Kuat),Akumulasi Pro (Smart Money),Gorengan Sepi (< 5M),Anomali Tinggi (150-300%),Mark-Up (Fase Pesta),Normal,Normal,Naik 1 Hari Beruntun,TP: 794 | CL: 686,Normal,Tidak Ideal (< 1:1),Overbought (Jenuh Beli - Rawan),Netral / Sepi Berita,Normal / Sedang Transisi,Mengambang (Jauh dari Fibo),9,BELI,HOLD / NEUTRAL,0.6,MA20 di atas MA50 (Uptrend) | RSI Overbought Pucuk (74.0) | Harga di atas VWAP Intraday | Volume Lonjak 2.6x MA20,TIDAK ADA,2026-09-10 13:41:26,Biasa / Mengikuti Pasar
13:41,TRIS,Transaksi Sepi (Skip Broksum),Small Cap (Lapis 3),Overvalued (Mahal),47.049225,0.99484175,175.0,176.0,170.0,173.0,172,163,177,0.1563069510215252,634000,Normal,55,Positif,Uptrend,Bullish,Bearish MACD,Perfect Uptrend (5>20>50),Normal,Distribusi (Turun),Normal,Seimbang / Adu Mekanik,Squeeze,Rendah,Normal,Area Tengah,< 1 Miliar,Persis di VWAP,Distribusi Pro (Guyuran),Gorengan Sepi (< 5M),Normal (50-150%),Mark-Up (Fase Pesta),Normal,Normal,Naik 1 Hari Beruntun,TP: 180 | CL: 168,Normal,Tidak Ideal (< 1:1),Death Cross (Awal Bearish),Netral / Sepi Berita,Normal / Sedang Transisi,Dekat Support Fibo 61.8% (Golden Ratio),4,WAIT & SEE,BUY,2.5,MA20 di atas MA50 (Uptrend) | Volatilitas Bollinger Squeeze (Siap Meledak),TIDAK ADA,2026-09-10 13:41:26,Biasa / Mengikuti Pasar
13:41,TRST,Transaksi Sepi (Skip Broksum),Mid Cap (Lapis 2),Undervalued (Murah),11.47256,0.49874502,480.0,480.0,460.0,462.0,462,448,496,-3.75,179600,Tembus MA20,48,Negatif,Downtrend,Bullish,Strong Bullish,Awal Reversal (5>20),Normal,Distribusi (Turun),Normal,Dominan Jual (Guyur),Squeeze,Rendah,Normal,Area Tengah,< 1 Miliar,Persis di VWAP,Akumulasi Pro (Smart Money),Gorengan Sepi (< 5M),Anomali Tinggi (150-300%),Mark-Down (Fase Runtuh),Solid (Jarang Dibanting),Normal,Turun 1 Hari Beruntun,TP: 481 | CL: 448,Open = High (Tekanan Jual),Ideal (1:2),Netral / Sideways,Netral / Sepi Berita,Normal / Sedang Transisi,Dekat Support Fibo 61.8% (Golden Ratio),3,WAIT & SEE,HOLD / NEUTRAL,-0.6,MA20 di bawah MA50 (Downtrend) | Volatilitas Bollinger Squeeze (Siap Meledak) | Volume Lonjak 1.7x MA20,TIDAK ADA,2026-09-10 13:41:26,Biasa / Mengikuti Pasar
13:41,TRUS,Transaksi Sepi (Skip Broksum),Small Cap (Lapis 3),Fair Value (Wajar),16.719301,0.86222583,450.0,464.0,434.0,450.0,439,390,525,0.0,28900,Normal,57,Negatif,Uptrend,Bullish,Bearish MACD,Perfect Uptrend (5>20>50),Normal,Akumulasi (Naik),Normal,Seimbang / Adu Mekanik,Normal,Tinggi,Doji (Ragu-ragu),Rawan Pucuk (High Risk),< 1 Miliar,Persis di VWAP,Akumulasi Pro (Smart Money),Gorengan Sepi (< 5M),Sepi (< 50%),Mark-Up (Fase Pesta),Spesialis Tiang Jemuran (Banting Pucuk),Jarum Bawah (Sinyal Pantulan Kuat),Sideways / Stagnan,TP: 489 | CL: 423,Normal,Menengah (1:1),Netral / Sideways,Netral / Sepi Berita,Normal / Sedang Transisi,Golden Rebound Fibo 50.0% 🎯,4,WAIT & SEE,SELL,-2.0,MA20 di bawah MA50 (Downtrend) | RSI Mendekati Jenuh Beli (57.0),TIDAK ADA,2026-09-10 13:41:26,Biasa / Mengikuti Pasar
13:41,TSPC,Transaksi Sepi (Skip Broksum),Big Cap (Lapis 1),Undervalued (Murah),8.382102,1.2736145,2750.0,2760.0,2730.0,2750.0,2750,2680,2810,0.0,212600,Normal,53,Negatif,Downtrend,Bearish,Bearish MACD,Konsolidasi / Transisi,Normal,Akumulasi (Naik),Normal,Seimbang / Adu Mekanik,Squeeze,Rendah,Doji (Ragu-ragu),Dekat Support (Low Risk),< 1 Miliar,Persis di VWAP,Akumulasi Pro (Smart Money),Gorengan Sepi (< 5M),Sepi (< 50%),Distribution (Fase Jualan),Normal,Jarum Bawah (Sinyal Pantulan Kuat),Sideways / Stagnan,TP: 2810 | CL: 2710,Normal,Tidak Ideal (< 1:1),Netral / Sideways,Netral / Sepi Berita,Normal / Sedang Transisi,Golden Rebound Fibo 38.2% 🎯,2,WAIT & SEE,BUY,2.5,MA20 di atas MA50 (Uptrend) | Volatilitas Bollinger Squeeze (Siap Meledak),TIDAK ADA,2026-09-10 13:41:26,Biasa / Mengikuti Pasar
13:41,ULTJ,Token Mati (Perlu Update),Big Cap (Lapis 1),Fair Value (Wajar),8.902763,2.0201967,1550.0,1550.0,1535.0,1540.0,1505,1460,1570,-0.6451612903225806,2146600,Normal,65,Negatif,Uptrend,Bullish,Strong Bullish,Perfect Uptrend (5>20>50),Normal,Akumulasi (Naik),Normal,Seimbang / Adu Mekanik,Squeeze,Rendah,Normal,Area Tengah,> 1 Miliar,Persis di VWAP,Distribusi Pro (Guyuran),Ritel Aktif (5M - 50M),Normal (50-150%),Mark-Up (Fase Pesta),Normal,Normal,Turun 1 Hari Beruntun,TP: 1580 | CL: 1512,Open = High (Tekanan Jual),Tidak Ideal (< 1:1),Death Cross (Awal Bearish),Netral / Sepi Berita,Normal / Sedang Transisi,Mendekati Fibo 23.6%,5,WAIT & SEE,BUY,2.0,MA20 di atas MA50 (Uptrend) | RSI Mendekati Jenuh Beli (65.0) | Volatilitas Bollinger Squeeze (Siap Meledak),TIDAK ADA,2026-09-10 13:41:26,Biasa / Mengikuti Pasar
13:41,UNIC,Transaksi Sepi (Skip Broksum),Mid Cap (Lapis 2),Overvalued (Mahal),5.8196316,18588.162,15175.0,15175.0,15000.0,15075.0,15061,14575,15700,-0.6589785831960462,1500,Normal,63,Negatif,Uptrend,Bearish,Bearish MACD,Konsolidasi / Transisi,Normal,Akumulasi (Naik),Normal,Seimbang / Adu Mekanik,Squeeze,Rendah,Normal,Area Tengah,< 1 Miliar,Persis di VWAP,Distribusi Pro (Guyuran),Gorengan Sepi (< 5M),Sepi (< 50%),Mark-Up (Fase Pesta),Spesialis Tiang Jemuran (Banting Pucuk),Normal,Turun 1 Hari Beruntun,TP: 15383 | CL: 14869,Open = High (Tekanan Jual),Menengah (1:1),Netral / Sideways,Netral / Sepi Berita,Normal / Sedang Transisi,Mendekati Fibo 38.2%,3,WAIT & SEE,BUY,2.0,MA20 di atas MA50 (Uptrend) | RSI Mendekati Jenuh Beli (63.0) | Volatilitas Bollinger Squeeze (Siap Meledak),TIDAK ADA,2026-09-10 13:41:26,Biasa / Mengikuti Pasar
13:41,UNTR,Token Mati (Perlu Update),Big Cap (Lapis 1),Undervalued (Murah),12.702242,0.998981,26025.0,26975.0,26025.0,26925.0,24536,23075,26975,3.5576923076923075,2927800,Normal,71,Positif,Uptrend,Bullish,Strong Bullish,Awal Reversal (5>20),Normal,Akumulasi (Naik),Normal,Dominan Beli (Hajar Kanan),Breakout Upper,Tinggi,Marubozu (Strong Bullish),Rawan Pucuk (High Risk),> 1 Miliar,Di Atas VWAP (Kuat),Akumulasi Pro (Smart Money),Sultan (> 50M/hari),Normal (50-150%),Accumulation (Kumpul Barang),Spesialis Tiang Jemuran (Banting Pucuk),Normal,Naik 4 Hari Beruntun,TP: 27969 | CL: 26228,Open = Low (Bullish Kuat),Tidak Ideal (< 1:1),Overbought (Jenuh Beli - Rawan),Netral / Sepi Berita,Normal / Sedang Transisi,Mendekati Fibo 23.6%,7,BELI,SELL,-2.5,MA20 di bawah MA50 (Downtrend) | RSI Overbought Pucuk (71.0) | Harga di atas VWAP Intraday,TIDAK ADA,2026-09-10 13:41:26,Biasa / Mengikuti Pasar
13:41,UNVR,Token Mati (Perlu Update),Big Cap (Lapis 1),Overvalued (Mahal),16.940504,20.857416,1675.0,1680.0,1655.0,1660.0,1741,1615,1840,-0.8955223880597015,10330200,Normal,36,Negatif,Downtrend,Bearish,Strong Bearish,Konsolidasi / Transisi,Normal,Distribusi (Turun),Normal,Dominan Jual (Guyur),Bottom Rebound,Sedang,Normal,Dekat Support (Low Risk),> 1 Miliar,Di Bawah VWAP (Lemah),Distribusi Pro (Guyuran),Ritel Aktif (5M - 50M),Sepi (< 50%),Distribution (Fase Jualan),Normal,Normal,Turun 1 Hari Beruntun,TP: 1715 | CL: 1623,Normal,Sangat Menarik (> 1:3),Netral / Sideways,Netral / Sepi Berita,Normal / Sedang Transisi,Dekat Support Fibo 50.0%,0,WAIT & SEE,HOLD / NEUTRAL,1.0,MA20 di atas MA50 (Uptrend) | RSI Rebound Area Murah (36.0) | Harga di bawah VWAP Intraday,TIDAK ADA,2026-09-10 13:41:26,Biasa / Mengikuti Pasar
13:41,VICO,Token Mati (Perlu Update),Mid Cap (Lapis 2),Fair Value (Wajar),17.930328,0.7192825,172.0,204.0,172.0,176.0,150,140,204,9.316770186335404,16870800,Tembus MA20,84,Positif,Uptrend,Bullish,Strong Bullish,Perfect Uptrend (5>20>50),Akumulasi Kuat,Akumulasi (Naik),Gap Up (+6.8%),Dominan Jual (Guyur),Breakout Upper,Tinggi,Normal,Rawan Pucuk (High Risk),> 1 Miliar,Persis di VWAP,Distribusi Pro (Guyuran),Gorengan Sepi (< 5M),Ledakan Ekstrem (> 300%),Mark-Up (Fase Pesta),Spesialis Tiang Jemuran (Banting Pucuk),Normal,Naik 2 Hari Beruntun,TP: 194 | CL: 163,Open = Low (Bullish Kuat),Tidak Ideal (< 1:1),Netral / Sideways,Netral / Sepi Berita,Normal / Sedang Transisi,Dekat Support Fibo 38.2%,9,BELI,HOLD / NEUTRAL,-0.6,MA20 di atas MA50 (Uptrend) | RSI Overbought Pucuk (84.0) | Volume Lonjak 12.0x MA20,TIDAK ADA,2026-09-10 13:41:26,⚠️ Anomali (Sudah Terbang)
13:41,VINS,Token Mati (Perlu Update),Small Cap (Lapis 3),Fair Value (Wajar),18.753168,0.9988459,142.0,168.0,142.0,148.0,143,137,168,4.225352112676056,10860500,Tembus MA20,61,Positif,Uptrend,Bullish,Strong Bullish,Perfect Uptrend (5>20>50),Akumulasi Kuat,Akumulasi (Naik),Normal,Dominan Jual (Guyur),Squeeze,Rendah,Normal,Area Tengah,> 1 Miliar,Di Bawah VWAP (Lemah),Distribusi Pro (Guyuran),Gorengan Sepi (< 5M),Ledakan Ekstrem (> 300%),Mark-Up (Fase Pesta),Spesialis Tiang Jemuran (Banting Pucuk),Normal,Naik 1 Hari Beruntun,TP: 161 | CL: 138,Open = Low (Bullish Kuat),Ideal (1:2),Golden Cross (Awal Bullish),Netral / Sepi Berita,Normal / Sedang Transisi,Dekat Support Fibo 38.2%,8,BELI,HOLD / NEUTRAL,1.2,MA20 di atas MA50 (Uptrend) | RSI Mendekati Jenuh Beli (61.0) | Harga di bawah VWAP Intraday | Volatilitas Bollinger Squeeze (Siap Meledak) | Volume Lonjak 6.2x MA20,TIDAK ADA,2026-09-10 13:41:26,Biasa / Mengikuti Pasar
13:41,VIVA,Transaksi Sepi (Skip Broksum),Small Cap (Lapis 3),Overvalued (Mahal),0.5451529,7.784735,45.0,46.0,45.0,46.0,51,44,63,0.0,14526500,Normal,46,Negatif,Downtrend,Bearish,Bearish MACD,Konsolidasi / Transisi,Normal,Distribusi (Turun),Gap Down (-2.2%),Dominan Beli (Hajar Kanan),Normal,Tinggi,Marubozu (Strong Bullish),Area Tengah,< 1 Miliar,Di Bawah VWAP (Lemah),Distribusi Pro (Guyuran),Gorengan Sepi (< 5M),Normal (50-150%),Distribution (Fase Jualan),Normal,Normal,Sideways / Stagnan,TP: 50 | CL: 43,Open = Low (Bullish Kuat),Sangat Menarik (> 1:3),Golden Cross (Awal Bullish),Netral / Sepi Berita,Normal / Sedang Transisi,Dekat Support Fibo 50.0%,1,WAIT & SEE,HOLD / NEUTRAL,0.5,MA20 di atas MA50 (Uptrend) | Harga di bawah VWAP Intraday,TIDAK ADA,2026-09-10 13:41:26,Biasa / Mengikuti Pasar
13:41,VOKS,Transaksi Sepi (Skip Broksum),Mid Cap (Lapis 2),Fair Value (Wajar),0.0,1.7699633,236.0,262.0,230.0,244.0,231,210,262,3.389830508474576,1121500,Tembus MA20,61,Positif,Uptrend,Bullish,Strong Bullish,Perfect Uptrend (5>20>50),Akumulasi Kuat,Akumulasi (Naik),Normal,Seimbang / Adu Mekanik,Normal,Sedang,Normal,Rawan Pucuk (High Risk),< 1 Miliar,Di Atas VWAP (Kuat),Distribusi Pro (Guyuran),Gorengan Sepi (< 5M),Anomali Tinggi (150-300%),Mark-Up (Fase Pesta),Normal,Normal,Naik 2 Hari Beruntun,TP: 264 | CL: 230,Normal,Tidak Ideal (< 1:1),Death Cross (Awal Bearish),Netral / Sepi Berita,Normal / Sedang Transisi,Dekat Support Fibo 38.2%,8,BELI,BUY,2.4,MA20 di atas MA50 (Uptrend) | RSI Mendekati Jenuh Beli (61.0) | Harga di atas VWAP Intraday | Volume Lonjak 2.1x MA20,TIDAK ADA,2026-09-10 13:41:26,Biasa / Mengikuti Pasar
13:41,VRNA,Transaksi Sepi (Skip Broksum),Small Cap (Lapis 3),Overvalued (Mahal),137.88098,0.7261942,99.0,99.0,93.0,95.0,81,70,125,-4.040404040404041,5432700,Normal,66,Negatif,Uptrend,Bullish,Strong Bullish,Perfect Uptrend (5>20>50),Normal,Akumulasi (Naik),Normal,Seimbang / Adu Mekanik,Normal,Tinggi,Normal,Rawan Pucuk (High Risk),< 1 Miliar,Di Bawah VWAP (Lemah),Distribusi Pro (Guyuran),Gorengan Sepi (< 5M),Sepi (< 50%),Mark-Up (Fase Pesta),Spesialis Tiang Jemuran (Banting Pucuk),Normal,Turun 2 Hari Beruntun,TP: 107 | CL: 86,Open = High (Tekanan Jual),Menengah (1:1),Netral / Sideways,Netral / Sepi Berita,Normal / Sedang Transisi,Mengambang (Jauh dari Fibo),5,WAIT & SEE,HOLD / NEUTRAL,0.0,MA20 di atas MA50 (Uptrend) | RSI Mendekati Jenuh Beli (66.0) | Harga di bawah VWAP Intraday,TIDAK ADA,2026-09-10 13:41:26,Biasa / Mengikuti Pasar
13:41,WAPO,Token Mati (Perlu Update),Small Cap (Lapis 3),Overvalued (Mahal),0.0,4.0743155,173.0,210.0,172.0,200.0,158,133,210,15.606936416184972,9309100,Tembus MA20,91,Positif,Uptrend,Bullish,Strong Bullish,Perfect Uptrend (5>20>50),Normal,Akumulasi (Naik),Normal,Dominan Beli (Hajar Kanan),Breakout Upper,Tinggi,Normal,Rawan Pucuk (High Risk),> 1 Miliar,Di Atas VWAP (Kuat),Akumulasi Pro (Smart Money),Gorengan Sepi (< 5M),Ledakan Ekstrem (> 300%),Mark-Up (Fase Pesta),Spesialis Tiang Jemuran (Banting Pucuk),Normal,Naik 2 Hari Beruntun,TP: 218 | CL: 188,Normal,Tidak Ideal (< 1:1),Overbought (Jenuh Beli - Rawan),Netral / Sepi Berita,Normal / Sedang Transisi,Mengambang (Jauh dari Fibo),8,BELI,HOLD / NEUTRAL,0.6,MA20 di atas MA50 (Uptrend) | RSI Overbought Pucuk (91.0) | Harga di atas VWAP Intraday | Volume Lonjak 1.6x MA20,TIDAK ADA,2026-09-10 13:41:26,⚠️ Anomali (Sudah Terbang)
13:41,WEHA,Transaksi Sepi (Skip Broksum),Small Cap (Lapis 3),Undervalued (Murah),8.033827,0.63396025,113.0,115.0,112.0,114.0,109,104,120,0.8849557522123894,3937200,Normal,67,Positif,Uptrend,Bullish,Strong Bullish,Perfect Uptrend (5>20>50),Normal,Akumulasi (Naik),Normal,Seimbang / Adu Mekanik,Normal,Sedang,Normal,Area Tengah,< 1 Miliar,Persis di VWAP,Distribusi Pro (Guyuran),Gorengan Sepi (< 5M),Sepi (< 50%),Mark-Up (Fase Pesta),Spesialis Tiang Jemuran (Banting Pucuk),Normal,Naik 1 Hari Beruntun,TP: 119 | CL: 110,Normal,Tidak Ideal (< 1:1),Death Cross (Awal Bearish),Netral / Sepi Berita,Normal / Sedang Transisi,Dekat Support Fibo 23.6%,6,WAIT & SEE,HOLD / NEUTRAL,1.0,MA20 di atas MA50 (Uptrend) | RSI Mendekati Jenuh Beli (67.0),TIDAK ADA,2026-09-10 13:41:26,Biasa / Mengikuti Pasar
13:41,WIIM,Token Mati (Perlu Update),Mid Cap (Lapis 2),Undervalued (Murah),5.859942,1.4290808,1630.0,1635.0,1610.0,1615.0,1681,1610,1810,-0.6153846153846154,2072700,Tembus MA20,41,Negatif,Downtrend,Bearish,Strong Bearish,Konsolidasi / Transisi,Normal,Distribusi (Turun),Normal,Dominan Jual (Guyur),Bottom Rebound,Sedang,Normal,Dekat Support (Low Risk),> 1 Miliar,Di Bawah VWAP (Lemah),Distribusi Pro (Guyuran),Gorengan Sepi (< 5M),Normal (50-150%),Distribution (Fase Jualan),Spesialis Tiang Jemuran (Banting Pucuk),Normal,Turun 1 Hari Beruntun,TP: 1678 | CL: 1572,Normal,Sangat Menarik (> 1:3),Oversold (Jenuh Jual - Peluang),Netral / Sepi Berita,Normal / Sedang Transisi,Golden Rebound Fibo 61.8% (Golden Ratio) 🎯,1,WAIT & SEE,HOLD / NEUTRAL,1.0,MA20 di atas MA50 (Uptrend) | RSI Rebound Area Murah (41.0) | Harga di bawah VWAP Intraday,TIDAK ADA,2026-09-10 13:41:26,Biasa / Mengikuti Pasar
13:41,WINS,Transaksi Sepi (Skip Broksum),Mid Cap (Lapis 2),Overvalued (Mahal),6.7336087,14250.0,575.0,580.0,565.0,570.0,538,500,585,0.0,129100,Normal,69,Negatif,Uptrend,Bullish,Strong Bullish,Perfect Uptrend (5>20>50),Normal,Akumulasi (Naik),Normal,Seimbang / Adu Mekanik,Normal,Tinggi,Normal,Rawan Pucuk (High Risk),< 1 Miliar,Persis di VWAP,Akumulasi Pro (Smart Money),Gorengan Sepi (< 5M),Sepi (< 50%),Mark-Up (Fase Pesta),Spesialis Tiang Jemuran (Banting Pucuk),Normal,Sideways / Stagnan,TP: 595 | CL: 552,Normal,Tidak Ideal (< 1:1),Overbought (Jenuh Beli - Rawan),Netral / Sepi Berita,Normal / Sedang Transisi,Dekat Support Fibo 23.6%,5,WAIT & SEE,HOLD / NEUTRAL,1.0,MA20 di atas MA50 (Uptrend) | RSI Mendekati Jenuh Beli (69.0),TIDAK ADA,2026-09-10 13:41:26,Biasa / Mengikuti Pasar
13:41,WOMF,Transaksi Sepi (Skip Broksum),Small Cap (Lapis 3),Undervalued (Murah),6.354213,0.49505383,292.0,292.0,280.0,282.0,278,264,346,-2.083333333333333,42200,Normal,58,Negatif,Uptrend,Bullish,Bearish MACD,Perfect Uptrend (5>20>50),Normal,Akumulasi (Naik),Normal,Dominan Jual (Guyur),Normal,Sedang,Normal,Area Tengah,< 1 Miliar,Persis di VWAP,Akumulasi Pro (Smart Money),Gorengan Sepi (< 5M),Sepi (< 50%),Mark-Up (Fase Pesta),Spesialis Tiang Jemuran (Banting Pucuk),Normal,Turun 1 Hari Beruntun,TP: 306 | CL: 266,Open = High (Tekanan Jual),Sangat Menarik (> 1:3),Netral / Sideways,Netral / Sepi Berita,Normal / Sedang Transisi,Mendekati Fibo 61.8% (Golden Ratio),4,WAIT & SEE,HOLD / NEUTRAL,1.0,MA20 di atas MA50 (Uptrend) | RSI Mendekati Jenuh Beli (58.0),TIDAK ADA,2026-09-10 13:41:26,Biasa / Mengikuti Pasar
13:41,WTON,Transaksi Sepi (Skip Broksum),Small Cap (Lapis 3),Fair Value (Wajar),17.278618,0.19211559,81.0,81.0,80.0,81.0,80,77,84,0.0,1255900,Normal,56,Negatif,Uptrend,Bearish,Bearish MACD,Konsolidasi / Transisi,Normal,Distribusi (Turun),Normal,Dominan Beli (Hajar Kanan),Squeeze,Rendah,Doji (Ragu-ragu),Area Tengah,< 1 Miliar,Persis di VWAP,Akumulasi Pro (Smart Money),Gorengan Sepi (< 5M),Sepi (< 50%),Mark-Up (Fase Pesta),Normal,Jarum Bawah (Sinyal Pantulan Kuat),Sideways / Stagnan,TP: 84 | CL: 78,Normal,Tidak Ideal (< 1:1),Golden Cross (Awal Bullish),Netral / Sepi Berita,Supply Kering (Siap Pump) 🏜️,Golden Rebound Fibo 50.0% 🎯,3,WAIT & SEE,BUY,2.0,MA20 di atas MA50 (Uptrend) | RSI Mendekati Jenuh Beli (56.0) | Volatilitas Bollinger Squeeze (Siap Meledak),TIDAK ADA,2026-09-10 13:41:26,Biasa / Mengikuti Pasar
13:41,YPAS,Transaksi Sepi (Skip Broksum),Small Cap (Lapis 3),Overvalued (Mahal),36.103542,7.1695642,1325.0,1365.0,1200.0,1325.0,1407,730,1765,0.0,85500,Normal,57,Negatif,Downtrend,Death Cross,Bearish MACD,Konsolidasi / Transisi,Normal,Distribusi (Turun),Normal,Dominan Beli (Hajar Kanan),Normal,Tinggi,Doji (Ragu-ragu),Rawan Pucuk (High Risk),< 1 Miliar,Di Bawah VWAP (Lemah),Distribusi Pro (Guyuran),Gorengan Sepi (< 5M),Sepi (< 50%),Distribution (Fase Jualan),Spesialis Tiang Jemuran (Banting Pucuk),Jarum Bawah (Sinyal Pantulan Kuat),Sideways / Stagnan,TP: 1555 | CL: 1171,Normal,Tidak Ideal (< 1:1),Golden Cross (Awal Bullish),Netral / Sepi Berita,Normal / Sedang Transisi,Mendekati Fibo 38.2%,2,WAIT & SEE,HOLD / NEUTRAL,0.0,MA20 di atas MA50 (Uptrend) | RSI Mendekati Jenuh Beli (57.0) | Harga di bawah VWAP Intraday,TIDAK ADA,2026-09-10 13:41:26,Biasa / Mengikuti Pasar
13:41,YULE,Transaksi Sepi (Skip Broksum),Mid Cap (Lapis 2),Overvalued (Mahal),78.84659,8.884534,3500.0,3500.0,3500.0,3500.0,3522,3300,3890,-2.2346368715083798,600,Normal,49,Negatif,Downtrend,Bullish,Bearish MACD,Perfect Uptrend (5>20>50),Normal,Akumulasi (Naik),Gap Down (-2.2%),Tidak Ada Transaksi,Squeeze,Rendah,Doji (Ragu-ragu),Area Tengah,< 1 Miliar,Di Bawah VWAP (Lemah),Distribusi Pro (Guyuran),Gorengan Sepi (< 5M),Sepi (< 50%),Distribution (Fase Jualan),Normal,Normal,Turun 1 Hari Beruntun,TP: 3687 | CL: 3375,Normal,Ideal (1:2),Netral / Sideways,Netral / Sepi Berita,Normal / Sedang Transisi,Dekat Support Fibo 61.8% (Golden Ratio),2,WAIT & SEE,BUY,1.5,MA20 di atas MA50 (Uptrend) | Harga di bawah VWAP Intraday | Volatilitas Bollinger Squeeze (Siap Meledak),TIDAK ADA,2026-09-10 13:41:26,Biasa / Mengikuti Pasar
13:41,SHIP,Transaksi Sepi (Skip Broksum),Mid Cap (Lapis 2),Overvalued (Mahal),24.990238,45714.285,2610.0,2670.0,2520.0,2560.0,2354,2020,2760,-2.2900763358778624,17600,Normal,62,Negatif,Uptrend,Bullish,Strong Bullish,Perfect Uptrend (5>20>50),Normal,Akumulasi (Naik),Normal,Dominan Jual (Guyur),Normal,Tinggi,Normal,Rawan Pucuk (High Risk),< 1 Miliar,Di Atas VWAP (Kuat),Akumulasi Pro (Smart Money),Gorengan Sepi (< 5M),Sepi (< 50%),Mark-Up (Fase Pesta),Solid (Jarang Dibanting),Normal,Turun 1 Hari Beruntun,TP: 2838 | CL: 2374,Normal,Tidak Ideal (< 1:1),Death Cross (Awal Bearish),Netral / Sepi Berita,Normal / Sedang Transisi,Mendekati Fibo 23.6%,5,WAIT & SEE,BUY,2.0,MA20 di atas MA50 (Uptrend) | RSI Mendekati Jenuh Beli (62.0) | Harga di atas VWAP Intraday,TIDAK ADA,2026-09-10 13:41:26,Biasa / Mengikuti Pasar
13:41,CASA,Transaksi Sepi (Skip Broksum),Big Cap (Lapis 1),Overvalued (Mahal),664.2066,11.974295,1850.0,1875.0,1800.0,1800.0,1817,1795,1970,-0.2770083102493075,7300,Normal,47,Negatif,Downtrend,Bearish,Strong Bearish,Strong Downtrend (5<20<50),Normal,Akumulasi (Naik),Gap Up (+2.5%),Dominan Jual (Guyur),Squeeze,Rendah,Normal,Dekat Support (Low Risk),< 1 Miliar,Di Bawah VWAP (Lemah),Distribusi Pro (Guyuran),Gorengan Sepi (< 5M),Normal (50-150%),Mark-Down (Fase Runtuh),Spesialis Tiang Jemuran (Banting Pucuk),Normal,Turun 1 Hari Beruntun,TP: 1896 | CL: 1735,Normal,Sangat Menarik (> 1:3),Oversold (Jenuh Jual - Peluang),Netral / Sepi Berita,Normal / Sedang Transisi,Golden Rebound Fibo 50.0% 🎯,2,WAIT & SEE,SELL,-1.5,MA20 di bawah MA50 (Downtrend) | Harga di bawah VWAP Intraday | Volatilitas Bollinger Squeeze (Siap Meledak),TIDAK ADA,2026-09-10 13:41:26,Biasa / Mengikuti Pasar
13:41,DAYA,Transaksi Sepi (Skip Broksum),Mid Cap (Lapis 2),Overvalued (Mahal),27.855152,13.936399,1100.0,1100.0,1085.0,1100.0,1078,925,1315,0.0,600,Normal,61,Negatif,Uptrend,Bullish,Bearish MACD,Perfect Uptrend (5>20>50),Normal,Distribusi (Turun),Normal,Dominan Beli (Hajar Kanan),Normal,Tinggi,Doji (Ragu-ragu),Rawan Pucuk (High Risk),< 1 Miliar,Persis di VWAP,Akumulasi Pro (Smart Money),Gorengan Sepi (< 5M),Sepi (< 50%),Mark-Up (Fase Pesta),Normal,Jarum Bawah (Sinyal Pantulan Kuat),Sideways / Stagnan,TP: 1277 | CL: 981,Normal,Menengah (1:1),Netral / Sideways,Netral / Sepi Berita,Normal / Sedang Transisi,Mendekati Fibo 61.8% (Golden Ratio),4,WAIT & SEE,HOLD / NEUTRAL,1.0,MA20 di atas MA50 (Uptrend) | RSI Mendekati Jenuh Beli (61.0),TIDAK ADA,2026-09-10 13:41:26,Biasa / Mengikuti Pasar
13:41,DPUM,Token Mati (Perlu Update),Small Cap (Lapis 3),Fair Value (Wajar),0.0,1.6705025,165.0,170.0,132.0,135.0,100,87,170,-3.571428571428571,291669500,Tembus MA20,76,Negatif,Uptrend,Bullish,Strong Bullish,Perfect Uptrend (5>20>50),Distribusi Kuat,Akumulasi (Naik),Gap Up (+17.9%),Dominan Jual (Guyur),Breakout Upper,Tinggi,Normal,Rawan Pucuk (High Risk),> 1 Miliar,Di Atas VWAP (Kuat),Akumulasi Pro (Smart Money),Ritel Aktif (5M - 50M),Ledakan Ekstrem (> 300%),Mark-Up (Fase Pesta),Normal,Normal,Turun 1 Hari Beruntun,TP: 150 | CL: 124,Normal,Tidak Ideal (< 1:1),Death Cross (Awal Bearish),Netral / Sepi Berita,Supply Banjir (Distribusi) 🌊,Mendekati Fibo 50.0%,7,BELI,HOLD / NEUTRAL,0.6,MA20 di atas MA50 (Uptrend) | RSI Overbought Pucuk (76.0) | Harga di atas VWAP Intraday | Volume Lonjak 6.0x MA20,TIDAK ADA,2026-09-10 13:41:26,🔥 ANOMALI BANDAR (Siap Ledakan)
13:41,IDPR,Transaksi Sepi (Skip Broksum),Small Cap (Lapis 3),Fair Value (Wajar),17.299316,0.80004835,276.0,280.0,270.0,278.0,268,254,294,0.0,34900,Normal,54,Negatif,Uptrend,Bullish,Bullish MACD,Awal Reversal (5>20),Normal,Akumulasi (Naik),Normal,Dominan Beli (Hajar Kanan),Normal,Sedang,Normal,Area Tengah,< 1 Miliar,Di Atas VWAP (Kuat),Distribusi Pro (Guyuran),Gorengan Sepi (< 5M),Normal (50-150%),Accumulation (Kumpul Barang),Normal,Jarum Bawah (Sinyal Pantulan Kuat),Sideways / Stagnan,TP: 296 | CL: 265,Normal,Tidak Ideal (< 1:1),Netral / Sideways,Netral / Sepi Berita,Normal / Sedang Transisi,Golden Rebound Fibo 61.8% (Golden Ratio) 🎯,6,WAIT & SEE,HOLD / NEUTRAL,-0.5,MA20 di bawah MA50 (Downtrend) | Harga di atas VWAP Intraday,TIDAK ADA,2026-09-10 13:41:26,Biasa / Mengikuti Pasar
13:41,JGLE,Token Mati (Perlu Update),Mid Cap (Lapis 2),Fair Value (Wajar),0.0,1.6874789,82.0,83.0,78.0,81.0,86,75,98,-1.2195121951219512,247058400,Normal,49,Negatif,Downtrend,Bearish,Bearish MACD,Konsolidasi / Transisi,Normal,Distribusi (Turun),Normal,Seimbang / Adu Mekanik,Normal,Tinggi,Normal,Area Tengah,> 1 Miliar,Di Bawah VWAP (Lemah),Distribusi Pro (Guyuran),Ritel Aktif (5M - 50M),Sepi (< 50%),Distribution (Fase Jualan),Normal,Jarum Bawah (Sinyal Pantulan Kuat),Turun 3 Hari Beruntun,TP: 90 | CL: 74,Normal,Ideal (1:2),Netral / Sideways,Netral / Sepi Berita,Normal / Sedang Transisi,Golden Rebound Fibo 50.0% 🎯,0,WAIT & SEE,HOLD / NEUTRAL,0.5,MA20 di atas MA50 (Uptrend) | Harga di bawah VWAP Intraday,TIDAK ADA,2026-09-10 13:41:26,🔥 ANOMALI BANDAR (Siap Ledakan)
13:41,KINO,Transaksi Sepi (Skip Broksum),Mid Cap (Lapis 2),Undervalued (Murah),8.756132,1.0775598,1430.0,1430.0,1410.0,1410.0,1347,1250,1430,-0.7042253521126761,16600,Normal,69,Negatif,Uptrend,Bullish,Strong Bullish,Perfect Uptrend (5>20>50),Normal,Akumulasi (Naik),Normal,Dominan Jual (Guyur),Normal,Sedang,Normal,Rawan Pucuk (High Risk),< 1 Miliar,Di Atas VWAP (Kuat),Akumulasi Pro (Smart Money),Gorengan Sepi (< 5M),Sepi (< 50%),Mark-Up (Fase Pesta),Spesialis Tiang Jemuran (Banting Pucuk),Normal,Turun 1 Hari Beruntun,TP: 1490 | CL: 1356,Open = High (Tekanan Jual),Tidak Ideal (< 1:1),Overbought (Jenuh Beli - Rawan),Netral / Sepi Berita,Normal / Sedang Transisi,Mendekati Fibo 23.6%,5,WAIT & SEE,BUY,2.0,MA20 di atas MA50 (Uptrend) | RSI Mendekati Jenuh Beli (69.0) | Harga di atas VWAP Intraday,TIDAK ADA,2026-09-10 13:41:26,Biasa / Mengikuti Pasar
13:41,OASA,Token Mati (Perlu Update),Mid Cap (Lapis 2),Overvalued (Mahal),0.0,3.8800578,326.0,328.0,316.0,322.0,321,304,350,-0.6172839506172839,9766900,Normal,50,Negatif,Uptrend,Death Cross,Bearish MACD,Konsolidasi / Transisi,Normal,Akumulasi (Naik),Normal,Seimbang / Adu Mekanik,Normal,Sedang,Normal,Area Tengah,> 1 Miliar,Persis di VWAP,Akumulasi Pro (Smart Money),Ritel Aktif (5M - 50M),Sepi (< 50%),Mark-Up (Fase Pesta),Normal,Normal,Turun 1 Hari Beruntun,TP: 346 | CL: 305,Normal,Ideal (1:2),Netral / Sideways,Netral / Sepi Berita,Normal / Sedang Transisi,Dekat Support Fibo 38.2%,2,WAIT & SEE,BUY,1.5,MA20 di atas MA50 (Uptrend),TIDAK ADA,2026-09-10 13:41:26,Biasa / Mengikuti Pasar
13:41,POWR,Token Mati (Perlu Update),Big Cap (Lapis 1),Overvalued (Mahal),12.726571,22000.0,1005.0,1015.0,985.0,995.0,891,775,1040,-0.9950248756218906,10029500,Normal,71,Negatif,Uptrend,Bullish,Strong Bullish,Perfect Uptrend (5>20>50),Normal,Akumulasi (Naik),Normal,Seimbang / Adu Mekanik,Normal,Tinggi,Normal,Rawan Pucuk (High Risk),> 1 Miliar,Di Atas VWAP (Kuat),Akumulasi Pro (Smart Money),Ritel Aktif (5M - 50M),Normal (50-150%),Mark-Up (Fase Pesta),Normal,Normal,Turun 1 Hari Beruntun,TP: 1074 | CL: 941,Normal,Tidak Ideal (< 1:1),Netral / Sideways,Netral / Sepi Berita,Normal / Sedang Transisi,Mendekati Fibo 23.6%,5,WAIT & SEE,HOLD / NEUTRAL,0.5,MA20 di atas MA50 (Uptrend) | RSI Overbought Pucuk (71.0) | Harga di atas VWAP Intraday,TIDAK ADA,2026-09-10 13:41:26,Biasa / Mengikuti Pasar
13:41,PBSA,Transaksi Sepi (Skip Broksum),Mid Cap (Lapis 2),Overvalued (Mahal),9.350276,3.0734434,790.0,790.0,760.0,780.0,827,730,925,-1.2658227848101267,662700,Normal,45,Negatif,Downtrend,Bearish,Bearish MACD,Konsolidasi / Transisi,Normal,Distribusi (Turun),Normal,Seimbang / Adu Mekanik,Normal,Tinggi,Normal,Area Tengah,< 1 Miliar,Di Bawah VWAP (Lemah),Distribusi Pro (Guyuran),Gorengan Sepi (< 5M),Normal (50-150%),Distribution (Fase Jualan),Normal,Normal,Turun 3 Hari Beruntun,TP: 845 | CL: 736,Open = High (Tekanan Jual),Ideal (1:2),Netral / Sideways,Netral / Sepi Berita,Normal / Sedang Transisi,Mendekati Fibo 50.0%,0,WAIT & SEE,HOLD / NEUTRAL,0.5,MA20 di atas MA50 (Uptrend) | Harga di bawah VWAP Intraday,TIDAK ADA,2026-09-10 13:41:26,Biasa / Mengikuti Pasar
13:41,PRDA,Transaksi Sepi (Skip Broksum),Mid Cap (Lapis 2),Undervalued (Murah),11.778513,1.0687153,2830.0,2840.0,2770.0,2810.0,2597,2300,2940,-0.7067137809187279,304500,Normal,73,Negatif,Uptrend,Bullish,Strong Bullish,Perfect Uptrend (5>20>50),Normal,Distribusi (Turun),Normal,Seimbang / Adu Mekanik,Normal,Tinggi,Normal,Rawan Pucuk (High Risk),< 1 Miliar,Persis di VWAP,Akumulasi Pro (Smart Money),Ritel Aktif (5M - 50M),Sepi (< 50%),Mark-Up (Fase Pesta),Solid (Jarang Dibanting),Normal,Turun 1 Hari Beruntun,TP: 2945 | CL: 2720,Normal,Tidak Ideal (< 1:1),Death Cross (Awal Bearish),Netral / Sepi Berita,Normal / Sedang Transisi,Dekat Support Fibo 23.6%,4,WAIT & SEE,HOLD / NEUTRAL,-0.5,MA20 di atas MA50 (Uptrend) | RSI Overbought Pucuk (73.0),TIDAK ADA,2026-09-10 13:41:26,Biasa / Mengikuti Pasar
13:41,BOGA,Transaksi Sepi (Skip Broksum),Mid Cap (Lapis 2),Overvalued (Mahal),1392.2415,13.550136,1665.0,1665.0,1560.0,1615.0,1608,1540,1970,-2.710843373493976,18100,Normal,51,Negatif,Uptrend,Bullish,Bearish MACD,Perfect Uptrend (5>20>50),Normal,Akumulasi (Naik),Normal,Seimbang / Adu Mekanik,Normal,Sedang,Normal,Area Tengah,< 1 Miliar,Di Bawah VWAP (Lemah),Distribusi Pro (Guyuran),Gorengan Sepi (< 5M),Normal (50-150%),Mark-Up (Fase Pesta),Normal,Normal,Turun 1 Hari Beruntun,TP: 1759 | CL: 1518,Open = High (Tekanan Jual),Sangat Menarik (> 1:3),Netral / Sideways,Netral / Sepi Berita,Normal / Sedang Transisi,Dekat Support Fibo 38.2%,4,WAIT & SEE,HOLD / NEUTRAL,0.5,MA20 di atas MA50 (Uptrend) | Harga di bawah VWAP Intraday,TIDAK ADA,2026-09-10 13:41:26,Biasa / Mengikuti Pasar
13:41,BRIS,Token Mati (Perlu Update),Big Cap (Lapis 1),Fair Value (Wajar),10.198775,1.595163,1780.0,1785.0,1765.0,1770.0,1784,1755,1835,-0.28169014084507044,6226100,Normal,45,Negatif,Downtrend,Bearish,Strong Bearish,Strong Downtrend (5<20<50),Normal,Distribusi (Turun),Normal,Dominan Jual (Guyur),Squeeze,Rendah,Normal,Dekat Support (Low Risk),> 1 Miliar,Persis di VWAP,Distribusi Pro (Guyuran),Ritel Aktif (5M - 50M),Sepi (< 50%),Mark-Down (Fase Runtuh),Spesialis Tiang Jemuran (Banting Pucuk),Normal,Turun 1 Hari Beruntun,TP: 1813 | CL: 1740,Normal,Sangat Menarik (> 1:3),Oversold (Jenuh Jual - Peluang),Netral / Sepi Berita,Normal / Sedang Transisi,Mendekati Fibo 78.6%,0,WAIT & SEE,HOLD / NEUTRAL,-0.5,MA20 di bawah MA50 (Downtrend) | Volatilitas Bollinger Squeeze (Siap Meledak),TIDAK ADA,2026-09-10 13:41:26,Biasa / Mengikuti Pasar
13:41,PORT,Transaksi Sepi (Skip Broksum),Mid Cap (Lapis 2),Fair Value (Wajar),16.834713,2.105282,915.0,1080.0,915.0,935.0,907,825,1085,2.185792349726776,293800,Tembus MA20,59,Positif,Uptrend,Bullish,Strong Bullish,Perfect Uptrend (5>20>50),Akumulasi Kuat,Akumulasi (Naik),Normal,Dominan Jual (Guyur),Normal,Sedang,Normal,Rawan Pucuk (High Risk),< 1 Miliar,Di Bawah VWAP (Lemah),Distribusi Pro (Guyuran),Gorengan Sepi (< 5M),Ledakan Ekstrem (> 300%),Mark-Up (Fase Pesta),Spesialis Tiang Jemuran (Banting Pucuk),Normal,Naik 1 Hari Beruntun,TP: 1020 | CL: 877,Open = Low (Bullish Kuat),Menengah (1:1),Netral / Sideways,Netral / Sepi Berita,Normal / Sedang Transisi,Dekat Support Fibo 50.0%,8,BELI,HOLD / NEUTRAL,0.0,MA20 di atas MA50 (Uptrend) | RSI Mendekati Jenuh Beli (59.0) | Harga di bawah VWAP Intraday | Volume Lonjak 4.2x MA20,TIDAK ADA,2026-09-10 13:41:26,Biasa / Mengikuti Pasar
13:41,CARS,Transaksi Sepi (Skip Broksum),Mid Cap (Lapis 2),Fair Value (Wajar),10.68053,1.5389434,115.0,115.0,110.0,112.0,104,90,118,-1.7543859649122806,3019100,Normal,67,Negatif,Uptrend,Bullish,Strong Bullish,Perfect Uptrend (5>20>50),Normal,Akumulasi (Naik),Normal,Seimbang / Adu Mekanik,Normal,Tinggi,Normal,Rawan Pucuk (High Risk),< 1 Miliar,Di Bawah VWAP (Lemah),Distribusi Pro (Guyuran),Gorengan Sepi (< 5M),Sepi (< 50%),Mark-Up (Fase Pesta),Spesialis Tiang Jemuran (Banting Pucuk),Normal,Turun 1 Hari Beruntun,TP: 121 | CL: 105,Open = High (Tekanan Jual),Tidak Ideal (< 1:1),Death Cross (Awal Bearish),Netral / Sepi Berita,Normal / Sedang Transisi,Mendekati Fibo 23.6%,5,WAIT & SEE,HOLD / NEUTRAL,0.0,MA20 di atas MA50 (Uptrend) | RSI Mendekati Jenuh Beli (67.0) | Harga di bawah VWAP Intraday,TIDAK ADA,2026-09-10 13:41:26,Biasa / Mengikuti Pasar
13:41,MINA,Token Mati (Perlu Update),Mid Cap (Lapis 2),Overvalued (Mahal),0.0,10.923379,276.0,290.0,274.0,280.0,274,260,302,2.18978102189781,76788500,Tembus MA20,53,Positif,Uptrend,Bullish,Strong Bullish,Perfect Uptrend (5>20>50),Normal,Akumulasi (Naik),Normal,Seimbang / Adu Mekanik,Normal,Sedang,Normal,Area Tengah,> 1 Miliar,Persis di VWAP,Distribusi Pro (Guyuran),Ritel Aktif (5M - 50M),Anomali Tinggi (150-300%),Mark-Up (Fase Pesta),Spesialis Tiang Jemuran (Banting Pucuk),Normal,Naik 1 Hari Beruntun,TP: 301 | CL: 265,Normal,Menengah (1:1),Golden Cross (Awal Bullish),Netral / Sepi Berita,Normal / Sedang Transisi,Mendekati Fibo 61.8% (Golden Ratio),7,BELI,SELL,-1.5,MA20 di bawah MA50 (Downtrend),TIDAK ADA,2026-09-10 13:41:26,Biasa / Mengikuti Pasar
13:41,CLEO,Token Mati (Perlu Update),Big Cap (Lapis 1),Overvalued (Mahal),23.875624,4.120076,436.0,440.0,428.0,430.0,403,370,442,-0.9216589861751152,12279400,Normal,69,Negatif,Uptrend,Bullish,Strong Bullish,Perfect Uptrend (5>20>50),Normal,Akumulasi (Naik),Normal,Dominan Jual (Guyur),Normal,Tinggi,Normal,Rawan Pucuk (High Risk),> 1 Miliar,Persis di VWAP,Distribusi Pro (Guyuran),Ritel Aktif (5M - 50M),Normal (50-150%),Mark-Up (Fase Pesta),Normal,Normal,Turun 1 Hari Beruntun,TP: 449 | CL: 417,Normal,Tidak Ideal (< 1:1),Death Cross (Awal Bearish),Netral / Sepi Berita,Normal / Sedang Transisi,Mendekati Fibo 23.6%,5,WAIT & SEE,HOLD / NEUTRAL,1.0,MA20 di atas MA50 (Uptrend) | RSI Mendekati Jenuh Beli (69.0),TIDAK ADA,2026-09-10 13:41:26,Biasa / Mengikuti Pasar
13:41,TAMU,Transaksi Sepi (Skip Broksum),Mid Cap (Lapis 2),Fair Value (Wajar),0.0,0.0,29.0,29.0,29.0,29.0,26,23,29,3.571428571428571,4470100,Normal,64,Positif,Uptrend,Bullish,Strong Bullish,Perfect Uptrend (5>20>50),Normal,Akumulasi (Naik),Gap Up (+3.6%),Tidak Ada Transaksi,Normal,Tinggi,Doji (Ragu-ragu),Rawan Pucuk (High Risk),< 1 Miliar,Di Atas VWAP (Kuat),Akumulasi Pro (Smart Money),Gorengan Sepi (< 5M),Normal (50-150%),Mark-Up (Fase Pesta),Normal,Normal,Naik 1 Hari Beruntun,TP: 30 | CL: 27,Normal,Tidak Ideal (< 1:1),Overbought (Jenuh Beli - Rawan),Netral / Sepi Berita,Normal / Sedang Transisi,Mengambang (Jauh dari Fibo),7,BELI,BUY,2.0,MA20 di atas MA50 (Uptrend) | RSI Mendekati Jenuh Beli (64.0) | Harga di atas VWAP Intraday,TIDAK ADA,2026-09-10 13:41:26,Biasa / Mengikuti Pasar
13:41,CSIS,Transaksi Sepi (Skip Broksum),Small Cap (Lapis 3),Overvalued (Mahal),30.355593,0.9802686,212.0,214.0,208.0,210.0,216,186,236,-0.9433962264150944,809200,Normal,52,Negatif,Downtrend,Bearish,Bearish MACD,Konsolidasi / Transisi,Normal,Distribusi (Turun),Normal,Seimbang / Adu Mekanik,Normal,Tinggi,Normal,Rawan Pucuk (High Risk),< 1 Miliar,Di Bawah VWAP (Lemah),Akumulasi Pro (Smart Money),Gorengan Sepi (< 5M),Normal (50-150%),Distribution (Fase Jualan),Solid (Jarang Dibanting),Normal,Turun 2 Hari Beruntun,TP: 230 | CL: 196,Normal,Menengah (1:1),Netral / Sideways,Netral / Sepi Berita,Normal / Sedang Transisi,Mengambang (Jauh dari Fibo),1,WAIT & SEE,HOLD / NEUTRAL,0.5,MA20 di atas MA50 (Uptrend) | Harga di bawah VWAP Intraday,TIDAK ADA,2026-09-10 13:41:26,Biasa / Mengikuti Pasar
13:41,FIRE,Token Mati (Perlu Update),Small Cap (Lapis 3),Overvalued (Mahal),25.6,0.781169,132.0,132.0,127.0,128.0,116,104,141,-2.2900763358778624,13785900,Normal,62,Negatif,Uptrend,Bullish,Strong Bullish,Perfect Uptrend (5>20>50),Normal,Akumulasi (Naik),Normal,Dominan Jual (Guyur),Normal,Tinggi,Normal,Rawan Pucuk (High Risk),> 1 Miliar,Di Bawah VWAP (Lemah),Distribusi Pro (Guyuran),Ritel Aktif (5M - 50M),Sepi (< 50%),Mark-Up (Fase Pesta),Spesialis Tiang Jemuran (Banting Pucuk),Normal,Turun 1 Hari Beruntun,TP: 144 | CL: 117,Open = High (Tekanan Jual),Tidak Ideal (< 1:1),Death Cross (Awal Bearish),Netral / Sepi Berita,Normal / Sedang Transisi,Mendekati Fibo 38.2%,5,WAIT & SEE,HOLD / NEUTRAL,0.0,MA20 di atas MA50 (Uptrend) | RSI Mendekati Jenuh Beli (62.0) | Harga di bawah VWAP Intraday,TIDAK ADA,2026-09-10 13:41:26,Biasa / Mengikuti Pasar
13:41,KMTR,Transaksi Sepi (Skip Broksum),Mid Cap (Lapis 2),Fair Value (Wajar),0.0,0.9983129,256.0,264.0,256.0,258.0,241,220,264,0.78125,150700,Normal,67,Positif,Uptrend,Bullish,Strong Bullish,Perfect Uptrend (5>20>50),Normal,Akumulasi (Naik),Normal,Dominan Jual (Guyur),Normal,Tinggi,Normal,Rawan Pucuk (High Risk),< 1 Miliar,Persis di VWAP,Distribusi Pro (Guyuran),Gorengan Sepi (< 5M),Normal (50-150%),Mark-Up (Fase Pesta),Spesialis Tiang Jemuran (Banting Pucuk),Normal,Naik 2 Hari Beruntun,TP: 272 | CL: 248,Open = Low (Bullish Kuat),Tidak Ideal (< 1:1),Overbought (Jenuh Beli - Rawan),Netral / Sepi Berita,Normal / Sedang Transisi,Dekat Support Fibo 23.6%,6,WAIT & SEE,HOLD / NEUTRAL,1.0,MA20 di atas MA50 (Uptrend) | RSI Mendekati Jenuh Beli (67.0),TIDAK ADA,2026-09-10 13:41:26,Biasa / Mengikuti Pasar
13:41,WOOD,Transaksi Sepi (Skip Broksum),Mid Cap (Lapis 2),Fair Value (Wajar),23.423424,0.28948876,210.0,212.0,206.0,208.0,211,200,224,-0.9523809523809524,1243200,Normal,47,Negatif,Downtrend,Bearish,Strong Bearish,Strong Downtrend (5<20<50),Normal,Distribusi (Turun),Normal,Seimbang / Adu Mekanik,Normal,Sedang,Normal,Area Tengah,< 1 Miliar,Persis di VWAP,Distribusi Pro (Guyuran),Gorengan Sepi (< 5M),Sepi (< 50%),Mark-Down (Fase Runtuh),Solid (Jarang Dibanting),Normal,Turun 1 Hari Beruntun,TP: 221 | CL: 199,Normal,Ideal (1:2),Golden Cross (Awal Bullish),Netral / Sepi Berita,Normal / Sedang Transisi,Dekat Support Fibo 61.8% (Golden Ratio),0,WAIT & SEE,SELL,-1.5,MA20 di bawah MA50 (Downtrend),TIDAK ADA,2026-09-10 13:41:26,Biasa / Mengikuti Pasar
13:41,HRTA,Token Mati (Perlu Update),Big Cap (Lapis 1),Fair Value (Wajar),7.79005,2.7736995,2270.0,2300.0,2240.0,2240.0,2259,2060,2470,-0.8849557522123894,3827600,Normal,54,Negatif,Downtrend,Death Cross,Bearish MACD,Konsolidasi / Transisi,Normal,Distribusi (Turun),Normal,Dominan Jual (Guyur),Normal,Sedang,Normal,Area Tengah,> 1 Miliar,Di Bawah VWAP (Lemah),Distribusi Pro (Guyuran),Ritel Aktif (5M - 50M),Sepi (< 50%),Distribution (Fase Jualan),Normal,Normal,Turun 2 Hari Beruntun,TP: 2371 | CL: 2152,Normal,Menengah (1:1),Netral / Sideways,Netral / Sepi Berita,Normal / Sedang Transisi,Mendekati Fibo 38.2%,1,WAIT & SEE,HOLD / NEUTRAL,0.5,MA20 di atas MA50 (Uptrend) | Harga di bawah VWAP Intraday,TIDAK ADA,2026-09-10 13:41:26,Biasa / Mengikuti Pasar
13:41,HOKI,Transaksi Sepi (Skip Broksum),Small Cap (Lapis 3),Fair Value (Wajar),0.0,1.0342011,56.0,57.0,55.0,56.0,55,54,60,0.0,6202500,Normal,54,Negatif,Uptrend,Bullish,Bearish MACD,Perfect Uptrend (5>20>50),Normal,Akumulasi (Naik),Normal,Seimbang / Adu Mekanik,Squeeze,Rendah,Doji (Ragu-ragu),Area Tengah,< 1 Miliar,Persis di VWAP,Distribusi Pro (Guyuran),Gorengan Sepi (< 5M),Sepi (< 50%),Mark-Up (Fase Pesta),Normal,Normal,Sideways / Stagnan,TP: 59 | CL: 53,Normal,Ideal (1:2),Netral / Sideways,Netral / Sepi Berita,Normal / Sedang Transisi,Dekat Support Fibo 50.0%,4,WAIT & SEE,BUY,2.5,MA20 di atas MA50 (Uptrend) | Volatilitas Bollinger Squeeze (Siap Meledak),TIDAK ADA,2026-09-10 13:41:26,Biasa / Mengikuti Pasar
13:41,MPOW,Transaksi Sepi (Skip Broksum),Small Cap (Lapis 3),Fair Value (Wajar),17.335766,0.9685806,115.0,116.0,113.0,114.0,111,105,150,-0.8695652173913043,4151000,Normal,56,Negatif,Uptrend,Bullish,Bearish MACD,Perfect Uptrend (5>20>50),Normal,Distribusi (Turun),Normal,Seimbang / Adu Mekanik,Normal,Tinggi,Normal,Area Tengah,< 1 Miliar,Di Bawah VWAP (Lemah),Distribusi Pro (Guyuran),Ritel Aktif (5M - 50M),Sepi (< 50%),Mark-Up (Fase Pesta),Spesialis Tiang Jemuran (Banting Pucuk),Normal,Turun 2 Hari Beruntun,TP: 127 | CL: 104,Normal,Sangat Menarik (> 1:3),Netral / Sideways,Netral / Sepi Berita,Normal / Sedang Transisi,Mendekati Fibo 61.8% (Golden Ratio),3,WAIT & SEE,HOLD / NEUTRAL,0.0,MA20 di atas MA50 (Uptrend) | RSI Mendekati Jenuh Beli (56.0) | Harga di bawah VWAP Intraday,TIDAK ADA,2026-09-10 13:41:26,Biasa / Mengikuti Pasar
13:41,MARK,Token Mati (Perlu Update),Mid Cap (Lapis 2),Overvalued (Mahal),12.248815,4.6234746,1075.0,1085.0,1075.0,1085.0,1081,1045,1115,0.9302325581395349,9754600,Normal,56,Positif,Uptrend,Bearish,Bearish MACD,Konsolidasi / Transisi,Normal,Distribusi (Turun),Normal,Dominan Beli (Hajar Kanan),Squeeze,Rendah,Marubozu (Strong Bullish),Area Tengah,> 1 Miliar,Persis di VWAP,Distribusi Pro (Guyuran),Ritel Aktif (5M - 50M),Normal (50-150%),Mark-Up (Fase Pesta),Normal,Normal,Naik 1 Hari Beruntun,TP: 1119 | CL: 1062,Open = Low (Bullish Kuat),Tidak Ideal (< 1:1),Netral / Sideways,Netral / Sepi Berita,Normal / Sedang Transisi,Mendekati Fibo 23.6%,4,WAIT & SEE,BUY,2.0,MA20 di atas MA50 (Uptrend) | RSI Mendekati Jenuh Beli (56.0) | Volatilitas Bollinger Squeeze (Siap Meledak),TIDAK ADA,2026-09-10 13:41:26,Biasa / Mengikuti Pasar
13:41,NASA,Transaksi Sepi (Skip Broksum),Small Cap (Lapis 3),Fair Value (Wajar),0.0,0.37322843,37.0,37.0,37.0,37.0,30,29,37,8.823529411764707,745600,Tembus MA20,77,Positif,Uptrend,Bullish,Strong Bullish,Perfect Uptrend (5>20>50),Normal,Akumulasi (Naik),Gap Up (+8.8%),Tidak Ada Transaksi,Breakout Upper,Tinggi,Doji (Ragu-ragu),Rawan Pucuk (High Risk),< 1 Miliar,Di Atas VWAP (Kuat),Akumulasi Pro (Smart Money),Gorengan Sepi (< 5M),Normal (50-150%),Mark-Up (Fase Pesta),Normal,Normal,Naik 2 Hari Beruntun,TP: 38 | CL: 35,Normal,Tidak Ideal (< 1:1),Overbought (Jenuh Beli - Rawan),Netral / Sepi Berita,Normal / Sedang Transisi,Mengambang (Jauh dari Fibo),8,BELI,STRONG SELL,-3.0,MA20 di bawah MA50 (Downtrend) | RSI Overbought Pucuk (77.0) | Harga di atas VWAP Intraday | Volume Lonjak 1.5x MA20,TIDAK ADA,2026-09-10 13:41:26,Biasa / Mengikuti Pasar
13:41,MDKI,Transaksi Sepi (Skip Broksum),Small Cap (Lapis 3),Undervalued (Murah),12.943309,0.52527213,195.0,200.0,195.0,200.0,192,186,200,0.0,38300,Normal,78,Negatif,Uptrend,Bullish,Strong Bullish,Perfect Uptrend (5>20>50),Normal,Akumulasi (Naik),Gap Down (-2.5%),Dominan Beli (Hajar Kanan),Normal,Sedang,Marubozu (Strong Bullish),Area Tengah,< 1 Miliar,Di Atas VWAP (Kuat),Akumulasi Pro (Smart Money),Gorengan Sepi (< 5M),Sepi (< 50%),Mark-Up (Fase Pesta),Normal,Normal,Sideways / Stagnan,TP: 206 | CL: 195,Open = Low (Bullish Kuat),Tidak Ideal (< 1:1),Overbought (Jenuh Beli - Rawan),Netral / Sepi Berita,Normal / Sedang Transisi,Mendekati Fibo 38.2%,6,WAIT & SEE,HOLD / NEUTRAL,0.5,MA20 di atas MA50 (Uptrend) | RSI Overbought Pucuk (78.0) | Harga di atas VWAP Intraday,TIDAK ADA,2026-09-10 13:41:26,Biasa / Mengikuti Pasar
13:41,BELL,Token Mati (Perlu Update),Small Cap (Lapis 3),Overvalued (Mahal),1861.5386,3.6460059,117.0,131.0,117.0,122.0,114,109,131,5.172413793103448,217482100,Tembus MA20,63,Positif,Uptrend,Bullish,Strong Bullish,Perfect Uptrend (5>20>50),Akumulasi Kuat,Akumulasi (Naik),Normal,Seimbang / Adu Mekanik,Squeeze,Rendah,Normal,Rawan Pucuk (High Risk),> 1 Miliar,Persis di VWAP,Distribusi Pro (Guyuran),Ritel Aktif (5M - 50M),Ledakan Ekstrem (> 300%),Mark-Up (Fase Pesta),Spesialis Tiang Jemuran (Banting Pucuk),Normal,Naik 3 Hari Beruntun,TP: 130 | CL: 116,Open = Low (Bullish Kuat),Tidak Ideal (< 1:1),Netral / Sideways,Netral / Sepi Berita,Normal / Sedang Transisi,Mendekati Fibo 38.2%,8,BELI,BUY,2.4,MA20 di atas MA50 (Uptrend) | RSI Mendekati Jenuh Beli (63.0) | Volatilitas Bollinger Squeeze (Siap Meledak) | Volume Lonjak 5.9x MA20,TIDAK ADA,2026-09-10 13:41:26,⚠️ Anomali (Sudah Terbang)
13:41,KIOS,Token Mati (Perlu Update),Small Cap (Lapis 3),Overvalued (Mahal),78.57143,0.8598721,101.0,120.0,100.0,110.0,99,91,120,8.91089108910891,73888100,Tembus MA20,67,Positif,Uptrend,Bullish,Strong Bullish,Perfect Uptrend (5>20>50),Normal,Akumulasi (Naik),Normal,Seimbang / Adu Mekanik,Breakout Upper,Tinggi,Normal,Rawan Pucuk (High Risk),> 1 Miliar,Di Atas VWAP (Kuat),Distribusi Pro (Guyuran),Gorengan Sepi (< 5M),Anomali Tinggi (150-300%),Mark-Up (Fase Pesta),Spesialis Tiang Jemuran (Banting Pucuk),Normal,Naik 1 Hari Beruntun,TP: 122 | CL: 101,Normal,Tidak Ideal (< 1:1),Netral / Sideways,Netral / Sepi Berita,Normal / Sedang Transisi,Mendekati Fibo 38.2%,7,BELI,BUY,2.4,MA20 di atas MA50 (Uptrend) | RSI Mendekati Jenuh Beli (67.0) | Harga di atas VWAP Intraday | Volume Lonjak 1.8x MA20,TIDAK ADA,2026-09-10 13:41:26,Biasa / Mengikuti Pasar
13:41,GMFI,Token Mati (Perlu Update),Mid Cap (Lapis 2),Overvalued (Mahal),3.5735917,58999.996,60.0,60.0,58.0,58.0,59,55,65,-3.3333333333333335,30056600,Normal,49,Negatif,Downtrend,Death Cross,Bearish MACD,Konsolidasi / Transisi,Normal,Distribusi (Turun),Normal,Dominan Jual (Guyur),Normal,Sedang,Normal,Area Tengah,> 1 Miliar,Di Bawah VWAP (Lemah),Akumulasi Pro (Smart Money),Gorengan Sepi (< 5M),Sepi (< 50%),Distribution (Fase Jualan),Normal,Normal,Turun 1 Hari Beruntun,TP: 61 | CL: 55,Open = High (Tekanan Jual),Ideal (1:2),Netral / Sideways,Netral / Sepi Berita,Supply Kering (Siap Pump) 🏜️,Mengambang (Jauh dari Fibo),0,WAIT & SEE,HOLD / NEUTRAL,0.5,MA20 di atas MA50 (Uptrend) | Harga di bawah VWAP Intraday,TIDAK ADA,2026-09-10 13:41:26,Biasa / Mengikuti Pasar
13:41,MTWI,Transaksi Sepi (Skip Broksum),Small Cap (Lapis 3),Overvalued (Mahal),61.71171,1.9404001,272.0,284.0,266.0,274.0,255,232,310,1.4814814814814816,25600,Normal,66,Positif,Uptrend,Bullish,Strong Bullish,Awal Reversal (5>20),Normal,Akumulasi (Naik),Normal,Seimbang / Adu Mekanik,Normal,Tinggi,Normal,Rawan Pucuk (High Risk),< 1 Miliar,Di Atas VWAP (Kuat),Akumulasi Pro (Smart Money),Gorengan Sepi (< 5M),Sepi (< 50%),Accumulation (Kumpul Barang),Normal,Normal,Naik 2 Hari Beruntun,TP: 299 | CL: 257,Normal,Tidak Ideal (< 1:1),Netral / Sideways,Netral / Sepi Berita,Normal / Sedang Transisi,Dekat Support Fibo 50.0%,6,WAIT & SEE,HOLD / NEUTRAL,-1.0,MA20 di bawah MA50 (Downtrend) | RSI Mendekati Jenuh Beli (66.0) | Harga di atas VWAP Intraday,TIDAK ADA,2026-09-10 13:41:26,Biasa / Mengikuti Pasar
13:41,MCAS,Transaksi Sepi (Skip Broksum),Small Cap (Lapis 3),Fair Value (Wajar),0.0,1.7015623,294.0,294.0,288.0,290.0,292,270,338,-1.3605442176870748,596700,Normal,55,Negatif,Downtrend,Bearish,Bearish MACD,Konsolidasi / Transisi,Normal,Akumulasi (Naik),Normal,Seimbang / Adu Mekanik,Normal,Sedang,Normal,Area Tengah,< 1 Miliar,Persis di VWAP,Distribusi Pro (Guyuran),Gorengan Sepi (< 5M),Sepi (< 50%),Distribution (Fase Jualan),Spesialis Tiang Jemuran (Banting Pucuk),Normal,Turun 1 Hari Beruntun,TP: 311 | CL: 275,Open = High (Tekanan Jual),Ideal (1:2),Netral / Sideways,Netral / Sepi Berita,Normal / Sedang Transisi,Dekat Support Fibo 38.2%,2,WAIT & SEE,BUY,1.5,MA20 di atas MA50 (Uptrend),TIDAK ADA,2026-09-10 13:41:26,Biasa / Mengikuti Pasar
13:41,PPRE,Token Mati (Perlu Update),Mid Cap (Lapis 2),Fair Value (Wajar),0.0,1.1794792,109.0,109.0,107.0,107.0,105,100,117,-0.9259259259259258,12505900,Normal,53,Negatif,Uptrend,Bullish,Strong Bullish,Perfect Uptrend (5>20>50),Normal,Distribusi (Turun),Normal,Dominan Jual (Guyur),Normal,Sedang,Normal,Area Tengah,> 1 Miliar,Persis di VWAP,Distribusi Pro (Guyuran),Gorengan Sepi (< 5M),Sepi (< 50%),Mark-Up (Fase Pesta),Spesialis Tiang Jemuran (Banting Pucuk),Normal,Turun 1 Hari Beruntun,TP: 114 | CL: 102,Open = High (Tekanan Jual),Menengah (1:1),Netral / Sideways,Netral / Sepi Berita,Normal / Sedang Transisi,Dekat Support Fibo 38.2%,4,WAIT & SEE,SELL,-1.5,MA20 di bawah MA50 (Downtrend),TIDAK ADA,2026-09-10 13:41:26,Biasa / Mengikuti Pasar
13:41,WEGE,Transaksi Sepi (Skip Broksum),Small Cap (Lapis 3),Fair Value (Wajar),0.0,0.25738367,53.0,53.0,52.0,52.0,55,51,76,0.0,8003100,Normal,44,Negatif,Downtrend,Bearish,Bearish MACD,Konsolidasi / Transisi,Normal,Distribusi (Turun),Normal,Dominan Jual (Guyur),Normal,Tinggi,Normal,Dekat Support (Low Risk),< 1 Miliar,Di Bawah VWAP (Lemah),Distribusi Pro (Guyuran),Gorengan Sepi (< 5M),Sepi (< 50%),Distribution (Fase Jualan),Normal,Normal,Sideways / Stagnan,TP: 56 | CL: 49,Open = High (Tekanan Jual),Sangat Menarik (> 1:3),Oversold (Jenuh Jual - Peluang),Netral / Sepi Berita,Normal / Sedang Transisi,Mendekati Fibo Bottom / 100%,0,WAIT & SEE,HOLD / NEUTRAL,1.0,MA20 di atas MA50 (Uptrend) | RSI Rebound Area Murah (44.0) | Harga di bawah VWAP Intraday,TIDAK ADA,2026-09-10 13:41:26,Biasa / Mengikuti Pasar
13:41,PSSI,Transaksi Sepi (Skip Broksum),Mid Cap (Lapis 2),Overvalued (Mahal),0.0,12344.828,360.0,362.0,358.0,358.0,336,316,362,-0.5555555555555556,223300,Tembus MA20,68,Negatif,Uptrend,Bullish,Strong Bullish,Perfect Uptrend (5>20>50),Normal,Akumulasi (Naik),Normal,Dominan Jual (Guyur),Normal,Sedang,Normal,Rawan Pucuk (High Risk),< 1 Miliar,Persis di VWAP,Distribusi Pro (Guyuran),Gorengan Sepi (< 5M),Normal (50-150%),Mark-Up (Fase Pesta),Normal,Normal,Turun 1 Hari Beruntun,TP: 371 | CL: 348,Normal,Tidak Ideal (< 1:1),Overbought (Jenuh Beli - Rawan),Netral / Sepi Berita,Supply Banjir (Distribusi) 🌊,Mendekati Fibo 23.6%,6,WAIT & SEE,HOLD / NEUTRAL,1.0,MA20 di atas MA50 (Uptrend) | RSI Mendekati Jenuh Beli (68.0),TIDAK ADA,2026-09-10 13:41:26,Biasa / Mengikuti Pasar
13:41,MORA,Transaksi Sepi (Skip Broksum),Big Cap (Lapis 1),Overvalued (Mahal),214.37198,14.132541,5425.0,5425.0,5325.0,5350.0,5312,5000,6175,-0.9259259259259258,118000,Normal,43,Negatif,Uptrend,Bullish,Bullish MACD,Awal Reversal (5>20),Normal,Distribusi (Turun),Normal,Dominan Jual (Guyur),Normal,Sedang,Normal,Area Tengah,< 1 Miliar,Di Bawah VWAP (Lemah),Distribusi Pro (Guyuran),Gorengan Sepi (< 5M),Sepi (< 50%),Accumulation (Kumpul Barang),Spesialis Tiang Jemuran (Banting Pucuk),Normal,Turun 3 Hari Beruntun,TP: 5741 | CL: 5089,Open = High (Tekanan Jual),Ideal (1:2),Netral / Sideways,Netral / Sepi Berita,Normal / Sedang Transisi,Mengambang (Jauh dari Fibo),3,WAIT & SEE,SELL,-2.0,MA20 di bawah MA50 (Downtrend) | RSI Rebound Area Murah (43.0) | Harga di bawah VWAP Intraday,TIDAK ADA,2026-09-10 13:41:26,Biasa / Mengikuti Pasar
13:41,DWGL,Transaksi Sepi (Skip Broksum),Mid Cap (Lapis 2),Overvalued (Mahal),9.29309,3.6216183,236.0,238.0,230.0,236.0,285,230,418,0.0,3340200,Normal,35,Negatif,Downtrend,Bearish,Strong Bearish,Konsolidasi / Transisi,Normal,Akumulasi (Naik),Normal,Dominan Beli (Hajar Kanan),Normal,Tinggi,Doji (Ragu-ragu),Dekat Support (Low Risk),< 1 Miliar,Di Bawah VWAP (Lemah),Distribusi Pro (Guyuran),Gorengan Sepi (< 5M),Sepi (< 50%),Distribution (Fase Jualan),Normal,Jarum Bawah (Sinyal Pantulan Kuat),Sideways / Stagnan,TP: 265 | CL: 216,Normal,Sangat Menarik (> 1:3),Oversold (Jenuh Jual - Peluang),Netral / Sepi Berita,Normal / Sedang Transisi,Mengambang (Jauh dari Fibo),2,WAIT & SEE,HOLD / NEUTRAL,1.0,MA20 di atas MA50 (Uptrend) | RSI Rebound Area Murah (35.0) | Harga di bawah VWAP Intraday,TIDAK ADA,2026-09-10 13:41:26,Biasa / Mengikuti Pasar
13:41,PBID,Transaksi Sepi (Skip Broksum),Mid Cap (Lapis 2),Undervalued (Murah),6.4351625,1.3459429,530.0,530.0,525.0,530.0,530,515,545,0.0,807300,Normal,54,Negatif,Downtrend,Bearish,Bearish MACD,Konsolidasi / Transisi,Normal,Distribusi (Turun),Normal,Dominan Beli (Hajar Kanan),Squeeze,Rendah,Doji (Ragu-ragu),Dekat Support (Low Risk),< 1 Miliar,Persis di VWAP,Akumulasi Pro (Smart Money),Gorengan Sepi (< 5M),Normal (50-150%),Distribution (Fase Jualan),Normal,Jarum Bawah (Sinyal Pantulan Kuat),Sideways / Stagnan,TP: 544 | CL: 520,Normal,Menengah (1:1),Netral / Sideways,Netral / Sepi Berita,Normal / Sedang Transisi,Golden Rebound Fibo 38.2% 🎯,2,WAIT & SEE,BUY,2.5,MA20 di atas MA50 (Uptrend) | Volatilitas Bollinger Squeeze (Siap Meledak),TIDAK ADA,2026-09-10 13:41:26,Biasa / Mengikuti Pasar
13:41,CAMP,Transaksi Sepi (Skip Broksum),Mid Cap (Lapis 2),Undervalued (Murah),13.312694,0.99116594,173.0,173.0,171.0,172.0,170,168,180,0.0,50400,Normal,54,Negatif,Uptrend,Bullish,Strong Bullish,Perfect Uptrend (5>20>50),Normal,Akumulasi (Naik),Normal,Seimbang / Adu Mekanik,Squeeze,Rendah,Normal,Dekat Support (Low Risk),< 1 Miliar,Persis di VWAP,Akumulasi Pro (Smart Money),Gorengan Sepi (< 5M),Sepi (< 50%),Mark-Up (Fase Pesta),Normal,Normal,Sideways / Stagnan,TP: 178 | CL: 167,Open = High (Tekanan Jual),Ideal (1:2),Netral / Sideways,Netral / Sepi Berita,Normal / Sedang Transisi,Mendekati Fibo 78.6%,5,WAIT & SEE,HOLD / NEUTRAL,-0.5,MA20 di bawah MA50 (Downtrend) | Volatilitas Bollinger Squeeze (Siap Meledak),TIDAK ADA,2026-09-10 13:41:26,Biasa / Mengikuti Pasar
13:41,IPCM,Transaksi Sepi (Skip Broksum),Mid Cap (Lapis 2),Undervalued (Murah),8.840448,1.1641536,292.0,292.0,290.0,292.0,299,282,304,0.0,790900,Normal,32,Negatif,Downtrend,Bearish,Strong Bearish,Strong Downtrend (5<20<50),Normal,Distribusi (Turun),Normal,Dominan Beli (Hajar Kanan),Squeeze,Rendah,Doji (Ragu-ragu),Area Tengah,< 1 Miliar,Persis di VWAP,Distribusi Pro (Guyuran),Gorengan Sepi (< 5M),Sepi (< 50%),Mark-Down (Fase Runtuh),Normal,Jarum Bawah (Sinyal Pantulan Kuat),Sideways / Stagnan,TP: 299 | CL: 286,Normal,Menengah (1:1),Oversold (Jenuh Jual - Peluang),Netral / Sepi Berita,Normal / Sedang Transisi,Golden Rebound Fibo 78.6% 🎯,1,WAIT & SEE,HOLD / NEUTRAL,0.0,MA20 di bawah MA50 (Downtrend) | RSI Rebound Area Murah (32.0) | Volatilitas Bollinger Squeeze (Siap Meledak),TIDAK ADA,2026-09-10 13:41:26,Biasa / Mengikuti Pasar
13:41,PCAR,Transaksi Sepi (Skip Broksum),Small Cap (Lapis 3),Fair Value (Wajar),0.0,0.68370754,44.0,44.0,44.0,44.0,42,39,44,0.0,1141500,Normal,59,Negatif,Uptrend,Bullish,Strong Bullish,Perfect Uptrend (5>20>50),Normal,Akumulasi (Naik),Normal,Tidak Ada Transaksi,Normal,Sedang,Doji (Ragu-ragu),Rawan Pucuk (High Risk),< 1 Miliar,Di Atas VWAP (Kuat),Akumulasi Pro (Smart Money),Gorengan Sepi (< 5M),Normal (50-150%),Mark-Up (Fase Pesta),Normal,Normal,Sideways / Stagnan,TP: 45 | CL: 42,Normal,Tidak Ideal (< 1:1),Overbought (Jenuh Beli - Rawan),Netral / Sepi Berita,Normal / Sedang Transisi,Dekat Support Fibo 50.0%,5,WAIT & SEE,BUY,2.0,MA20 di atas MA50 (Uptrend) | RSI Mendekati Jenuh Beli (59.0) | Harga di atas VWAP Intraday,TIDAK ADA,2026-09-10 13:41:26,Biasa / Mengikuti Pasar
13:41,HELI,Transaksi Sepi (Skip Broksum),Small Cap (Lapis 3),Fair Value (Wajar),6.647491,1.9550343,206.0,210.0,204.0,208.0,198,190,216,0.9708737864077669,350700,Normal,63,Positif,Uptrend,Bullish,Strong Bullish,Perfect Uptrend (5>20>50),Normal,Akumulasi (Naik),Normal,Seimbang / Adu Mekanik,Normal,Sedang,Normal,Area Tengah,< 1 Miliar,Persis di VWAP,Distribusi Pro (Guyuran),Gorengan Sepi (< 5M),Sepi (< 50%),Mark-Up (Fase Pesta),Spesialis Tiang Jemuran (Banting Pucuk),Normal,Naik 1 Hari Beruntun,TP: 224 | CL: 197,Normal,Tidak Ideal (< 1:1),Netral / Sideways,Netral / Sepi Berita,Normal / Sedang Transisi,Dekat Support Fibo 38.2%,6,WAIT & SEE,HOLD / NEUTRAL,1.0,MA20 di atas MA50 (Uptrend) | RSI Mendekati Jenuh Beli (63.0),TIDAK ADA,2026-09-10 13:41:26,Biasa / Mengikuti Pasar
13:41,INPS,Transaksi Sepi (Skip Broksum),Small Cap (Lapis 3),Fair Value (Wajar),0.0,-12.602302,860.0,860.0,850.0,850.0,717,610,860,2.4096385542168677,495400,Tembus MA20,72,Positif,Uptrend,Bullish,Strong Bullish,Perfect Uptrend (5>20>50),Normal,Akumulasi (Naik),Gap Up (+3.6%),Dominan Jual (Guyur),Breakout Upper,Tinggi,Normal,Rawan Pucuk (High Risk),< 1 Miliar,Di Atas VWAP (Kuat),Distribusi Pro (Guyuran),Gorengan Sepi (< 5M),Normal (50-150%),Mark-Up (Fase Pesta),Normal,Normal,Naik 2 Hari Beruntun,TP: 903 | CL: 814,Open = High (Tekanan Jual),Tidak Ideal (< 1:1),Overbought (Jenuh Beli - Rawan),Netral / Sepi Berita,Normal / Sedang Transisi,Mengambang (Jauh dari Fibo),8,BELI,HOLD / NEUTRAL,0.6,MA20 di atas MA50 (Uptrend) | RSI Overbought Pucuk (72.0) | Harga di atas VWAP Intraday | Volume Lonjak 1.7x MA20,TIDAK ADA,2026-09-10 13:41:26,Biasa / Mengikuti Pasar
13:41,GHON,Transaksi Sepi (Skip Broksum),Small Cap (Lapis 3),Undervalued (Murah),10.374969,1.3374206,1700.0,1700.0,1655.0,1695.0,1630,1585,1700,-0.29411764705882354,12900,Normal,69,Negatif,Uptrend,Bullish,Strong Bullish,Perfect Uptrend (5>20>50),Normal,Akumulasi (Naik),Normal,Dominan Beli (Hajar Kanan),Squeeze,Rendah,Hammer (Potensi Reversal),Area Tengah,< 1 Miliar,Di Atas VWAP (Kuat),Akumulasi Pro (Smart Money),Gorengan Sepi (< 5M),Normal (50-150%),Mark-Up (Fase Pesta),Normal,Jarum Bawah (Sinyal Pantulan Kuat),Turun 1 Hari Beruntun,TP: 1728 | CL: 1672,Open = High (Tekanan Jual),Tidak Ideal (< 1:1),Overbought (Jenuh Beli - Rawan),Netral / Sepi Berita,Supply Banjir (Distribusi) 🌊,Mengambang (Jauh dari Fibo),6,WAIT & SEE,STRONG BUY,3.0,MA20 di atas MA50 (Uptrend) | RSI Mendekati Jenuh Beli (69.0) | Harga di atas VWAP Intraday | Volatilitas Bollinger Squeeze (Siap Meledak),TIDAK ADA,2026-09-10 13:41:26,Biasa / Mengikuti Pasar
13:41,DFAM,Token Mati (Perlu Update),Small Cap (Lapis 3),Overvalued (Mahal),0.0,26.564884,84.0,93.0,83.0,89.0,81,78,93,5.952380952380952,76632200,Tembus MA20,68,Positif,Uptrend,Bullish,Strong Bullish,Awal Reversal (5>20),Akumulasi Kuat,Akumulasi (Naik),Normal,Seimbang / Adu Mekanik,Breakout Upper,Sedang,Normal,Rawan Pucuk (High Risk),> 1 Miliar,Di Atas VWAP (Kuat),Akumulasi Pro (Smart Money),Gorengan Sepi (< 5M),Ledakan Ekstrem (> 300%),Accumulation (Kumpul Barang),Normal,Normal,Naik 2 Hari Beruntun,TP: 95 | CL: 84,Normal,Tidak Ideal (< 1:1),Netral / Sideways,Netral / Sepi Berita,Normal / Sedang Transisi,Dekat Support Fibo 50.0%,8,BELI,HOLD / NEUTRAL,-1.2,MA20 di bawah MA50 (Downtrend) | RSI Mendekati Jenuh Beli (68.0) | Harga di atas VWAP Intraday | Volume Lonjak 6.5x MA20,TIDAK ADA,2026-09-10 13:41:26,Biasa / Mengikuti Pasar
13:41,NICK,Transaksi Sepi (Skip Broksum),Mid Cap (Lapis 2),Overvalued (Mahal),7.4556975,5.292793,2460.0,2470.0,2460.0,2460.0,1879,1400,2900,-1.9920318725099602,4400,Normal,81,Negatif,Uptrend,Bullish,Strong Bullish,Perfect Uptrend (5>20>50),Normal,Akumulasi (Naik),Normal,Dominan Jual (Guyur),Normal,Tinggi,Doji (Ragu-ragu),Rawan Pucuk (High Risk),< 1 Miliar,Di Bawah VWAP (Lemah),Distribusi Pro (Guyuran),Gorengan Sepi (< 5M),Sepi (< 50%),Mark-Up (Fase Pesta),Spesialis Tiang Jemuran (Banting Pucuk),Normal,Turun 1 Hari Beruntun,TP: 2775 | CL: 2250,Normal,Tidak Ideal (< 1:1),Death Cross (Awal Bearish),Netral / Sepi Berita,Normal / Sedang Transisi,Dekat Support Fibo 23.6%,5,WAIT & SEE,SELL,-1.5,MA20 di atas MA50 (Uptrend) | RSI Overbought Pucuk (81.0) | Harga di bawah VWAP Intraday,TIDAK ADA,2026-09-10 13:41:26,Biasa / Mengikuti Pasar
13:41,BTPS,Token Mati (Perlu Update),Mid Cap (Lapis 2),Undervalued (Murah),6.752453,0.7960229,1055.0,1075.0,1055.0,1055.0,1002,965,1080,0.4761904761904762,1142600,Normal,69,Positif,Uptrend,Bullish,Strong Bullish,Perfect Uptrend (5>20>50),Normal,Akumulasi (Naik),Normal,Dominan Jual (Guyur),Normal,Sedang,Doji (Ragu-ragu),Area Tengah,> 1 Miliar,Persis di VWAP,Akumulasi Pro (Smart Money),Gorengan Sepi (< 5M),Sepi (< 50%),Mark-Up (Fase Pesta),Spesialis Tiang Jemuran (Banting Pucuk),Normal,Naik 1 Hari Beruntun,TP: 1087 | CL: 1033,Normal,Tidak Ideal (< 1:1),Death Cross (Awal Bearish),Netral / Sepi Berita,Normal / Sedang Transisi,Dekat Support Fibo 23.6%,6,WAIT & SEE,HOLD / NEUTRAL,1.0,MA20 di atas MA50 (Uptrend) | RSI Mendekati Jenuh Beli (69.0),TIDAK ADA,2026-09-10 13:41:26,Biasa / Mengikuti Pasar
13:41,SPTO,Transaksi Sepi (Skip Broksum),Mid Cap (Lapis 2),Undervalued (Murah),6.4472165,0.96849173,615.0,615.0,610.0,610.0,613,600,625,-0.8130081300813009,489500,Normal,51,Negatif,Downtrend,Bullish,Bearish MACD,Perfect Uptrend (5>20>50),Normal,Distribusi (Turun),Normal,Dominan Jual (Guyur),Squeeze,Rendah,Normal,Dekat Support (Low Risk),< 1 Miliar,Persis di VWAP,Distribusi Pro (Guyuran),Gorengan Sepi (< 5M),Normal (50-150%),Distribution (Fase Jualan),Normal,Normal,Turun 1 Hari Beruntun,TP: 625 | CL: 600,Open = High (Tekanan Jual),Ideal (1:2),Netral / Sideways,Netral / Sepi Berita,Normal / Sedang Transisi,Dekat Support Fibo 23.6%,2,WAIT & SEE,BUY,2.5,MA20 di atas MA50 (Uptrend) | Volatilitas Bollinger Squeeze (Siap Meledak),TIDAK ADA,2026-09-10 13:41:26,Biasa / Mengikuti Pasar
13:41,PRIM,Transaksi Sepi (Skip Broksum),Small Cap (Lapis 3),Fair Value (Wajar),0.0,0.4290051,121.0,121.0,118.0,120.0,117,107,134,-0.8264462809917356,1931600,Normal,61,Negatif,Uptrend,Bullish,Bearish MACD,Perfect Uptrend (5>20>50),Normal,Akumulasi (Naik),Normal,Seimbang / Adu Mekanik,Normal,Sedang,Normal,Rawan Pucuk (High Risk),< 1 Miliar,Di Bawah VWAP (Lemah),Distribusi Pro (Guyuran),Gorengan Sepi (< 5M),Sepi (< 50%),Mark-Up (Fase Pesta),Spesialis Tiang Jemuran (Banting Pucuk),Normal,Turun 3 Hari Beruntun,TP: 127 | CL: 115,Open = High (Tekanan Jual),Menengah (1:1),Netral / Sideways,Netral / Sepi Berita,Normal / Sedang Transisi,Dekat Support Fibo 23.6%,4,WAIT & SEE,HOLD / NEUTRAL,0.0,MA20 di atas MA50 (Uptrend) | RSI Mendekati Jenuh Beli (61.0) | Harga di bawah VWAP Intraday,TIDAK ADA,2026-09-10 13:41:26,Biasa / Mengikuti Pasar
13:41,HEAL,Token Mati (Perlu Update),Big Cap (Lapis 1),Overvalued (Mahal),26.224451,1.8799176,670.0,680.0,660.0,675.0,682,630,775,0.7462686567164178,7561300,Normal,39,Positif,Downtrend,Bearish,Bullish MACD,Strong Downtrend (5<20<50),Normal,Distribusi (Turun),Normal,Dominan Beli (Hajar Kanan),Normal,Tinggi,Normal,Area Tengah,> 1 Miliar,Di Bawah VWAP (Lemah),Distribusi Pro (Guyuran),Ritel Aktif (5M - 50M),Sepi (< 50%),Mark-Down (Fase Runtuh),Solid (Jarang Dibanting),Normal,Naik 1 Hari Beruntun,TP: 721 | CL: 644,Normal,Ideal (1:2),Netral / Sideways,Netral / Sepi Berita,Normal / Sedang Transisi,Mengambang (Jauh dari Fibo),3,WAIT & SEE,SELL,-2.0,MA20 di bawah MA50 (Downtrend) | RSI Rebound Area Murah (39.0) | Harga di bawah VWAP Intraday,TIDAK ADA,2026-09-10 13:41:26,Biasa / Mengikuti Pasar
13:41,PZZA,Transaksi Sepi (Skip Broksum),Small Cap (Lapis 3),Overvalued (Mahal),33.959045,0.5766779,200.0,200.0,196.0,199.0,187,178,226,0.5050505050505051,529200,Normal,62,Positif,Uptrend,Bullish,Strong Bullish,Perfect Uptrend (5>20>50),Normal,Akumulasi (Naik),Normal,Dominan Beli (Hajar Kanan),Normal,Tinggi,Hammer (Potensi Reversal),Rawan Pucuk (High Risk),< 1 Miliar,Di Bawah VWAP (Lemah),Distribusi Pro (Guyuran),Gorengan Sepi (< 5M),Sepi (< 50%),Mark-Up (Fase Pesta),Spesialis Tiang Jemuran (Banting Pucuk),Jarum Bawah (Sinyal Pantulan Kuat),Naik 1 Hari Beruntun,TP: 216 | CL: 187,Open = High (Tekanan Jual),Menengah (1:1),Netral / Sideways,Netral / Sepi Berita,Normal / Sedang Transisi,Golden Rebound Fibo 50.0% 🎯,7,BELI,HOLD / NEUTRAL,0.0,MA20 di atas MA50 (Uptrend) | RSI Mendekati Jenuh Beli (62.0) | Harga di bawah VWAP Intraday,TIDAK ADA,2026-09-10 13:41:26,Biasa / Mengikuti Pasar
13:41,TUGU,Token Mati (Perlu Update),Mid Cap (Lapis 2),Undervalued (Murah),5.4452767,0.5460196,1355.0,1450.0,1355.0,1425.0,1355,1235,1460,5.166051660516605,4692700,Tembus MA20,67,Positif,Uptrend,Golden Cross,Bearish MACD,Perfect Uptrend (5>20>50),Normal,Akumulasi (Naik),Normal,Dominan Beli (Hajar Kanan),Normal,Sedang,Normal,Rawan Pucuk (High Risk),> 1 Miliar,Di Atas VWAP (Kuat),Akumulasi Pro (Smart Money),Gorengan Sepi (< 5M),Anomali Tinggi (150-300%),Mark-Up (Fase Pesta),Spesialis Tiang Jemuran (Banting Pucuk),Normal,Naik 3 Hari Beruntun,TP: 1497 | CL: 1376,Open = Low (Bullish Kuat),Tidak Ideal (< 1:1),Netral / Sideways,Netral / Sepi Berita,Normal / Sedang Transisi,Mendekati Fibo 23.6%,7,BELI,BUY,2.4,MA20 di atas MA50 (Uptrend) | RSI Mendekati Jenuh Beli (67.0) | Harga di atas VWAP Intraday | Volume Lonjak 1.7x MA20,TIDAK ADA,2026-09-10 13:41:26,Biasa / Mengikuti Pasar
13:41,MSIN,Token Mati (Perlu Update),Big Cap (Lapis 1),Fair Value (Wajar),18.843172,2.8019898,306.0,324.0,302.0,316.0,332,300,382,3.2679738562091507,79758500,Tembus MA20,34,Positif,Downtrend,Bearish,Bullish MACD,Strong Downtrend (5<20<50),Normal,Akumulasi (Naik),Normal,Seimbang / Adu Mekanik,Normal,Tinggi,Normal,Area Tengah,> 1 Miliar,Di Bawah VWAP (Lemah),Distribusi Pro (Guyuran),Ritel Aktif (5M - 50M),Normal (50-150%),Mark-Down (Fase Runtuh),Normal,Normal,Naik 1 Hari Beruntun,TP: 343 | CL: 297,Normal,Sangat Menarik (> 1:3),Golden Cross (Awal Bullish),Netral / Sepi Berita,Normal / Sedang Transisi,Mendekati Fibo Bottom / 100%,4,WAIT & SEE,SELL,-2.0,MA20 di bawah MA50 (Downtrend) | RSI Rebound Area Murah (34.0) | Harga di bawah VWAP Intraday,TIDAK ADA,2026-09-10 13:41:26,🔥 ANOMALI BANDAR (Siap Ledakan)
13:41,TNCA,Transaksi Sepi (Skip Broksum),Small Cap (Lapis 3),Overvalued (Mahal),57.30302,1.8599197,178.0,185.0,178.0,182.0,168,154,218,1.675977653631285,414600,Normal,64,Positif,Uptrend,Bullish,Strong Bullish,Perfect Uptrend (5>20>50),Normal,Akumulasi (Naik),Normal,Seimbang / Adu Mekanik,Normal,Tinggi,Normal,Rawan Pucuk (High Risk),< 1 Miliar,Persis di VWAP,Distribusi Pro (Guyuran),Gorengan Sepi (< 5M),Sepi (< 50%),Mark-Up (Fase Pesta),Spesialis Tiang Jemuran (Banting Pucuk),Normal,Naik 1 Hari Beruntun,TP: 200 | CL: 169,Open = Low (Bullish Kuat),Menengah (1:1),Golden Cross (Awal Bullish),Netral / Sepi Berita,Normal / Sedang Transisi,Dekat Support Fibo 38.2%,6,WAIT & SEE,HOLD / NEUTRAL,1.0,MA20 di atas MA50 (Uptrend) | RSI Mendekati Jenuh Beli (64.0),TIDAK ADA,2026-09-10 13:41:26,Biasa / Mengikuti Pasar
13:41,MAPA,Token Mati (Perlu Update),Big Cap (Lapis 1),Fair Value (Wajar),10.372223,2.100152,695.0,705.0,690.0,695.0,682,620,730,-0.7142857142857143,8475800,Normal,56,Negatif,Uptrend,Bullish,Bearish MACD,Perfect Uptrend (5>20>50),Normal,Distribusi (Turun),Normal,Seimbang / Adu Mekanik,Normal,Tinggi,Doji (Ragu-ragu),Rawan Pucuk (High Risk),> 1 Miliar,Persis di VWAP,Akumulasi Pro (Smart Money),Ritel Aktif (5M - 50M),Normal (50-150%),Mark-Up (Fase Pesta),Normal,Normal,Turun 1 Hari Beruntun,TP: 729 | CL: 672,Normal,Tidak Ideal (< 1:1),Death Cross (Awal Bearish),Netral / Sepi Berita,Normal / Sedang Transisi,Dekat Support Fibo 23.6%,3,WAIT & SEE,HOLD / NEUTRAL,1.0,MA20 di atas MA50 (Uptrend) | RSI Mendekati Jenuh Beli (56.0),TIDAK ADA,2026-09-10 13:41:26,Biasa / Mengikuti Pasar
13:41,TCPI,Token Mati (Perlu Update),Big Cap (Lapis 1),Overvalued (Mahal),81.48148,5.1186714,2230.0,2250.0,2160.0,2180.0,2572,2140,3850,-3.111111111111111,2374300,Normal,23,Negatif,Downtrend,Bearish,Bullish MACD,Strong Downtrend (5<20<50),Normal,Distribusi (Turun),Normal,Dominan Jual (Guyur),Normal,Tinggi,Normal,Dekat Support (Low Risk),> 1 Miliar,Di Bawah VWAP (Lemah),Distribusi Pro (Guyuran),Ritel Aktif (5M - 50M),Sepi (< 50%),Mark-Down (Fase Runtuh),Normal,Normal,Turun 3 Hari Beruntun,TP: 2523 | CL: 1950,Normal,Sangat Menarik (> 1:3),Oversold (Jenuh Jual - Peluang),Netral / Sepi Berita,Normal / Sedang Transisi,Golden Rebound Fibo Bottom / 100% 🎯,1,WAIT & SEE,HOLD / NEUTRAL,-0.5,MA20 di bawah MA50 (Downtrend) | RSI Oversold Kuat (23.0) | Harga di bawah VWAP Intraday,TIDAK ADA,2026-09-10 13:41:26,Biasa / Mengikuti Pasar
13:41,IPCC,Transaksi Sepi (Skip Broksum),Mid Cap (Lapis 2),Fair Value (Wajar),8.394971,1.5797546,1135.0,1140.0,1130.0,1135.0,1155,1130,1190,-0.43859649122807015,335800,Normal,39,Negatif,Downtrend,Bearish,Strong Bearish,Strong Downtrend (5<20<50),Normal,Distribusi (Turun),Normal,Seimbang / Adu Mekanik,Squeeze,Rendah,Doji (Ragu-ragu),Dekat Support (Low Risk),< 1 Miliar,Persis di VWAP,Akumulasi Pro (Smart Money),Gorengan Sepi (< 5M),Sepi (< 50%),Mark-Down (Fase Runtuh),Solid (Jarang Dibanting),Normal,Turun 3 Hari Beruntun,TP: 1160 | CL: 1118,Normal,Sangat Menarik (> 1:3),Netral / Sideways,Netral / Sepi Berita,Normal / Sedang Transisi,Dekat Support Fibo 61.8% (Golden Ratio),0,WAIT & SEE,HOLD / NEUTRAL,0.0,MA20 di bawah MA50 (Downtrend) | RSI Rebound Area Murah (39.0) | Volatilitas Bollinger Squeeze (Siap Meledak),TIDAK ADA,2026-09-10 13:41:26,Biasa / Mengikuti Pasar
13:41,RISE,Token Mati (Perlu Update),Big Cap (Lapis 1),Overvalued (Mahal),76.32542,4.83433,835.0,860.0,800.0,825.0,890,800,965,-1.1976047904191618,1958400,Tembus MA20,34,Negatif,Downtrend,Bearish,Strong Bearish,Strong Downtrend (5<20<50),Normal,Distribusi (Turun),Normal,Seimbang / Adu Mekanik,Bottom Rebound,Tinggi,Normal,Area Tengah,> 1 Miliar,Di Bawah VWAP (Lemah),Distribusi Pro (Guyuran),Gorengan Sepi (< 5M),Normal (50-150%),Mark-Down (Fase Runtuh),Normal,Normal,Turun 4 Hari Beruntun,TP: 903 | CL: 772,Normal,Sangat Menarik (> 1:3),Netral / Sideways,Netral / Sepi Berita,Normal / Sedang Transisi,Mendekati Fibo Bottom / 100%,1,WAIT & SEE,SELL,-2.0,MA20 di bawah MA50 (Downtrend) | RSI Rebound Area Murah (34.0) | Harga di bawah VWAP Intraday,TIDAK ADA,2026-09-10 13:41:26,Biasa / Mengikuti Pasar
13:41,BPTR,Transaksi Sepi (Skip Broksum),Small Cap (Lapis 3),Undervalued (Murah),9.176528,0.42386827,74.0,78.0,74.0,77.0,75,73,88,4.054054054054054,1466000,Normal,58,Positif,Uptrend,Bearish,Bearish MACD,Konsolidasi / Transisi,Normal,Akumulasi (Naik),Normal,Dominan Beli (Hajar Kanan),Squeeze,Rendah,Normal,Area Tengah,< 1 Miliar,Di Atas VWAP (Kuat),Akumulasi Pro (Smart Money),Gorengan Sepi (< 5M),Normal (50-150%),Mark-Up (Fase Pesta),Normal,Normal,Naik 1 Hari Beruntun,TP: 81 | CL: 74,Open = Low (Bullish Kuat),Ideal (1:2),Golden Cross (Awal Bullish),Netral / Sepi Berita,Supply Kering (Siap Pump) 🏜️,Golden Rebound Fibo 50.0% 🎯,5,WAIT & SEE,STRONG BUY,3.0,MA20 di atas MA50 (Uptrend) | RSI Mendekati Jenuh Beli (58.0) | Harga di atas VWAP Intraday | Volatilitas Bollinger Squeeze (Siap Meledak),TIDAK ADA,2026-09-10 13:41:26,Biasa / Mengikuti Pasar
13:41,NFCX,Transaksi Sepi (Skip Broksum),Mid Cap (Lapis 2),Overvalued (Mahal),0.0,4.367099,1730.0,1730.0,1730.0,1730.0,1671,1485,1880,-0.8595988538681949,100,Normal,62,Negatif,Uptrend,Bullish,Strong Bullish,Perfect Uptrend (5>20>50),Normal,Distribusi (Turun),Normal,Tidak Ada Transaksi,Normal,Tinggi,Doji (Ragu-ragu),Rawan Pucuk (High Risk),< 1 Miliar,Persis di VWAP,Akumulasi Pro (Smart Money),Gorengan Sepi (< 5M),Sepi (< 50%),Mark-Up (Fase Pesta),Spesialis Tiang Jemuran (Banting Pucuk),Normal,Turun 2 Hari Beruntun,TP: 1825 | CL: 1666,Normal,Tidak Ideal (< 1:1),Netral / Sideways,Netral / Sepi Berita,Normal / Sedang Transisi,Dekat Support Fibo 38.2%,4,WAIT & SEE,HOLD / NEUTRAL,1.0,MA20 di atas MA50 (Uptrend) | RSI Mendekati Jenuh Beli (62.0),TIDAK ADA,2026-09-10 13:41:26,Biasa / Mengikuti Pasar
13:41,MGRO,Transaksi Sepi (Skip Broksum),Mid Cap (Lapis 2),Overvalued (Mahal),0.0,7.658423,695.0,695.0,680.0,685.0,678,645,705,-1.4388489208633095,1265400,Normal,52,Negatif,Uptrend,Bullish,Strong Bullish,Perfect Uptrend (5>20>50),Normal,Akumulasi (Naik),Normal,Seimbang / Adu Mekanik,Squeeze,Rendah,Normal,Area Tengah,< 1 Miliar,Persis di VWAP,Akumulasi Pro (Smart Money),Gorengan Sepi (< 5M),Sepi (< 50%),Mark-Up (Fase Pesta),Normal,Normal,Turun 1 Hari Beruntun,TP: 708 | CL: 669,Open = High (Tekanan Jual),Tidak Ideal (< 1:1),Death Cross (Awal Bearish),Netral / Sepi Berita,Normal / Sedang Transisi,Dekat Support Fibo 50.0%,5,WAIT & SEE,BUY,2.5,MA20 di atas MA50 (Uptrend) | Volatilitas Bollinger Squeeze (Siap Meledak),TIDAK ADA,2026-09-10 13:41:26,Biasa / Mengikuti Pasar
13:41,FILM,Token Mati (Perlu Update),Mid Cap (Lapis 2),Fair Value (Wajar),0.0,2.9191008,830.0,845.0,815.0,835.0,848,740,1055,-1.183431952662722,17925600,Normal,41,Negatif,Downtrend,Bullish,Bullish MACD,Awal Reversal (5>20),Normal,Distribusi (Turun),Normal,Seimbang / Adu Mekanik,Normal,Tinggi,Normal,Rawan Pucuk (High Risk),> 1 Miliar,Di Bawah VWAP (Lemah),Distribusi Pro (Guyuran),Ritel Aktif (5M - 50M),Sepi (< 50%),Mark-Down (Fase Runtuh),Spesialis Tiang Jemuran (Banting Pucuk),Normal,Turun 4 Hari Beruntun,TP: 953 | CL: 755,Normal,Ideal (1:2),Netral / Sideways,Netral / Sepi Berita,Normal / Sedang Transisi,Mengambang (Jauh dari Fibo),2,WAIT & SEE,SELL,-2.0,MA20 di bawah MA50 (Downtrend) | RSI Rebound Area Murah (41.0) | Harga di bawah VWAP Intraday,TIDAK ADA,2026-09-10 13:41:26,Biasa / Mengikuti Pasar
13:41,ANDI,Transaksi Sepi (Skip Broksum),Small Cap (Lapis 3),Fair Value (Wajar),0.0,2.0519226,23.0,23.0,23.0,23.0,18,16,23,0.0,10962000,Tembus MA20,80,Negatif,Uptrend,Bullish,Strong Bullish,Perfect Uptrend (5>20>50),Normal,Akumulasi (Naik),Normal,Tidak Ada Transaksi,Breakout Upper,Tinggi,Doji (Ragu-ragu),Rawan Pucuk (High Risk),< 1 Miliar,Di Atas VWAP (Kuat),Akumulasi Pro (Smart Money),Gorengan Sepi (< 5M),Normal (50-150%),Mark-Up (Fase Pesta),Normal,Normal,Sideways / Stagnan,TP: 24 | CL: 21,Normal,Tidak Ideal (< 1:1),Overbought (Jenuh Beli - Rawan),Netral / Sepi Berita,Normal / Sedang Transisi,Mengambang (Jauh dari Fibo),6,WAIT & SEE,HOLD / NEUTRAL,0.5,MA20 di atas MA50 (Uptrend) | RSI Overbought Pucuk (80.0) | Harga di atas VWAP Intraday,TIDAK ADA,2026-09-10 13:41:26,Biasa / Mengikuti Pasar
13:41,LAND,Token Mati (Perlu Update),Small Cap (Lapis 3),Overvalued (Mahal),128.81357,0.46223366,77.0,79.0,76.0,76.0,74,70,81,-1.2987012987012987,26133900,Tembus MA20,54,Negatif,Uptrend,Bearish,Bearish MACD,Konsolidasi / Transisi,Normal,Distribusi (Turun),Normal,Dominan Jual (Guyur),Normal,Sedang,Normal,Area Tengah,> 1 Miliar,Persis di VWAP,Distribusi Pro (Guyuran),Gorengan Sepi (< 5M),Anomali Tinggi (150-300%),Mark-Up (Fase Pesta),Spesialis Tiang Jemuran (Banting Pucuk),Normal,Turun 1 Hari Beruntun,TP: 81 | CL: 72,Normal,Tidak Ideal (< 1:1),Netral / Sideways,Netral / Sepi Berita,Normal / Sedang Transisi,Dekat Support Fibo 38.2%,3,WAIT & SEE,BUY,1.5,MA20 di atas MA50 (Uptrend),TIDAK ADA,2026-09-10 13:41:26,Biasa / Mengikuti Pasar
13:41,MOLI,Transaksi Sepi (Skip Broksum),Small Cap (Lapis 3),Undervalued (Murah),7.3377666,0.6809771,326.0,330.0,320.0,320.0,295,264,334,-1.2345679012345678,1184600,Normal,67,Negatif,Uptrend,Bullish,Strong Bullish,Perfect Uptrend (5>20>50),Normal,Distribusi (Turun),Normal,Dominan Jual (Guyur),Normal,Tinggi,Normal,Rawan Pucuk (High Risk),< 1 Miliar,Persis di VWAP,Distribusi Pro (Guyuran),Gorengan Sepi (< 5M),Sepi (< 50%),Mark-Up (Fase Pesta),Normal,Normal,Turun 1 Hari Beruntun,TP: 344 | CL: 303,Normal,Tidak Ideal (< 1:1),Death Cross (Awal Bearish),Netral / Sepi Berita,Normal / Sedang Transisi,Mendekati Fibo 23.6%,4,WAIT & SEE,HOLD / NEUTRAL,1.0,MA20 di atas MA50 (Uptrend) | RSI Mendekati Jenuh Beli (67.0),TIDAK ADA,2026-09-10 13:41:26,Biasa / Mengikuti Pasar
13:41,PANI,Token Mati (Perlu Update),Big Cap (Lapis 1),Overvalued (Mahal),40.64048,3.6370971,5825.0,5925.0,5825.0,5825.0,5970,5700,6400,-0.4273504273504274,4146000,Normal,42,Negatif,Downtrend,Bearish,Strong Bearish,Strong Downtrend (5<20<50),Normal,Distribusi (Turun),Normal,Dominan Jual (Guyur),Squeeze,Rendah,Doji (Ragu-ragu),Dekat Support (Low Risk),> 1 Miliar,Di Bawah VWAP (Lemah),Distribusi Pro (Guyuran),Ritel Aktif (5M - 50M),Normal (50-150%),Mark-Down (Fase Runtuh),Spesialis Tiang Jemuran (Banting Pucuk),Normal,Turun 5 Hari Beruntun,TP: 6103 | CL: 5639,Normal,Sangat Menarik (> 1:3),Netral / Sideways,Netral / Sepi Berita,Normal / Sedang Transisi,Mendekati Fibo Bottom / 100%,0,WAIT & SEE,HOLD / NEUTRAL,-1.0,MA20 di bawah MA50 (Downtrend) | RSI Rebound Area Murah (42.0) | Harga di bawah VWAP Intraday | Volatilitas Bollinger Squeeze (Siap Meledak),TIDAK ADA,2026-09-10 13:41:26,Biasa / Mengikuti Pasar
13:41,CITY,Transaksi Sepi (Skip Broksum),Mid Cap (Lapis 2),Overvalued (Mahal),44.57275,1.1613632,202.0,202.0,192.0,193.0,179,172,218,-0.5154639175257731,941700,Normal,68,Negatif,Uptrend,Bullish,Strong Bullish,Perfect Uptrend (5>20>50),Normal,Akumulasi (Naik),Gap Up (+4.1%),Dominan Jual (Guyur),Normal,Tinggi,Normal,Rawan Pucuk (High Risk),< 1 Miliar,Di Bawah VWAP (Lemah),Distribusi Pro (Guyuran),Gorengan Sepi (< 5M),Sepi (< 50%),Mark-Up (Fase Pesta),Spesialis Tiang Jemuran (Banting Pucuk),Normal,Turun 2 Hari Beruntun,TP: 205 | CL: 185,Open = High (Tekanan Jual),Menengah (1:1),Netral / Sideways,Netral / Sepi Berita,Supply Banjir (Distribusi) 🌊,Mengambang (Jauh dari Fibo),6,WAIT & SEE,HOLD / NEUTRAL,0.0,MA20 di atas MA50 (Uptrend) | RSI Mendekati Jenuh Beli (68.0) | Harga di bawah VWAP Intraday,TIDAK ADA,2026-09-10 13:41:26,Biasa / Mengikuti Pasar
13:41,SAPX,Token Mati (Perlu Update),Small Cap (Lapis 3),Overvalued (Mahal),178.07018,1.611674,350.0,406.0,304.0,406.0,244,204,406,24.539877300613497,59065900,Tembus MA20,87,Positif,Uptrend,Bullish,Strong Bullish,Perfect Uptrend (5>20>50),Akumulasi Kuat,Akumulasi (Naik),Gap Up (+7.4%),Dominan Beli (Hajar Kanan),Breakout Upper,Tinggi,Normal,Rawan Pucuk (High Risk),> 1 Miliar,Di Atas VWAP (Kuat),Akumulasi Pro (Smart Money),Ritel Aktif (5M - 50M),Ledakan Ekstrem (> 300%),Mark-Up (Fase Pesta),Spesialis Tiang Jemuran (Banting Pucuk),Normal,Naik 2 Hari Beruntun,TP: 453 | CL: 374,Normal,Tidak Ideal (< 1:1),Netral / Sideways,Netral / Sepi Berita,Normal / Sedang Transisi,Mengambang (Jauh dari Fibo),10,BELI,HOLD / NEUTRAL,0.6,MA20 di atas MA50 (Uptrend) | RSI Overbought Pucuk (87.0) | Harga di atas VWAP Intraday | Volume Lonjak 11.6x MA20,TIDAK ADA,2026-09-10 13:41:26,⚠️ Anomali (Sudah Terbang)
13:41,SURE,Transaksi Sepi (Skip Broksum),Mid Cap (Lapis 2),Overvalued (Mahal),1941.1765,-13.830744,3050.0,3060.0,2950.0,2970.0,2765,2570,3500,-2.622950819672131,2100,Normal,58,Negatif,Uptrend,Bullish,Strong Bullish,Perfect Uptrend (5>20>50),Normal,Distribusi (Turun),Normal,Dominan Jual (Guyur),Normal,Tinggi,Normal,Rawan Pucuk (High Risk),< 1 Miliar,Di Bawah VWAP (Lemah),Akumulasi Pro (Smart Money),Gorengan Sepi (< 5M),Sepi (< 50%),Mark-Up (Fase Pesta),Normal,Normal,Turun 2 Hari Beruntun,TP: 3246 | CL: 2785,Normal,Menengah (1:1),Netral / Sideways,Netral / Sepi Berita,Normal / Sedang Transisi,Dekat Support Fibo 61.8% (Golden Ratio),4,WAIT & SEE,HOLD / NEUTRAL,0.0,MA20 di atas MA50 (Uptrend) | RSI Mendekati Jenuh Beli (58.0) | Harga di bawah VWAP Intraday,TIDAK ADA,2026-09-10 13:41:26,Biasa / Mengikuti Pasar
13:41,MPRO,Transaksi Sepi (Skip Broksum),Big Cap (Lapis 1),Overvalued (Mahal),0.0,149.69493,11900.0,11900.0,11875.0,11875.0,12412,10775,14400,-0.21008403361344538,400,Normal,48,Negatif,Downtrend,Bearish,Bearish MACD,Konsolidasi / Transisi,Normal,Distribusi (Turun),Normal,Dominan Jual (Guyur),Normal,Tinggi,Normal,Rawan Pucuk (High Risk),< 1 Miliar,Persis di VWAP,Distribusi Pro (Guyuran),Gorengan Sepi (< 5M),Sepi (< 50%),Distribution (Fase Jualan),Normal,Normal,Turun 2 Hari Beruntun,TP: 12812 | CL: 11250,Open = High (Tekanan Jual),Ideal (1:2),Netral / Sideways,Netral / Sepi Berita,Normal / Sedang Transisi,Mengambang (Jauh dari Fibo),0,WAIT & SEE,BUY,1.5,MA20 di atas MA50 (Uptrend),TIDAK ADA,2026-09-10 13:41:26,Biasa / Mengikuti Pasar
13:41,GOOD,Transaksi Sepi (Skip Broksum),Big Cap (Lapis 1),Overvalued (Mahal),16.824394,3.0214047,320.0,322.0,318.0,320.0,312,300,326,0.628930817610063,16300,Normal,63,Positif,Uptrend,Bullish,Strong Bullish,Perfect Uptrend (5>20>50),Normal,Akumulasi (Naik),Normal,Seimbang / Adu Mekanik,Normal,Sedang,Doji (Ragu-ragu),Area Tengah,< 1 Miliar,Persis di VWAP,Akumulasi Pro (Smart Money),Gorengan Sepi (< 5M),Sepi (< 50%),Mark-Up (Fase Pesta),Normal,Normal,Naik 1 Hari Beruntun,TP: 327 | CL: 314,Normal,Tidak Ideal (< 1:1),Netral / Sideways,Netral / Sepi Berita,Supply Kering (Siap Pump) 🏜️,Golden Rebound Fibo 50.0% 🎯,6,WAIT & SEE,HOLD / NEUTRAL,1.0,MA20 di atas MA50 (Uptrend) | RSI Mendekati Jenuh Beli (63.0),TIDAK ADA,2026-09-10 13:41:26,Biasa / Mengikuti Pasar
13:41,SKRN,Transaksi Sepi (Skip Broksum),Mid Cap (Lapis 2),Overvalued (Mahal),16.289232,4.7756605,408.0,414.0,408.0,410.0,391,378,420,1.4851485148514851,191300,Normal,64,Positif,Uptrend,Bullish,Strong Bullish,Perfect Uptrend (5>20>50),Normal,Akumulasi (Naik),Normal,Seimbang / Adu Mekanik,Squeeze,Rendah,Normal,Area Tengah,< 1 Miliar,Di Atas VWAP (Kuat),Distribusi Pro (Guyuran),Gorengan Sepi (< 5M),Normal (50-150%),Mark-Up (Fase Pesta),Spesialis Tiang Jemuran (Banting Pucuk),Normal,Naik 8 Hari Beruntun,TP: 430 | CL: 396,Open = Low (Bullish Kuat),Tidak Ideal (< 1:1),Netral / Sideways,Netral / Sepi Berita,Normal / Sedang Transisi,Dekat Support Fibo 23.6%,6,WAIT & SEE,HOLD / NEUTRAL,0.0,MA20 di bawah MA50 (Downtrend) | RSI Mendekati Jenuh Beli (64.0) | Harga di atas VWAP Intraday | Volatilitas Bollinger Squeeze (Siap Meledak),TIDAK ADA,2026-09-10 13:41:26,Biasa / Mengikuti Pasar
13:41,YELO,Token Mati (Perlu Update),Small Cap (Lapis 3),Undervalued (Murah),6.00291,0.71384275,103.0,104.0,99.0,100.0,95,81,111,-1.9607843137254901,37777900,Normal,57,Negatif,Uptrend,Bullish,Strong Bullish,Perfect Uptrend (5>20>50),Normal,Distribusi (Turun),Normal,Dominan Jual (Guyur),Normal,Tinggi,Normal,Rawan Pucuk (High Risk),> 1 Miliar,Di Bawah VWAP (Lemah),Distribusi Pro (Guyuran),Ritel Aktif (5M - 50M),Sepi (< 50%),Mark-Up (Fase Pesta),Spesialis Tiang Jemuran (Banting Pucuk),Normal,Turun 1 Hari Beruntun,TP: 111 | CL: 92,Normal,Tidak Ideal (< 1:1),Death Cross (Awal Bearish),Netral / Sepi Berita,Normal / Sedang Transisi,Dekat Support Fibo 23.6%,4,WAIT & SEE,HOLD / NEUTRAL,0.0,MA20 di atas MA50 (Uptrend) | RSI Mendekati Jenuh Beli (57.0) | Harga di bawah VWAP Intraday,TIDAK ADA,2026-09-10 13:41:26,Biasa / Mengikuti Pasar
13:41,CAKK,Transaksi Sepi (Skip Broksum),Small Cap (Lapis 3),Undervalued (Murah),13.259945,1.4254338,159.0,160.0,158.0,159.0,151,139,165,0.0,29700,Normal,67,Negatif,Uptrend,Bullish,Strong Bullish,Perfect Uptrend (5>20>50),Normal,Akumulasi (Naik),Normal,Seimbang / Adu Mekanik,Normal,Tinggi,Doji (Ragu-ragu),Rawan Pucuk (High Risk),< 1 Miliar,Persis di VWAP,Akumulasi Pro (Smart Money),Gorengan Sepi (< 5M),Sepi (< 50%),Mark-Up (Fase Pesta),Normal,Normal,Sideways / Stagnan,TP: 167 | CL: 153,Normal,Tidak Ideal (< 1:1),Death Cross (Awal Bearish),Netral / Sepi Berita,Normal / Sedang Transisi,Mendekati Fibo 23.6%,5,WAIT & SEE,HOLD / NEUTRAL,1.0,MA20 di atas MA50 (Uptrend) | RSI Mendekati Jenuh Beli (67.0),TIDAK ADA,2026-09-10 13:41:26,Biasa / Mengikuti Pasar
13:41,SATU,Transaksi Sepi (Skip Broksum),Small Cap (Lapis 3),Overvalued (Mahal),0.0,7.6880493,252.0,252.0,250.0,250.0,250,236,262,-0.7936507936507936,61300,Normal,45,Negatif,Downtrend,Bearish,Bullish MACD,Strong Downtrend (5<20<50),Normal,Akumulasi (Naik),Normal,Dominan Jual (Guyur),Normal,Sedang,Normal,Area Tengah,< 1 Miliar,Persis di VWAP,Akumulasi Pro (Smart Money),Gorengan Sepi (< 5M),Sepi (< 50%),Mark-Down (Fase Runtuh),Normal,Normal,Turun 1 Hari Beruntun,TP: 259 | CL: 244,Open = High (Tekanan Jual),Tidak Ideal (< 1:1),Netral / Sideways,Netral / Sepi Berita,Supply Banjir (Distribusi) 🌊,Dekat Support Fibo 78.6%,2,WAIT & SEE,SELL,-1.5,MA20 di bawah MA50 (Downtrend),TIDAK ADA,2026-09-10 13:41:26,Biasa / Mengikuti Pasar
13:41,SOSS,Transaksi Sepi (Skip Broksum),Small Cap (Lapis 3),Overvalued (Mahal),21.365107,5.602191,945.0,945.0,945.0,945.0,886,840,1010,-4.545454545454546,3700,Tembus MA20,60,Negatif,Uptrend,Bullish,Strong Bullish,Awal Reversal (5>20),Normal,Distribusi (Turun),Gap Down (-4.5%),Tidak Ada Transaksi,Normal,Tinggi,Doji (Ragu-ragu),Rawan Pucuk (High Risk),< 1 Miliar,Di Bawah VWAP (Lemah),Akumulasi Pro (Smart Money),Gorengan Sepi (< 5M),Normal (50-150%),Accumulation (Kumpul Barang),Solid (Jarang Dibanting),Normal,Turun 3 Hari Beruntun,TP: 987 | CL: 916,Normal,Tidak Ideal (< 1:1),Death Cross (Awal Bearish),Netral / Sepi Berita,Normal / Sedang Transisi,Dekat Support Fibo 38.2%,5,WAIT & SEE,STRONG SELL,-3.0,MA20 di bawah MA50 (Downtrend) | RSI Mendekati Jenuh Beli (60.0) | Harga di bawah VWAP Intraday,TIDAK ADA,2026-09-10 13:41:26,Biasa / Mengikuti Pasar
13:41,POLA,Token Mati (Perlu Update),Small Cap (Lapis 3),Overvalued (Mahal),42.857143,1.0803998,78.0,83.0,71.0,72.0,57,50,94,-11.11111111111111,116884400,Tembus MA20,65,Negatif,Uptrend,Bullish,Strong Bullish,Awal Reversal (5>20),Distribusi Kuat,Akumulasi (Naik),Gap Down (-3.7%),Dominan Jual (Guyur),Normal,Tinggi,Normal,Rawan Pucuk (High Risk),> 1 Miliar,Di Bawah VWAP (Lemah),Distribusi Pro (Guyuran),Ritel Aktif (5M - 50M),Normal (50-150%),Accumulation (Kumpul Barang),Normal,Normal,Turun 1 Hari Beruntun,TP: 80 | CL: 66,Normal,Menengah (1:1),Netral / Sideways,Netral / Sepi Berita,Supply Banjir (Distribusi) 🌊,Dekat Support Fibo 50.0%,6,WAIT & SEE,STRONG SELL,-3.6,MA20 di bawah MA50 (Downtrend) | RSI Mendekati Jenuh Beli (65.0) | Harga di bawah VWAP Intraday | Volume Lonjak 2.5x MA20,TIDAK ADA,2026-09-10 13:41:26,🔥 ANOMALI BANDAR (Siap Ledakan)
13:41,DIVA,Transaksi Sepi (Skip Broksum),Small Cap (Lapis 3),Fair Value (Wajar),0.0,0.33133522,141.0,144.0,139.0,142.0,137,128,149,0.7092198581560284,1767000,Normal,62,Positif,Uptrend,Bullish,Bearish MACD,Perfect Uptrend (5>20>50),Normal,Akumulasi (Naik),Normal,Seimbang / Adu Mekanik,Squeeze,Rendah,Normal,Rawan Pucuk (High Risk),< 1 Miliar,Di Atas VWAP (Kuat),Distribusi Pro (Guyuran),Gorengan Sepi (< 5M),Normal (50-150%),Mark-Up (Fase Pesta),Spesialis Tiang Jemuran (Banting Pucuk),Normal,Naik 3 Hari Beruntun,TP: 150 | CL: 136,Normal,Tidak Ideal (< 1:1),Netral / Sideways,Netral / Sepi Berita,Normal / Sedang Transisi,Mendekati Fibo 23.6%,5,WAIT & SEE,STRONG BUY,3.0,MA20 di atas MA50 (Uptrend) | RSI Mendekati Jenuh Beli (62.0) | Harga di atas VWAP Intraday | Volatilitas Bollinger Squeeze (Siap Meledak),TIDAK ADA,2026-09-10 13:41:26,Biasa / Mengikuti Pasar
13:41,LUCK,Transaksi Sepi (Skip Broksum),Small Cap (Lapis 3),Fair Value (Wajar),0.0,0.73567545,121.0,124.0,119.0,122.0,115,105,127,1.6666666666666667,5739600,Normal,64,Positif,Uptrend,Bullish,Strong Bullish,Perfect Uptrend (5>20>50),Normal,Akumulasi (Naik),Normal,Seimbang / Adu Mekanik,Breakout Upper,Sedang,Normal,Rawan Pucuk (High Risk),< 1 Miliar,Di Atas VWAP (Kuat),Akumulasi Pro (Smart Money),Gorengan Sepi (< 5M),Normal (50-150%),Mark-Up (Fase Pesta),Spesialis Tiang Jemuran (Banting Pucuk),Normal,Naik 1 Hari Beruntun,TP: 130 | CL: 116,Normal,Tidak Ideal (< 1:1),Netral / Sideways,Netral / Sepi Berita,Normal / Sedang Transisi,Mendekati Fibo 38.2%,6,WAIT & SEE,BUY,2.0,MA20 di atas MA50 (Uptrend) | RSI Mendekati Jenuh Beli (64.0) | Harga di atas VWAP Intraday,TIDAK ADA,2026-09-10 13:41:26,Biasa / Mengikuti Pasar
13:41,URBN,Transaksi Sepi (Skip Broksum),Small Cap (Lapis 3),Fair Value (Wajar),0.0,0.8105633,224.0,224.0,224.0,224.0,218,193,238,0.0,93300,Normal,56,Negatif,Uptrend,Bullish,Strong Bullish,Perfect Uptrend (5>20>50),Normal,Akumulasi (Naik),Normal,Tidak Ada Transaksi,Normal,Sedang,Doji (Ragu-ragu),Rawan Pucuk (High Risk),< 1 Miliar,Persis di VWAP,Akumulasi Pro (Smart Money),Gorengan Sepi (< 5M),Normal (50-150%),Mark-Up (Fase Pesta),Solid (Jarang Dibanting),Normal,Sideways / Stagnan,TP: 237 | CL: 215,Normal,Tidak Ideal (< 1:1),Death Cross (Awal Bearish),Netral / Sepi Berita,Normal / Sedang Transisi,Mendekati Fibo 38.2%,5,WAIT & SEE,HOLD / NEUTRAL,1.0,MA20 di atas MA50 (Uptrend) | RSI Mendekati Jenuh Beli (56.0),TIDAK ADA,2026-09-10 13:41:26,Biasa / Mengikuti Pasar
13:41,SOTS,Transaksi Sepi (Skip Broksum),Small Cap (Lapis 3),Overvalued (Mahal),0.0,3.6164558,620.0,620.0,610.0,615.0,633,590,735,-0.8064516129032258,49900,Normal,48,Negatif,Downtrend,Bearish,Strong Bearish,Konsolidasi / Transisi,Normal,Distribusi (Turun),Normal,Seimbang / Adu Mekanik,Normal,Sedang,Normal,Area Tengah,< 1 Miliar,Di Atas VWAP (Kuat),Akumulasi Pro (Smart Money),Gorengan Sepi (< 5M),Sepi (< 50%),Distribution (Fase Jualan),Spesialis Tiang Jemuran (Banting Pucuk),Normal,Turun 1 Hari Beruntun,TP: 660 | CL: 584,Open = High (Tekanan Jual),Sangat Menarik (> 1:3),Golden Cross (Awal Bullish),Netral / Sepi Berita,Normal / Sedang Transisi,Dekat Support Fibo 78.6%,0,WAIT & SEE,BUY,2.5,MA20 di atas MA50 (Uptrend) | Harga di atas VWAP Intraday,TIDAK ADA,2026-09-10 13:41:26,Biasa / Mengikuti Pasar
13:41,ZONE,Transaksi Sepi (Skip Broksum),Small Cap (Lapis 3),Fair Value (Wajar),12.7589445,1.5622288,715.0,745.0,710.0,720.0,727,645,960,0.0,36500,Normal,53,Negatif,Downtrend,Bearish,Bearish MACD,Konsolidasi / Transisi,Normal,Distribusi (Turun),Normal,Dominan Jual (Guyur),Normal,Sedang,Normal,Rawan Pucuk (High Risk),< 1 Miliar,Persis di VWAP,Akumulasi Pro (Smart Money),Gorengan Sepi (< 5M),Sepi (< 50%),Distribution (Fase Jualan),Spesialis Tiang Jemuran (Banting Pucuk),Normal,Sideways / Stagnan,TP: 815 | CL: 656,Normal,Sangat Menarik (> 1:3),Golden Cross (Awal Bullish),Netral / Sepi Berita,Normal / Sedang Transisi,Dekat Support Fibo 38.2%,1,WAIT & SEE,BUY,1.5,MA20 di atas MA50 (Uptrend),TIDAK ADA,2026-09-10 13:41:26,Biasa / Mengikuti Pasar
13:41,PEHA,Transaksi Sepi (Skip Broksum),Small Cap (Lapis 3),Undervalued (Murah),6.248698,0.6056935,306.0,306.0,296.0,298.0,293,262,378,-2.6143790849673203,298000,Normal,54,Negatif,Uptrend,Bullish,Strong Bullish,Perfect Uptrend (5>20>50),Normal,Akumulasi (Naik),Normal,Dominan Jual (Guyur),Normal,Tinggi,Normal,Rawan Pucuk (High Risk),< 1 Miliar,Di Bawah VWAP (Lemah),Distribusi Pro (Guyuran),Gorengan Sepi (< 5M),Sepi (< 50%),Mark-Up (Fase Pesta),Spesialis Tiang Jemuran (Banting Pucuk),Normal,Turun 3 Hari Beruntun,TP: 342 | CL: 268,Open = High (Tekanan Jual),Ideal (1:2),Netral / Sideways,Netral / Sepi Berita,Normal / Sedang Transisi,Dekat Support Fibo 50.0%,5,WAIT & SEE,HOLD / NEUTRAL,0.5,MA20 di atas MA50 (Uptrend) | Harga di bawah VWAP Intraday,TIDAK ADA,2026-09-10 13:41:26,Biasa / Mengikuti Pasar
13:41,BEEF,Token Mati (Perlu Update),Mid Cap (Lapis 2),Overvalued (Mahal),46.282722,9.484775,436.0,444.0,436.0,442.0,451,354,498,1.3761467889908259,2681000,Normal,58,Positif,Downtrend,Bearish,Bearish MACD,Konsolidasi / Transisi,Normal,Distribusi (Turun),Normal,Dominan Beli (Hajar Kanan),Normal,Tinggi,Normal,Rawan Pucuk (High Risk),> 1 Miliar,Persis di VWAP,Distribusi Pro (Guyuran),Gorengan Sepi (< 5M),Sepi (< 50%),Distribution (Fase Jualan),Spesialis Tiang Jemuran (Banting Pucuk),Normal,Naik 1 Hari Beruntun,TP: 472 | CL: 422,Open = Low (Bullish Kuat),Tidak Ideal (< 1:1),Oversold (Jenuh Jual - Peluang),Netral / Sepi Berita,Normal / Sedang Transisi,Mengambang (Jauh dari Fibo),3,WAIT & SEE,HOLD / NEUTRAL,1.0,MA20 di atas MA50 (Uptrend) | RSI Mendekati Jenuh Beli (58.0),TIDAK ADA,2026-09-10 13:41:26,Biasa / Mengikuti Pasar
13:41,POLI,Transaksi Sepi (Skip Broksum),Mid Cap (Lapis 2),Overvalued (Mahal),29.225672,0.91077757,970.0,1025.0,935.0,970.0,863,720,1100,-1.5228426395939088,21000,Normal,68,Negatif,Uptrend,Bullish,Strong Bullish,Perfect Uptrend (5>20>50),Normal,Distribusi (Turun),Normal,Seimbang / Adu Mekanik,Normal,Tinggi,Doji (Ragu-ragu),Rawan Pucuk (High Risk),< 1 Miliar,Di Bawah VWAP (Lemah),Akumulasi Pro (Smart Money),Gorengan Sepi (< 5M),Sepi (< 50%),Mark-Up (Fase Pesta),Spesialis Tiang Jemuran (Banting Pucuk),Normal,Turun 1 Hari Beruntun,TP: 1125 | CL: 866,Normal,Tidak Ideal (< 1:1),Death Cross (Awal Bearish),Netral / Sepi Berita,Normal / Sedang Transisi,Mendekati Fibo 38.2%,4,WAIT & SEE,HOLD / NEUTRAL,0.0,MA20 di atas MA50 (Uptrend) | RSI Mendekati Jenuh Beli (68.0) | Harga di bawah VWAP Intraday,TIDAK ADA,2026-09-10 13:41:26,Biasa / Mengikuti Pasar
13:41,CLAY,Transaksi Sepi (Skip Broksum),Mid Cap (Lapis 2),Overvalued (Mahal),264.53488,245.65823,2790.0,2810.0,2730.0,2730.0,2742,2410,2880,-2.1505376344086025,10400,Normal,53,Negatif,Downtrend,Golden Cross,Bearish MACD,Perfect Uptrend (5>20>50),Normal,Akumulasi (Naik),Normal,Dominan Jual (Guyur),Squeeze,Rendah,Normal,Rawan Pucuk (High Risk),< 1 Miliar,Persis di VWAP,Distribusi Pro (Guyuran),Gorengan Sepi (< 5M),Normal (50-150%),Distribution (Fase Jualan),Spesialis Tiang Jemuran (Banting Pucuk),Normal,Turun 1 Hari Beruntun,TP: 2897 | CL: 2618,Normal,Tidak Ideal (< 1:1),Death Cross (Awal Bearish),Netral / Sepi Berita,Normal / Sedang Transisi,Mendekati Fibo 38.2%,3,WAIT & SEE,BUY,2.5,MA20 di atas MA50 (Uptrend) | Volatilitas Bollinger Squeeze (Siap Meledak),TIDAK ADA,2026-09-10 13:41:26,Biasa / Mengikuti Pasar
13:41,NATO,Transaksi Sepi (Skip Broksum),Mid Cap (Lapis 2),Overvalued (Mahal),0.0,4.071179,1155.0,1165.0,1045.0,1065.0,837,615,1575,-4.054054054054054,523900,Normal,67,Negatif,Uptrend,Bullish,Strong Bullish,Perfect Uptrend (5>20>50),Normal,Distribusi (Turun),Gap Up (+4.1%),Dominan Jual (Guyur),Normal,Tinggi,Normal,Rawan Pucuk (High Risk),< 1 Miliar,Di Bawah VWAP (Lemah),Distribusi Pro (Guyuran),Gorengan Sepi (< 5M),Sepi (< 50%),Mark-Up (Fase Pesta),Normal,Normal,Turun 3 Hari Beruntun,TP: 1266 | CL: 930,Normal,Menengah (1:1),Netral / Sideways,Netral / Sepi Berita,Supply Banjir (Distribusi) 🌊,Dekat Support Fibo 50.0%,5,WAIT & SEE,HOLD / NEUTRAL,0.0,MA20 di atas MA50 (Uptrend) | RSI Mendekati Jenuh Beli (67.0) | Harga di bawah VWAP Intraday,TIDAK ADA,2026-09-10 13:41:26,Biasa / Mengikuti Pasar
13:41,JAYA,Token Mati (Perlu Update),Small Cap (Lapis 3),Undervalued (Murah),12.612613,1.0010427,168.0,175.0,164.0,168.0,142,128,196,1.8181818181818181,11619000,Normal,67,Positif,Uptrend,Bullish,Strong Bullish,Perfect Uptrend (5>20>50),Normal,Distribusi (Turun),Normal,Seimbang / Adu Mekanik,Normal,Tinggi,Doji (Ragu-ragu),Rawan Pucuk (High Risk),> 1 Miliar,Di Atas VWAP (Kuat),Distribusi Pro (Guyuran),Ritel Aktif (5M - 50M),Sepi (< 50%),Mark-Up (Fase Pesta),Spesialis Tiang Jemuran (Banting Pucuk),Normal,Naik 1 Hari Beruntun,TP: 191 | CL: 152,Normal,Tidak Ideal (< 1:1),Netral / Sideways,Netral / Sepi Berita,Normal / Sedang Transisi,Dekat Support Fibo 38.2%,5,WAIT & SEE,BUY,2.0,MA20 di atas MA50 (Uptrend) | RSI Mendekati Jenuh Beli (67.0) | Harga di atas VWAP Intraday,TIDAK ADA,2026-09-10 13:41:26,Biasa / Mengikuti Pasar
13:41,COCO,Token Mati (Perlu Update),Mid Cap (Lapis 2),Overvalued (Mahal),19.656357,6.1910124,146.0,148.0,139.0,143.0,114,96,148,-0.6944444444444444,439468700,Normal,66,Negatif,Uptrend,Bullish,Strong Bullish,Awal Reversal (5>20),Normal,Akumulasi (Naik),Normal,Seimbang / Adu Mekanik,Normal,Tinggi,Normal,Rawan Pucuk (High Risk),> 1 Miliar,Di Atas VWAP (Kuat),Akumulasi Pro (Smart Money),Sultan (> 50M/hari),Sepi (< 50%),Accumulation (Kumpul Barang),Normal,Normal,Turun 1 Hari Beruntun,TP: 156 | CL: 133,Normal,Tidak Ideal (< 1:1),Overbought (Jenuh Beli - Rawan),Netral / Sepi Berita,Normal / Sedang Transisi,Dekat Support Fibo 50.0%,5,WAIT & SEE,HOLD / NEUTRAL,-1.0,MA20 di bawah MA50 (Downtrend) | RSI Mendekati Jenuh Beli (66.0) | Harga di atas VWAP Intraday,TIDAK ADA,2026-09-10 13:41:26,🔥 ANOMALI BANDAR (Siap Ledakan)
13:41,HRME,Transaksi Sepi (Skip Broksum),Small Cap (Lapis 3),Fair Value (Wajar),0.0,0.5188009,48.0,48.0,46.0,46.0,41,36,49,0.0,1913700,Normal,60,Negatif,Uptrend,Bullish,Strong Bullish,Awal Reversal (5>20),Normal,Akumulasi (Naik),Gap Up (+4.3%),Dominan Jual (Guyur),Normal,Tinggi,Normal,Rawan Pucuk (High Risk),< 1 Miliar,Di Atas VWAP (Kuat),Akumulasi Pro (Smart Money),Gorengan Sepi (< 5M),Normal (50-150%),Accumulation (Kumpul Barang),Normal,Normal,Sideways / Stagnan,TP: 49 | CL: 43,Open = High (Tekanan Jual),Tidak Ideal (< 1:1),Netral / Sideways,Netral / Sepi Berita,Normal / Sedang Transisi,Mendekati Fibo 50.0%,6,WAIT & SEE,HOLD / NEUTRAL,-1.0,MA20 di bawah MA50 (Downtrend) | RSI Mendekati Jenuh Beli (60.0) | Harga di atas VWAP Intraday,TIDAK ADA,2026-09-10 13:41:26,Biasa / Mengikuti Pasar
13:41,JAST,Transaksi Sepi (Skip Broksum),Small Cap (Lapis 3),Fair Value (Wajar),0.0,1.8512022,98.0,98.0,94.0,95.0,91,81,120,-2.0618556701030926,8553200,Normal,56,Negatif,Uptrend,Bullish,Bearish MACD,Perfect Uptrend (5>20>50),Normal,Akumulasi (Naik),Normal,Dominan Jual (Guyur),Normal,Tinggi,Normal,Rawan Pucuk (High Risk),< 1 Miliar,Di Bawah VWAP (Lemah),Distribusi Pro (Guyuran),Gorengan Sepi (< 5M),Sepi (< 50%),Mark-Up (Fase Pesta),Spesialis Tiang Jemuran (Banting Pucuk),Normal,Turun 1 Hari Beruntun,TP: 107 | CL: 86,Open = High (Tekanan Jual),Ideal (1:2),Netral / Sideways,Netral / Sepi Berita,Normal / Sedang Transisi,Mendekati Fibo 61.8% (Golden Ratio),4,WAIT & SEE,HOLD / NEUTRAL,0.0,MA20 di atas MA50 (Uptrend) | RSI Mendekati Jenuh Beli (56.0) | Harga di bawah VWAP Intraday,TIDAK ADA,2026-09-10 13:41:26,Biasa / Mengikuti Pasar
13:41,FITT,Token Mati (Perlu Update),Small Cap (Lapis 3),Overvalued (Mahal),0.0,7.864209,468.0,468.0,424.0,442.0,403,352,530,-5.555555555555555,2832500,Tembus MA20,61,Negatif,Uptrend,Bullish,Strong Bullish,Perfect Uptrend (5>20>50),Normal,Akumulasi (Naik),Normal,Seimbang / Adu Mekanik,Normal,Tinggi,Normal,Rawan Pucuk (High Risk),> 1 Miliar,Di Bawah VWAP (Lemah),Distribusi Pro (Guyuran),Gorengan Sepi (< 5M),Normal (50-150%),Mark-Up (Fase Pesta),Spesialis Tiang Jemuran (Banting Pucuk),Normal,Turun 2 Hari Beruntun,TP: 508 | CL: 397,Open = High (Tekanan Jual),Tidak Ideal (< 1:1),Netral / Sideways,Netral / Sepi Berita,Normal / Sedang Transisi,Mendekati Fibo 50.0%,6,WAIT & SEE,HOLD / NEUTRAL,0.0,MA20 di atas MA50 (Uptrend) | RSI Mendekati Jenuh Beli (61.0) | Harga di bawah VWAP Intraday,TIDAK ADA,2026-09-10 13:41:26,Biasa / Mengikuti Pasar
13:41,BOLA,Transaksi Sepi (Skip Broksum),Mid Cap (Lapis 2),Fair Value (Wajar),0.0,1.8988256,187.0,192.0,179.0,184.0,158,143,199,-1.0752688172043012,932300,Normal,69,Negatif,Uptrend,Bullish,Strong Bullish,Perfect Uptrend (5>20>50),Normal,Akumulasi (Naik),Normal,Seimbang / Adu Mekanik,Normal,Tinggi,Normal,Rawan Pucuk (High Risk),< 1 Miliar,Persis di VWAP,Akumulasi Pro (Smart Money),Gorengan Sepi (< 5M),Sepi (< 50%),Mark-Up (Fase Pesta),Normal,Normal,Turun 1 Hari Beruntun,TP: 199 | CL: 173,Normal,Tidak Ideal (< 1:1),Netral / Sideways,Netral / Sepi Berita,Normal / Sedang Transisi,Dekat Support Fibo 23.6%,5,WAIT & SEE,SELL,-2.0,MA20 di bawah MA50 (Downtrend) | RSI Mendekati Jenuh Beli (69.0),TIDAK ADA,2026-09-10 13:41:26,Biasa / Mengikuti Pasar
13:41,CCSI,Token Mati (Perlu Update),Small Cap (Lapis 3),Undervalued (Murah),10.087962,0.7949761,294.0,354.0,290.0,324.0,272,248,354,13.286713286713287,11641000,Tembus MA20,76,Positif,Uptrend,Bullish,Strong Bullish,Perfect Uptrend (5>20>50),Akumulasi Kuat,Akumulasi (Naik),Gap Up (+2.8%),Seimbang / Adu Mekanik,Breakout Upper,Tinggi,Normal,Rawan Pucuk (High Risk),> 1 Miliar,Di Atas VWAP (Kuat),Distribusi Pro (Guyuran),Gorengan Sepi (< 5M),Ledakan Ekstrem (> 300%),Mark-Up (Fase Pesta),Spesialis Tiang Jemuran (Banting Pucuk),Normal,Naik 2 Hari Beruntun,TP: 361 | CL: 298,Normal,Tidak Ideal (< 1:1),Netral / Sideways,Netral / Sepi Berita,Normal / Sedang Transisi,Dekat Support Fibo 23.6%,9,BELI,HOLD / NEUTRAL,0.6,MA20 di atas MA50 (Uptrend) | RSI Overbought Pucuk (76.0) | Harga di atas VWAP Intraday | Volume Lonjak 8.4x MA20,TIDAK ADA,2026-09-10 13:41:26,Biasa / Mengikuti Pasar
13:41,SFAN,Transaksi Sepi (Skip Broksum),Mid Cap (Lapis 2),Overvalued (Mahal),0.0,29.044521,2040.0,2050.0,2040.0,2040.0,2029,1985,2060,-0.4878048780487805,97100,Tembus MA20,64,Negatif,Uptrend,Bullish,Bearish MACD,Perfect Uptrend (5>20>50),Normal,Distribusi (Turun),Normal,Dominan Jual (Guyur),Squeeze,Rendah,Doji (Ragu-ragu),Dekat Support (Low Risk),< 1 Miliar,Persis di VWAP,Distribusi Pro (Guyuran),Gorengan Sepi (< 5M),Normal (50-150%),Mark-Up (Fase Pesta),Normal,Normal,Turun 1 Hari Beruntun,TP: 2060 | CL: 2026,Normal,Tidak Ideal (< 1:1),Netral / Sideways,Netral / Sepi Berita,Normal / Sedang Transisi,Dekat Support Fibo 23.6%,4,WAIT & SEE,BUY,2.4,MA20 di atas MA50 (Uptrend) | RSI Mendekati Jenuh Beli (64.0) | Volatilitas Bollinger Squeeze (Siap Meledak) | Volume Lonjak 1.8x MA20,TIDAK ADA,2026-09-10 13:41:26,Biasa / Mengikuti Pasar
13:41,POLU,Transaksi Sepi (Skip Broksum),Big Cap (Lapis 1),Overvalued (Mahal),0.0,106.94251,18225.0,18225.0,17025.0,17425.0,15650,11000,21850,-2.106741573033708,7200,Normal,62,Negatif,Uptrend,Bullish,Strong Bullish,Perfect Uptrend (5>20>50),Normal,Distribusi (Turun),Gap Up (+2.4%),Seimbang / Adu Mekanik,Normal,Tinggi,Normal,Rawan Pucuk (High Risk),< 1 Miliar,Di Bawah VWAP (Lemah),Akumulasi Pro (Smart Money),Gorengan Sepi (< 5M),Sepi (< 50%),Mark-Up (Fase Pesta),Spesialis Tiang Jemuran (Banting Pucuk),Normal,Turun 1 Hari Beruntun,TP: 20143 | CL: 15612,Open = High (Tekanan Jual),Tidak Ideal (< 1:1),Death Cross (Awal Bearish),Netral / Sepi Berita,Normal / Sedang Transisi,Mendekati Fibo 38.2%,5,WAIT & SEE,HOLD / NEUTRAL,0.0,MA20 di atas MA50 (Uptrend) | RSI Mendekati Jenuh Beli (62.0) | Harga di bawah VWAP Intraday,TIDAK ADA,2026-09-10 13:41:26,Biasa / Mengikuti Pasar
13:41,KJEN,Transaksi Sepi (Skip Broksum),Small Cap (Lapis 3),Fair Value (Wajar),0.0,1.2946535,163.0,164.0,161.0,162.0,163,152,193,0.0,1601600,Normal,56,Negatif,Downtrend,Bearish,Bearish MACD,Konsolidasi / Transisi,Normal,Distribusi (Turun),Normal,Seimbang / Adu Mekanik,Normal,Sedang,Normal,Area Tengah,< 1 Miliar,Persis di VWAP,Distribusi Pro (Guyuran),Gorengan Sepi (< 5M),Sepi (< 50%),Distribution (Fase Jualan),Normal,Normal,Sideways / Stagnan,TP: 170 | CL: 156,Normal,Sangat Menarik (> 1:3),Netral / Sideways,Netral / Sepi Berita,Supply Kering (Siap Pump) 🏜️,Mendekati Fibo 38.2%,1,WAIT & SEE,HOLD / NEUTRAL,1.0,MA20 di atas MA50 (Uptrend) | RSI Mendekati Jenuh Beli (56.0),TIDAK ADA,2026-09-10 13:41:26,Biasa / Mengikuti Pasar
13:41,ITIC,Transaksi Sepi (Skip Broksum),Small Cap (Lapis 3),Undervalued (Murah),10.70614,0.44992352,230.0,232.0,228.0,230.0,226,216,240,0.8771929824561403,132600,Normal,61,Positif,Uptrend,Bullish,Bearish MACD,Perfect Uptrend (5>20>50),Normal,Akumulasi (Naik),Normal,Seimbang / Adu Mekanik,Squeeze,Rendah,Doji (Ragu-ragu),Area Tengah,< 1 Miliar,Persis di VWAP,Distribusi Pro (Guyuran),Gorengan Sepi (< 5M),Sepi (< 50%),Mark-Up (Fase Pesta),Spesialis Tiang Jemuran (Banting Pucuk),Normal,Naik 1 Hari Beruntun,TP: 241 | CL: 222,Normal,Tidak Ideal (< 1:1),Netral / Sideways,Netral / Sepi Berita,Normal / Sedang Transisi,Mendekati Fibo 38.2%,5,WAIT & SEE,BUY,2.0,MA20 di atas MA50 (Uptrend) | RSI Mendekati Jenuh Beli (61.0) | Volatilitas Bollinger Squeeze (Siap Meledak),TIDAK ADA,2026-09-10 13:41:26,Biasa / Mengikuti Pasar
13:41,PAMG,Transaksi Sepi (Skip Broksum),Small Cap (Lapis 3),Fair Value (Wajar),0.0,0.41488037,58.0,58.0,56.0,56.0,55,53,64,-3.4482758620689653,11353700,Normal,50,Negatif,Uptrend,Bullish,Strong Bullish,Perfect Uptrend (5>20>50),Normal,Akumulasi (Naik),Normal,Dominan Jual (Guyur),Squeeze,Rendah,Normal,Area Tengah,< 1 Miliar,Di Bawah VWAP (Lemah),Distribusi Pro (Guyuran),Gorengan Sepi (< 5M),Sepi (< 50%),Mark-Up (Fase Pesta),Spesialis Tiang Jemuran (Banting Pucuk),Normal,Turun 1 Hari Beruntun,TP: 60 | CL: 53,Open = High (Tekanan Jual),Ideal (1:2),Netral / Sideways,Netral / Sepi Berita,Supply Banjir (Distribusi) 🌊,Mendekati Fibo 78.6%,4,WAIT & SEE,SELL,-1.5,MA20 di bawah MA50 (Downtrend) | Harga di bawah VWAP Intraday | Volatilitas Bollinger Squeeze (Siap Meledak),TIDAK ADA,2026-09-10 13:41:26,Biasa / Mengikuti Pasar
13:41,IPTV,Transaksi Sepi (Skip Broksum),Mid Cap (Lapis 2),Fair Value (Wajar),0.0,0.23997732,31.0,33.0,31.0,33.0,30,29,33,6.451612903225806,8347100,Tembus MA20,60,Positif,Uptrend,Golden Cross,Strong Bullish,Awal Reversal (5>20),Akumulasi Kuat,Akumulasi (Naik),Normal,Dominan Beli (Hajar Kanan),Breakout Upper,Sedang,Marubozu (Strong Bullish),Rawan Pucuk (High Risk),< 1 Miliar,Di Atas VWAP (Kuat),Akumulasi Pro (Smart Money),Gorengan Sepi (< 5M),Anomali Tinggi (150-300%),Accumulation (Kumpul Barang),Normal,Normal,Naik 2 Hari Beruntun,TP: 34 | CL: 32,Open = Low (Bullish Kuat),Tidak Ideal (< 1:1),Netral / Sideways,Netral / Sepi Berita,Normal / Sedang Transisi,Dekat Support Fibo 50.0%,9,BELI,HOLD / NEUTRAL,-1.2,MA20 di bawah MA50 (Downtrend) | RSI Mendekati Jenuh Beli (60.0) | Harga di atas VWAP Intraday | Volume Lonjak 2.8x MA20,TIDAK ADA,2026-09-10 13:41:26,Biasa / Mengikuti Pasar
13:41,BLUE,Token Mati (Perlu Update),Mid Cap (Lapis 2),Overvalued (Mahal),87.34506,13.201234,2940.0,3150.0,2900.0,3030.0,2728,2290,3500,3.061224489795918,399600,Normal,60,Positif,Uptrend,Bullish,Strong Bullish,Awal Reversal (5>20),Normal,Akumulasi (Naik),Normal,Seimbang / Adu Mekanik,Normal,Tinggi,Normal,Rawan Pucuk (High Risk),> 1 Miliar,Di Bawah VWAP (Lemah),Akumulasi Pro (Smart Money),Gorengan Sepi (< 5M),Normal (50-150%),Accumulation (Kumpul Barang),Spesialis Tiang Jemuran (Banting Pucuk),Normal,Naik 1 Hari Beruntun,TP: 3433 | CL: 2760,Normal,Tidak Ideal (< 1:1),Netral / Sideways,Netral / Sepi Berita,Normal / Sedang Transisi,Mendekati Fibo 61.8% (Golden Ratio),6,WAIT & SEE,STRONG SELL,-3.0,MA20 di bawah MA50 (Downtrend) | RSI Mendekati Jenuh Beli (60.0) | Harga di bawah VWAP Intraday,TIDAK ADA,2026-09-10 13:41:26,Biasa / Mengikuti Pasar
13:41,EAST,Transaksi Sepi (Skip Broksum),Small Cap (Lapis 3),Fair Value (Wajar),21.728632,0.80956364,90.0,90.0,89.0,90.0,90,89,91,0.0,329700,Normal,51,Negatif,Downtrend,Bearish,Bearish MACD,Konsolidasi / Transisi,Normal,Akumulasi (Naik),Normal,Dominan Beli (Hajar Kanan),Squeeze,Rendah,Doji (Ragu-ragu),Dekat Support (Low Risk),< 1 Miliar,Persis di VWAP,Akumulasi Pro (Smart Money),Gorengan Sepi (< 5M),Sepi (< 50%),Distribution (Fase Jualan),Normal,Jarum Bawah (Sinyal Pantulan Kuat),Sideways / Stagnan,TP: 91 | CL: 88,Normal,Menengah (1:1),Netral / Sideways,Netral / Sepi Berita,Normal / Sedang Transisi,Golden Rebound Fibo 23.6% 🎯,3,WAIT & SEE,BUY,2.5,MA20 di atas MA50 (Uptrend) | Volatilitas Bollinger Squeeze (Siap Meledak),TIDAK ADA,2026-09-10 13:41:26,Biasa / Mengikuti Pasar
13:41,FUJI,Transaksi Sepi (Skip Broksum),Small Cap (Lapis 3),Overvalued (Mahal),43.661972,1.7491149,252.0,254.0,240.0,248.0,271,200,386,0.0,448200,Normal,47,Negatif,Downtrend,Bearish,Bearish MACD,Konsolidasi / Transisi,Normal,Akumulasi (Naik),Normal,Seimbang / Adu Mekanik,Normal,Tinggi,Normal,Rawan Pucuk (High Risk),< 1 Miliar,Persis di VWAP,Akumulasi Pro (Smart Money),Gorengan Sepi (< 5M),Sepi (< 50%),Distribution (Fase Jualan),Normal,Normal,Sideways / Stagnan,TP: 291 | CL: 218,Normal,Ideal (1:2),Oversold (Jenuh Jual - Peluang),Netral / Sepi Berita,Normal / Sedang Transisi,Mengambang (Jauh dari Fibo),1,WAIT & SEE,BUY,1.5,MA20 di atas MA50 (Uptrend),TIDAK ADA,2026-09-10 13:41:26,Biasa / Mengikuti Pasar
13:41,KOTA,Token Mati (Perlu Update),Mid Cap (Lapis 2),Overvalued (Mahal),31.044777,1.7666794,208.0,218.0,206.0,210.0,188,140,252,0.9615384615384616,198622700,Normal,61,Positif,Uptrend,Bullish,Strong Bullish,Perfect Uptrend (5>20>50),Normal,Distribusi (Turun),Normal,Seimbang / Adu Mekanik,Normal,Tinggi,Normal,Rawan Pucuk (High Risk),> 1 Miliar,Di Bawah VWAP (Lemah),Distribusi Pro (Guyuran),Sultan (> 50M/hari),Sepi (< 50%),Mark-Up (Fase Pesta),Normal,Normal,Naik 1 Hari Beruntun,TP: 243 | CL: 187,Normal,Tidak Ideal (< 1:1),Death Cross (Awal Bearish),Netral / Sepi Berita,Normal / Sedang Transisi,Mengambang (Jauh dari Fibo),5,WAIT & SEE,HOLD / NEUTRAL,0.0,MA20 di atas MA50 (Uptrend) | RSI Mendekati Jenuh Beli (61.0) | Harga di bawah VWAP Intraday,TIDAK ADA,2026-09-10 13:41:26,Biasa / Mengikuti Pasar
13:41,INOV,Transaksi Sepi (Skip Broksum),Small Cap (Lapis 3),Undervalued (Murah),7.5414786,0.692579,140.0,143.0,138.0,140.0,142,131,154,0.7194244604316548,1798000,Normal,50,Positif,Downtrend,Bearish,Bearish MACD,Konsolidasi / Transisi,Normal,Distribusi (Turun),Normal,Seimbang / Adu Mekanik,Normal,Sedang,Doji (Ragu-ragu),Area Tengah,< 1 Miliar,Di Bawah VWAP (Lemah),Distribusi Pro (Guyuran),Gorengan Sepi (< 5M),Normal (50-150%),Distribution (Fase Jualan),Normal,Normal,Naik 1 Hari Beruntun,TP: 150 | CL: 132,Normal,Ideal (1:2),Golden Cross (Awal Bullish),Netral / Sepi Berita,Normal / Sedang Transisi,Mendekati Fibo 38.2%,1,WAIT & SEE,HOLD / NEUTRAL,0.5,MA20 di atas MA50 (Uptrend) | Harga di bawah VWAP Intraday,TIDAK ADA,2026-09-10 13:41:26,Biasa / Mengikuti Pasar
13:41,SMKL,Transaksi Sepi (Skip Broksum),Small Cap (Lapis 3),Undervalued (Murah),4.7601724,0.5172436,160.0,160.0,155.0,157.0,150,142,172,-1.257861635220126,89600,Normal,65,Negatif,Uptrend,Bullish,Strong Bullish,Perfect Uptrend (5>20>50),Normal,Akumulasi (Naik),Normal,Seimbang / Adu Mekanik,Normal,Sedang,Normal,Rawan Pucuk (High Risk),< 1 Miliar,Di Bawah VWAP (Lemah),Distribusi Pro (Guyuran),Gorengan Sepi (< 5M),Sepi (< 50%),Mark-Up (Fase Pesta),Spesialis Tiang Jemuran (Banting Pucuk),Normal,Turun 1 Hari Beruntun,TP: 168 | CL: 149,Open = High (Tekanan Jual),Menengah (1:1),Netral / Sideways,Netral / Sepi Berita,Normal / Sedang Transisi,Mendekati Fibo 50.0%,5,WAIT & SEE,HOLD / NEUTRAL,0.0,MA20 di atas MA50 (Uptrend) | RSI Mendekati Jenuh Beli (65.0) | Harga di bawah VWAP Intraday,TIDAK ADA,2026-09-10 13:41:26,Biasa / Mengikuti Pasar
13:41,HDIT,Transaksi Sepi (Skip Broksum),Small Cap (Lapis 3),Fair Value (Wajar),0.0,0.3341576,50.0,50.0,50.0,50.0,50,50,59,0.0,1255000,Normal,45,Negatif,Downtrend,Bearish,Strong Bearish,Strong Downtrend (5<20<50),Normal,Netral,Normal,Tidak Ada Transaksi,Squeeze,Rendah,Doji (Ragu-ragu),Dekat Support (Low Risk),< 1 Miliar,Persis di VWAP,Distribusi Pro (Guyuran),Gorengan Sepi (< 5M),Sepi (< 50%),Mark-Down (Fase Runtuh),Spesialis Tiang Jemuran (Banting Pucuk),Normal,Sideways / Stagnan,TP: 51 | CL: 49,Normal,Di Area Support,Oversold (Jenuh Jual - Peluang),Netral / Sepi Berita,Supply Kering (Siap Pump) 🏜️,Golden Rebound Fibo Bottom / 100% 🎯,0,WAIT & SEE,HOLD / NEUTRAL,-0.5,MA20 di bawah MA50 (Downtrend) | Volatilitas Bollinger Squeeze (Siap Meledak),TIDAK ADA,2026-09-10 13:41:26,Biasa / Mengikuti Pasar
13:41,KEEN,Token Mati (Perlu Update),Mid Cap (Lapis 2),Overvalued (Mahal),35.969868,19489.797,960.0,960.0,945.0,955.0,905,835,990,0.0,2480000,Normal,64,Negatif,Uptrend,Bullish,Strong Bullish,Perfect Uptrend (5>20>50),Normal,Distribusi (Turun),Normal,Seimbang / Adu Mekanik,Normal,Tinggi,Normal,Rawan Pucuk (High Risk),> 1 Miliar,Persis di VWAP,Akumulasi Pro (Smart Money),Ritel Aktif (5M - 50M),Sepi (< 50%),Mark-Up (Fase Pesta),Spesialis Tiang Jemuran (Banting Pucuk),Normal,Sideways / Stagnan,TP: 1002 | CL: 923,Open = High (Tekanan Jual),Tidak Ideal (< 1:1),Death Cross (Awal Bearish),Netral / Sepi Berita,Normal / Sedang Transisi,Mendekati Fibo 23.6%,4,WAIT & SEE,HOLD / NEUTRAL,1.0,MA20 di atas MA50 (Uptrend) | RSI Mendekati Jenuh Beli (64.0),TIDAK ADA,2026-09-10 13:41:26,Biasa / Mengikuti Pasar
13:41,BAPI,Transaksi Sepi (Skip Broksum),Small Cap (Lapis 3),Fair Value (Wajar),0.0,0.35168174,25.0,25.0,25.0,25.0,19,17,25,8.695652173913043,26119500,Tembus MA20,74,Positif,Uptrend,Bullish,Strong Bullish,Perfect Uptrend (5>20>50),Normal,Akumulasi (Naik),Gap Up (+8.7%),Tidak Ada Transaksi,Breakout Upper,Tinggi,Doji (Ragu-ragu),Rawan Pucuk (High Risk),< 1 Miliar,Di Atas VWAP (Kuat),Akumulasi Pro (Smart Money),Gorengan Sepi (< 5M),Anomali Tinggi (150-300%),Mark-Up (Fase Pesta),Normal,Normal,Naik 4 Hari Beruntun,TP: 26 | CL: 23,Normal,Tidak Ideal (< 1:1),Overbought (Jenuh Beli - Rawan),Netral / Sepi Berita,Normal / Sedang Transisi,Mengambang (Jauh dari Fibo),8,BELI,HOLD / NEUTRAL,0.6,MA20 di atas MA50 (Uptrend) | RSI Overbought Pucuk (74.0) | Harga di atas VWAP Intraday | Volume Lonjak 1.9x MA20,TIDAK ADA,2026-09-10 13:41:26,Biasa / Mengikuti Pasar
13:41,TFAS,Transaksi Sepi (Skip Broksum),Small Cap (Lapis 3),Fair Value (Wajar),0.0,1.8887722,191.0,191.0,188.0,189.0,185,181,200,0.0,20500,Normal,53,Negatif,Uptrend,Bullish,Strong Bullish,Awal Reversal (5>20),Normal,Akumulasi (Naik),Normal,Seimbang / Adu Mekanik,Squeeze,Rendah,Normal,Area Tengah,< 1 Miliar,Persis di VWAP,Akumulasi Pro (Smart Money),Gorengan Sepi (< 5M),Sepi (< 50%),Accumulation (Kumpul Barang),Spesialis Tiang Jemuran (Banting Pucuk),Normal,Sideways / Stagnan,TP: 198 | CL: 183,Open = High (Tekanan Jual),Menengah (1:1),Netral / Sideways,Netral / Sepi Berita,Normal / Sedang Transisi,Mendekati Fibo 78.6%,5,WAIT & SEE,HOLD / NEUTRAL,-0.5,MA20 di bawah MA50 (Downtrend) | Volatilitas Bollinger Squeeze (Siap Meledak),TIDAK ADA,2026-09-10 13:41:26,Biasa / Mengikuti Pasar
13:41,GGRP,Token Mati (Perlu Update),Mid Cap (Lapis 2),Overvalued (Mahal),0.0,6226.415,322.0,334.0,320.0,328.0,309,298,334,3.1446540880503147,4493100,Tembus MA20,67,Positif,Uptrend,Bullish,Strong Bullish,Perfect Uptrend (5>20>50),Akumulasi Kuat,Akumulasi (Naik),Normal,Seimbang / Adu Mekanik,Breakout Upper,Sedang,Normal,Rawan Pucuk (High Risk),> 1 Miliar,Di Atas VWAP (Kuat),Distribusi Pro (Guyuran),Gorengan Sepi (< 5M),Anomali Tinggi (150-300%),Mark-Up (Fase Pesta),Normal,Normal,Naik 3 Hari Beruntun,TP: 342 | CL: 318,Normal,Tidak Ideal (< 1:1),Netral / Sideways,Netral / Sepi Berita,Normal / Sedang Transisi,Dekat Support Fibo 23.6%,8,BELI,BUY,2.4,MA20 di atas MA50 (Uptrend) | RSI Mendekati Jenuh Beli (67.0) | Harga di atas VWAP Intraday | Volume Lonjak 3.2x MA20,TIDAK ADA,2026-09-10 13:41:26,Biasa / Mengikuti Pasar
13:41,OPMS,Transaksi Sepi (Skip Broksum),Small Cap (Lapis 3),Fair Value (Wajar),0.0,1.3008202,120.0,120.0,115.0,119.0,123,114,134,-0.8333333333333334,1760400,Normal,48,Negatif,Downtrend,Bearish,Bearish MACD,Konsolidasi / Transisi,Normal,Distribusi (Turun),Normal,Dominan Beli (Hajar Kanan),Bottom Rebound,Sedang,Hammer (Potensi Reversal),Area Tengah,< 1 Miliar,Di Bawah VWAP (Lemah),Distribusi Pro (Guyuran),Gorengan Sepi (< 5M),Sepi (< 50%),Distribution (Fase Jualan),Normal,Jarum Bawah (Sinyal Pantulan Kuat),Turun 3 Hari Beruntun,TP: 127 | CL: 113,Open = High (Tekanan Jual),Sangat Menarik (> 1:3),Netral / Sideways,Netral / Sepi Berita,Normal / Sedang Transisi,Mendekati Fibo 50.0%,1,WAIT & SEE,HOLD / NEUTRAL,0.5,MA20 di atas MA50 (Uptrend) | Harga di bawah VWAP Intraday,TIDAK ADA,2026-09-10 13:41:26,Biasa / Mengikuti Pasar
13:41,NZIA,Token Mati (Perlu Update),Small Cap (Lapis 3),Overvalued (Mahal),146.0076,0.9213406,193.0,197.0,191.0,191.0,160,131,270,-0.5208333333333333,10686500,Normal,60,Negatif,Uptrend,Bullish,Strong Bullish,Perfect Uptrend (5>20>50),Normal,Distribusi (Turun),Normal,Dominan Jual (Guyur),Normal,Tinggi,Normal,Rawan Pucuk (High Risk),> 1 Miliar,Di Bawah VWAP (Lemah),Distribusi Pro (Guyuran),Ritel Aktif (5M - 50M),Sepi (< 50%),Mark-Up (Fase Pesta),Spesialis Tiang Jemuran (Banting Pucuk),Normal,Turun 3 Hari Beruntun,TP: 234 | CL: 162,Normal,Menengah (1:1),Netral / Sideways,Netral / Sepi Berita,Normal / Sedang Transisi,Mendekati Fibo 61.8% (Golden Ratio),4,WAIT & SEE,HOLD / NEUTRAL,0.0,MA20 di atas MA50 (Uptrend) | RSI Mendekati Jenuh Beli (60.0) | Harga di bawah VWAP Intraday,TIDAK ADA,2026-09-10 13:41:26,Biasa / Mengikuti Pasar
13:41,SLIS,Token Mati (Perlu Update),Small Cap (Lapis 3),Fair Value (Wajar),0.0,0.6864542,89.0,90.0,87.0,89.0,91,76,114,0.0,14978800,Normal,55,Negatif,Downtrend,Bearish,Bearish MACD,Konsolidasi / Transisi,Normal,Distribusi (Turun),Normal,Seimbang / Adu Mekanik,Normal,Tinggi,Doji (Ragu-ragu),Rawan Pucuk (High Risk),> 1 Miliar,Persis di VWAP,Distribusi Pro (Guyuran),Gorengan Sepi (< 5M),Normal (50-150%),Distribution (Fase Jualan),Spesialis Tiang Jemuran (Banting Pucuk),Jarum Bawah (Sinyal Pantulan Kuat),Sideways / Stagnan,TP: 96 | CL: 83,Normal,Ideal (1:2),Golden Cross (Awal Bullish),Netral / Sepi Berita,Normal / Sedang Transisi,Mengambang (Jauh dari Fibo),1,WAIT & SEE,BUY,1.5,MA20 di atas MA50 (Uptrend),TIDAK ADA,2026-09-10 13:41:26,Biasa / Mengikuti Pasar
13:41,IRRA,Transaksi Sepi (Skip Broksum),Small Cap (Lapis 3),Undervalued (Murah),8.851224,0.9378991,382.0,394.0,372.0,376.0,375,364,450,-1.0526315789473684,578100,Normal,50,Negatif,Uptrend,Bullish,Strong Bullish,Perfect Uptrend (5>20>50),Normal,Akumulasi (Naik),Normal,Dominan Jual (Guyur),Normal,Sedang,Normal,Area Tengah,< 1 Miliar,Di Bawah VWAP (Lemah),Distribusi Pro (Guyuran),Gorengan Sepi (< 5M),Sepi (< 50%),Mark-Up (Fase Pesta),Normal,Normal,Turun 3 Hari Beruntun,TP: 398 | CL: 360,Normal,Sangat Menarik (> 1:3),Oversold (Jenuh Jual - Peluang),Netral / Sepi Berita,Normal / Sedang Transisi,Mendekati Fibo 78.6%,4,WAIT & SEE,HOLD / NEUTRAL,0.5,MA20 di atas MA50 (Uptrend) | Harga di bawah VWAP Intraday,TIDAK ADA,2026-09-10 13:41:26,Biasa / Mengikuti Pasar
13:41,DMMX,Transaksi Sepi (Skip Broksum),Mid Cap (Lapis 2),Overvalued (Mahal),34.311928,2.00122,190.0,191.0,185.0,188.0,188,179,236,-1.0526315789473684,726900,Normal,51,Negatif,Downtrend,Bullish,Bearish MACD,Perfect Uptrend (5>20>50),Normal,Distribusi (Turun),Normal,Seimbang / Adu Mekanik,Normal,Sedang,Normal,Area Tengah,< 1 Miliar,Di Bawah VWAP (Lemah),Distribusi Pro (Guyuran),Gorengan Sepi (< 5M),Sepi (< 50%),Distribution (Fase Jualan),Normal,Normal,Turun 1 Hari Beruntun,TP: 201 | CL: 178,Normal,Sangat Menarik (> 1:3),Oversold (Jenuh Jual - Peluang),Netral / Sepi Berita,Supply Kering (Siap Pump) 🏜️,Golden Rebound Fibo 61.8% (Golden Ratio) 🎯,2,WAIT & SEE,HOLD / NEUTRAL,0.5,MA20 di atas MA50 (Uptrend) | Harga di bawah VWAP Intraday,TIDAK ADA,2026-09-10 13:41:26,Biasa / Mengikuti Pasar
13:41,SINI,Token Mati (Perlu Update),Big Cap (Lapis 1),Fair Value (Wajar),16.393442,-54.71825,14050.0,14975.0,13925.0,14300.0,10518,6900,15975,0.3508771929824561,5917900,Normal,77,Positif,Uptrend,Bullish,Strong Bullish,Perfect Uptrend (5>20>50),Normal,Distribusi (Turun),Normal,Seimbang / Adu Mekanik,Normal,Tinggi,Normal,Rawan Pucuk (High Risk),> 1 Miliar,Di Bawah VWAP (Lemah),Distribusi Pro (Guyuran),Sultan (> 50M/hari),Sepi (< 50%),Mark-Up (Fase Pesta),Normal,Normal,Naik 1 Hari Beruntun,TP: 16191 | CL: 13039,Normal,Tidak Ideal (< 1:1),Death Cross (Awal Bearish),Netral / Sepi Berita,Normal / Sedang Transisi,Mendekati Fibo 23.6%,5,WAIT & SEE,SELL,-1.5,MA20 di atas MA50 (Uptrend) | RSI Overbought Pucuk (77.0) | Harga di bawah VWAP Intraday,TIDAK ADA,2026-09-10 13:41:26,Biasa / Mengikuti Pasar
13:41,WOWS,Transaksi Sepi (Skip Broksum),Small Cap (Lapis 3),Fair Value (Wajar),0.0,0.2650544,58.0,59.0,57.0,58.0,59,56,68,0.0,13123000,Normal,45,Negatif,Downtrend,Bearish,Strong Bearish,Konsolidasi / Transisi,Normal,Distribusi (Turun),Normal,Seimbang / Adu Mekanik,Normal,Sedang,Doji (Ragu-ragu),Area Tengah,< 1 Miliar,Di Bawah VWAP (Lemah),Distribusi Pro (Guyuran),Gorengan Sepi (< 5M),Sepi (< 50%),Distribution (Fase Jualan),Normal,Normal,Sideways / Stagnan,TP: 63 | CL: 54,Normal,Sangat Menarik (> 1:3),Oversold (Jenuh Jual - Peluang),Netral / Sepi Berita,Normal / Sedang Transisi,Golden Rebound Fibo 78.6% 🎯,0,WAIT & SEE,SELL,-2.5,MA20 di bawah MA50 (Downtrend) | Harga di bawah VWAP Intraday,TIDAK ADA,2026-09-10 13:41:26,Biasa / Mengikuti Pasar
13:41,ESIP,Token Mati (Perlu Update),Small Cap (Lapis 3),Overvalued (Mahal),43.47826,1.4440112,130.0,133.0,129.0,130.0,123,110,137,1.5625,25116600,Normal,56,Positif,Uptrend,Bullish,Strong Bullish,Awal Reversal (5>20),Normal,Akumulasi (Naik),Normal,Dominan Jual (Guyur),Normal,Tinggi,Doji (Ragu-ragu),Rawan Pucuk (High Risk),> 1 Miliar,Persis di VWAP,Akumulasi Pro (Smart Money),Ritel Aktif (5M - 50M),Normal (50-150%),Accumulation (Kumpul Barang),Normal,Normal,Naik 1 Hari Beruntun,TP: 139 | CL: 123,Normal,Tidak Ideal (< 1:1),Death Cross (Awal Bearish),Netral / Sepi Berita,Normal / Sedang Transisi,Mendekati Fibo 50.0%,6,WAIT & SEE,SELL,-2.0,MA20 di bawah MA50 (Downtrend) | RSI Mendekati Jenuh Beli (56.0),TIDAK ADA,2026-09-10 13:41:26,Biasa / Mengikuti Pasar
13:41,TEBE,Token Mati (Perlu Update),Mid Cap (Lapis 2),Fair Value (Wajar),18.501387,2.2303672,1800.0,1960.0,1735.0,1855.0,1648,1090,1980,3.3426183844011144,25285600,Tembus MA20,70,Positif,Uptrend,Bullish,Bearish MACD,Perfect Uptrend (5>20>50),Normal,Akumulasi (Naik),Normal,Seimbang / Adu Mekanik,Normal,Tinggi,Normal,Rawan Pucuk (High Risk),> 1 Miliar,Di Atas VWAP (Kuat),Akumulasi Pro (Smart Money),Ritel Aktif (5M - 50M),Anomali Tinggi (150-300%),Mark-Up (Fase Pesta),Spesialis Tiang Jemuran (Banting Pucuk),Normal,Naik 1 Hari Beruntun,TP: 2037 | CL: 1733,Normal,Tidak Ideal (< 1:1),Netral / Sideways,Netral / Sepi Berita,Normal / Sedang Transisi,Mengambang (Jauh dari Fibo),6,WAIT & SEE,BUY,2.0,MA20 di atas MA50 (Uptrend) | RSI Mendekati Jenuh Beli (70.0) | Harga di atas VWAP Intraday,TIDAK ADA,2026-09-10 13:41:26,Biasa / Mengikuti Pasar
13:41,KEJU,Transaksi Sepi (Skip Broksum),Mid Cap (Lapis 2),Overvalued (Mahal),17.711964,4.01168,620.0,620.0,610.0,610.0,603,565,650,-0.8130081300813009,376600,Tembus MA20,57,Negatif,Uptrend,Bullish,Bearish MACD,Perfect Uptrend (5>20>50),Normal,Distribusi (Turun),Normal,Dominan Jual (Guyur),Normal,Sedang,Normal,Area Tengah,< 1 Miliar,Di Bawah VWAP (Lemah),Distribusi Pro (Guyuran),Gorengan Sepi (< 5M),Normal (50-150%),Mark-Up (Fase Pesta),Normal,Normal,Turun 2 Hari Beruntun,TP: 637 | CL: 591,Open = High (Tekanan Jual),Tidak Ideal (< 1:1),Netral / Sideways,Netral / Sepi Berita,Normal / Sedang Transisi,Dekat Support Fibo 38.2%,4,WAIT & SEE,HOLD / NEUTRAL,0.0,MA20 di atas MA50 (Uptrend) | RSI Mendekati Jenuh Beli (57.0) | Harga di bawah VWAP Intraday | Volume Lonjak 1.7x MA20,TIDAK ADA,2026-09-10 13:41:26,Biasa / Mengikuti Pasar
13:41,PSGO,Transaksi Sepi (Skip Broksum),Mid Cap (Lapis 2),Undervalued (Murah),9.232219,1.3261433,197.0,198.0,194.0,197.0,195,192,206,0.5102040816326531,198100,Normal,54,Positif,Uptrend,Bullish,Strong Bullish,Awal Reversal (5>20),Normal,Distribusi (Turun),Normal,Dominan Beli (Hajar Kanan),Squeeze,Rendah,Doji (Ragu-ragu),Dekat Support (Low Risk),< 1 Miliar,Persis di VWAP,Distribusi Pro (Guyuran),Gorengan Sepi (< 5M),Sepi (< 50%),Accumulation (Kumpul Barang),Normal,Jarum Bawah (Sinyal Pantulan Kuat),Naik 2 Hari Beruntun,TP: 203 | CL: 192,Normal,Ideal (1:2),Golden Cross (Awal Bullish),Netral / Sepi Berita,Normal / Sedang Transisi,Golden Rebound Fibo 38.2% 🎯,6,WAIT & SEE,HOLD / NEUTRAL,-0.5,MA20 di bawah MA50 (Downtrend) | Volatilitas Bollinger Squeeze (Siap Meledak),TIDAK ADA,2026-09-10 13:41:26,Biasa / Mengikuti Pasar
13:41,AGAR,Transaksi Sepi (Skip Broksum),Mid Cap (Lapis 2),Overvalued (Mahal),884.4221,15.570123,1700.0,1760.0,1700.0,1760.0,1708,1325,2000,10.0,264600,Normal,64,Positif,Uptrend,Bearish,Bearish MACD,Konsolidasi / Transisi,Normal,Akumulasi (Naik),Gap Up (+6.2%),Dominan Beli (Hajar Kanan),Normal,Tinggi,Marubozu (Strong Bullish),Rawan Pucuk (High Risk),< 1 Miliar,Di Atas VWAP (Kuat),Akumulasi Pro (Smart Money),Gorengan Sepi (< 5M),Normal (50-150%),Mark-Up (Fase Pesta),Normal,Normal,Naik 3 Hari Beruntun,TP: 1858 | CL: 1694,Open = Low (Bullish Kuat),Tidak Ideal (< 1:1),Netral / Sideways,Netral / Sepi Berita,Normal / Sedang Transisi,Mengambang (Jauh dari Fibo),6,WAIT & SEE,BUY,2.0,MA20 di atas MA50 (Uptrend) | RSI Mendekati Jenuh Beli (64.0) | Harga di atas VWAP Intraday,TIDAK ADA,2026-09-10 13:41:26,Biasa / Mengikuti Pasar
13:41,IFSH,Transaksi Sepi (Skip Broksum),Mid Cap (Lapis 2),Fair Value (Wajar),16.722408,2.5150619,1100.0,1100.0,1100.0,1100.0,1092,1000,1180,0.0,4000,Normal,50,Negatif,Uptrend,Bearish,Bullish MACD,Strong Downtrend (5<20<50),Normal,Distribusi (Turun),Normal,Tidak Ada Transaksi,Normal,Sedang,Doji (Ragu-ragu),Rawan Pucuk (High Risk),< 1 Miliar,Di Atas VWAP (Kuat),Distribusi Pro (Guyuran),Gorengan Sepi (< 5M),Normal (50-150%),Accumulation (Kumpul Barang),Solid (Jarang Dibanting),Normal,Sideways / Stagnan,TP: 1147 | CL: 1068,Normal,Tidak Ideal (< 1:1),Netral / Sideways,Netral / Sepi Berita,Normal / Sedang Transisi,Mendekati Fibo 78.6%,2,WAIT & SEE,HOLD / NEUTRAL,-0.5,MA20 di bawah MA50 (Downtrend) | Harga di atas VWAP Intraday,TIDAK ADA,2026-09-10 13:41:26,Biasa / Mengikuti Pasar
13:41,REAL,Transaksi Sepi (Skip Broksum),Small Cap (Lapis 3),Overvalued (Mahal),390.62497,0.88487744,50.0,50.0,50.0,50.0,50,50,54,0.0,238400,Normal,41,Negatif,Downtrend,Bearish,Strong Bearish,Konsolidasi / Transisi,Normal,Netral,Normal,Tidak Ada Transaksi,Normal,Sedang,Doji (Ragu-ragu),Dekat Support (Low Risk),< 1 Miliar,Persis di VWAP,Netral,Gorengan Sepi (< 5M),Sepi (< 50%),Distribution (Fase Jualan),Normal,Normal,Sideways / Stagnan,TP: 50 | CL: 49,Normal,Di Area Support,Oversold (Jenuh Jual - Peluang),Netral / Sepi Berita,Supply Kering (Siap Pump) 🏜️,Golden Rebound Fibo Bottom / 100% 🎯,0,WAIT & SEE,HOLD / NEUTRAL,-1.0,MA20 di bawah MA50 (Downtrend) | RSI Rebound Area Murah (41.0),TIDAK ADA,2026-09-10 13:41:26,Biasa / Mengikuti Pasar
13:41,IFII,Transaksi Sepi (Skip Broksum),Mid Cap (Lapis 2),Undervalued (Murah),13.609073,1.3649229,204.0,204.0,202.0,202.0,205,200,210,-0.9803921568627451,57200,Normal,41,Negatif,Downtrend,Bearish,Strong Bearish,Strong Downtrend (5<20<50),Normal,Distribusi (Turun),Normal,Dominan Jual (Guyur),Squeeze,Rendah,Normal,Dekat Support (Low Risk),< 1 Miliar,Persis di VWAP,Akumulasi Pro (Smart Money),Gorengan Sepi (< 5M),Sepi (< 50%),Mark-Down (Fase Runtuh),Solid (Jarang Dibanting),Normal,Turun 1 Hari Beruntun,TP: 207 | CL: 198,Open = High (Tekanan Jual),Sangat Menarik (> 1:3),Netral / Sideways,Netral / Sepi Berita,Normal / Sedang Transisi,Dekat Support Fibo Bottom / 100%,0,WAIT & SEE,HOLD / NEUTRAL,0.0,MA20 di bawah MA50 (Downtrend) | RSI Rebound Area Murah (41.0) | Volatilitas Bollinger Squeeze (Siap Meledak),TIDAK ADA,2026-09-10 13:41:26,Biasa / Mengikuti Pasar
13:41,PMJS,Transaksi Sepi (Skip Broksum),Mid Cap (Lapis 2),Undervalued (Murah),10.581639,0.7422737,149.0,151.0,148.0,150.0,135,113,152,0.6711409395973155,1078400,Normal,73,Positif,Uptrend,Bullish,Strong Bullish,Perfect Uptrend (5>20>50),Normal,Akumulasi (Naik),Normal,Seimbang / Adu Mekanik,Normal,Tinggi,Normal,Rawan Pucuk (High Risk),< 1 Miliar,Persis di VWAP,Akumulasi Pro (Smart Money),Gorengan Sepi (< 5M),Sepi (< 50%),Mark-Up (Fase Pesta),Normal,Normal,Naik 1 Hari Beruntun,TP: 160 | CL: 143,Normal,Tidak Ideal (< 1:1),Overbought (Jenuh Beli - Rawan),Netral / Sepi Berita,Normal / Sedang Transisi,Mengambang (Jauh dari Fibo),6,WAIT & SEE,HOLD / NEUTRAL,-0.5,MA20 di atas MA50 (Uptrend) | RSI Overbought Pucuk (73.0),TIDAK ADA,2026-09-10 13:41:26,Biasa / Mengikuti Pasar
13:41,UCID,Transaksi Sepi (Skip Broksum),Mid Cap (Lapis 2),Undervalued (Murah),1.5903113,0.45462933,520.0,530.0,510.0,520.0,485,430,560,0.0,830800,Normal,72,Negatif,Uptrend,Bullish,Bearish MACD,Perfect Uptrend (5>20>50),Normal,Distribusi (Turun),Normal,Seimbang / Adu Mekanik,Normal,Tinggi,Doji (Ragu-ragu),Rawan Pucuk (High Risk),< 1 Miliar,Persis di VWAP,Distribusi Pro (Guyuran),Gorengan Sepi (< 5M),Normal (50-150%),Mark-Up (Fase Pesta),Normal,Normal,Sideways / Stagnan,TP: 560 | CL: 493,Normal,Tidak Ideal (< 1:1),Netral / Sideways,Netral / Sepi Berita,Normal / Sedang Transisi,Dekat Support Fibo 23.6%,3,WAIT & SEE,HOLD / NEUTRAL,-0.5,MA20 di atas MA50 (Uptrend) | RSI Overbought Pucuk (72.0),TIDAK ADA,2026-09-10 13:41:26,Biasa / Mengikuti Pasar
13:41,GLVA,Transaksi Sepi (Skip Broksum),Small Cap (Lapis 3),Undervalued (Murah),10.0389385,1.2066034,328.0,330.0,304.0,330.0,317,286,338,0.6097560975609756,10400,Normal,67,Positif,Uptrend,Bullish,Strong Bullish,Perfect Uptrend (5>20>50),Normal,Akumulasi (Naik),Normal,Dominan Beli (Hajar Kanan),Normal,Sedang,Doji (Ragu-ragu),Rawan Pucuk (High Risk),< 1 Miliar,Di Atas VWAP (Kuat),Akumulasi Pro (Smart Money),Gorengan Sepi (< 5M),Sepi (< 50%),Mark-Up (Fase Pesta),Spesialis Tiang Jemuran (Banting Pucuk),Jarum Bawah (Sinyal Pantulan Kuat),Naik 1 Hari Beruntun,TP: 355 | CL: 312,Normal,Tidak Ideal (< 1:1),Overbought (Jenuh Beli - Rawan),Netral / Sepi Berita,Normal / Sedang Transisi,Golden Rebound Fibo 38.2% 🎯,7,BELI,BUY,2.0,MA20 di atas MA50 (Uptrend) | RSI Mendekati Jenuh Beli (67.0) | Harga di atas VWAP Intraday,TIDAK ADA,2026-09-10 13:41:26,Biasa / Mengikuti Pasar
13:41,PGJO,Transaksi Sepi (Skip Broksum),Small Cap (Lapis 3),Fair Value (Wajar),0.0,-350.0398,895.0,910.0,865.0,880.0,892,725,1095,-1.675977653631285,621000,Normal,52,Negatif,Downtrend,Bullish,Bearish MACD,Perfect Uptrend (5>20>50),Normal,Distribusi (Turun),Normal,Seimbang / Adu Mekanik,Normal,Tinggi,Normal,Rawan Pucuk (High Risk),< 1 Miliar,Di Bawah VWAP (Lemah),Akumulasi Pro (Smart Money),Gorengan Sepi (< 5M),Sepi (< 50%),Distribution (Fase Jualan),Normal,Normal,Turun 6 Hari Beruntun,TP: 965 | CL: 822,Normal,Menengah (1:1),Oversold (Jenuh Jual - Peluang),Netral / Sepi Berita,Normal / Sedang Transisi,Golden Rebound Fibo 50.0% 🎯,2,WAIT & SEE,HOLD / NEUTRAL,0.5,MA20 di atas MA50 (Uptrend) | Harga di bawah VWAP Intraday,TIDAK ADA,2026-09-10 13:41:26,Biasa / Mengikuti Pasar
13:41,AMAR,Transaksi Sepi (Skip Broksum),Mid Cap (Lapis 2),Undervalued (Murah),14.241099,1.1946179,232.0,232.0,226.0,228.0,229,212,238,-1.7241379310344827,158200,Normal,54,Negatif,Downtrend,Bullish,Bearish MACD,Perfect Uptrend (5>20>50),Normal,Distribusi (Turun),Normal,Seimbang / Adu Mekanik,Normal,Sedang,Normal,Area Tengah,< 1 Miliar,Di Bawah VWAP (Lemah),Akumulasi Pro (Smart Money),Gorengan Sepi (< 5M),Sepi (< 50%),Distribution (Fase Jualan),Normal,Normal,Turun 2 Hari Beruntun,TP: 239 | CL: 220,Open = High (Tekanan Jual),Tidak Ideal (< 1:1),Netral / Sideways,Netral / Sepi Berita,Normal / Sedang Transisi,Dekat Support Fibo 23.6%,2,WAIT & SEE,HOLD / NEUTRAL,0.5,MA20 di atas MA50 (Uptrend) | Harga di bawah VWAP Intraday,TIDAK ADA,2026-09-10 13:41:26,Biasa / Mengikuti Pasar
13:41,CSRA,Transaksi Sepi (Skip Broksum),Mid Cap (Lapis 2),Undervalued (Murah),6.0546875,0.9478163,780.0,780.0,765.0,775.0,764,730,800,-0.641025641025641,124700,Normal,54,Negatif,Uptrend,Bullish,Strong Bullish,Perfect Uptrend (5>20>50),Normal,Distribusi (Turun),Normal,Seimbang / Adu Mekanik,Squeeze,Rendah,Normal,Area Tengah,< 1 Miliar,Persis di VWAP,Distribusi Pro (Guyuran),Gorengan Sepi (< 5M),Sepi (< 50%),Mark-Up (Fase Pesta),Spesialis Tiang Jemuran (Banting Pucuk),Normal,Turun 1 Hari Beruntun,TP: 809 | CL: 751,Open = High (Tekanan Jual),Tidak Ideal (< 1:1),Netral / Sideways,Netral / Sepi Berita,Supply Kering (Siap Pump) 🏜️,Golden Rebound Fibo 50.0% 🎯,4,WAIT & SEE,BUY,2.5,MA20 di atas MA50 (Uptrend) | Volatilitas Bollinger Squeeze (Siap Meledak),TIDAK ADA,2026-09-10 13:41:26,Biasa / Mengikuti Pasar
13:41,INDO,Token Mati (Perlu Update),Small Cap (Lapis 3),Fair Value (Wajar),17.726397,0.7280324,186.0,187.0,184.0,184.0,182,173,191,-1.0752688172043012,17502800,Normal,55,Negatif,Uptrend,Bullish,Bearish MACD,Perfect Uptrend (5>20>50),Normal,Distribusi (Turun),Normal,Dominan Jual (Guyur),Normal,Sedang,Normal,Area Tengah,> 1 Miliar,Di Bawah VWAP (Lemah),Distribusi Pro (Guyuran),Gorengan Sepi (< 5M),Normal (50-150%),Mark-Up (Fase Pesta),Solid (Jarang Dibanting),Normal,Turun 2 Hari Beruntun,TP: 190 | CL: 179,Normal,Tidak Ideal (< 1:1),Netral / Sideways,Netral / Sepi Berita,Normal / Sedang Transisi,Dekat Support Fibo 23.6%,3,WAIT & SEE,HOLD / NEUTRAL,0.5,MA20 di atas MA50 (Uptrend) | Harga di bawah VWAP Intraday,TIDAK ADA,2026-09-10 13:41:26,Biasa / Mengikuti Pasar
13:41,AMOR,Transaksi Sepi (Skip Broksum),Small Cap (Lapis 3),Overvalued (Mahal),9.73172,3.0657818,372.0,374.0,370.0,370.0,360,346,378,-0.5376344086021506,94700,Normal,64,Negatif,Uptrend,Bullish,Strong Bullish,Perfect Uptrend (5>20>50),Normal,Akumulasi (Naik),Normal,Dominan Jual (Guyur),Squeeze,Rendah,Normal,Area Tengah,< 1 Miliar,Persis di VWAP,Akumulasi Pro (Smart Money),Gorengan Sepi (< 5M),Sepi (< 50%),Mark-Up (Fase Pesta),Normal,Normal,Turun 2 Hari Beruntun,TP: 380 | CL: 363,Normal,Tidak Ideal (< 1:1),Death Cross (Awal Bearish),Netral / Sepi Berita,Supply Banjir (Distribusi) 🌊,Mendekati Fibo 23.6%,5,WAIT & SEE,BUY,2.0,MA20 di atas MA50 (Uptrend) | RSI Mendekati Jenuh Beli (64.0) | Volatilitas Bollinger Squeeze (Siap Meledak),TIDAK ADA,2026-09-10 13:41:26,Biasa / Mengikuti Pasar
13:41,TRIN,Token Mati (Perlu Update),Mid Cap (Lapis 2),Overvalued (Mahal),98.8345,3.1529791,398.0,428.0,396.0,418.0,348,292,438,6.091370558375635,47272200,Tembus MA20,65,Positif,Uptrend,Bullish,Strong Bullish,Perfect Uptrend (5>20>50),Normal,Akumulasi (Naik),Normal,Seimbang / Adu Mekanik,Normal,Tinggi,Normal,Rawan Pucuk (High Risk),> 1 Miliar,Di Atas VWAP (Kuat),Akumulasi Pro (Smart Money),Ritel Aktif (5M - 50M),Normal (50-150%),Mark-Up (Fase Pesta),Normal,Normal,Naik 2 Hari Beruntun,TP: 466 | CL: 385,Normal,Tidak Ideal (< 1:1),Netral / Sideways,Netral / Sepi Berita,Normal / Sedang Transisi,Mengambang (Jauh dari Fibo),7,BELI,BUY,2.4,MA20 di atas MA50 (Uptrend) | RSI Mendekati Jenuh Beli (65.0) | Harga di atas VWAP Intraday | Volume Lonjak 1.6x MA20,TIDAK ADA,2026-09-10 13:41:26,Biasa / Mengikuti Pasar
13:41,DMND,Transaksi Sepi (Skip Broksum),Mid Cap (Lapis 2),Undervalued (Murah),11.83375,0.8742302,610.0,620.0,610.0,615.0,619,590,635,0.819672131147541,29200,Normal,48,Positif,Downtrend,Bearish,Strong Bearish,Konsolidasi / Transisi,Normal,Distribusi (Turun),Normal,Seimbang / Adu Mekanik,Squeeze,Rendah,Normal,Area Tengah,< 1 Miliar,Persis di VWAP,Akumulasi Pro (Smart Money),Gorengan Sepi (< 5M),Normal (50-150%),Distribution (Fase Jualan),Normal,Normal,Naik 1 Hari Beruntun,TP: 644 | CL: 595,Open = Low (Bullish Kuat),Tidak Ideal (< 1:1),Netral / Sideways,Netral / Sepi Berita,Normal / Sedang Transisi,Dekat Support Fibo 38.2%,1,WAIT & SEE,BUY,2.5,MA20 di atas MA50 (Uptrend) | Volatilitas Bollinger Squeeze (Siap Meledak),TIDAK ADA,2026-09-10 13:41:26,Biasa / Mengikuti Pasar
13:41,PURA,Transaksi Sepi (Skip Broksum),Small Cap (Lapis 3),Fair Value (Wajar),24.187975,0.42370313,33.0,35.0,33.0,35.0,32,31,35,6.0606060606060606,14850400,Tembus MA20,67,Positif,Uptrend,Golden Cross,Strong Bullish,Perfect Uptrend (5>20>50),Akumulasi Kuat,Akumulasi (Naik),Normal,Dominan Beli (Hajar Kanan),Breakout Upper,Sedang,Marubozu (Strong Bullish),Rawan Pucuk (High Risk),< 1 Miliar,Di Atas VWAP (Kuat),Akumulasi Pro (Smart Money),Gorengan Sepi (< 5M),Anomali Tinggi (150-300%),Mark-Up (Fase Pesta),Normal,Normal,Naik 2 Hari Beruntun,TP: 36 | CL: 34,Open = Low (Bullish Kuat),Tidak Ideal (< 1:1),Overbought (Jenuh Beli - Rawan),Netral / Sepi Berita,Normal / Sedang Transisi,Mendekati Fibo 23.6%,9,BELI,BUY,2.4,MA20 di atas MA50 (Uptrend) | RSI Mendekati Jenuh Beli (67.0) | Harga di atas VWAP Intraday | Volume Lonjak 3.2x MA20,TIDAK ADA,2026-09-10 13:41:26,Biasa / Mengikuti Pasar
13:41,PTPW,Transaksi Sepi (Skip Broksum),Mid Cap (Lapis 2),Fair Value (Wajar),15.665033,1.5030642,1180.0,1190.0,1180.0,1180.0,1179,1150,1200,-0.42194092827004215,40600,Tembus MA20,52,Negatif,Uptrend,Bullish,Bearish MACD,Perfect Uptrend (5>20>50),Normal,Akumulasi (Naik),Normal,Dominan Jual (Guyur),Squeeze,Rendah,Doji (Ragu-ragu),Dekat Support (Low Risk),< 1 Miliar,Persis di VWAP,Distribusi Pro (Guyuran),Gorengan Sepi (< 5M),Normal (50-150%),Mark-Up (Fase Pesta),Spesialis Tiang Jemuran (Banting Pucuk),Normal,Turun 2 Hari Beruntun,TP: 1202 | CL: 1165,Normal,Tidak Ideal (< 1:1),Death Cross (Awal Bearish),Netral / Sepi Berita,Normal / Sedang Transisi,Mengambang (Jauh dari Fibo),5,WAIT & SEE,BUY,2.5,MA20 di atas MA50 (Uptrend) | Volatilitas Bollinger Squeeze (Siap Meledak),TIDAK ADA,2026-09-10 13:41:26,Biasa / Mengikuti Pasar
13:41,TAMA,Transaksi Sepi (Skip Broksum),Small Cap (Lapis 3),Fair Value (Wajar),0.0,-3.794993,195.0,196.0,195.0,196.0,230,188,290,-1.507537688442211,843000,Normal,41,Negatif,Downtrend,Bearish,Strong Bearish,Konsolidasi / Transisi,Normal,Distribusi (Turun),Gap Down (-2.0%),Dominan Beli (Hajar Kanan),Normal,Tinggi,Marubozu (Strong Bullish),Area Tengah,< 1 Miliar,Persis di VWAP,Distribusi Pro (Guyuran),Gorengan Sepi (< 5M),Sepi (< 50%),Distribution (Fase Jualan),Spesialis Tiang Jemuran (Banting Pucuk),Normal,Turun 1 Hari Beruntun,TP: 227 | CL: 175,Open = Low (Bullish Kuat),Sangat Menarik (> 1:3),Oversold (Jenuh Jual - Peluang),Netral / Sepi Berita,Normal / Sedang Transisi,Mendekati Fibo 61.8% (Golden Ratio),1,WAIT & SEE,BUY,2.0,MA20 di atas MA50 (Uptrend) | RSI Rebound Area Murah (41.0),TIDAK ADA,2026-09-10 13:41:26,Biasa / Mengikuti Pasar
13:41,IKAN,Token Mati (Perlu Update),Small Cap (Lapis 3),Overvalued (Mahal),47.44898,1.0438647,94.0,96.0,92.0,93.0,89,84,105,0.0,13266300,Normal,63,Negatif,Uptrend,Bullish,Strong Bullish,Perfect Uptrend (5>20>50),Normal,Akumulasi (Naik),Normal,Dominan Jual (Guyur),Normal,Sedang,Normal,Rawan Pucuk (High Risk),> 1 Miliar,Di Bawah VWAP (Lemah),Distribusi Pro (Guyuran),Gorengan Sepi (< 5M),Sepi (< 50%),Mark-Up (Fase Pesta),Spesialis Tiang Jemuran (Banting Pucuk),Normal,Sideways / Stagnan,TP: 100 | CL: 88,Normal,Menengah (1:1),Netral / Sideways,Netral / Sepi Berita,Supply Banjir (Distribusi) 🌊,Mendekati Fibo 38.2%,5,WAIT & SEE,HOLD / NEUTRAL,0.0,MA20 di atas MA50 (Uptrend) | RSI Mendekati Jenuh Beli (63.0) | Harga di bawah VWAP Intraday,TIDAK ADA,2026-09-10 13:41:26,Biasa / Mengikuti Pasar
13:41,SAMF,Transaksi Sepi (Skip Broksum),Mid Cap (Lapis 2),Fair Value (Wajar),12.182362,1.810749,320.0,328.0,320.0,326.0,298,274,340,0.0,106800,Normal,81,Negatif,Uptrend,Bullish,Strong Bullish,Perfect Uptrend (5>20>50),Normal,Akumulasi (Naik),Normal,Dominan Beli (Hajar Kanan),Normal,Tinggi,Normal,Rawan Pucuk (High Risk),< 1 Miliar,Di Atas VWAP (Kuat),Akumulasi Pro (Smart Money),Gorengan Sepi (< 5M),Sepi (< 50%),Mark-Up (Fase Pesta),Spesialis Tiang Jemuran (Banting Pucuk),Normal,Sideways / Stagnan,TP: 353 | CL: 307,Open = Low (Bullish Kuat),Tidak Ideal (< 1:1),Netral / Sideways,Netral / Sepi Berita,Normal / Sedang Transisi,Dekat Support Fibo 23.6%,6,WAIT & SEE,HOLD / NEUTRAL,0.5,MA20 di atas MA50 (Uptrend) | RSI Overbought Pucuk (81.0) | Harga di atas VWAP Intraday,TIDAK ADA,2026-09-10 13:41:26,Biasa / Mengikuti Pasar
13:41,KBAG,Transaksi Sepi (Skip Broksum),Small Cap (Lapis 3),Fair Value (Wajar),0.0,0.95326865,45.0,45.0,45.0,45.0,46,39,51,0.0,363500,Normal,50,Negatif,Downtrend,Bearish,Bearish MACD,Konsolidasi / Transisi,Normal,Distribusi (Turun),Normal,Tidak Ada Transaksi,Normal,Tinggi,Doji (Ragu-ragu),Rawan Pucuk (High Risk),< 1 Miliar,Persis di VWAP,Akumulasi Pro (Smart Money),Gorengan Sepi (< 5M),Sepi (< 50%),Distribution (Fase Jualan),Solid (Jarang Dibanting),Normal,Sideways / Stagnan,TP: 47 | CL: 43,Normal,Menengah (1:1),Netral / Sideways,Netral / Sepi Berita,Normal / Sedang Transisi,Dekat Support Fibo 38.2%,0,WAIT & SEE,BUY,1.5,MA20 di atas MA50 (Uptrend),TIDAK ADA,2026-09-10 13:41:26,Biasa / Mengikuti Pasar
13:41,RONY,Transaksi Sepi (Skip Broksum),Mid Cap (Lapis 2),Overvalued (Mahal),0.0,804.945,1520.0,1525.0,1460.0,1465.0,1313,1135,1975,-4.870129870129871,14500,Normal,60,Negatif,Uptrend,Bullish,Strong Bullish,Perfect Uptrend (5>20>50),Normal,Akumulasi (Naik),Normal,Dominan Jual (Guyur),Normal,Tinggi,Normal,Rawan Pucuk (High Risk),< 1 Miliar,Di Bawah VWAP (Lemah),Distribusi Pro (Guyuran),Gorengan Sepi (< 5M),Sepi (< 50%),Mark-Up (Fase Pesta),Spesialis Tiang Jemuran (Banting Pucuk),Normal,Turun 3 Hari Beruntun,TP: 1644 | CL: 1345,Normal,Ideal (1:2),Netral / Sideways,Netral / Sepi Berita,Normal / Sedang Transisi,Mendekati Fibo 50.0%,5,WAIT & SEE,HOLD / NEUTRAL,0.0,MA20 di atas MA50 (Uptrend) | RSI Mendekati Jenuh Beli (60.0) | Harga di bawah VWAP Intraday,TIDAK ADA,2026-09-10 13:41:26,Biasa / Mengikuti Pasar
13:41,CSMI,Token Mati (Perlu Update),Small Cap (Lapis 3),Overvalued (Mahal),0.0,49.987503,200.0,200.0,200.0,200.0,165,116,200,9.289617486338798,23544700,Normal,86,Positif,Uptrend,Bullish,Bearish MACD,Perfect Uptrend (5>20>50),Normal,Akumulasi (Naik),Gap Up (+9.3%),Tidak Ada Transaksi,Normal,Tinggi,Doji (Ragu-ragu),Rawan Pucuk (High Risk),> 1 Miliar,Persis di VWAP,Netral,Gorengan Sepi (< 5M),Ledakan Ekstrem (> 300%),Mark-Up (Fase Pesta),Spesialis Tiang Jemuran (Banting Pucuk),Normal,Naik 1 Hari Beruntun,TP: 212 | CL: 191,Normal,Tidak Ideal (< 1:1),Overbought (Jenuh Beli - Rawan),Netral / Sepi Berita,Normal / Sedang Transisi,Mengambang (Jauh dari Fibo),6,WAIT & SEE,HOLD / NEUTRAL,-0.5,MA20 di atas MA50 (Uptrend) | RSI Overbought Pucuk (86.0),TIDAK ADA,2026-09-10 13:41:26,⚠️ Anomali (Sudah Terbang)
13:41,BBSS,Transaksi Sepi (Skip Broksum),Small Cap (Lapis 3),Fair Value (Wajar),0.0,1.8772366,96.0,97.0,93.0,96.0,101,89,117,0.0,3183400,Normal,41,Negatif,Downtrend,Bearish,Strong Bearish,Konsolidasi / Transisi,Normal,Distribusi (Turun),Normal,Dominan Beli (Hajar Kanan),Bottom Rebound,Sedang,Doji (Ragu-ragu),Area Tengah,< 1 Miliar,Di Bawah VWAP (Lemah),Distribusi Pro (Guyuran),Gorengan Sepi (< 5M),Sepi (< 50%),Distribution (Fase Jualan),Spesialis Tiang Jemuran (Banting Pucuk),Jarum Bawah (Sinyal Pantulan Kuat),Sideways / Stagnan,TP: 106 | CL: 89,Normal,Sangat Menarik (> 1:3),Golden Cross (Awal Bullish),Netral / Sepi Berita,Normal / Sedang Transisi,Mendekati Fibo 78.6%,1,WAIT & SEE,HOLD / NEUTRAL,1.0,MA20 di atas MA50 (Uptrend) | RSI Rebound Area Murah (41.0) | Harga di bawah VWAP Intraday,TIDAK ADA,2026-09-10 13:41:26,Biasa / Mengikuti Pasar
13:41,CASH,Transaksi Sepi (Skip Broksum),Small Cap (Lapis 3),Overvalued (Mahal),0.0,8.095118,226.0,234.0,224.0,224.0,226,195,262,-0.8849557522123894,837500,Normal,49,Negatif,Downtrend,Death Cross,Bearish MACD,Konsolidasi / Transisi,Normal,Akumulasi (Naik),Normal,Dominan Jual (Guyur),Normal,Tinggi,Normal,Rawan Pucuk (High Risk),< 1 Miliar,Persis di VWAP,Akumulasi Pro (Smart Money),Gorengan Sepi (< 5M),Sepi (< 50%),Distribution (Fase Jualan),Spesialis Tiang Jemuran (Banting Pucuk),Normal,Turun 2 Hari Beruntun,TP: 251 | CL: 206,Normal,Menengah (1:1),Netral / Sideways,Netral / Sepi Berita,Normal / Sedang Transisi,Dekat Support Fibo 38.2%,1,WAIT & SEE,BUY,1.5,MA20 di atas MA50 (Uptrend),TIDAK ADA,2026-09-10 13:41:26,Biasa / Mengikuti Pasar
13:41,EPAC,Token Mati (Perlu Update),Small Cap (Lapis 3),Fair Value (Wajar),0.0,2.633683,58.0,58.0,56.0,57.0,56,51,66,-1.7241379310344827,18919600,Normal,47,Negatif,Uptrend,Bearish,Bullish MACD,Strong Downtrend (5<20<50),Normal,Akumulasi (Naik),Normal,Seimbang / Adu Mekanik,Normal,Tinggi,Normal,Rawan Pucuk (High Risk),> 1 Miliar,Di Atas VWAP (Kuat),Akumulasi Pro (Smart Money),Gorengan Sepi (< 5M),Sepi (< 50%),Accumulation (Kumpul Barang),Spesialis Tiang Jemuran (Banting Pucuk),Normal,Turun 1 Hari Beruntun,TP: 62 | CL: 53,Open = High (Tekanan Jual),Ideal (1:2),Netral / Sideways,Netral / Sepi Berita,Normal / Sedang Transisi,Mengambang (Jauh dari Fibo),3,WAIT & SEE,HOLD / NEUTRAL,-0.5,MA20 di bawah MA50 (Downtrend) | Harga di atas VWAP Intraday,TIDAK ADA,2026-09-10 13:41:26,Biasa / Mengikuti Pasar
13:41,UANG,Token Mati (Perlu Update),Mid Cap (Lapis 2),Overvalued (Mahal),72.687225,15.981047,4250.0,4410.0,4050.0,4300.0,2928,2340,4690,-0.9216589861751152,853500,Normal,86,Negatif,Uptrend,Bullish,Strong Bullish,Perfect Uptrend (5>20>50),Normal,Akumulasi (Naik),Gap Down (-2.1%),Seimbang / Adu Mekanik,Normal,Tinggi,Normal,Rawan Pucuk (High Risk),> 1 Miliar,Di Atas VWAP (Kuat),Akumulasi Pro (Smart Money),Ritel Aktif (5M - 50M),Sepi (< 50%),Mark-Up (Fase Pesta),Normal,Jarum Bawah (Sinyal Pantulan Kuat),Turun 1 Hari Beruntun,TP: 4819 | CL: 3953,Normal,Tidak Ideal (< 1:1),Overbought (Jenuh Beli - Rawan),Netral / Sepi Berita,Normal / Sedang Transisi,Mengambang (Jauh dari Fibo),5,WAIT & SEE,HOLD / NEUTRAL,0.5,MA20 di atas MA50 (Uptrend) | RSI Overbought Pucuk (86.0) | Harga di atas VWAP Intraday,TIDAK ADA,2026-09-10 13:41:26,Biasa / Mengikuti Pasar
13:41,PGUN,Token Mati (Perlu Update),Big Cap (Lapis 1),Overvalued (Mahal),483.43884,29.617228,9700.0,10125.0,9550.0,9875.0,9362,7450,10675,1.804123711340206,281400,Tembus MA20,64,Positif,Uptrend,Bullish,Bearish MACD,Perfect Uptrend (5>20>50),Normal,Akumulasi (Naik),Normal,Seimbang / Adu Mekanik,Normal,Tinggi,Normal,Rawan Pucuk (High Risk),> 1 Miliar,Persis di VWAP,Akumulasi Pro (Smart Money),Gorengan Sepi (< 5M),Ledakan Ekstrem (> 300%),Mark-Up (Fase Pesta),Spesialis Tiang Jemuran (Banting Pucuk),Normal,Naik 1 Hari Beruntun,TP: 10646 | CL: 9360,Normal,Tidak Ideal (< 1:1),Netral / Sideways,Netral / Sepi Berita,Normal / Sedang Transisi,Dekat Support Fibo 23.6%,6,WAIT & SEE,HOLD / NEUTRAL,1.2,MA20 di atas MA50 (Uptrend) | RSI Mendekati Jenuh Beli (64.0) | Volume Lonjak 1.7x MA20,TIDAK ADA,2026-09-10 13:41:26,Biasa / Mengikuti Pasar
13:41,SOFA,Transaksi Sepi (Skip Broksum),Small Cap (Lapis 3),Overvalued (Mahal),0.0,14.184397,350.0,370.0,328.0,336.0,325,244,398,-1.7543859649122806,2248900,Normal,57,Negatif,Uptrend,Bullish,Bearish MACD,Perfect Uptrend (5>20>50),Normal,Akumulasi (Naik),Gap Up (+2.3%),Dominan Jual (Guyur),Normal,Tinggi,Normal,Rawan Pucuk (High Risk),< 1 Miliar,Di Atas VWAP (Kuat),Akumulasi Pro (Smart Money),Gorengan Sepi (< 5M),Sepi (< 50%),Mark-Up (Fase Pesta),Normal,Normal,Turun 1 Hari Beruntun,TP: 390 | CL: 299,Normal,Tidak Ideal (< 1:1),Netral / Sideways,Netral / Sepi Berita,Normal / Sedang Transisi,Mendekati Fibo 38.2%,5,WAIT & SEE,BUY,2.0,MA20 di atas MA50 (Uptrend) | RSI Mendekati Jenuh Beli (57.0) | Harga di atas VWAP Intraday,TIDAK ADA,2026-09-10 13:41:26,Biasa / Mengikuti Pasar
13:41,SGER,Token Mati (Perlu Update),Big Cap (Lapis 1),Overvalued (Mahal),48.245617,4.5544014,680.0,720.0,675.0,720.0,580,464,720,5.88235294117647,75991000,Tembus MA20,79,Positif,Uptrend,Bullish,Strong Bullish,Perfect Uptrend (5>20>50),Normal,Akumulasi (Naik),Normal,Dominan Beli (Hajar Kanan),Normal,Tinggi,Marubozu (Strong Bullish),Rawan Pucuk (High Risk),> 1 Miliar,Di Atas VWAP (Kuat),Akumulasi Pro (Smart Money),Ritel Aktif (5M - 50M),Normal (50-150%),Mark-Up (Fase Pesta),Normal,Normal,Naik 2 Hari Beruntun,TP: 790 | CL: 672,Normal,Tidak Ideal (< 1:1),Overbought (Jenuh Beli - Rawan),Netral / Sepi Berita,Normal / Sedang Transisi,Mengambang (Jauh dari Fibo),8,BELI,HOLD / NEUTRAL,0.5,MA20 di atas MA50 (Uptrend) | RSI Overbought Pucuk (79.0) | Harga di atas VWAP Intraday,TIDAK ADA,2026-09-10 13:41:26,Biasa / Mengikuti Pasar
13:41,TRJA,Transaksi Sepi (Skip Broksum),Small Cap (Lapis 3),Undervalued (Murah),4.0463147,0.50454086,131.0,131.0,128.0,130.0,125,108,146,0.0,109800,Normal,69,Negatif,Uptrend,Bullish,Strong Bullish,Perfect Uptrend (5>20>50),Normal,Distribusi (Turun),Normal,Seimbang / Adu Mekanik,Normal,Tinggi,Normal,Rawan Pucuk (High Risk),< 1 Miliar,Persis di VWAP,Akumulasi Pro (Smart Money),Gorengan Sepi (< 5M),Sepi (< 50%),Mark-Up (Fase Pesta),Spesialis Tiang Jemuran (Banting Pucuk),Normal,Sideways / Stagnan,TP: 140 | CL: 123,Open = High (Tekanan Jual),Tidak Ideal (< 1:1),Netral / Sideways,Netral / Sepi Berita,Normal / Sedang Transisi,Dekat Support Fibo 38.2%,4,WAIT & SEE,HOLD / NEUTRAL,1.0,MA20 di atas MA50 (Uptrend) | RSI Mendekati Jenuh Beli (69.0),TIDAK ADA,2026-09-10 13:41:26,Biasa / Mengikuti Pasar
13:41,PNGO,Transaksi Sepi (Skip Broksum),Mid Cap (Lapis 2),Fair Value (Wajar),8.489005,2.2197146,3590.0,3590.0,3590.0,3590.0,3519,3450,3590,0.0,600,Normal,67,Negatif,Uptrend,Bullish,Strong Bullish,Perfect Uptrend (5>20>50),Normal,Akumulasi (Naik),Normal,Tidak Ada Transaksi,Squeeze,Rendah,Doji (Ragu-ragu),Area Tengah,< 1 Miliar,Di Atas VWAP (Kuat),Akumulasi Pro (Smart Money),Gorengan Sepi (< 5M),Sepi (< 50%),Mark-Up (Fase Pesta),Normal,Normal,Sideways / Stagnan,TP: 3620 | CL: 3570,Normal,Tidak Ideal (< 1:1),Overbought (Jenuh Beli - Rawan),Netral / Sepi Berita,Supply Kering (Siap Pump) 🏜️,Golden Rebound Fibo 23.6% 🎯,5,WAIT & SEE,STRONG BUY,3.0,MA20 di atas MA50 (Uptrend) | RSI Mendekati Jenuh Beli (67.0) | Harga di atas VWAP Intraday | Volatilitas Bollinger Squeeze (Siap Meledak),TIDAK ADA,2026-09-10 13:41:26,Biasa / Mengikuti Pasar
13:41,SCNP,Transaksi Sepi (Skip Broksum),Small Cap (Lapis 3),Fair Value (Wajar),0.0,1.0276477,156.0,161.0,156.0,156.0,152,138,161,0.0,165400,Normal,56,Negatif,Uptrend,Bullish,Strong Bullish,Awal Reversal (5>20),Normal,Distribusi (Turun),Normal,Dominan Jual (Guyur),Normal,Sedang,Doji (Ragu-ragu),Rawan Pucuk (High Risk),< 1 Miliar,Persis di VWAP,Distribusi Pro (Guyuran),Gorengan Sepi (< 5M),Normal (50-150%),Accumulation (Kumpul Barang),Spesialis Tiang Jemuran (Banting Pucuk),Normal,Sideways / Stagnan,TP: 163 | CL: 151,Normal,Tidak Ideal (< 1:1),Death Cross (Awal Bearish),Netral / Sepi Berita,Normal / Sedang Transisi,Mengambang (Jauh dari Fibo),4,WAIT & SEE,SELL,-2.0,MA20 di bawah MA50 (Downtrend) | RSI Mendekati Jenuh Beli (56.0),TIDAK ADA,2026-09-10 13:41:26,Biasa / Mengikuti Pasar
13:41,BBSI,Transaksi Sepi (Skip Broksum),Big Cap (Lapis 1),Overvalued (Mahal),95.841995,4.751392,4610.0,4610.0,4610.0,4610.0,4664,4600,4700,-1.284796573875803,100,Normal,38,Negatif,Downtrend,Death Cross,Strong Bearish,Strong Downtrend (5<20<50),Normal,Akumulasi (Naik),Normal,Tidak Ada Transaksi,Squeeze,Rendah,Doji (Ragu-ragu),Dekat Support (Low Risk),< 1 Miliar,Di Bawah VWAP (Lemah),Akumulasi Pro (Smart Money),Gorengan Sepi (< 5M),Sepi (< 50%),Mark-Down (Fase Runtuh),Normal,Normal,Turun 1 Hari Beruntun,TP: 4668 | CL: 4570,Normal,Sangat Menarik (> 1:3),Netral / Sideways,Netral / Sepi Berita,Normal / Sedang Transisi,Dekat Support Fibo 38.2%,1,WAIT & SEE,HOLD / NEUTRAL,-1.0,MA20 di bawah MA50 (Downtrend) | RSI Rebound Area Murah (38.0) | Harga di bawah VWAP Intraday | Volatilitas Bollinger Squeeze (Siap Meledak),TIDAK ADA,2026-09-10 13:41:26,Biasa / Mengikuti Pasar
13:41,KMDS,Transaksi Sepi (Skip Broksum),Small Cap (Lapis 3),Fair Value (Wajar),5.703568,1.5398556,515.0,525.0,515.0,520.0,523,500,540,0.9708737864077669,93800,Normal,46,Positif,Downtrend,Bearish,Strong Bearish,Strong Downtrend (5<20<50),Normal,Distribusi (Turun),Normal,Seimbang / Adu Mekanik,Squeeze,Rendah,Normal,Area Tengah,< 1 Miliar,Persis di VWAP,Distribusi Pro (Guyuran),Gorengan Sepi (< 5M),Sepi (< 50%),Mark-Down (Fase Runtuh),Solid (Jarang Dibanting),Normal,Naik 1 Hari Beruntun,TP: 540 | CL: 506,Open = Low (Bullish Kuat),Menengah (1:1),Netral / Sideways,Netral / Sepi Berita,Normal / Sedang Transisi,Dekat Support Fibo 78.6%,1,WAIT & SEE,HOLD / NEUTRAL,-0.5,MA20 di bawah MA50 (Downtrend) | Volatilitas Bollinger Squeeze (Siap Meledak),TIDAK ADA,2026-09-10 13:41:26,Biasa / Mengikuti Pasar
13:41,PURI,Transaksi Sepi (Skip Broksum),Small Cap (Lapis 3),Overvalued (Mahal),29.19038,1.7658035,156.0,161.0,154.0,158.0,148,134,166,1.282051282051282,3836200,Normal,66,Positif,Uptrend,Bullish,Strong Bullish,Perfect Uptrend (5>20>50),Normal,Akumulasi (Naik),Normal,Seimbang / Adu Mekanik,Normal,Tinggi,Normal,Rawan Pucuk (High Risk),< 1 Miliar,Di Atas VWAP (Kuat),Akumulasi Pro (Smart Money),Gorengan Sepi (< 5M),Normal (50-150%),Mark-Up (Fase Pesta),Normal,Normal,Naik 4 Hari Beruntun,TP: 171 | CL: 148,Normal,Tidak Ideal (< 1:1),Netral / Sideways,Netral / Sepi Berita,Normal / Sedang Transisi,Mendekati Fibo 38.2%,6,WAIT & SEE,BUY,2.0,MA20 di atas MA50 (Uptrend) | RSI Mendekati Jenuh Beli (66.0) | Harga di atas VWAP Intraday,TIDAK ADA,2026-09-10 13:41:26,Biasa / Mengikuti Pasar
13:41,SOHO,Transaksi Sepi (Skip Broksum),Big Cap (Lapis 1),Overvalued (Mahal),31.501215,8.712423,1780.0,1780.0,1625.0,1700.0,1294,1100,2000,-5.2924791086350975,232900,Normal,78,Negatif,Uptrend,Bullish,Strong Bullish,Perfect Uptrend (5>20>50),Normal,Akumulasi (Naik),Normal,Seimbang / Adu Mekanik,Normal,Tinggi,Normal,Rawan Pucuk (High Risk),< 1 Miliar,Persis di VWAP,Akumulasi Pro (Smart Money),Gorengan Sepi (< 5M),Sepi (< 50%),Mark-Up (Fase Pesta),Spesialis Tiang Jemuran (Banting Pucuk),Normal,Turun 2 Hari Beruntun,TP: 1851 | CL: 1598,Open = High (Tekanan Jual),Tidak Ideal (< 1:1),Death Cross (Awal Bearish),Netral / Sepi Berita,Supply Banjir (Distribusi) 🌊,Mendekati Fibo 38.2%,5,WAIT & SEE,HOLD / NEUTRAL,-0.5,MA20 di atas MA50 (Uptrend) | RSI Overbought Pucuk (78.0),TIDAK ADA,2026-09-10 13:41:26,Biasa / Mengikuti Pasar
13:41,ROCK,Transaksi Sepi (Skip Broksum),Mid Cap (Lapis 2),Overvalued (Mahal),97.58408,3.535892,2080.0,2090.0,2050.0,2060.0,2091,1925,2490,-0.4830917874396135,8000,Normal,53,Negatif,Downtrend,Bearish,Bearish MACD,Konsolidasi / Transisi,Normal,Akumulasi (Naik),Normal,Dominan Jual (Guyur),Normal,Sedang,Normal,Area Tengah,< 1 Miliar,Di Bawah VWAP (Lemah),Distribusi Pro (Guyuran),Gorengan Sepi (< 5M),Sepi (< 50%),Distribution (Fase Jualan),Spesialis Tiang Jemuran (Banting Pucuk),Normal,Turun 2 Hari Beruntun,TP: 2286 | CL: 1908,Normal,Sangat Menarik (> 1:3),Netral / Sideways,Netral / Sepi Berita,Supply Kering (Siap Pump) 🏜️,Golden Rebound Fibo 38.2% 🎯,2,WAIT & SEE,HOLD / NEUTRAL,0.5,MA20 di atas MA50 (Uptrend) | Harga di bawah VWAP Intraday,TIDAK ADA,2026-09-10 13:41:26,Biasa / Mengikuti Pasar
13:41,ENZO,Transaksi Sepi (Skip Broksum),Small Cap (Lapis 3),Fair Value (Wajar),15.475464,0.93795896,74.0,77.0,74.0,75.0,73,65,81,1.3513513513513513,7660000,Normal,53,Positif,Uptrend,Bullish,Bearish MACD,Perfect Uptrend (5>20>50),Normal,Distribusi (Turun),Normal,Seimbang / Adu Mekanik,Normal,Tinggi,Normal,Rawan Pucuk (High Risk),< 1 Miliar,Persis di VWAP,Distribusi Pro (Guyuran),Gorengan Sepi (< 5M),Sepi (< 50%),Mark-Up (Fase Pesta),Spesialis Tiang Jemuran (Banting Pucuk),Normal,Naik 1 Hari Beruntun,TP: 82 | CL: 70,Open = Low (Bullish Kuat),Tidak Ideal (< 1:1),Netral / Sideways,Netral / Sepi Berita,Normal / Sedang Transisi,Mendekati Fibo 61.8% (Golden Ratio),4,WAIT & SEE,BUY,1.5,MA20 di atas MA50 (Uptrend),TIDAK ADA,2026-09-10 13:41:26,Biasa / Mengikuti Pasar
13:41,PLAN,Token Mati (Perlu Update),Small Cap (Lapis 3),Fair Value (Wajar),0.0,1.2258449,88.0,88.0,72.0,72.0,49,36,88,-10.0,52897000,Tembus MA20,78,Negatif,Uptrend,Bullish,Strong Bullish,Perfect Uptrend (5>20>50),Distribusi Kuat,Akumulasi (Naik),Gap Up (+10.0%),Dominan Jual (Guyur),Normal,Tinggi,Normal,Rawan Pucuk (High Risk),> 1 Miliar,Di Atas VWAP (Kuat),Akumulasi Pro (Smart Money),Gorengan Sepi (< 5M),Anomali Tinggi (150-300%),Mark-Up (Fase Pesta),Normal,Normal,Turun 1 Hari Beruntun,TP: 80 | CL: 66,Open = High (Tekanan Jual),Tidak Ideal (< 1:1),Death Cross (Awal Bearish),Netral / Sepi Berita,Supply Banjir (Distribusi) 🌊,Mengambang (Jauh dari Fibo),7,BELI,HOLD / NEUTRAL,0.6,MA20 di atas MA50 (Uptrend) | RSI Overbought Pucuk (78.0) | Harga di atas VWAP Intraday | Volume Lonjak 4.5x MA20,TIDAK ADA,2026-09-10 13:41:26,🔥 ANOMALI BANDAR (Siap Ledakan)
13:41,ATAP,Transaksi Sepi (Skip Broksum),Small Cap (Lapis 3),Overvalued (Mahal),174.04579,9.18851,570.0,580.0,565.0,570.0,575,515,660,1.7857142857142856,896000,Normal,52,Positif,Downtrend,Bearish,Bearish MACD,Konsolidasi / Transisi,Normal,Akumulasi (Naik),Normal,Seimbang / Adu Mekanik,Normal,Tinggi,Doji (Ragu-ragu),Rawan Pucuk (High Risk),< 1 Miliar,Di Atas VWAP (Kuat),Akumulasi Pro (Smart Money),Gorengan Sepi (< 5M),Normal (50-150%),Distribution (Fase Jualan),Normal,Normal,Naik 1 Hari Beruntun,TP: 622 | CL: 535,Normal,Ideal (1:2),Golden Cross (Awal Bullish),Netral / Sepi Berita,Normal / Sedang Transisi,Mengambang (Jauh dari Fibo),3,WAIT & SEE,BUY,2.5,MA20 di atas MA50 (Uptrend) | Harga di atas VWAP Intraday,TIDAK ADA,2026-09-10 13:41:26,Biasa / Mengikuti Pasar
13:41,VICI,Token Mati (Perlu Update),Mid Cap (Lapis 2),Overvalued (Mahal),77.230354,7.1252193,1055.0,1190.0,1005.0,1135.0,793,585,1190,8.095238095238095,11123200,Tembus MA20,85,Positif,Uptrend,Bullish,Strong Bullish,Perfect Uptrend (5>20>50),Normal,Akumulasi (Naik),Normal,Dominan Beli (Hajar Kanan),Breakout Upper,Tinggi,Normal,Rawan Pucuk (High Risk),> 1 Miliar,Di Atas VWAP (Kuat),Akumulasi Pro (Smart Money),Ritel Aktif (5M - 50M),Normal (50-150%),Mark-Up (Fase Pesta),Normal,Normal,Naik 2 Hari Beruntun,TP: 1268 | CL: 1046,Normal,Tidak Ideal (< 1:1),Overbought (Jenuh Beli - Rawan),Netral / Sepi Berita,Normal / Sedang Transisi,Mengambang (Jauh dari Fibo),8,BELI,HOLD / NEUTRAL,0.5,MA20 di atas MA50 (Uptrend) | RSI Overbought Pucuk (85.0) | Harga di atas VWAP Intraday,TIDAK ADA,2026-09-10 13:41:26,Biasa / Mengikuti Pasar
13:41,BANK,Transaksi Sepi (Skip Broksum),Mid Cap (Lapis 2),Overvalued (Mahal),47.5,1.1328839,266.0,268.0,264.0,266.0,271,264,338,-0.7462686567164178,832000,Normal,42,Negatif,Downtrend,Bearish,Strong Bearish,Strong Downtrend (5<20<50),Normal,Distribusi (Turun),Normal,Seimbang / Adu Mekanik,Squeeze,Rendah,Doji (Ragu-ragu),Dekat Support (Low Risk),< 1 Miliar,Di Bawah VWAP (Lemah),Distribusi Pro (Guyuran),Gorengan Sepi (< 5M),Sepi (< 50%),Mark-Down (Fase Runtuh),Normal,Normal,Turun 1 Hari Beruntun,TP: 283 | CL: 254,Normal,Sangat Menarik (> 1:3),Oversold (Jenuh Jual - Peluang),Netral / Sepi Berita,Normal / Sedang Transisi,Golden Rebound Fibo 78.6% 🎯,0,WAIT & SEE,HOLD / NEUTRAL,-1.0,MA20 di bawah MA50 (Downtrend) | RSI Rebound Area Murah (42.0) | Harga di bawah VWAP Intraday | Volatilitas Bollinger Squeeze (Siap Meledak),TIDAK ADA,2026-09-10 13:41:26,Biasa / Mengikuti Pasar
13:41,WMUU,Transaksi Sepi (Skip Broksum),Small Cap (Lapis 3),Fair Value (Wajar),0.0,0.8526603,50.0,50.0,50.0,50.0,51,50,58,0.0,1604500,Normal,40,Negatif,Downtrend,Bearish,Strong Bearish,Strong Downtrend (5<20<50),Normal,Netral,Normal,Tidak Ada Transaksi,Normal,Tinggi,Doji (Ragu-ragu),Dekat Support (Low Risk),< 1 Miliar,Persis di VWAP,Netral,Gorengan Sepi (< 5M),Sepi (< 50%),Mark-Down (Fase Runtuh),Normal,Normal,Sideways / Stagnan,TP: 50 | CL: 49,Normal,Di Area Support,Oversold (Jenuh Jual - Peluang),Netral / Sepi Berita,Normal / Sedang Transisi,Golden Rebound Fibo Bottom / 100% 🎯,0,WAIT & SEE,HOLD / NEUTRAL,-1.0,MA20 di bawah MA50 (Downtrend) | RSI Rebound Area Murah (40.0),TIDAK ADA,2026-09-10 13:41:26,Biasa / Mengikuti Pasar
13:41,UNIQ,Transaksi Sepi (Skip Broksum),Small Cap (Lapis 3),Undervalued (Murah),14.4353895,0.80804396,123.0,125.0,123.0,125.0,119,111,133,1.6260162601626018,803400,Normal,70,Positif,Uptrend,Bullish,Strong Bullish,Perfect Uptrend (5>20>50),Normal,Distribusi (Turun),Normal,Dominan Beli (Hajar Kanan),Normal,Sedang,Marubozu (Strong Bullish),Rawan Pucuk (High Risk),< 1 Miliar,Di Atas VWAP (Kuat),Distribusi Pro (Guyuran),Gorengan Sepi (< 5M),Sepi (< 50%),Mark-Up (Fase Pesta),Spesialis Tiang Jemuran (Banting Pucuk),Normal,Naik 1 Hari Beruntun,TP: 132 | CL: 120,Open = Low (Bullish Kuat),Tidak Ideal (< 1:1),Netral / Sideways,Netral / Sepi Berita,Normal / Sedang Transisi,Dekat Support Fibo 23.6%,6,WAIT & SEE,BUY,2.0,MA20 di atas MA50 (Uptrend) | RSI Mendekati Jenuh Beli (70.0) | Harga di atas VWAP Intraday,TIDAK ADA,2026-09-10 13:41:26,Biasa / Mengikuti Pasar
13:41,SNLK,Token Mati (Perlu Update),Small Cap (Lapis 3),Fair Value (Wajar),0.0,0.6427615,230.0,234.0,226.0,228.0,229,222,246,-0.8695652173913043,8018100,Normal,49,Negatif,Downtrend,Bullish,Strong Bullish,Perfect Uptrend (5>20>50),Normal,Akumulasi (Naik),Normal,Dominan Jual (Guyur),Squeeze,Rendah,Normal,Dekat Support (Low Risk),> 1 Miliar,Di Bawah VWAP (Lemah),Akumulasi Pro (Smart Money),Gorengan Sepi (< 5M),Normal (50-150%),Distribution (Fase Jualan),Normal,Normal,Turun 2 Hari Beruntun,TP: 242 | CL: 218,Normal,Sangat Menarik (> 1:3),Netral / Sideways,Netral / Sepi Berita,Normal / Sedang Transisi,Dekat Support Fibo 61.8% (Golden Ratio),3,WAIT & SEE,BUY,1.5,MA20 di atas MA50 (Uptrend) | Harga di bawah VWAP Intraday | Volatilitas Bollinger Squeeze (Siap Meledak),TIDAK ADA,2026-09-10 13:41:26,Biasa / Mengikuti Pasar
13:41,ZYRX,Transaksi Sepi (Skip Broksum),Small Cap (Lapis 3),Undervalued (Murah),2.4769585,0.5544095,129.0,131.0,128.0,129.0,130,124,140,0.0,136600,Normal,50,Negatif,Downtrend,Death Cross,Bearish MACD,Konsolidasi / Transisi,Normal,Akumulasi (Naik),Normal,Seimbang / Adu Mekanik,Squeeze,Rendah,Doji (Ragu-ragu),Area Tengah,< 1 Miliar,Di Bawah VWAP (Lemah),Distribusi Pro (Guyuran),Gorengan Sepi (< 5M),Sepi (< 50%),Distribution (Fase Jualan),Normal,Normal,Sideways / Stagnan,TP: 138 | CL: 122,Normal,Ideal (1:2),Netral / Sideways,Netral / Sepi Berita,Normal / Sedang Transisi,Dekat Support Fibo 50.0%,1,WAIT & SEE,BUY,1.5,MA20 di atas MA50 (Uptrend) | Harga di bawah VWAP Intraday | Volatilitas Bollinger Squeeze (Siap Meledak),TIDAK ADA,2026-09-10 13:41:26,Biasa / Mengikuti Pasar
13:41,LFLO,Transaksi Sepi (Skip Broksum),Small Cap (Lapis 3),Overvalued (Mahal),0.0,7.6016445,510.0,525.0,505.0,525.0,517,480,555,0.0,2800,Normal,54,Negatif,Uptrend,Bullish,Strong Bullish,Perfect Uptrend (5>20>50),Normal,Distribusi (Turun),Gap Down (-2.9%),Dominan Beli (Hajar Kanan),Squeeze,Rendah,Normal,Area Tengah,< 1 Miliar,Di Atas VWAP (Kuat),Akumulasi Pro (Smart Money),Gorengan Sepi (< 5M),Sepi (< 50%),Mark-Up (Fase Pesta),Normal,Normal,Sideways / Stagnan,TP: 573 | CL: 492,Normal,Tidak Ideal (< 1:1),Death Cross (Awal Bearish),Netral / Sepi Berita,Normal / Sedang Transisi,Mengambang (Jauh dari Fibo),5,WAIT & SEE,STRONG BUY,3.5,MA20 di atas MA50 (Uptrend) | Harga di atas VWAP Intraday | Volatilitas Bollinger Squeeze (Siap Meledak),TIDAK ADA,2026-09-10 13:41:26,Biasa / Mengikuti Pasar
13:41,TAPG,Token Mati (Perlu Update),Big Cap (Lapis 1),Overvalued (Mahal),11.367534,4.025458,2460.0,2470.0,2320.0,2330.0,2081,1715,2480,-4.8979591836734695,7505800,Normal,68,Negatif,Uptrend,Bullish,Strong Bullish,Perfect Uptrend (5>20>50),Normal,Akumulasi (Naik),Normal,Dominan Jual (Guyur),Normal,Tinggi,Normal,Rawan Pucuk (High Risk),> 1 Miliar,Persis di VWAP,Akumulasi Pro (Smart Money),Sultan (> 50M/hari),Sepi (< 50%),Mark-Up (Fase Pesta),Normal,Normal,Turun 1 Hari Beruntun,TP: 2493 | CL: 2220,Normal,Tidak Ideal (< 1:1),Death Cross (Awal Bearish),Netral / Sepi Berita,Normal / Sedang Transisi,Mengambang (Jauh dari Fibo),5,WAIT & SEE,HOLD / NEUTRAL,1.0,MA20 di atas MA50 (Uptrend) | RSI Mendekati Jenuh Beli (68.0),TIDAK ADA,2026-09-10 13:41:26,Biasa / Mengikuti Pasar
13:41,NPGF,Transaksi Sepi (Skip Broksum),Small Cap (Lapis 3),Overvalued (Mahal),2900.0,0.77938133,58.0,59.0,57.0,58.0,58,55,70,0.0,1141900,Normal,48,Negatif,Downtrend,Bearish,Strong Bearish,Konsolidasi / Transisi,Normal,Netral,Normal,Seimbang / Adu Mekanik,Normal,Sedang,Doji (Ragu-ragu),Area Tengah,< 1 Miliar,Persis di VWAP,Distribusi Pro (Guyuran),Gorengan Sepi (< 5M),Sepi (< 50%),Distribution (Fase Jualan),Spesialis Tiang Jemuran (Banting Pucuk),Normal,Sideways / Stagnan,TP: 61 | CL: 55,Normal,Sangat Menarik (> 1:3),Netral / Sideways,Netral / Sepi Berita,Normal / Sedang Transisi,Mendekati Fibo 78.6%,0,WAIT & SEE,SELL,-1.5,MA20 di bawah MA50 (Downtrend),TIDAK ADA,2026-09-10 13:41:26,Biasa / Mengikuti Pasar
13:41,LUCY,Token Mati (Perlu Update),Small Cap (Lapis 3),Overvalued (Mahal),0.0,37.839695,390.0,474.0,390.0,440.0,387,270,640,1.8518518518518516,644349300,Tembus MA20,53,Positif,Uptrend,Bullish,Strong Bullish,Perfect Uptrend (5>20>50),Akumulasi Kuat,Akumulasi (Naik),Gap Down (-9.7%),Seimbang / Adu Mekanik,Normal,Tinggi,Normal,Rawan Pucuk (High Risk),> 1 Miliar,Di Bawah VWAP (Lemah),Akumulasi Pro (Smart Money),Sultan (> 50M/hari),Ledakan Ekstrem (> 300%),Mark-Up (Fase Pesta),Normal,Normal,Naik 1 Hari Beruntun,TP: 515 | CL: 389,Open = Low (Bullish Kuat),Menengah (1:1),Netral / Sideways,Netral / Sepi Berita,Normal / Sedang Transisi,Mengambang (Jauh dari Fibo),8,BELI,HOLD / NEUTRAL,0.6,MA20 di atas MA50 (Uptrend) | Harga di bawah VWAP Intraday | Volume Lonjak 6.3x MA20,TIDAK ADA,2026-09-10 13:41:26,🔥 ANOMALI BANDAR (Siap Ledakan)
13:41,HOPE,Token Mati (Perlu Update),Small Cap (Lapis 3),Overvalued (Mahal),0.0,8.366892,218.0,222.0,212.0,214.0,246,212,290,-0.9259259259259258,6307100,Normal,45,Negatif,Downtrend,Bearish,Bearish MACD,Konsolidasi / Transisi,Normal,Distribusi (Turun),Normal,Dominan Jual (Guyur),Normal,Tinggi,Normal,Dekat Support (Low Risk),> 1 Miliar,Di Bawah VWAP (Lemah),Distribusi Pro (Guyuran),Ritel Aktif (5M - 50M),Sepi (< 50%),Distribution (Fase Jualan),Normal,Normal,Turun 5 Hari Beruntun,TP: 258 | CL: 184,Normal,Sangat Menarik (> 1:3),Oversold (Jenuh Jual - Peluang),Netral / Sepi Berita,Normal / Sedang Transisi,Mengambang (Jauh dari Fibo),0,WAIT & SEE,HOLD / NEUTRAL,0.5,MA20 di atas MA50 (Uptrend) | Harga di bawah VWAP Intraday,TIDAK ADA,2026-09-10 13:41:26,Biasa / Mengikuti Pasar
13:41,MGLV,Token Mati (Perlu Update),Big Cap (Lapis 1),Overvalued (Mahal),0.0,262.3789,15400.0,16000.0,14100.0,15600.0,11802,8575,16000,5.05050505050505,1854000,Normal,82,Positif,Uptrend,Bullish,Strong Bullish,Perfect Uptrend (5>20>50),Normal,Akumulasi (Naik),Gap Up (+3.7%),Dominan Beli (Hajar Kanan),Breakout Upper,Tinggi,Normal,Rawan Pucuk (High Risk),> 1 Miliar,Di Atas VWAP (Kuat),Akumulasi Pro (Smart Money),Ritel Aktif (5M - 50M),Normal (50-150%),Mark-Up (Fase Pesta),Spesialis Tiang Jemuran (Banting Pucuk),Jarum Bawah (Sinyal Pantulan Kuat),Naik 1 Hari Beruntun,TP: 17402 | CL: 14398,Normal,Tidak Ideal (< 1:1),Overbought (Jenuh Beli - Rawan),Netral / Sepi Berita,Normal / Sedang Transisi,Mengambang (Jauh dari Fibo),8,BELI,HOLD / NEUTRAL,0.5,MA20 di atas MA50 (Uptrend) | RSI Overbought Pucuk (82.0) | Harga di atas VWAP Intraday,TIDAK ADA,2026-09-10 13:41:26,Biasa / Mengikuti Pasar
13:41,LABA,Token Mati (Perlu Update),Small Cap (Lapis 3),Fair Value (Wajar),4.66159,1.5559673,135.0,135.0,129.0,132.0,112,92,148,-3.64963503649635,37652300,Normal,66,Negatif,Uptrend,Bullish,Strong Bullish,Perfect Uptrend (5>20>50),Normal,Akumulasi (Naik),Normal,Seimbang / Adu Mekanik,Normal,Tinggi,Normal,Rawan Pucuk (High Risk),> 1 Miliar,Di Atas VWAP (Kuat),Akumulasi Pro (Smart Money),Ritel Aktif (5M - 50M),Sepi (< 50%),Mark-Up (Fase Pesta),Spesialis Tiang Jemuran (Banting Pucuk),Normal,Turun 1 Hari Beruntun,TP: 150 | CL: 119,Open = High (Tekanan Jual),Tidak Ideal (< 1:1),Death Cross (Awal Bearish),Netral / Sepi Berita,Normal / Sedang Transisi,Dekat Support Fibo 23.6%,5,WAIT & SEE,BUY,2.0,MA20 di atas MA50 (Uptrend) | RSI Mendekati Jenuh Beli (66.0) | Harga di atas VWAP Intraday,TIDAK ADA,2026-09-10 13:41:26,Biasa / Mengikuti Pasar
13:41,ARCI,Token Mati (Perlu Update),Big Cap (Lapis 1),Overvalued (Mahal),12.902917,84062.49,1355.0,1360.0,1335.0,1345.0,1330,1170,1475,0.0,19218900,Normal,57,Negatif,Uptrend,Bullish,Bearish MACD,Perfect Uptrend (5>20>50),Normal,Akumulasi (Naik),Normal,Seimbang / Adu Mekanik,Normal,Tinggi,Normal,Rawan Pucuk (High Risk),> 1 Miliar,Di Atas VWAP (Kuat),Akumulasi Pro (Smart Money),Ritel Aktif (5M - 50M),Sepi (< 50%),Mark-Up (Fase Pesta),Normal,Normal,Sideways / Stagnan,TP: 1440 | CL: 1281,Normal,Tidak Ideal (< 1:1),Golden Cross (Awal Bullish),Netral / Sepi Berita,Normal / Sedang Transisi,Dekat Support Fibo 23.6%,4,WAIT & SEE,BUY,2.0,MA20 di atas MA50 (Uptrend) | RSI Mendekati Jenuh Beli (57.0) | Harga di atas VWAP Intraday,TIDAK ADA,2026-09-10 13:41:26,Biasa / Mengikuti Pasar
13:41,IPAC,Transaksi Sepi (Skip Broksum),Small Cap (Lapis 3),Overvalued (Mahal),50.745487,5.24211,188.0,204.0,188.0,194.0,180,161,204,4.301075268817205,289800,Tembus MA20,67,Positif,Uptrend,Bullish,Strong Bullish,Perfect Uptrend (5>20>50),Akumulasi Kuat,Akumulasi (Naik),Normal,Seimbang / Adu Mekanik,Normal,Tinggi,Normal,Rawan Pucuk (High Risk),< 1 Miliar,Di Atas VWAP (Kuat),Distribusi Pro (Guyuran),Gorengan Sepi (< 5M),Anomali Tinggi (150-300%),Mark-Up (Fase Pesta),Spesialis Tiang Jemuran (Banting Pucuk),Normal,Naik 2 Hari Beruntun,TP: 207 | CL: 185,Open = Low (Bullish Kuat),Tidak Ideal (< 1:1),Netral / Sideways,Netral / Sepi Berita,Normal / Sedang Transisi,Mendekati Fibo 23.6%,8,BELI,BUY,2.4,MA20 di atas MA50 (Uptrend) | RSI Mendekati Jenuh Beli (67.0) | Harga di atas VWAP Intraday | Volume Lonjak 2.3x MA20,TIDAK ADA,2026-09-10 13:41:26,Biasa / Mengikuti Pasar
13:41,MASB,Transaksi Sepi (Skip Broksum),Mid Cap (Lapis 2),Fair Value (Wajar),21.72911,1.1229432,3310.0,3330.0,3300.0,3300.0,3383,3170,3400,-2.6548672566371683,9200,Normal,25,Negatif,Downtrend,Death Cross,Strong Bearish,Strong Downtrend (5<20<50),Normal,Distribusi (Turun),Gap Down (-2.4%),Dominan Jual (Guyur),Squeeze,Rendah,Normal,Area Tengah,< 1 Miliar,Di Bawah VWAP (Lemah),Akumulasi Pro (Smart Money),Gorengan Sepi (< 5M),Normal (50-150%),Mark-Down (Fase Runtuh),Normal,Normal,Turun 2 Hari Beruntun,TP: 3343 | CL: 3270,Normal,Tidak Ideal (< 1:1),Netral / Sideways,Netral / Sepi Berita,Normal / Sedang Transisi,Dekat Support Fibo 50.0%,0,WAIT & SEE,HOLD / NEUTRAL,0.5,MA20 di bawah MA50 (Downtrend) | RSI Oversold Kuat (25.0) | Harga di bawah VWAP Intraday | Volatilitas Bollinger Squeeze (Siap Meledak),TIDAK ADA,2026-09-10 13:41:26,Biasa / Mengikuti Pasar
13:41,BMHS,Transaksi Sepi (Skip Broksum),Mid Cap (Lapis 2),Fair Value (Wajar),0.0,0.88149047,195.0,200.0,195.0,198.0,192,184,210,-1.0,845100,Normal,66,Negatif,Uptrend,Bullish,Strong Bullish,Perfect Uptrend (5>20>50),Normal,Akumulasi (Naik),Gap Down (-2.5%),Seimbang / Adu Mekanik,Normal,Sedang,Normal,Area Tengah,< 1 Miliar,Di Bawah VWAP (Lemah),Distribusi Pro (Guyuran),Gorengan Sepi (< 5M),Normal (50-150%),Mark-Up (Fase Pesta),Normal,Normal,Turun 2 Hari Beruntun,TP: 206 | CL: 192,Open = Low (Bullish Kuat),Tidak Ideal (< 1:1),Death Cross (Awal Bearish),Netral / Sepi Berita,Normal / Sedang Transisi,Dekat Support Fibo 38.2%,5,WAIT & SEE,HOLD / NEUTRAL,0.0,MA20 di atas MA50 (Uptrend) | RSI Mendekati Jenuh Beli (66.0) | Harga di bawah VWAP Intraday,TIDAK ADA,2026-09-10 13:41:26,Biasa / Mengikuti Pasar
13:41,FLMC,Token Mati (Perlu Update),Small Cap (Lapis 3),Overvalued (Mahal),8.1830015,7.7360373,134.0,144.0,130.0,132.0,92,72,144,-1.4925373134328357,9827400,Tembus MA20,83,Negatif,Uptrend,Bullish,Strong Bullish,Perfect Uptrend (5>20>50),Normal,Akumulasi (Naik),Normal,Dominan Jual (Guyur),Normal,Tinggi,Normal,Rawan Pucuk (High Risk),> 1 Miliar,Di Atas VWAP (Kuat),Akumulasi Pro (Smart Money),Gorengan Sepi (< 5M),Normal (50-150%),Mark-Up (Fase Pesta),Normal,Normal,Turun 1 Hari Beruntun,TP: 148 | CL: 120,Normal,Tidak Ideal (< 1:1),Overbought (Jenuh Beli - Rawan),Netral / Sepi Berita,Normal / Sedang Transisi,Mengambang (Jauh dari Fibo),6,WAIT & SEE,HOLD / NEUTRAL,0.5,MA20 di atas MA50 (Uptrend) | RSI Overbought Pucuk (83.0) | Harga di atas VWAP Intraday,TIDAK ADA,2026-09-10 13:41:26,Biasa / Mengikuti Pasar
13:41,NICL,Token Mati (Perlu Update),Mid Cap (Lapis 2),Overvalued (Mahal),48.770893,6.345632,500.0,505.0,492.0,498.0,488,448,535,0.4032258064516129,42518700,Normal,53,Positif,Uptrend,Bullish,Strong Bullish,Awal Reversal (5>20),Normal,Akumulasi (Naik),Normal,Seimbang / Adu Mekanik,Normal,Tinggi,Normal,Rawan Pucuk (High Risk),> 1 Miliar,Di Atas VWAP (Kuat),Distribusi Pro (Guyuran),Ritel Aktif (5M - 50M),Normal (50-150%),Accumulation (Kumpul Barang),Normal,Normal,Naik 3 Hari Beruntun,TP: 531 | CL: 475,Normal,Tidak Ideal (< 1:1),Netral / Sideways,Netral / Sepi Berita,Normal / Sedang Transisi,Dekat Support Fibo 78.6%,6,WAIT & SEE,HOLD / NEUTRAL,-0.5,MA20 di bawah MA50 (Downtrend) | Harga di atas VWAP Intraday,TIDAK ADA,2026-09-10 13:41:26,Biasa / Mengikuti Pasar
13:41,UVCR,Token Mati (Perlu Update),Small Cap (Lapis 3),Overvalued (Mahal),46.95652,3.0036154,162.0,165.0,156.0,163.0,145,129,165,1.2422360248447204,44269800,Normal,65,Positif,Uptrend,Bullish,Strong Bullish,Perfect Uptrend (5>20>50),Normal,Akumulasi (Naik),Normal,Dominan Beli (Hajar Kanan),Breakout Upper,Tinggi,Normal,Rawan Pucuk (High Risk),> 1 Miliar,Di Atas VWAP (Kuat),Akumulasi Pro (Smart Money),Ritel Aktif (5M - 50M),Normal (50-150%),Mark-Up (Fase Pesta),Solid (Jarang Dibanting),Jarum Bawah (Sinyal Pantulan Kuat),Naik 2 Hari Beruntun,TP: 174 | CL: 155,Normal,Tidak Ideal (< 1:1),Overbought (Jenuh Beli - Rawan),Netral / Sepi Berita,Normal / Sedang Transisi,Golden Rebound Fibo 50.0% 🎯,7,BELI,BUY,2.0,MA20 di atas MA50 (Uptrend) | RSI Mendekati Jenuh Beli (65.0) | Harga di atas VWAP Intraday,TIDAK ADA,2026-09-10 13:41:26,Biasa / Mengikuti Pasar
13:41,BUKA,Token Mati (Perlu Update),Big Cap (Lapis 1),Undervalued (Murah),6.1035423,0.423306,115.0,115.0,111.0,111.0,112,104,119,-2.631578947368421,41116900,Normal,47,Negatif,Downtrend,Bullish,Bullish MACD,Perfect Uptrend (5>20>50),Normal,Akumulasi (Naik),Normal,Dominan Jual (Guyur),Normal,Sedang,Normal,Area Tengah,> 1 Miliar,Di Bawah VWAP (Lemah),Distribusi Pro (Guyuran),Ritel Aktif (5M - 50M),Sepi (< 50%),Distribution (Fase Jualan),Normal,Normal,Turun 1 Hari Beruntun,TP: 118 | CL: 106,Open = High (Tekanan Jual),Menengah (1:1),Netral / Sideways,Netral / Sepi Berita,Normal / Sedang Transisi,Dekat Support Fibo 50.0%,3,WAIT & SEE,HOLD / NEUTRAL,0.5,MA20 di atas MA50 (Uptrend) | Harga di bawah VWAP Intraday,TIDAK ADA,2026-09-10 13:41:26,Biasa / Mengikuti Pasar
13:41,HAIS,Transaksi Sepi (Skip Broksum),Small Cap (Lapis 3),Undervalued (Murah),8.758444,0.6394558,189.0,189.0,186.0,187.0,184,179,194,-1.0582010582010581,430500,Normal,56,Negatif,Uptrend,Bullish,Strong Bullish,Perfect Uptrend (5>20>50),Normal,Akumulasi (Naik),Normal,Seimbang / Adu Mekanik,Squeeze,Rendah,Normal,Area Tengah,< 1 Miliar,Di Bawah VWAP (Lemah),Distribusi Pro (Guyuran),Gorengan Sepi (< 5M),Sepi (< 50%),Mark-Up (Fase Pesta),Spesialis Tiang Jemuran (Banting Pucuk),Normal,Turun 1 Hari Beruntun,TP: 192 | CL: 183,Open = High (Tekanan Jual),Tidak Ideal (< 1:1),Netral / Sideways,Netral / Sepi Berita,Normal / Sedang Transisi,Dekat Support Fibo 23.6%,5,WAIT & SEE,HOLD / NEUTRAL,1.0,MA20 di atas MA50 (Uptrend) | RSI Mendekati Jenuh Beli (56.0) | Harga di bawah VWAP Intraday | Volatilitas Bollinger Squeeze (Siap Meledak),TIDAK ADA,2026-09-10 13:41:26,Biasa / Mengikuti Pasar
13:41,OILS,Token Mati (Perlu Update),Small Cap (Lapis 3),Fair Value (Wajar),0.0,1.3852015,302.0,312.0,298.0,300.0,250,210,320,0.0,8288300,Normal,78,Negatif,Uptrend,Bullish,Strong Bullish,Perfect Uptrend (5>20>50),Normal,Akumulasi (Naik),Normal,Dominan Jual (Guyur),Normal,Tinggi,Normal,Rawan Pucuk (High Risk),> 1 Miliar,Di Atas VWAP (Kuat),Distribusi Pro (Guyuran),Gorengan Sepi (< 5M),Sepi (< 50%),Mark-Up (Fase Pesta),Spesialis Tiang Jemuran (Banting Pucuk),Normal,Sideways / Stagnan,TP: 324 | CL: 283,Normal,Tidak Ideal (< 1:1),Overbought (Jenuh Beli - Rawan),Netral / Sepi Berita,Normal / Sedang Transisi,Mengambang (Jauh dari Fibo),5,WAIT & SEE,HOLD / NEUTRAL,0.5,MA20 di atas MA50 (Uptrend) | RSI Overbought Pucuk (78.0) | Harga di atas VWAP Intraday,TIDAK ADA,2026-09-10 13:41:26,Biasa / Mengikuti Pasar
13:41,GPSO,Token Mati (Perlu Update),Small Cap (Lapis 3),Overvalued (Mahal),0.0,4.527394,286.0,288.0,284.0,284.0,292,274,310,0.0,3606000,Normal,44,Negatif,Downtrend,Death Cross,Strong Bearish,Strong Downtrend (5<20<50),Normal,Distribusi (Turun),Normal,Dominan Jual (Guyur),Normal,Sedang,Normal,Area Tengah,> 1 Miliar,Di Bawah VWAP (Lemah),Akumulasi Pro (Smart Money),Ritel Aktif (5M - 50M),Sepi (< 50%),Mark-Down (Fase Runtuh),Normal,Normal,Sideways / Stagnan,TP: 305 | CL: 269,Normal,Ideal (1:2),Netral / Sideways,Netral / Sepi Berita,Supply Kering (Siap Pump) 🏜️,Mengambang (Jauh dari Fibo),0,WAIT & SEE,SELL,-2.0,MA20 di bawah MA50 (Downtrend) | RSI Rebound Area Murah (44.0) | Harga di bawah VWAP Intraday,TIDAK ADA,2026-09-10 13:41:26,Biasa / Mengikuti Pasar
13:41,MCOL,Transaksi Sepi (Skip Broksum),Big Cap (Lapis 1),Overvalued (Mahal),9.292656,23782.05,3770.0,3770.0,3690.0,3710.0,3729,3600,3870,-1.5915119363395225,11200,Normal,48,Negatif,Downtrend,Bullish,Strong Bullish,Awal Reversal (5>20),Normal,Akumulasi (Naik),Normal,Dominan Jual (Guyur),Squeeze,Rendah,Normal,Area Tengah,< 1 Miliar,Di Bawah VWAP (Lemah),Distribusi Pro (Guyuran),Gorengan Sepi (< 5M),Sepi (< 50%),Mark-Down (Fase Runtuh),Normal,Normal,Turun 1 Hari Beruntun,TP: 3835 | CL: 3626,Open = High (Tekanan Jual),Menengah (1:1),Death Cross (Awal Bearish),Netral / Sepi Berita,Normal / Sedang Transisi,Dekat Support Fibo 50.0%,3,WAIT & SEE,SELL,-1.5,MA20 di bawah MA50 (Downtrend) | Harga di bawah VWAP Intraday | Volatilitas Bollinger Squeeze (Siap Meledak),TIDAK ADA,2026-09-10 13:41:26,Biasa / Mengikuti Pasar
13:41,RSGK,Transaksi Sepi (Skip Broksum),Small Cap (Lapis 3),Overvalued (Mahal),25.707293,1.036283,980.0,980.0,920.0,945.0,951,905,1000,-3.076923076923077,30700,Tembus MA20,48,Negatif,Downtrend,Bearish,Bullish MACD,Strong Downtrend (5<20<50),Normal,Akumulasi (Naik),Normal,Seimbang / Adu Mekanik,Squeeze,Rendah,Normal,Area Tengah,< 1 Miliar,Persis di VWAP,Akumulasi Pro (Smart Money),Gorengan Sepi (< 5M),Normal (50-150%),Mark-Down (Fase Runtuh),Solid (Jarang Dibanting),Normal,Turun 1 Hari Beruntun,TP: 1014 | CL: 898,Open = High (Tekanan Jual),Menengah (1:1),Netral / Sideways,Netral / Sepi Berita,Supply Banjir (Distribusi) 🌊,Mendekati Fibo 61.8% (Golden Ratio),3,WAIT & SEE,HOLD / NEUTRAL,-0.5,MA20 di bawah MA50 (Downtrend) | Volatilitas Bollinger Squeeze (Siap Meledak),TIDAK ADA,2026-09-10 13:41:26,Biasa / Mengikuti Pasar
13:41,RUNS,Transaksi Sepi (Skip Broksum),Small Cap (Lapis 3),Fair Value (Wajar),0.0,1.4200299,76.0,78.0,75.0,76.0,66,59,83,0.0,1618200,Normal,76,Negatif,Uptrend,Bullish,Strong Bullish,Awal Reversal (5>20),Normal,Akumulasi (Naik),Normal,Seimbang / Adu Mekanik,Normal,Tinggi,Doji (Ragu-ragu),Rawan Pucuk (High Risk),< 1 Miliar,Persis di VWAP,Akumulasi Pro (Smart Money),Gorengan Sepi (< 5M),Sepi (< 50%),Accumulation (Kumpul Barang),Normal,Normal,Sideways / Stagnan,TP: 83 | CL: 71,Normal,Tidak Ideal (< 1:1),Death Cross (Awal Bearish),Netral / Sepi Berita,Normal / Sedang Transisi,Mendekati Fibo 38.2%,5,WAIT & SEE,STRONG SELL,-3.5,MA20 di bawah MA50 (Downtrend) | RSI Overbought Pucuk (76.0),TIDAK ADA,2026-09-10 13:41:26,Biasa / Mengikuti Pasar
13:41,SBMA,Transaksi Sepi (Skip Broksum),Small Cap (Lapis 3),Undervalued (Murah),9.394042,0.42819282,110.0,111.0,109.0,110.0,108,100,113,0.0,893200,Normal,56,Negatif,Uptrend,Bullish,Strong Bullish,Perfect Uptrend (5>20>50),Normal,Akumulasi (Naik),Normal,Seimbang / Adu Mekanik,Squeeze,Rendah,Doji (Ragu-ragu),Rawan Pucuk (High Risk),< 1 Miliar,Persis di VWAP,Akumulasi Pro (Smart Money),Gorengan Sepi (< 5M),Normal (50-150%),Mark-Up (Fase Pesta),Normal,Normal,Sideways / Stagnan,TP: 115 | CL: 106,Normal,Tidak Ideal (< 1:1),Death Cross (Awal Bearish),Netral / Sepi Berita,Normal / Sedang Transisi,Dekat Support Fibo 50.0%,5,WAIT & SEE,BUY,2.0,MA20 di atas MA50 (Uptrend) | RSI Mendekati Jenuh Beli (56.0) | Volatilitas Bollinger Squeeze (Siap Meledak),TIDAK ADA,2026-09-10 13:41:26,Biasa / Mengikuti Pasar
13:41,CMNT,Token Mati (Perlu Update),Big Cap (Lapis 1),Overvalued (Mahal),0.0,5.766662,760.0,765.0,750.0,760.0,760,730,810,0.6622516556291391,12819000,Normal,49,Positif,Downtrend,Bearish,Bullish MACD,Strong Downtrend (5<20<50),Normal,Akumulasi (Naik),Normal,Seimbang / Adu Mekanik,Normal,Sedang,Doji (Ragu-ragu),Area Tengah,> 1 Miliar,Di Atas VWAP (Kuat),Distribusi Pro (Guyuran),Ritel Aktif (5M - 50M),Sepi (< 50%),Sideways,Spesialis Tiang Jemuran (Banting Pucuk),Jarum Bawah (Sinyal Pantulan Kuat),Naik 2 Hari Beruntun,TP: 795 | CL: 736,Normal,Ideal (1:2),Golden Cross (Awal Bullish),Netral / Sepi Berita,Normal / Sedang Transisi,Golden Rebound Fibo 78.6% 🎯,3,WAIT & SEE,HOLD / NEUTRAL,-0.5,MA20 di bawah MA50 (Downtrend) | Harga di atas VWAP Intraday,TIDAK ADA,2026-09-10 13:41:26,Biasa / Mengikuti Pasar
13:41,GTSI,Token Mati (Perlu Update),Mid Cap (Lapis 2),Overvalued (Mahal),0.0,57000.0,175.0,175.0,170.0,172.0,176,160,193,-1.7142857142857144,15605100,Normal,52,Negatif,Downtrend,Bearish,Bearish MACD,Konsolidasi / Transisi,Normal,Distribusi (Turun),Normal,Seimbang / Adu Mekanik,Normal,Tinggi,Normal,Area Tengah,> 1 Miliar,Persis di VWAP,Distribusi Pro (Guyuran),Gorengan Sepi (< 5M),Sepi (< 50%),Distribution (Fase Jualan),Normal,Normal,Turun 1 Hari Beruntun,TP: 186 | CL: 162,Open = High (Tekanan Jual),Ideal (1:2),Golden Cross (Awal Bullish),Netral / Sepi Berita,Normal / Sedang Transisi,Mendekati Fibo 38.2%,1,WAIT & SEE,BUY,1.5,MA20 di atas MA50 (Uptrend),TIDAK ADA,2026-09-10 13:41:26,Biasa / Mengikuti Pasar
13:41,IDEA,Transaksi Sepi (Skip Broksum),Small Cap (Lapis 3),Overvalued (Mahal),28.767122,1.0497551,65.0,66.0,60.0,64.0,61,58,72,-1.5384615384615385,15121200,Tembus MA20,54,Negatif,Uptrend,Bullish,Strong Bullish,Awal Reversal (5>20),Distribusi Kuat,Distribusi (Turun),Normal,Seimbang / Adu Mekanik,Normal,Sedang,Normal,Rawan Pucuk (High Risk),< 1 Miliar,Persis di VWAP,Akumulasi Pro (Smart Money),Gorengan Sepi (< 5M),Anomali Tinggi (150-300%),Accumulation (Kumpul Barang),Normal,Jarum Bawah (Sinyal Pantulan Kuat),Turun 2 Hari Beruntun,TP: 69 | CL: 60,Normal,Menengah (1:1),Netral / Sideways,Netral / Sepi Berita,Supply Banjir (Distribusi) 🌊,Golden Rebound Fibo 38.2% 🎯,5,WAIT & SEE,SELL,-1.8,MA20 di bawah MA50 (Downtrend) | Volume Lonjak 2.8x MA20,TIDAK ADA,2026-09-10 13:41:26,Biasa / Mengikuti Pasar
13:41,KUAS,Token Mati (Perlu Update),Small Cap (Lapis 3),Fair Value (Wajar),19.308569,0.79399884,101.0,111.0,100.0,104.0,97,89,117,4.0,63795300,Normal,58,Positif,Uptrend,Bullish,Strong Bullish,Perfect Uptrend (5>20>50),Normal,Distribusi (Turun),Normal,Seimbang / Adu Mekanik,Normal,Tinggi,Normal,Rawan Pucuk (High Risk),> 1 Miliar,Di Bawah VWAP (Lemah),Distribusi Pro (Guyuran),Ritel Aktif (5M - 50M),Normal (50-150%),Mark-Up (Fase Pesta),Spesialis Tiang Jemuran (Banting Pucuk),Normal,Naik 1 Hari Beruntun,TP: 116 | CL: 95,Normal,Tidak Ideal (< 1:1),Netral / Sideways,Netral / Sepi Berita,Normal / Sedang Transisi,Dekat Support Fibo 38.2%,5,WAIT & SEE,HOLD / NEUTRAL,0.0,MA20 di atas MA50 (Uptrend) | RSI Mendekati Jenuh Beli (58.0) | Harga di bawah VWAP Intraday,TIDAK ADA,2026-09-10 13:41:26,Biasa / Mengikuti Pasar
13:41,BOBA,Transaksi Sepi (Skip Broksum),Small Cap (Lapis 3),Undervalued (Murah),12.731345,1.4762871,216.0,220.0,210.0,214.0,212,204,250,0.0,221300,Normal,43,Negatif,Uptrend,Bullish,Bullish MACD,Awal Reversal (5>20),Normal,Distribusi (Turun),Normal,Seimbang / Adu Mekanik,Normal,Sedang,Normal,Area Tengah,< 1 Miliar,Di Bawah VWAP (Lemah),Distribusi Pro (Guyuran),Gorengan Sepi (< 5M),Sepi (< 50%),Accumulation (Kumpul Barang),Spesialis Tiang Jemuran (Banting Pucuk),Normal,Sideways / Stagnan,TP: 230 | CL: 202,Normal,Sangat Menarik (> 1:3),Netral / Sideways,Netral / Sepi Berita,Supply Banjir (Distribusi) 🌊,Mendekati Fibo Bottom / 100%,3,WAIT & SEE,SELL,-2.0,MA20 di bawah MA50 (Downtrend) | RSI Rebound Area Murah (43.0) | Harga di bawah VWAP Intraday,TIDAK ADA,2026-09-10 13:41:26,Biasa / Mengikuti Pasar
13:41,MTEL,Token Mati (Perlu Update),Big Cap (Lapis 1),Fair Value (Wajar),18.444445,1.25542,498.0,500.0,494.0,498.0,463,422,505,-0.4,8542300,Normal,74,Negatif,Uptrend,Bullish,Strong Bullish,Perfect Uptrend (5>20>50),Normal,Akumulasi (Naik),Normal,Seimbang / Adu Mekanik,Normal,Tinggi,Doji (Ragu-ragu),Rawan Pucuk (High Risk),> 1 Miliar,Di Atas VWAP (Kuat),Akumulasi Pro (Smart Money),Ritel Aktif (5M - 50M),Sepi (< 50%),Mark-Up (Fase Pesta),Normal,Jarum Bawah (Sinyal Pantulan Kuat),Turun 1 Hari Beruntun,TP: 516 | CL: 485,Normal,Tidak Ideal (< 1:1),Overbought (Jenuh Beli - Rawan),Netral / Sepi Berita,Normal / Sedang Transisi,Golden Rebound Fibo 23.6% 🎯,5,WAIT & SEE,HOLD / NEUTRAL,0.5,MA20 di atas MA50 (Uptrend) | RSI Overbought Pucuk (74.0) | Harga di atas VWAP Intraday,TIDAK ADA,2026-09-10 13:41:26,Biasa / Mengikuti Pasar
13:41,DEPO,Transaksi Sepi (Skip Broksum),Mid Cap (Lapis 2),Fair Value (Wajar),21.93659,1.2501893,256.0,256.0,252.0,256.0,251,238,276,0.0,24500,Normal,59,Negatif,Uptrend,Bullish,Strong Bullish,Perfect Uptrend (5>20>50),Normal,Akumulasi (Naik),Normal,Dominan Beli (Hajar Kanan),Squeeze,Rendah,Doji (Ragu-ragu),Area Tengah,< 1 Miliar,Di Bawah VWAP (Lemah),Distribusi Pro (Guyuran),Gorengan Sepi (< 5M),Sepi (< 50%),Mark-Up (Fase Pesta),Spesialis Tiang Jemuran (Banting Pucuk),Jarum Bawah (Sinyal Pantulan Kuat),Sideways / Stagnan,TP: 269 | CL: 247,Normal,Menengah (1:1),Netral / Sideways,Netral / Sepi Berita,Supply Kering (Siap Pump) 🏜️,Mengambang (Jauh dari Fibo),6,WAIT & SEE,HOLD / NEUTRAL,1.0,MA20 di atas MA50 (Uptrend) | RSI Mendekati Jenuh Beli (59.0) | Harga di bawah VWAP Intraday | Volatilitas Bollinger Squeeze (Siap Meledak),TIDAK ADA,2026-09-10 13:41:26,Biasa / Mengikuti Pasar
13:41,BINO,Transaksi Sepi (Skip Broksum),Small Cap (Lapis 3),Fair Value (Wajar),21.451555,0.6645107,120.0,120.0,119.0,120.0,116,111,124,0.0,163500,Normal,71,Negatif,Uptrend,Bullish,Bearish MACD,Perfect Uptrend (5>20>50),Normal,Netral,Normal,Dominan Beli (Hajar Kanan),Normal,Sedang,Doji (Ragu-ragu),Area Tengah,< 1 Miliar,Persis di VWAP,Akumulasi Pro (Smart Money),Gorengan Sepi (< 5M),Sepi (< 50%),Mark-Up (Fase Pesta),Normal,Jarum Bawah (Sinyal Pantulan Kuat),Sideways / Stagnan,TP: 125 | CL: 116,Normal,Tidak Ideal (< 1:1),Death Cross (Awal Bearish),Netral / Sepi Berita,Supply Kering (Siap Pump) 🏜️,Mendekati Fibo 38.2%,4,WAIT & SEE,HOLD / NEUTRAL,-0.5,MA20 di atas MA50 (Uptrend) | RSI Overbought Pucuk (71.0),TIDAK ADA,2026-09-10 13:41:26,Biasa / Mengikuti Pasar
13:41,CMRY,Token Mati (Perlu Update),Big Cap (Lapis 1),Overvalued (Mahal),16.047388,4.9517946,4520.0,4520.0,4450.0,4460.0,4589,4450,4739,-0.8888888888888888,904500,Normal,44,Negatif,Downtrend,Death Cross,Bearish MACD,Konsolidasi / Transisi,Normal,Distribusi (Turun),Normal,Dominan Jual (Guyur),Squeeze,Rendah,Normal,Dekat Support (Low Risk),> 1 Miliar,Di Bawah VWAP (Lemah),Distribusi Pro (Guyuran),Ritel Aktif (5M - 50M),Sepi (< 50%),Distribution (Fase Jualan),Spesialis Tiang Jemuran (Banting Pucuk),Normal,Turun 2 Hari Beruntun,TP: 4637 | CL: 4341,Open = High (Tekanan Jual),Sangat Menarik (> 1:3),Netral / Sideways,Netral / Sepi Berita,Normal / Sedang Transisi,Dekat Support Fibo 38.2%,0,WAIT & SEE,BUY,2.0,MA20 di atas MA50 (Uptrend) | RSI Rebound Area Murah (44.0) | Harga di bawah VWAP Intraday | Volatilitas Bollinger Squeeze (Siap Meledak),TIDAK ADA,2026-09-10 13:41:26,Biasa / Mengikuti Pasar
13:41,WGSH,Token Mati (Perlu Update),Small Cap (Lapis 3),Overvalued (Mahal),25.546219,4.5255604,156.0,160.0,150.0,151.0,167,145,208,-3.205128205128205,14803400,Normal,43,Negatif,Downtrend,Bearish,Strong Bearish,Konsolidasi / Transisi,Normal,Distribusi (Turun),Normal,Dominan Jual (Guyur),Normal,Tinggi,Normal,Area Tengah,> 1 Miliar,Di Bawah VWAP (Lemah),Distribusi Pro (Guyuran),Gorengan Sepi (< 5M),Sepi (< 50%),Distribution (Fase Jualan),Solid (Jarang Dibanting),Normal,Turun 2 Hari Beruntun,TP: 169 | CL: 138,Normal,Sangat Menarik (> 1:3),Netral / Sideways,Netral / Sepi Berita,Normal / Sedang Transisi,Dekat Support Fibo 50.0%,0,WAIT & SEE,HOLD / NEUTRAL,1.0,MA20 di atas MA50 (Uptrend) | RSI Rebound Area Murah (43.0) | Harga di bawah VWAP Intraday,TIDAK ADA,2026-09-10 13:41:26,Biasa / Mengikuti Pasar
13:41,ADMR,Token Mati (Perlu Update),Big Cap (Lapis 1),Overvalued (Mahal),12.513191,43684.21,1690.0,1700.0,1660.0,1665.0,1665,1560,1785,-0.5970149253731344,14881200,Normal,54,Negatif,Downtrend,Bearish,Bearish MACD,Konsolidasi / Transisi,Normal,Distribusi (Turun),Normal,Dominan Jual (Guyur),Normal,Sedang,Normal,Area Tengah,> 1 Miliar,Persis di VWAP,Akumulasi Pro (Smart Money),Ritel Aktif (5M - 50M),Sepi (< 50%),Sideways,Normal,Normal,Turun 1 Hari Beruntun,TP: 1764 | CL: 1598,Normal,Menengah (1:1),Golden Cross (Awal Bullish),Netral / Sepi Berita,Normal / Sedang Transisi,Mendekati Fibo 38.2%,1,WAIT & SEE,BUY,1.5,MA20 di atas MA50 (Uptrend),TIDAK ADA,2026-09-10 13:41:26,Biasa / Mengikuti Pasar
13:41,SEMA,Token Mati (Perlu Update),Small Cap (Lapis 3),Undervalued (Murah),7.612615,1.0965273,122.0,138.0,121.0,132.0,108,95,138,8.19672131147541,20549500,Tembus MA20,83,Positif,Uptrend,Bullish,Strong Bullish,Perfect Uptrend (5>20>50),Akumulasi Kuat,Akumulasi (Naik),Normal,Seimbang / Adu Mekanik,Breakout Upper,Tinggi,Normal,Rawan Pucuk (High Risk),> 1 Miliar,Di Atas VWAP (Kuat),Distribusi Pro (Guyuran),Gorengan Sepi (< 5M),Anomali Tinggi (150-300%),Mark-Up (Fase Pesta),Spesialis Tiang Jemuran (Banting Pucuk),Normal,Naik 3 Hari Beruntun,TP: 145 | CL: 123,Normal,Tidak Ideal (< 1:1),Netral / Sideways,Netral / Sepi Berita,Normal / Sedang Transisi,Mendekati Fibo 23.6%,8,BELI,HOLD / NEUTRAL,0.6,MA20 di atas MA50 (Uptrend) | RSI Overbought Pucuk (83.0) | Harga di atas VWAP Intraday | Volume Lonjak 3.3x MA20,TIDAK ADA,2026-09-10 13:41:26,Biasa / Mengikuti Pasar
13:41,ASLC,Transaksi Sepi (Skip Broksum),Small Cap (Lapis 3),Overvalued (Mahal),27.091633,1.1438953,68.0,68.0,66.0,68.0,65,60,75,0.0,2645400,Normal,56,Negatif,Uptrend,Bullish,Strong Bullish,Perfect Uptrend (5>20>50),Normal,Distribusi (Turun),Normal,Dominan Beli (Hajar Kanan),Normal,Tinggi,Doji (Ragu-ragu),Rawan Pucuk (High Risk),< 1 Miliar,Persis di VWAP,Distribusi Pro (Guyuran),Gorengan Sepi (< 5M),Sepi (< 50%),Mark-Up (Fase Pesta),Normal,Jarum Bawah (Sinyal Pantulan Kuat),Sideways / Stagnan,TP: 73 | CL: 64,Normal,Tidak Ideal (< 1:1),Netral / Sideways,Netral / Sepi Berita,Normal / Sedang Transisi,Golden Rebound Fibo 38.2% 🎯,5,WAIT & SEE,HOLD / NEUTRAL,1.0,MA20 di atas MA50 (Uptrend) | RSI Mendekati Jenuh Beli (56.0),TIDAK ADA,2026-09-10 13:41:26,Biasa / Mengikuti Pasar
13:41,NETV,Transaksi Sepi (Skip Broksum),Mid Cap (Lapis 2),Overvalued (Mahal),0.0,5.560498,50.0,50.0,50.0,50.0,50,50,53,0.0,360700,Normal,43,Negatif,Downtrend,Bearish,Bullish MACD,Strong Downtrend (5<20<50),Normal,Netral,Normal,Tidak Ada Transaksi,Squeeze,Rendah,Doji (Ragu-ragu),Dekat Support (Low Risk),< 1 Miliar,Persis di VWAP,Netral,Gorengan Sepi (< 5M),Sepi (< 50%),Mark-Down (Fase Runtuh),Solid (Jarang Dibanting),Normal,Sideways / Stagnan,TP: 51 | CL: 49,Normal,Di Area Support,Oversold (Jenuh Jual - Peluang),Netral / Sepi Berita,Supply Kering (Siap Pump) 🏜️,Golden Rebound Fibo Bottom / 100% 🎯,1,WAIT & SEE,HOLD / NEUTRAL,0.0,MA20 di bawah MA50 (Downtrend) | RSI Rebound Area Murah (43.0) | Volatilitas Bollinger Squeeze (Siap Meledak),TIDAK ADA,2026-09-10 13:41:26,Biasa / Mengikuti Pasar
13:41,BAUT,Transaksi Sepi (Skip Broksum),Small Cap (Lapis 3),Fair Value (Wajar),0.0,1.2300123,41.0,43.0,41.0,43.0,37,34,43,4.878048780487805,9877000,Tembus MA20,71,Positif,Uptrend,Bullish,Strong Bullish,Perfect Uptrend (5>20>50),Normal,Akumulasi (Naik),Normal,Dominan Beli (Hajar Kanan),Breakout Upper,Tinggi,Marubozu (Strong Bullish),Rawan Pucuk (High Risk),< 1 Miliar,Di Atas VWAP (Kuat),Akumulasi Pro (Smart Money),Gorengan Sepi (< 5M),Anomali Tinggi (150-300%),Mark-Up (Fase Pesta),Normal,Normal,Naik 3 Hari Beruntun,TP: 45 | CL: 41,Open = Low (Bullish Kuat),Tidak Ideal (< 1:1),Overbought (Jenuh Beli - Rawan),Netral / Sepi Berita,Normal / Sedang Transisi,Mengambang (Jauh dari Fibo),8,BELI,HOLD / NEUTRAL,0.6,MA20 di atas MA50 (Uptrend) | RSI Overbought Pucuk (71.0) | Harga di atas VWAP Intraday | Volume Lonjak 1.7x MA20,TIDAK ADA,2026-09-10 13:41:26,Biasa / Mengikuti Pasar
13:41,ENAK,Transaksi Sepi (Skip Broksum),Small Cap (Lapis 3),Fair Value (Wajar),0.0,2.7544613,232.0,232.0,230.0,232.0,236,228,284,0.8695652173913043,125100,Normal,41,Positif,Downtrend,Bearish,Bullish MACD,Strong Downtrend (5<20<50),Normal,Distribusi (Turun),Normal,Dominan Beli (Hajar Kanan),Squeeze,Rendah,Doji (Ragu-ragu),Dekat Support (Low Risk),< 1 Miliar,Persis di VWAP,Distribusi Pro (Guyuran),Gorengan Sepi (< 5M),Sepi (< 50%),Mark-Down (Fase Runtuh),Spesialis Tiang Jemuran (Banting Pucuk),Jarum Bawah (Sinyal Pantulan Kuat),Naik 1 Hari Beruntun,TP: 247 | CL: 221,Normal,Sangat Menarik (> 1:3),Oversold (Jenuh Jual - Peluang),Netral / Sepi Berita,Supply Kering (Siap Pump) 🏜️,Mengambang (Jauh dari Fibo),3,WAIT & SEE,HOLD / NEUTRAL,0.0,MA20 di bawah MA50 (Downtrend) | RSI Rebound Area Murah (41.0) | Volatilitas Bollinger Squeeze (Siap Meledak),TIDAK ADA,2026-09-10 13:41:26,Biasa / Mengikuti Pasar
13:41,NTBK,Transaksi Sepi (Skip Broksum),Small Cap (Lapis 3),Overvalued (Mahal),383.92856,2.6181996,87.0,87.0,85.0,86.0,82,73,92,-1.1494252873563218,9787400,Normal,52,Negatif,Uptrend,Bullish,Strong Bullish,Awal Reversal (5>20),Normal,Akumulasi (Naik),Normal,Seimbang / Adu Mekanik,Normal,Tinggi,Normal,Rawan Pucuk (High Risk),< 1 Miliar,Di Bawah VWAP (Lemah),Distribusi Pro (Guyuran),Gorengan Sepi (< 5M),Sepi (< 50%),Accumulation (Kumpul Barang),Spesialis Tiang Jemuran (Banting Pucuk),Normal,Turun 2 Hari Beruntun,TP: 93 | CL: 81,Open = High (Tekanan Jual),Tidak Ideal (< 1:1),Death Cross (Awal Bearish),Netral / Sepi Berita,Normal / Sedang Transisi,Mendekati Fibo 50.0%,5,WAIT & SEE,SELL,-2.5,MA20 di bawah MA50 (Downtrend) | Harga di bawah VWAP Intraday,TIDAK ADA,2026-09-10 13:41:26,Biasa / Mengikuti Pasar
13:41,SMKM,Transaksi Sepi (Skip Broksum),Small Cap (Lapis 3),Undervalued (Murah),7.426253,0.6727463,108.0,110.0,105.0,108.0,105,78,119,-0.9174311926605505,3144700,Normal,63,Negatif,Uptrend,Bullish,Bearish MACD,Perfect Uptrend (5>20>50),Normal,Akumulasi (Naik),Normal,Seimbang / Adu Mekanik,Normal,Tinggi,Doji (Ragu-ragu),Rawan Pucuk (High Risk),< 1 Miliar,Di Bawah VWAP (Lemah),Akumulasi Pro (Smart Money),Gorengan Sepi (< 5M),Normal (50-150%),Mark-Up (Fase Pesta),Spesialis Tiang Jemuran (Banting Pucuk),Jarum Bawah (Sinyal Pantulan Kuat),Turun 2 Hari Beruntun,TP: 119 | CL: 100,Normal,Tidak Ideal (< 1:1),Netral / Sideways,Netral / Sepi Berita,Normal / Sedang Transisi,Mendekati Fibo 23.6%,4,WAIT & SEE,HOLD / NEUTRAL,0.0,MA20 di atas MA50 (Uptrend) | RSI Mendekati Jenuh Beli (63.0) | Harga di bawah VWAP Intraday,TIDAK ADA,2026-09-10 13:41:26,Biasa / Mengikuti Pasar
13:41,STAA,Token Mati (Perlu Update),Big Cap (Lapis 1),Fair Value (Wajar),8.664977,2.1483572,1275.0,1275.0,1255.0,1265.0,1185,1045,1320,-0.7843137254901961,2050800,Normal,68,Negatif,Uptrend,Bullish,Strong Bullish,Perfect Uptrend (5>20>50),Normal,Akumulasi (Naik),Normal,Seimbang / Adu Mekanik,Normal,Tinggi,Normal,Rawan Pucuk (High Risk),> 1 Miliar,Di Bawah VWAP (Lemah),Akumulasi Pro (Smart Money),Ritel Aktif (5M - 50M),Sepi (< 50%),Mark-Up (Fase Pesta),Normal,Normal,Turun 1 Hari Beruntun,TP: 1319 | CL: 1228,Open = High (Tekanan Jual),Tidak Ideal (< 1:1),Death Cross (Awal Bearish),Netral / Sepi Berita,Normal / Sedang Transisi,Mendekati Fibo 23.6%,5,WAIT & SEE,HOLD / NEUTRAL,0.0,MA20 di atas MA50 (Uptrend) | RSI Mendekati Jenuh Beli (68.0) | Harga di bawah VWAP Intraday,TIDAK ADA,2026-09-10 13:41:26,Biasa / Mengikuti Pasar
13:41,NANO,Token Mati (Perlu Update),Small Cap (Lapis 3),Undervalued (Murah),13.80368,0.90629876,38.0,40.0,36.0,37.0,33,29,40,0.0,62591600,Tembus MA20,64,Negatif,Uptrend,Bullish,Strong Bullish,Perfect Uptrend (5>20>50),Normal,Akumulasi (Naik),Gap Up (+2.7%),Dominan Jual (Guyur),Normal,Tinggi,Normal,Rawan Pucuk (High Risk),> 1 Miliar,Di Atas VWAP (Kuat),Akumulasi Pro (Smart Money),Gorengan Sepi (< 5M),Anomali Tinggi (150-300%),Mark-Up (Fase Pesta),Solid (Jarang Dibanting),Normal,Sideways / Stagnan,TP: 40 | CL: 34,Normal,Tidak Ideal (< 1:1),Death Cross (Awal Bearish),Netral / Sepi Berita,Normal / Sedang Transisi,Mendekati Fibo 23.6%,7,BELI,BUY,2.0,MA20 di atas MA50 (Uptrend) | RSI Mendekati Jenuh Beli (64.0) | Harga di atas VWAP Intraday,TIDAK ADA,2026-09-10 13:41:26,Biasa / Mengikuti Pasar
13:41,BIKE,Transaksi Sepi (Skip Broksum),Mid Cap (Lapis 2),Overvalued (Mahal),37.801743,24.79547,945.0,985.0,945.0,985.0,697,464,985,0.0,351700,Normal,74,Negatif,Uptrend,Bullish,Strong Bullish,Perfect Uptrend (5>20>50),Normal,Akumulasi (Naik),Gap Down (-4.1%),Dominan Beli (Hajar Kanan),Normal,Tinggi,Marubozu (Strong Bullish),Rawan Pucuk (High Risk),< 1 Miliar,Di Atas VWAP (Kuat),Akumulasi Pro (Smart Money),Gorengan Sepi (< 5M),Sepi (< 50%),Mark-Up (Fase Pesta),Normal,Normal,Sideways / Stagnan,TP: 1113 | CL: 899,Open = Low (Bullish Kuat),Tidak Ideal (< 1:1),Overbought (Jenuh Beli - Rawan),Netral / Sepi Berita,Normal / Sedang Transisi,Mengambang (Jauh dari Fibo),6,WAIT & SEE,HOLD / NEUTRAL,0.5,MA20 di atas MA50 (Uptrend) | RSI Overbought Pucuk (74.0) | Harga di atas VWAP Intraday,TIDAK ADA,2026-09-10 13:41:26,Biasa / Mengikuti Pasar
13:41,WIRG,Token Mati (Perlu Update),Small Cap (Lapis 3),Undervalued (Murah),11.764706,1.0712523,74.0,79.0,73.0,77.0,72,62,81,5.47945205479452,112647200,Normal,63,Positif,Uptrend,Bullish,Bearish MACD,Perfect Uptrend (5>20>50),Normal,Distribusi (Turun),Normal,Seimbang / Adu Mekanik,Normal,Tinggi,Normal,Rawan Pucuk (High Risk),> 1 Miliar,Di Atas VWAP (Kuat),Distribusi Pro (Guyuran),Ritel Aktif (5M - 50M),Normal (50-150%),Mark-Up (Fase Pesta),Spesialis Tiang Jemuran (Banting Pucuk),Normal,Naik 1 Hari Beruntun,TP: 84 | CL: 72,Normal,Tidak Ideal (< 1:1),Netral / Sideways,Netral / Sepi Berita,Normal / Sedang Transisi,Mendekati Fibo 23.6%,4,WAIT & SEE,BUY,2.0,MA20 di atas MA50 (Uptrend) | RSI Mendekati Jenuh Beli (63.0) | Harga di atas VWAP Intraday,TIDAK ADA,2026-09-10 13:41:26,Biasa / Mengikuti Pasar
13:41,SICO,Transaksi Sepi (Skip Broksum),Small Cap (Lapis 3),Undervalued (Murah),12.4354515,0.8020773,118.0,119.0,117.0,118.0,113,106,135,0.8547008547008548,1421300,Normal,61,Positif,Uptrend,Bullish,Strong Bullish,Perfect Uptrend (5>20>50),Normal,Akumulasi (Naik),Normal,Seimbang / Adu Mekanik,Normal,Sedang,Doji (Ragu-ragu),Rawan Pucuk (High Risk),< 1 Miliar,Di Atas VWAP (Kuat),Distribusi Pro (Guyuran),Gorengan Sepi (< 5M),Sepi (< 50%),Mark-Up (Fase Pesta),Normal,Normal,Naik 1 Hari Beruntun,TP: 125 | CL: 112,Normal,Menengah (1:1),Netral / Sideways,Netral / Sepi Berita,Normal / Sedang Transisi,Dekat Support Fibo 50.0%,6,WAIT & SEE,BUY,2.0,MA20 di atas MA50 (Uptrend) | RSI Mendekati Jenuh Beli (61.0) | Harga di atas VWAP Intraday,TIDAK ADA,2026-09-10 13:41:26,Biasa / Mengikuti Pasar
13:41,GOTO,Transaksi Sepi (Skip Broksum),Big Cap (Lapis 1),Fair Value (Wajar),0.0,1.6453322,50.0,50.0,50.0,50.0,50,50,50,0.0,7611300,Normal,0,Negatif,Downtrend,Bearish,Bearish MACD,Konsolidasi / Transisi,Normal,Netral,Normal,Tidak Ada Transaksi,Squeeze,Rendah,Doji (Ragu-ragu),Dekat Support (Low Risk),< 1 Miliar,Persis di VWAP,Netral,Gorengan Sepi (< 5M),Normal (50-150%),Sideways,Solid (Jarang Dibanting),Normal,Sideways / Stagnan,TP: 51 | CL: 49,Normal,Di Area Support,Oversold (Jenuh Jual - Peluang),Netral / Sepi Berita,Normal / Sedang Transisi,Normal / Sideways,0,WAIT & SEE,BUY,1.5,MA20 di bawah MA50 (Downtrend) | RSI Oversold Kuat (0.0) | Volatilitas Bollinger Squeeze (Siap Meledak),TIDAK ADA,2026-09-10 13:41:26,🔥 ANOMALI BANDAR (Siap Ledakan)
13:41,TLDN,Transaksi Sepi (Skip Broksum),Mid Cap (Lapis 2),Fair Value (Wajar),7.5469456,2.2269607,635.0,645.0,625.0,635.0,590,540,670,0.0,686300,Normal,67,Negatif,Uptrend,Bullish,Strong Bullish,Perfect Uptrend (5>20>50),Normal,Akumulasi (Naik),Normal,Seimbang / Adu Mekanik,Normal,Tinggi,Doji (Ragu-ragu),Rawan Pucuk (High Risk),< 1 Miliar,Di Bawah VWAP (Lemah),Akumulasi Pro (Smart Money),Gorengan Sepi (< 5M),Sepi (< 50%),Mark-Up (Fase Pesta),Normal,Normal,Sideways / Stagnan,TP: 675 | CL: 608,Normal,Tidak Ideal (< 1:1),Death Cross (Awal Bearish),Netral / Sepi Berita,Normal / Sedang Transisi,Mendekati Fibo 23.6%,5,WAIT & SEE,HOLD / NEUTRAL,0.0,MA20 di atas MA50 (Uptrend) | RSI Mendekati Jenuh Beli (67.0) | Harga di bawah VWAP Intraday,TIDAK ADA,2026-09-10 13:41:26,Biasa / Mengikuti Pasar
13:41,MTMH,Transaksi Sepi (Skip Broksum),Mid Cap (Lapis 2),Overvalued (Mahal),41.148735,1.2962428,960.0,960.0,950.0,960.0,960,890,1025,0.0,1600,Normal,51,Negatif,Downtrend,Bullish,Bearish MACD,Perfect Uptrend (5>20>50),Normal,Akumulasi (Naik),Normal,Dominan Beli (Hajar Kanan),Normal,Sedang,Doji (Ragu-ragu),Area Tengah,< 1 Miliar,Persis di VWAP,Distribusi Pro (Guyuran),Gorengan Sepi (< 5M),Sepi (< 50%),Sideways,Normal,Jarum Bawah (Sinyal Pantulan Kuat),Sideways / Stagnan,TP: 1014 | CL: 923,Normal,Tidak Ideal (< 1:1),Golden Cross (Awal Bullish),Netral / Sepi Berita,Normal / Sedang Transisi,Golden Rebound Fibo 50.0% 🎯,4,WAIT & SEE,BUY,1.5,MA20 di atas MA50 (Uptrend),TIDAK ADA,2026-09-10 13:41:26,Biasa / Mengikuti Pasar
13:41,WINR,Token Mati (Perlu Update),Small Cap (Lapis 3),Undervalued (Murah),0.034147624,0.43978494,31.0,31.0,31.0,31.0,24,19,31,0.0,60375300,Tembus MA20,74,Negatif,Uptrend,Bullish,Strong Bullish,Perfect Uptrend (5>20>50),Normal,Akumulasi (Naik),Normal,Tidak Ada Transaksi,Normal,Tinggi,Doji (Ragu-ragu),Rawan Pucuk (High Risk),> 1 Miliar,Di Atas VWAP (Kuat),Akumulasi Pro (Smart Money),Gorengan Sepi (< 5M),Normal (50-150%),Mark-Up (Fase Pesta),Normal,Normal,Sideways / Stagnan,TP: 33 | CL: 29,Normal,Tidak Ideal (< 1:1),Overbought (Jenuh Beli - Rawan),Netral / Sepi Berita,Normal / Sedang Transisi,Mengambang (Jauh dari Fibo),6,WAIT & SEE,HOLD / NEUTRAL,0.5,MA20 di atas MA50 (Uptrend) | RSI Overbought Pucuk (74.0) | Harga di atas VWAP Intraday,TIDAK ADA,2026-09-10 13:41:26,Biasa / Mengikuti Pasar
13:41,IBOS,Transaksi Sepi (Skip Broksum),Small Cap (Lapis 3),Overvalued (Mahal),384.6154,2.3541598,103.0,107.0,97.0,100.0,85,63,107,0.0,3435400,Normal,72,Negatif,Uptrend,Bullish,Strong Bullish,Perfect Uptrend (5>20>50),Normal,Akumulasi (Naik),Gap Up (+3.0%),Seimbang / Adu Mekanik,Normal,Tinggi,Normal,Rawan Pucuk (High Risk),< 1 Miliar,Di Atas VWAP (Kuat),Distribusi Pro (Guyuran),Gorengan Sepi (< 5M),Sepi (< 50%),Mark-Up (Fase Pesta),Normal,Normal,Sideways / Stagnan,TP: 113 | CL: 91,Normal,Tidak Ideal (< 1:1),Death Cross (Awal Bearish),Netral / Sepi Berita,Normal / Sedang Transisi,Mendekati Fibo 23.6%,6,WAIT & SEE,HOLD / NEUTRAL,0.5,MA20 di atas MA50 (Uptrend) | RSI Overbought Pucuk (72.0) | Harga di atas VWAP Intraday,TIDAK ADA,2026-09-10 13:41:26,Biasa / Mengikuti Pasar
13:41,OLIV,Token Mati (Perlu Update),Small Cap (Lapis 3),Overvalued (Mahal),72.289154,3.700381,72.0,75.0,63.0,66.0,50,44,75,-4.3478260869565215,125981000,Tembus MA20,76,Negatif,Uptrend,Bullish,Strong Bullish,Perfect Uptrend (5>20>50),Distribusi Kuat,Akumulasi (Naik),Gap Up (+4.3%),Dominan Jual (Guyur),Breakout Upper,Tinggi,Normal,Rawan Pucuk (High Risk),> 1 Miliar,Di Atas VWAP (Kuat),Akumulasi Pro (Smart Money),Gorengan Sepi (< 5M),Ledakan Ekstrem (> 300%),Mark-Up (Fase Pesta),Normal,Normal,Turun 1 Hari Beruntun,TP: 72 | CL: 61,Normal,Tidak Ideal (< 1:1),Death Cross (Awal Bearish),Netral / Sepi Berita,Supply Banjir (Distribusi) 🌊,Mendekati Fibo 38.2%,7,BELI,STRONG SELL,-3.0,MA20 di bawah MA50 (Downtrend) | RSI Overbought Pucuk (76.0) | Harga di atas VWAP Intraday | Volume Lonjak 7.1x MA20,TIDAK ADA,2026-09-10 13:41:26,🔥 ANOMALI BANDAR (Siap Ledakan)
13:41,ASHA,Token Mati (Perlu Update),Small Cap (Lapis 3),Fair Value (Wajar),0.0,2.7231607,61.0,61.0,58.0,59.0,58,54,65,-1.6666666666666667,24594800,Normal,53,Negatif,Uptrend,Bearish,Strong Bullish,Konsolidasi / Transisi,Normal,Akumulasi (Naik),Normal,Seimbang / Adu Mekanik,Normal,Sedang,Normal,Area Tengah,> 1 Miliar,Persis di VWAP,Akumulasi Pro (Smart Money),Gorengan Sepi (< 5M),Normal (50-150%),Mark-Up (Fase Pesta),Normal,Normal,Turun 1 Hari Beruntun,TP: 62 | CL: 56,Open = High (Tekanan Jual),Menengah (1:1),Netral / Sideways,Netral / Sepi Berita,Normal / Sedang Transisi,Dekat Support Fibo 50.0%,4,WAIT & SEE,BUY,1.5,MA20 di atas MA50 (Uptrend),TIDAK ADA,2026-09-10 13:41:26,Biasa / Mengikuti Pasar
13:41,SWID,Transaksi Sepi (Skip Broksum),Small Cap (Lapis 3),Fair Value (Wajar),0.0,2.4149768,121.0,122.0,119.0,120.0,117,101,148,0.0,1992700,Normal,60,Negatif,Uptrend,Bullish,Bearish MACD,Perfect Uptrend (5>20>50),Normal,Akumulasi (Naik),Normal,Seimbang / Adu Mekanik,Normal,Tinggi,Normal,Rawan Pucuk (High Risk),< 1 Miliar,Persis di VWAP,Distribusi Pro (Guyuran),Gorengan Sepi (< 5M),Sepi (< 50%),Mark-Up (Fase Pesta),Spesialis Tiang Jemuran (Banting Pucuk),Normal,Sideways / Stagnan,TP: 131 | CL: 112,Normal,Menengah (1:1),Netral / Sideways,Netral / Sepi Berita,Normal / Sedang Transisi,Mendekati Fibo 50.0%,4,WAIT & SEE,HOLD / NEUTRAL,1.0,MA20 di atas MA50 (Uptrend) | RSI Mendekati Jenuh Beli (60.0),TIDAK ADA,2026-09-10 13:41:26,Biasa / Mengikuti Pasar
13:41,TRGU,Transaksi Sepi (Skip Broksum),Mid Cap (Lapis 2),Overvalued (Mahal),131.61765,1.4490408,178.0,180.0,177.0,179.0,172,161,190,1.7045454545454544,60300,Normal,57,Positif,Uptrend,Bullish,Strong Bullish,Perfect Uptrend (5>20>50),Normal,Akumulasi (Naik),Normal,Seimbang / Adu Mekanik,Normal,Sedang,Normal,Rawan Pucuk (High Risk),< 1 Miliar,Persis di VWAP,Distribusi Pro (Guyuran),Gorengan Sepi (< 5M),Sepi (< 50%),Mark-Up (Fase Pesta),Spesialis Tiang Jemuran (Banting Pucuk),Normal,Naik 1 Hari Beruntun,TP: 192 | CL: 170,Normal,Tidak Ideal (< 1:1),Netral / Sideways,Netral / Sepi Berita,Normal / Sedang Transisi,Mendekati Fibo 61.8% (Golden Ratio),6,WAIT & SEE,HOLD / NEUTRAL,1.0,MA20 di atas MA50 (Uptrend) | RSI Mendekati Jenuh Beli (57.0),TIDAK ADA,2026-09-10 13:41:26,Biasa / Mengikuti Pasar
13:41,ARKO,Token Mati (Perlu Update),Big Cap (Lapis 1),Overvalued (Mahal),218.7358,25.531599,4840.0,4880.0,4770.0,4800.0,5049,4630,6100,0.41841004184100417,782500,Normal,46,Positif,Downtrend,Bearish,Strong Bearish,Konsolidasi / Transisi,Normal,Distribusi (Turun),Normal,Dominan Jual (Guyur),Normal,Tinggi,Normal,Area Tengah,> 1 Miliar,Persis di VWAP,Distribusi Pro (Guyuran),Ritel Aktif (5M - 50M),Sepi (< 50%),Distribution (Fase Jualan),Normal,Normal,Naik 1 Hari Beruntun,TP: 5149 | CL: 4566,Normal,Sangat Menarik (> 1:3),Oversold (Jenuh Jual - Peluang),Netral / Sepi Berita,Normal / Sedang Transisi,Mendekati Fibo 78.6%,1,WAIT & SEE,BUY,1.5,MA20 di atas MA50 (Uptrend),TIDAK ADA,2026-09-10 13:41:26,Biasa / Mengikuti Pasar
13:41,CHEM,Transaksi Sepi (Skip Broksum),Small Cap (Lapis 3),Fair Value (Wajar),0.0,1.0952245,73.0,74.0,72.0,73.0,70,67,76,0.0,4771000,Normal,64,Negatif,Uptrend,Bullish,Strong Bullish,Perfect Uptrend (5>20>50),Normal,Akumulasi (Naik),Normal,Seimbang / Adu Mekanik,Normal,Sedang,Doji (Ragu-ragu),Area Tengah,< 1 Miliar,Persis di VWAP,Distribusi Pro (Guyuran),Gorengan Sepi (< 5M),Sepi (< 50%),Mark-Up (Fase Pesta),Spesialis Tiang Jemuran (Banting Pucuk),Normal,Sideways / Stagnan,TP: 77 | CL: 69,Normal,Tidak Ideal (< 1:1),Death Cross (Awal Bearish),Netral / Sepi Berita,Normal / Sedang Transisi,Dekat Support Fibo 23.6%,5,WAIT & SEE,HOLD / NEUTRAL,1.0,MA20 di atas MA50 (Uptrend) | RSI Mendekati Jenuh Beli (64.0),TIDAK ADA,2026-09-10 13:41:26,Biasa / Mengikuti Pasar
13:41,DEWI,Token Mati (Perlu Update),Small Cap (Lapis 3),Fair Value (Wajar),0.0,1.9075674,159.0,160.0,156.0,158.0,150,131,160,-0.628930817610063,27699700,Normal,69,Negatif,Uptrend,Bullish,Bearish MACD,Perfect Uptrend (5>20>50),Normal,Distribusi (Turun),Normal,Seimbang / Adu Mekanik,Normal,Tinggi,Normal,Rawan Pucuk (High Risk),> 1 Miliar,Persis di VWAP,Akumulasi Pro (Smart Money),Ritel Aktif (5M - 50M),Normal (50-150%),Mark-Up (Fase Pesta),Solid (Jarang Dibanting),Normal,Turun 1 Hari Beruntun,TP: 165 | CL: 152,Normal,Tidak Ideal (< 1:1),Overbought (Jenuh Beli - Rawan),Netral / Sepi Berita,Normal / Sedang Transisi,Mengambang (Jauh dari Fibo),3,WAIT & SEE,HOLD / NEUTRAL,1.0,MA20 di atas MA50 (Uptrend) | RSI Mendekati Jenuh Beli (69.0),TIDAK ADA,2026-09-10 13:41:26,Biasa / Mengikuti Pasar
13:41,AXIO,Transaksi Sepi (Skip Broksum),Small Cap (Lapis 3),Fair Value (Wajar),0.0,1.2901533,116.0,119.0,116.0,117.0,115,111,124,0.8620689655172413,699200,Normal,57,Positif,Uptrend,Bullish,Bearish MACD,Perfect Uptrend (5>20>50),Normal,Akumulasi (Naik),Normal,Seimbang / Adu Mekanik,Squeeze,Rendah,Normal,Area Tengah,< 1 Miliar,Persis di VWAP,Distribusi Pro (Guyuran),Gorengan Sepi (< 5M),Sepi (< 50%),Mark-Up (Fase Pesta),Spesialis Tiang Jemuran (Banting Pucuk),Normal,Naik 1 Hari Beruntun,TP: 123 | CL: 112,Open = Low (Bullish Kuat),Menengah (1:1),Golden Cross (Awal Bullish),Netral / Sepi Berita,Normal / Sedang Transisi,Mendekati Fibo 61.8% (Golden Ratio),5,WAIT & SEE,BUY,2.0,MA20 di atas MA50 (Uptrend) | RSI Mendekati Jenuh Beli (57.0) | Volatilitas Bollinger Squeeze (Siap Meledak),TIDAK ADA,2026-09-10 13:41:26,Biasa / Mengikuti Pasar
13:41,KRYA,Transaksi Sepi (Skip Broksum),Small Cap (Lapis 3),Overvalued (Mahal),0.0,4.3119845,67.0,68.0,66.0,68.0,65,56,76,0.0,9855100,Normal,59,Negatif,Uptrend,Bullish,Strong Bullish,Perfect Uptrend (5>20>50),Normal,Distribusi (Turun),Normal,Dominan Beli (Hajar Kanan),Normal,Tinggi,Normal,Rawan Pucuk (High Risk),< 1 Miliar,Persis di VWAP,Akumulasi Pro (Smart Money),Gorengan Sepi (< 5M),Sepi (< 50%),Mark-Up (Fase Pesta),Normal,Normal,Sideways / Stagnan,TP: 75 | CL: 63,Normal,Tidak Ideal (< 1:1),Netral / Sideways,Netral / Sepi Berita,Normal / Sedang Transisi,Mendekati Fibo 38.2%,5,WAIT & SEE,HOLD / NEUTRAL,1.0,MA20 di atas MA50 (Uptrend) | RSI Mendekati Jenuh Beli (59.0),TIDAK ADA,2026-09-10 13:41:26,Biasa / Mengikuti Pasar
13:41,HATM,Token Mati (Perlu Update),Mid Cap (Lapis 2),Overvalued (Mahal),109.375,3.1532032,605.0,605.0,585.0,595.0,597,500,685,-1.6528925619834711,8808700,Normal,55,Negatif,Downtrend,Death Cross,Bearish MACD,Konsolidasi / Transisi,Normal,Akumulasi (Naik),Normal,Seimbang / Adu Mekanik,Normal,Tinggi,Normal,Rawan Pucuk (High Risk),> 1 Miliar,Persis di VWAP,Akumulasi Pro (Smart Money),Ritel Aktif (5M - 50M),Sepi (< 50%),Distribution (Fase Jualan),Normal,Normal,Turun 1 Hari Beruntun,TP: 661 | CL: 550,Open = High (Tekanan Jual),Tidak Ideal (< 1:1),Netral / Sideways,Netral / Sepi Berita,Normal / Sedang Transisi,Mengambang (Jauh dari Fibo),2,WAIT & SEE,BUY,1.5,MA20 di atas MA50 (Uptrend),TIDAK ADA,2026-09-10 13:41:26,Biasa / Mengikuti Pasar
13:41,RCCC,Transaksi Sepi (Skip Broksum),Small Cap (Lapis 3),Fair Value (Wajar),0.0,1.7680552,118.0,120.0,116.0,118.0,111,102,124,2.608695652173913,277500,Normal,64,Positif,Uptrend,Bullish,Bearish MACD,Perfect Uptrend (5>20>50),Normal,Akumulasi (Naik),Gap Up (+2.6%),Seimbang / Adu Mekanik,Normal,Tinggi,Doji (Ragu-ragu),Rawan Pucuk (High Risk),< 1 Miliar,Persis di VWAP,Akumulasi Pro (Smart Money),Gorengan Sepi (< 5M),Sepi (< 50%),Mark-Up (Fase Pesta),Spesialis Tiang Jemuran (Banting Pucuk),Normal,Naik 1 Hari Beruntun,TP: 126 | CL: 112,Normal,Tidak Ideal (< 1:1),Netral / Sideways,Netral / Sepi Berita,Normal / Sedang Transisi,Mendekati Fibo 23.6%,6,WAIT & SEE,HOLD / NEUTRAL,1.0,MA20 di atas MA50 (Uptrend) | RSI Mendekati Jenuh Beli (64.0),TIDAK ADA,2026-09-10 13:41:26,Biasa / Mengikuti Pasar
13:41,GULA,Token Mati (Perlu Update),Small Cap (Lapis 3),Overvalued (Mahal),0.0,6.0464907,810.0,815.0,805.0,810.0,765,660,815,0.6211180124223602,7832600,Normal,60,Positif,Uptrend,Bullish,Strong Bullish,Perfect Uptrend (5>20>50),Normal,Akumulasi (Naik),Normal,Seimbang / Adu Mekanik,Normal,Tinggi,Doji (Ragu-ragu),Rawan Pucuk (High Risk),> 1 Miliar,Di Atas VWAP (Kuat),Akumulasi Pro (Smart Money),Ritel Aktif (5M - 50M),Sepi (< 50%),Mark-Up (Fase Pesta),Solid (Jarang Dibanting),Normal,Naik 1 Hari Beruntun,TP: 853 | CL: 780,Normal,Tidak Ideal (< 1:1),Overbought (Jenuh Beli - Rawan),Netral / Sepi Berita,Normal / Sedang Transisi,Mendekati Fibo 23.6%,6,WAIT & SEE,BUY,2.0,MA20 di atas MA50 (Uptrend) | RSI Mendekati Jenuh Beli (60.0) | Harga di atas VWAP Intraday,TIDAK ADA,2026-09-10 13:41:26,Biasa / Mengikuti Pasar
13:41,JARR,Token Mati (Perlu Update),Big Cap (Lapis 1),Overvalued (Mahal),128.66505,17.079067,3470.0,3950.0,3340.0,3780.0,2968,1865,3950,10.850439882697946,35137800,Tembus MA20,80,Positif,Uptrend,Bullish,Strong Bullish,Perfect Uptrend (5>20>50),Normal,Akumulasi (Naik),Normal,Dominan Beli (Hajar Kanan),Normal,Tinggi,Normal,Rawan Pucuk (High Risk),> 1 Miliar,Di Atas VWAP (Kuat),Akumulasi Pro (Smart Money),Sultan (> 50M/hari),Anomali Tinggi (150-300%),Mark-Up (Fase Pesta),Spesialis Tiang Jemuran (Banting Pucuk),Normal,Naik 3 Hari Beruntun,TP: 4203 | CL: 3497,Normal,Tidak Ideal (< 1:1),Overbought (Jenuh Beli - Rawan),Netral / Sepi Berita,Normal / Sedang Transisi,Mengambang (Jauh dari Fibo),8,BELI,HOLD / NEUTRAL,0.6,MA20 di atas MA50 (Uptrend) | RSI Overbought Pucuk (80.0) | Harga di atas VWAP Intraday | Volume Lonjak 1.7x MA20,TIDAK ADA,2026-09-10 13:41:26,Biasa / Mengikuti Pasar
13:41,AMMS,Transaksi Sepi (Skip Broksum),Small Cap (Lapis 3),Overvalued (Mahal),0.0,3.797405,214.0,230.0,210.0,228.0,201,155,256,7.547169811320755,640800,Normal,52,Positif,Uptrend,Bullish,Bullish MACD,Awal Reversal (5>20),Normal,Distribusi (Turun),Normal,Dominan Beli (Hajar Kanan),Normal,Tinggi,Normal,Rawan Pucuk (High Risk),< 1 Miliar,Di Atas VWAP (Kuat),Akumulasi Pro (Smart Money),Gorengan Sepi (< 5M),Sepi (< 50%),Accumulation (Kumpul Barang),Solid (Jarang Dibanting),Normal,Naik 1 Hari Beruntun,TP: 260 | CL: 206,Normal,Tidak Ideal (< 1:1),Netral / Sideways,Netral / Sepi Berita,Normal / Sedang Transisi,Mengambang (Jauh dari Fibo),6,WAIT & SEE,HOLD / NEUTRAL,-0.5,MA20 di bawah MA50 (Downtrend) | Harga di atas VWAP Intraday,TIDAK ADA,2026-09-10 13:41:26,Biasa / Mengikuti Pasar
13:41,KKES,Token Mati (Perlu Update),Small Cap (Lapis 3),Fair Value (Wajar),0.0,2.2135355,95.0,96.0,92.0,94.0,79,60,119,-2.083333333333333,25946200,Normal,67,Negatif,Uptrend,Bullish,Strong Bullish,Perfect Uptrend (5>20>50),Normal,Akumulasi (Naik),Normal,Seimbang / Adu Mekanik,Normal,Tinggi,Normal,Rawan Pucuk (High Risk),> 1 Miliar,Di Bawah VWAP (Lemah),Distribusi Pro (Guyuran),Ritel Aktif (5M - 50M),Sepi (< 50%),Mark-Up (Fase Pesta),Normal,Normal,Turun 1 Hari Beruntun,TP: 109 | CL: 83,Normal,Tidak Ideal (< 1:1),Netral / Sideways,Netral / Sepi Berita,Normal / Sedang Transisi,Mengambang (Jauh dari Fibo),5,WAIT & SEE,HOLD / NEUTRAL,0.0,MA20 di atas MA50 (Uptrend) | RSI Mendekati Jenuh Beli (67.0) | Harga di bawah VWAP Intraday,TIDAK ADA,2026-09-10 13:41:26,Biasa / Mengikuti Pasar
13:41,ELPI,Token Mati (Perlu Update),Mid Cap (Lapis 2),Overvalued (Mahal),48.172756,2.1146274,770.0,770.0,710.0,725.0,679,615,775,-4.605263157894736,3487900,Tembus MA20,50,Negatif,Uptrend,Bullish,Bullish MACD,Awal Reversal (5>20),Normal,Akumulasi (Naik),Normal,Dominan Jual (Guyur),Normal,Tinggi,Normal,Rawan Pucuk (High Risk),> 1 Miliar,Persis di VWAP,Akumulasi Pro (Smart Money),Gorengan Sepi (< 5M),Normal (50-150%),Accumulation (Kumpul Barang),Normal,Normal,Turun 1 Hari Beruntun,TP: 782 | CL: 686,Open = High (Tekanan Jual),Tidak Ideal (< 1:1),Netral / Sideways,Netral / Sepi Berita,Supply Banjir (Distribusi) 🌊,Mengambang (Jauh dari Fibo),5,WAIT & SEE,SELL,-1.8,MA20 di bawah MA50 (Downtrend) | Volume Lonjak 1.8x MA20,TIDAK ADA,2026-09-10 13:41:26,Biasa / Mengikuti Pasar
13:41,EURO,Transaksi Sepi (Skip Broksum),Mid Cap (Lapis 2),Overvalued (Mahal),1965.2777,69.92834,1440.0,1440.0,1350.0,1385.0,1515,1270,1930,-3.8194444444444446,154700,Normal,36,Negatif,Downtrend,Bearish,Bullish MACD,Strong Downtrend (5<20<50),Normal,Akumulasi (Naik),Normal,Seimbang / Adu Mekanik,Normal,Tinggi,Normal,Area Tengah,< 1 Miliar,Di Bawah VWAP (Lemah),Akumulasi Pro (Smart Money),Gorengan Sepi (< 5M),Sepi (< 50%),Mark-Down (Fase Runtuh),Normal,Normal,Turun 1 Hari Beruntun,TP: 1572 | CL: 1260,Open = High (Tekanan Jual),Sangat Menarik (> 1:3),Netral / Sideways,Netral / Sepi Berita,Normal / Sedang Transisi,Dekat Support Fibo 78.6%,2,WAIT & SEE,SELL,-2.0,MA20 di bawah MA50 (Downtrend) | RSI Rebound Area Murah (36.0) | Harga di bawah VWAP Intraday,TIDAK ADA,2026-09-10 13:41:26,Biasa / Mengikuti Pasar
13:41,KLIN,Transaksi Sepi (Skip Broksum),Small Cap (Lapis 3),Overvalued (Mahal),0.0,5.722783,115.0,127.0,115.0,127.0,116,108,127,9.482758620689655,2040100,Tembus MA20,64,Positif,Uptrend,Golden Cross,Strong Bullish,Perfect Uptrend (5>20>50),Akumulasi Kuat,Akumulasi (Naik),Normal,Dominan Beli (Hajar Kanan),Breakout Upper,Sedang,Marubozu (Strong Bullish),Rawan Pucuk (High Risk),< 1 Miliar,Di Atas VWAP (Kuat),Akumulasi Pro (Smart Money),Gorengan Sepi (< 5M),Ledakan Ekstrem (> 300%),Mark-Up (Fase Pesta),Normal,Normal,Naik 2 Hari Beruntun,TP: 139 | CL: 118,Open = Low (Bullish Kuat),Tidak Ideal (< 1:1),Netral / Sideways,Netral / Sepi Berita,Normal / Sedang Transisi,Mendekati Fibo 38.2%,9,BELI,BUY,2.4,MA20 di atas MA50 (Uptrend) | RSI Mendekati Jenuh Beli (64.0) | Harga di atas VWAP Intraday | Volume Lonjak 5.0x MA20,TIDAK ADA,2026-09-10 13:41:26,Biasa / Mengikuti Pasar
13:41,TOOL,Token Mati (Perlu Update),Small Cap (Lapis 3),Fair Value (Wajar),0.0,0.8118554,72.0,73.0,70.0,71.0,67,62,87,-1.3888888888888888,33486500,Normal,58,Negatif,Uptrend,Bullish,Strong Bullish,Perfect Uptrend (5>20>50),Normal,Akumulasi (Naik),Normal,Seimbang / Adu Mekanik,Normal,Tinggi,Normal,Rawan Pucuk (High Risk),> 1 Miliar,Di Bawah VWAP (Lemah),Distribusi Pro (Guyuran),Ritel Aktif (5M - 50M),Sepi (< 50%),Mark-Up (Fase Pesta),Spesialis Tiang Jemuran (Banting Pucuk),Normal,Turun 1 Hari Beruntun,TP: 78 | CL: 65,Normal,Ideal (1:2),Netral / Sideways,Netral / Sepi Berita,Normal / Sedang Transisi,Dekat Support Fibo 50.0%,5,WAIT & SEE,HOLD / NEUTRAL,0.0,MA20 di atas MA50 (Uptrend) | RSI Mendekati Jenuh Beli (58.0) | Harga di bawah VWAP Intraday,TIDAK ADA,2026-09-10 13:41:26,Biasa / Mengikuti Pasar
13:41,BUAH,Transaksi Sepi (Skip Broksum),Small Cap (Lapis 3),Overvalued (Mahal),19.722773,5.084954,500.0,500.0,494.0,498.0,506,490,520,0.0,210000,Normal,37,Negatif,Downtrend,Bearish,Strong Bearish,Strong Downtrend (5<20<50),Normal,Distribusi (Turun),Normal,Seimbang / Adu Mekanik,Squeeze,Rendah,Normal,Dekat Support (Low Risk),< 1 Miliar,Persis di VWAP,Akumulasi Pro (Smart Money),Gorengan Sepi (< 5M),Normal (50-150%),Mark-Down (Fase Runtuh),Normal,Normal,Sideways / Stagnan,TP: 519 | CL: 484,Open = High (Tekanan Jual),Ideal (1:2),Netral / Sideways,Netral / Sepi Berita,Normal / Sedang Transisi,Dekat Support Fibo 78.6%,0,WAIT & SEE,HOLD / NEUTRAL,0.0,MA20 di bawah MA50 (Downtrend) | RSI Rebound Area Murah (37.0) | Volatilitas Bollinger Squeeze (Siap Meledak),TIDAK ADA,2026-09-10 13:41:26,Biasa / Mengikuti Pasar
13:41,CRAB,Transaksi Sepi (Skip Broksum),Small Cap (Lapis 3),Fair Value (Wajar),0.0,1.7525525,218.0,226.0,214.0,218.0,212,200,254,0.0,816700,Normal,62,Negatif,Uptrend,Bullish,Strong Bullish,Perfect Uptrend (5>20>50),Normal,Akumulasi (Naik),Normal,Seimbang / Adu Mekanik,Normal,Sedang,Doji (Ragu-ragu),Area Tengah,< 1 Miliar,Di Bawah VWAP (Lemah),Distribusi Pro (Guyuran),Gorengan Sepi (< 5M),Sepi (< 50%),Mark-Up (Fase Pesta),Normal,Normal,Sideways / Stagnan,TP: 230 | CL: 209,Normal,Ideal (1:2),Netral / Sideways,Netral / Sepi Berita,Normal / Sedang Transisi,Mendekati Fibo 78.6%,5,WAIT & SEE,HOLD / NEUTRAL,0.0,MA20 di atas MA50 (Uptrend) | RSI Mendekati Jenuh Beli (62.0) | Harga di bawah VWAP Intraday,TIDAK ADA,2026-09-10 13:41:26,Biasa / Mengikuti Pasar
13:41,MEDS,Token Mati (Perlu Update),Small Cap (Lapis 3),Fair Value (Wajar),0.0,2.9245405,93.0,95.0,89.0,91.0,76,68,126,-1.0869565217391304,101245600,Normal,63,Negatif,Uptrend,Bullish,Strong Bullish,Perfect Uptrend (5>20>50),Normal,Akumulasi (Naik),Normal,Seimbang / Adu Mekanik,Normal,Tinggi,Normal,Rawan Pucuk (High Risk),> 1 Miliar,Di Bawah VWAP (Lemah),Distribusi Pro (Guyuran),Sultan (> 50M/hari),Sepi (< 50%),Mark-Up (Fase Pesta),Spesialis Tiang Jemuran (Banting Pucuk),Normal,Turun 2 Hari Beruntun,TP: 102 | CL: 83,Normal,Ideal (1:2),Netral / Sideways,Netral / Sepi Berita,Supply Banjir (Distribusi) 🌊,Mengambang (Jauh dari Fibo),5,WAIT & SEE,STRONG SELL,-3.0,MA20 di bawah MA50 (Downtrend) | RSI Mendekati Jenuh Beli (63.0) | Harga di bawah VWAP Intraday,TIDAK ADA,2026-09-10 13:41:26,Biasa / Mengikuti Pasar
13:41,PRAY,Transaksi Sepi (Skip Broksum),Big Cap (Lapis 1),Overvalued (Mahal),56.603775,3.1807966,750.0,750.0,750.0,750.0,758,705,800,1.3513513513513513,100,Normal,51,Positif,Downtrend,Bearish,Bearish MACD,Konsolidasi / Transisi,Normal,Distribusi (Turun),Normal,Tidak Ada Transaksi,Squeeze,Rendah,Doji (Ragu-ragu),Area Tengah,< 1 Miliar,Persis di VWAP,Distribusi Pro (Guyuran),Gorengan Sepi (< 5M),Sepi (< 50%),Distribution (Fase Jualan),Normal,Normal,Naik 1 Hari Beruntun,TP: 785 | CL: 726,Normal,Menengah (1:1),Netral / Sideways,Netral / Sepi Berita,Supply Kering (Siap Pump) 🏜️,Mendekati Fibo 50.0%,2,WAIT & SEE,BUY,2.5,MA20 di atas MA50 (Uptrend) | Volatilitas Bollinger Squeeze (Siap Meledak),TIDAK ADA,2026-09-10 13:41:26,Biasa / Mengikuti Pasar
13:41,CBUT,Transaksi Sepi (Skip Broksum),Mid Cap (Lapis 2),Overvalued (Mahal),14.56635,3.0669928,1035.0,1085.0,1000.0,1085.0,877,745,1100,4.830917874396135,820100,Tembus MA20,74,Positif,Uptrend,Bullish,Strong Bullish,Perfect Uptrend (5>20>50),Normal,Akumulasi (Naik),Normal,Dominan Beli (Hajar Kanan),Breakout Upper,Tinggi,Normal,Rawan Pucuk (High Risk),< 1 Miliar,Di Atas VWAP (Kuat),Akumulasi Pro (Smart Money),Gorengan Sepi (< 5M),Normal (50-150%),Mark-Up (Fase Pesta),Normal,Normal,Naik 3 Hari Beruntun,TP: 1211 | CL: 1000,Normal,Tidak Ideal (< 1:1),Overbought (Jenuh Beli - Rawan),Netral / Sepi Berita,Normal / Sedang Transisi,Mengambang (Jauh dari Fibo),8,BELI,HOLD / NEUTRAL,0.5,MA20 di atas MA50 (Uptrend) | RSI Overbought Pucuk (74.0) | Harga di atas VWAP Intraday,TIDAK ADA,2026-09-10 13:41:26,Biasa / Mengikuti Pasar
13:41,BELI,Token Mati (Perlu Update),Big Cap (Lapis 1),Overvalued (Mahal),0.0,4.589426,304.0,336.0,300.0,306.0,292,250,406,2.684563758389262,9022000,Tembus MA20,53,Positif,Uptrend,Bullish,Strong Bullish,Perfect Uptrend (5>20>50),Akumulasi Kuat,Distribusi (Turun),Gap Up (+2.0%),Dominan Jual (Guyur),Normal,Tinggi,Doji (Ragu-ragu),Rawan Pucuk (High Risk),> 1 Miliar,Di Bawah VWAP (Lemah),Distribusi Pro (Guyuran),Gorengan Sepi (< 5M),Anomali Tinggi (150-300%),Mark-Up (Fase Pesta),Spesialis Tiang Jemuran (Banting Pucuk),Normal,Naik 1 Hari Beruntun,TP: 354 | CL: 273,Normal,Ideal (1:2),Netral / Sideways,Netral / Sepi Berita,Normal / Sedang Transisi,Mengambang (Jauh dari Fibo),8,BELI,HOLD / NEUTRAL,0.6,MA20 di atas MA50 (Uptrend) | Harga di bawah VWAP Intraday | Volume Lonjak 2.7x MA20,TIDAK ADA,2026-09-10 13:41:26,Biasa / Mengikuti Pasar
13:41,MKTR,Transaksi Sepi (Skip Broksum),Mid Cap (Lapis 2),Overvalued (Mahal),26.114649,2.191888,124.0,124.0,123.0,123.0,122,118,133,-0.8064516129032258,78900,Normal,52,Negatif,Uptrend,Bullish,Strong Bullish,Perfect Uptrend (5>20>50),Normal,Distribusi (Turun),Normal,Dominan Jual (Guyur),Squeeze,Rendah,Normal,Area Tengah,< 1 Miliar,Persis di VWAP,Akumulasi Pro (Smart Money),Gorengan Sepi (< 5M),Sepi (< 50%),Mark-Up (Fase Pesta),Normal,Normal,Turun 1 Hari Beruntun,TP: 129 | CL: 118,Open = High (Tekanan Jual),Ideal (1:2),Netral / Sideways,Netral / Sepi Berita,Supply Kering (Siap Pump) 🏜️,Mengambang (Jauh dari Fibo),4,WAIT & SEE,BUY,2.5,MA20 di atas MA50 (Uptrend) | Volatilitas Bollinger Squeeze (Siap Meledak),TIDAK ADA,2026-09-10 13:41:26,Biasa / Mengikuti Pasar
13:41,OMED,Token Mati (Perlu Update),Mid Cap (Lapis 2),Fair Value (Wajar),13.741411,2.099958,216.0,220.0,212.0,220.0,234,212,300,1.8518518518518516,9845400,Normal,43,Positif,Downtrend,Death Cross,Bearish MACD,Konsolidasi / Transisi,Normal,Akumulasi (Naik),Normal,Dominan Beli (Hajar Kanan),Normal,Tinggi,Normal,Area Tengah,> 1 Miliar,Di Bawah VWAP (Lemah),Distribusi Pro (Guyuran),Ritel Aktif (5M - 50M),Sepi (< 50%),Distribution (Fase Jualan),Normal,Normal,Naik 1 Hari Beruntun,TP: 242 | CL: 204,Normal,Sangat Menarik (> 1:3),Oversold (Jenuh Jual - Peluang),Netral / Sepi Berita,Normal / Sedang Transisi,Mengambang (Jauh dari Fibo),3,WAIT & SEE,HOLD / NEUTRAL,1.0,MA20 di atas MA50 (Uptrend) | RSI Rebound Area Murah (43.0) | Harga di bawah VWAP Intraday,TIDAK ADA,2026-09-10 13:41:26,Biasa / Mengikuti Pasar
13:41,BSBK,Transaksi Sepi (Skip Broksum),Mid Cap (Lapis 2),Fair Value (Wajar),16.666666,0.57014495,50.0,50.0,50.0,50.0,51,50,55,0.0,1908200,Normal,37,Negatif,Downtrend,Bearish,Strong Bearish,Strong Downtrend (5<20<50),Normal,Netral,Normal,Tidak Ada Transaksi,Normal,Sedang,Doji (Ragu-ragu),Dekat Support (Low Risk),< 1 Miliar,Persis di VWAP,Netral,Gorengan Sepi (< 5M),Normal (50-150%),Mark-Down (Fase Runtuh),Normal,Normal,Sideways / Stagnan,TP: 50 | CL: 49,Normal,Di Area Support,Oversold (Jenuh Jual - Peluang),Netral / Sepi Berita,Normal / Sedang Transisi,Golden Rebound Fibo Bottom / 100% 🎯,0,WAIT & SEE,HOLD / NEUTRAL,-1.0,MA20 di bawah MA50 (Downtrend) | RSI Rebound Area Murah (37.0),TIDAK ADA,2026-09-10 13:41:26,Biasa / Mengikuti Pasar
13:41,PDPP,Transaksi Sepi (Skip Broksum),Mid Cap (Lapis 2),Fair Value (Wajar),14.390349,2.1612809,328.0,344.0,320.0,334.0,321,280,382,2.4539877300613497,778800,Tembus MA20,64,Positif,Uptrend,Bullish,Bearish MACD,Perfect Uptrend (5>20>50),Akumulasi Kuat,Akumulasi (Naik),Normal,Seimbang / Adu Mekanik,Normal,Tinggi,Normal,Rawan Pucuk (High Risk),< 1 Miliar,Di Atas VWAP (Kuat),Akumulasi Pro (Smart Money),Gorengan Sepi (< 5M),Anomali Tinggi (150-300%),Mark-Up (Fase Pesta),Normal,Normal,Naik 2 Hari Beruntun,TP: 369 | CL: 310,Normal,Tidak Ideal (< 1:1),Golden Cross (Awal Bullish),Netral / Sepi Berita,Normal / Sedang Transisi,Mendekati Fibo 38.2%,7,BELI,BUY,2.4,MA20 di atas MA50 (Uptrend) | RSI Mendekati Jenuh Beli (64.0) | Harga di atas VWAP Intraday | Volume Lonjak 2.8x MA20,TIDAK ADA,2026-09-10 13:41:26,Biasa / Mengikuti Pasar
13:41,KDTN,Transaksi Sepi (Skip Broksum),Small Cap (Lapis 3),Overvalued (Mahal),0.0,7.424594,420.0,422.0,414.0,418.0,383,326,454,-0.4761904761904762,2377400,Normal,52,Negatif,Uptrend,Bullish,Bullish MACD,Awal Reversal (5>20),Normal,Distribusi (Turun),Normal,Seimbang / Adu Mekanik,Normal,Tinggi,Normal,Rawan Pucuk (High Risk),< 1 Miliar,Di Bawah VWAP (Lemah),Distribusi Pro (Guyuran),Gorengan Sepi (< 5M),Sepi (< 50%),Accumulation (Kumpul Barang),Spesialis Tiang Jemuran (Banting Pucuk),Normal,Turun 2 Hari Beruntun,TP: 467 | CL: 384,Normal,Tidak Ideal (< 1:1),Death Cross (Awal Bearish),Netral / Sepi Berita,Normal / Sedang Transisi,Mengambang (Jauh dari Fibo),4,WAIT & SEE,SELL,-2.5,MA20 di bawah MA50 (Downtrend) | Harga di bawah VWAP Intraday,TIDAK ADA,2026-09-10 13:41:26,Biasa / Mengikuti Pasar
13:41,ZATA,Token Mati (Perlu Update),Small Cap (Lapis 3),Fair Value (Wajar),0.0,1.7032459,72.0,74.0,70.0,71.0,68,63,75,-1.3888888888888888,115505600,Tembus MA20,57,Negatif,Uptrend,Golden Cross,Bearish MACD,Perfect Uptrend (5>20>50),Normal,Akumulasi (Naik),Normal,Dominan Jual (Guyur),Normal,Sedang,Normal,Rawan Pucuk (High Risk),> 1 Miliar,Persis di VWAP,Distribusi Pro (Guyuran),Ritel Aktif (5M - 50M),Normal (50-150%),Mark-Up (Fase Pesta),Solid (Jarang Dibanting),Normal,Turun 1 Hari Beruntun,TP: 77 | CL: 67,Normal,Tidak Ideal (< 1:1),Netral / Sideways,Netral / Sepi Berita,Supply Banjir (Distribusi) 🌊,Mendekati Fibo 50.0%,5,WAIT & SEE,HOLD / NEUTRAL,1.0,MA20 di atas MA50 (Uptrend) | RSI Mendekati Jenuh Beli (57.0),TIDAK ADA,2026-09-10 13:41:26,Biasa / Mengikuti Pasar
13:41,NINE,Token Mati (Perlu Update),Small Cap (Lapis 3),Overvalued (Mahal),0.0,8.075371,100.0,100.0,95.0,95.0,90,75,110,-3.061224489795918,12260900,Normal,57,Negatif,Uptrend,Bullish,Strong Bullish,Perfect Uptrend (5>20>50),Normal,Distribusi (Turun),Gap Up (+2.0%),Dominan Jual (Guyur),Normal,Tinggi,Normal,Rawan Pucuk (High Risk),> 1 Miliar,Di Bawah VWAP (Lemah),Distribusi Pro (Guyuran),Gorengan Sepi (< 5M),Normal (50-150%),Mark-Up (Fase Pesta),Normal,Normal,Turun 2 Hari Beruntun,TP: 108 | CL: 85,Open = High (Tekanan Jual),Tidak Ideal (< 1:1),Netral / Sideways,Netral / Sepi Berita,Normal / Sedang Transisi,Dekat Support Fibo 38.2%,5,WAIT & SEE,HOLD / NEUTRAL,0.0,MA20 di atas MA50 (Uptrend) | RSI Mendekati Jenuh Beli (57.0) | Harga di bawah VWAP Intraday,TIDAK ADA,2026-09-10 13:41:26,Biasa / Mengikuti Pasar
13:41,MMIX,Token Mati (Perlu Update),Mid Cap (Lapis 2),Overvalued (Mahal),5.284553,21.590822,835.0,845.0,835.0,840.0,785,725,845,0.5988023952095809,28282400,Normal,71,Positif,Uptrend,Bullish,Strong Bullish,Perfect Uptrend (5>20>50),Normal,Akumulasi (Naik),Normal,Seimbang / Adu Mekanik,Breakout Upper,Sedang,Normal,Rawan Pucuk (High Risk),> 1 Miliar,Di Atas VWAP (Kuat),Akumulasi Pro (Smart Money),Ritel Aktif (5M - 50M),Normal (50-150%),Mark-Up (Fase Pesta),Normal,Normal,Naik 7 Hari Beruntun,TP: 876 | CL: 815,Open = Low (Bullish Kuat),Tidak Ideal (< 1:1),Overbought (Jenuh Beli - Rawan),Netral / Sepi Berita,Normal / Sedang Transisi,Mendekati Fibo 23.6%,6,WAIT & SEE,HOLD / NEUTRAL,0.5,MA20 di atas MA50 (Uptrend) | RSI Overbought Pucuk (71.0) | Harga di atas VWAP Intraday,TIDAK ADA,2026-09-10 13:41:26,Biasa / Mengikuti Pasar
13:41,PADA,Token Mati (Perlu Update),Small Cap (Lapis 3),Overvalued (Mahal),0.0,5.49747,222.0,222.0,204.0,214.0,216,170,252,-2.727272727272727,29878200,Normal,56,Negatif,Downtrend,Bullish,Bearish MACD,Perfect Uptrend (5>20>50),Normal,Distribusi (Turun),Normal,Seimbang / Adu Mekanik,Normal,Tinggi,Normal,Rawan Pucuk (High Risk),> 1 Miliar,Di Bawah VWAP (Lemah),Distribusi Pro (Guyuran),Ritel Aktif (5M - 50M),Sepi (< 50%),Distribution (Fase Jualan),Normal,Normal,Turun 1 Hari Beruntun,TP: 241 | CL: 195,Open = High (Tekanan Jual),Tidak Ideal (< 1:1),Netral / Sideways,Netral / Sepi Berita,Normal / Sedang Transisi,Dekat Support Fibo 23.6%,2,WAIT & SEE,HOLD / NEUTRAL,0.0,MA20 di atas MA50 (Uptrend) | RSI Mendekati Jenuh Beli (56.0) | Harga di bawah VWAP Intraday,TIDAK ADA,2026-09-10 13:41:26,Biasa / Mengikuti Pasar
13:41,ISAP,Token Mati (Perlu Update),Small Cap (Lapis 3),Fair Value (Wajar),0.0,0.6788072,28.0,29.0,28.0,29.0,24,22,29,7.4074074074074066,54189700,Tembus MA20,72,Positif,Uptrend,Bullish,Strong Bullish,Perfect Uptrend (5>20>50),Normal,Akumulasi (Naik),Gap Up (+3.7%),Dominan Beli (Hajar Kanan),Breakout Upper,Tinggi,Marubozu (Strong Bullish),Rawan Pucuk (High Risk),> 1 Miliar,Di Atas VWAP (Kuat),Akumulasi Pro (Smart Money),Gorengan Sepi (< 5M),Normal (50-150%),Mark-Up (Fase Pesta),Normal,Normal,Naik 3 Hari Beruntun,TP: 31 | CL: 27,Open = Low (Bullish Kuat),Tidak Ideal (< 1:1),Overbought (Jenuh Beli - Rawan),Netral / Sepi Berita,Normal / Sedang Transisi,Mengambang (Jauh dari Fibo),9,BELI,STRONG SELL,-3.0,MA20 di bawah MA50 (Downtrend) | RSI Overbought Pucuk (72.0) | Harga di atas VWAP Intraday | Volume Lonjak 1.7x MA20,TIDAK ADA,2026-09-10 13:41:26,Biasa / Mengikuti Pasar
13:41,VTNY,Transaksi Sepi (Skip Broksum),Small Cap (Lapis 3),Overvalued (Mahal),130.0,1.1662854,79.0,80.0,77.0,78.0,78,66,98,-1.2658227848101267,11633100,Normal,54,Negatif,Downtrend,Death Cross,Bearish MACD,Konsolidasi / Transisi,Normal,Akumulasi (Naik),Normal,Seimbang / Adu Mekanik,Normal,Tinggi,Normal,Rawan Pucuk (High Risk),< 1 Miliar,Persis di VWAP,Distribusi Pro (Guyuran),Gorengan Sepi (< 5M),Sepi (< 50%),Distribution (Fase Jualan),Spesialis Tiang Jemuran (Banting Pucuk),Normal,Turun 1 Hari Beruntun,TP: 86 | CL: 72,Normal,Ideal (1:2),Oversold (Jenuh Jual - Peluang),Netral / Sepi Berita,Normal / Sedang Transisi,Mendekati Fibo 50.0%,2,WAIT & SEE,BUY,1.5,MA20 di atas MA50 (Uptrend),TIDAK ADA,2026-09-10 13:41:26,Biasa / Mengikuti Pasar
13:41,ELIT,Token Mati (Perlu Update),Small Cap (Lapis 3),Overvalued (Mahal),0.0,3.0647836,272.0,280.0,266.0,268.0,234,169,304,-0.7407407407407408,5790000,Normal,65,Negatif,Uptrend,Bullish,Strong Bullish,Perfect Uptrend (5>20>50),Normal,Distribusi (Turun),Normal,Dominan Jual (Guyur),Normal,Tinggi,Normal,Rawan Pucuk (High Risk),> 1 Miliar,Di Bawah VWAP (Lemah),Distribusi Pro (Guyuran),Ritel Aktif (5M - 50M),Sepi (< 50%),Mark-Up (Fase Pesta),Spesialis Tiang Jemuran (Banting Pucuk),Normal,Turun 4 Hari Beruntun,TP: 313 | CL: 237,Normal,Tidak Ideal (< 1:1),Death Cross (Awal Bearish),Netral / Sepi Berita,Normal / Sedang Transisi,Mengambang (Jauh dari Fibo),4,WAIT & SEE,HOLD / NEUTRAL,0.0,MA20 di atas MA50 (Uptrend) | RSI Mendekati Jenuh Beli (65.0) | Harga di bawah VWAP Intraday,TIDAK ADA,2026-09-10 13:41:26,Biasa / Mengikuti Pasar
13:41,BEER,Transaksi Sepi (Skip Broksum),Small Cap (Lapis 3),Fair Value (Wajar),0.0,1.3984822,80.0,83.0,79.0,82.0,80,72,98,2.5,8500200,Normal,54,Positif,Uptrend,Bullish,Bearish MACD,Perfect Uptrend (5>20>50),Normal,Distribusi (Turun),Normal,Dominan Beli (Hajar Kanan),Normal,Tinggi,Normal,Rawan Pucuk (High Risk),< 1 Miliar,Persis di VWAP,Distribusi Pro (Guyuran),Gorengan Sepi (< 5M),Sepi (< 50%),Mark-Up (Fase Pesta),Spesialis Tiang Jemuran (Banting Pucuk),Normal,Naik 1 Hari Beruntun,TP: 90 | CL: 76,Normal,Ideal (1:2),Golden Cross (Awal Bullish),Netral / Sepi Berita,Normal / Sedang Transisi,Mendekati Fibo 61.8% (Golden Ratio),5,WAIT & SEE,BUY,1.5,MA20 di atas MA50 (Uptrend),TIDAK ADA,2026-09-10 13:41:26,Biasa / Mengikuti Pasar
13:41,CBPE,Transaksi Sepi (Skip Broksum),Small Cap (Lapis 3),Fair Value (Wajar),0.0,1.8805189,494.0,545.0,486.0,496.0,519,452,595,0.4048582995951417,110200,Normal,53,Positif,Downtrend,Bearish,Bearish MACD,Konsolidasi / Transisi,Normal,Distribusi (Turun),Normal,Dominan Jual (Guyur),Normal,Tinggi,Doji (Ragu-ragu),Area Tengah,< 1 Miliar,Di Bawah VWAP (Lemah),Distribusi Pro (Guyuran),Gorengan Sepi (< 5M),Sepi (< 50%),Distribution (Fase Jualan),Spesialis Tiang Jemuran (Banting Pucuk),Normal,Naik 1 Hari Beruntun,TP: 555 | CL: 456,Normal,Ideal (1:2),Netral / Sideways,Netral / Sepi Berita,Normal / Sedang Transisi,Mengambang (Jauh dari Fibo),2,WAIT & SEE,HOLD / NEUTRAL,0.5,MA20 di atas MA50 (Uptrend) | Harga di bawah VWAP Intraday,TIDAK ADA,2026-09-10 13:41:26,Biasa / Mengikuti Pasar
13:41,SUNI,Transaksi Sepi (Skip Broksum),Mid Cap (Lapis 2),Fair Value (Wajar),10.385535,1.896332,695.0,695.0,685.0,695.0,710,670,730,-0.7142857142857143,454000,Tembus MA20,46,Negatif,Downtrend,Bearish,Bearish MACD,Konsolidasi / Transisi,Normal,Distribusi (Turun),Normal,Dominan Beli (Hajar Kanan),Squeeze,Rendah,Doji (Ragu-ragu),Area Tengah,< 1 Miliar,Persis di VWAP,Akumulasi Pro (Smart Money),Gorengan Sepi (< 5M),Normal (50-150%),Distribution (Fase Jualan),Solid (Jarang Dibanting),Jarum Bawah (Sinyal Pantulan Kuat),Turun 1 Hari Beruntun,TP: 718 | CL: 679,Normal,Menengah (1:1),Netral / Sideways,Netral / Sepi Berita,Normal / Sedang Transisi,Mendekati Fibo 38.2%,2,WAIT & SEE,BUY,2.5,MA20 di atas MA50 (Uptrend) | Volatilitas Bollinger Squeeze (Siap Meledak),TIDAK ADA,2026-09-10 13:41:26,Biasa / Mengikuti Pasar
13:41,CBRE,Token Mati (Perlu Update),Mid Cap (Lapis 2),Overvalued (Mahal),0.0,310.28738,765.0,775.0,745.0,750.0,709,655,815,0.0,11432100,Normal,60,Negatif,Uptrend,Bullish,Strong Bullish,Perfect Uptrend (5>20>50),Normal,Akumulasi (Naik),Gap Up (+2.0%),Dominan Jual (Guyur),Normal,Tinggi,Normal,Rawan Pucuk (High Risk),> 1 Miliar,Persis di VWAP,Distribusi Pro (Guyuran),Ritel Aktif (5M - 50M),Sepi (< 50%),Mark-Up (Fase Pesta),Normal,Normal,Sideways / Stagnan,TP: 814 | CL: 706,Normal,Tidak Ideal (< 1:1),Death Cross (Awal Bearish),Netral / Sepi Berita,Normal / Sedang Transisi,Mendekati Fibo 38.2%,6,WAIT & SEE,HOLD / NEUTRAL,1.0,MA20 di atas MA50 (Uptrend) | RSI Mendekati Jenuh Beli (60.0),TIDAK ADA,2026-09-10 13:41:26,Biasa / Mengikuti Pasar
13:41,WINE,Transaksi Sepi (Skip Broksum),Small Cap (Lapis 3),Undervalued (Murah),10.106383,1.0529649,133.0,138.0,131.0,133.0,132,117,150,-0.7462686567164178,951400,Normal,45,Negatif,Uptrend,Bullish,Bullish MACD,Awal Reversal (5>20),Normal,Distribusi (Turun),Normal,Dominan Jual (Guyur),Normal,Sedang,Doji (Ragu-ragu),Rawan Pucuk (High Risk),< 1 Miliar,Persis di VWAP,Akumulasi Pro (Smart Money),Gorengan Sepi (< 5M),Sepi (< 50%),Accumulation (Kumpul Barang),Spesialis Tiang Jemuran (Banting Pucuk),Normal,Turun 1 Hari Beruntun,TP: 144 | CL: 125,Normal,Menengah (1:1),Death Cross (Awal Bearish),Netral / Sepi Berita,Supply Kering (Siap Pump) 🏜️,Golden Rebound Fibo 78.6% 🎯,3,WAIT & SEE,SELL,-1.5,MA20 di bawah MA50 (Downtrend),TIDAK ADA,2026-09-10 13:41:26,Biasa / Mengikuti Pasar
13:41,BMBL,Token Mati (Perlu Update),Small Cap (Lapis 3),Fair Value (Wajar),0.0,0.47712126,36.0,36.0,30.0,30.0,28,25,36,-9.090909090909092,152809200,Tembus MA20,52,Negatif,Uptrend,Bullish,Bullish MACD,Awal Reversal (5>20),Distribusi Kuat,Distribusi (Turun),Gap Up (+9.1%),Dominan Jual (Guyur),Normal,Tinggi,Normal,Rawan Pucuk (High Risk),> 1 Miliar,Di Bawah VWAP (Lemah),Distribusi Pro (Guyuran),Gorengan Sepi (< 5M),Ledakan Ekstrem (> 300%),Accumulation (Kumpul Barang),Normal,Normal,Turun 1 Hari Beruntun,TP: 33 | CL: 27,Open = High (Tekanan Jual),Menengah (1:1),Netral / Sideways,Netral / Sepi Berita,Supply Banjir (Distribusi) 🌊,Mendekati Fibo 78.6%,6,WAIT & SEE,STRONG SELL,-3.0,MA20 di bawah MA50 (Downtrend) | Harga di bawah VWAP Intraday | Volume Lonjak 6.1x MA20,TIDAK ADA,2026-09-10 13:41:26,🔥 ANOMALI BANDAR (Siap Ledakan)
13:41,PEVE,Transaksi Sepi (Skip Broksum),Small Cap (Lapis 3),Fair Value (Wajar),0.0,1.4703335,312.0,314.0,310.0,314.0,317,296,360,0.641025641025641,465800,Normal,45,Positif,Downtrend,Bullish,Strong Bearish,Awal Reversal (5>20),Normal,Distribusi (Turun),Normal,Dominan Beli (Hajar Kanan),Squeeze,Rendah,Normal,Area Tengah,< 1 Miliar,Di Bawah VWAP (Lemah),Distribusi Pro (Guyuran),Gorengan Sepi (< 5M),Sepi (< 50%),Mark-Down (Fase Runtuh),Normal,Normal,Naik 1 Hari Beruntun,TP: 330 | CL: 302,Normal,Ideal (1:2),Netral / Sideways,Netral / Sepi Berita,Normal / Sedang Transisi,Mendekati Fibo 78.6%,3,WAIT & SEE,SELL,-1.5,MA20 di bawah MA50 (Downtrend) | Harga di bawah VWAP Intraday | Volatilitas Bollinger Squeeze (Siap Meledak),TIDAK ADA,2026-09-10 13:41:26,Biasa / Mengikuti Pasar
13:41,LAJU,Token Mati (Perlu Update),Small Cap (Lapis 3),Fair Value (Wajar),0.0,1.1501399,75.0,77.0,72.0,74.0,69,65,83,0.0,37638800,Normal,63,Negatif,Uptrend,Bullish,Strong Bullish,Perfect Uptrend (5>20>50),Normal,Akumulasi (Naik),Normal,Seimbang / Adu Mekanik,Normal,Tinggi,Normal,Rawan Pucuk (High Risk),> 1 Miliar,Di Bawah VWAP (Lemah),Distribusi Pro (Guyuran),Ritel Aktif (5M - 50M),Sepi (< 50%),Mark-Up (Fase Pesta),Normal,Normal,Sideways / Stagnan,TP: 80 | CL: 70,Normal,Menengah (1:1),Netral / Sideways,Netral / Sepi Berita,Normal / Sedang Transisi,Mendekati Fibo 38.2%,5,WAIT & SEE,HOLD / NEUTRAL,0.0,MA20 di atas MA50 (Uptrend) | RSI Mendekati Jenuh Beli (63.0) | Harga di bawah VWAP Intraday,TIDAK ADA,2026-09-10 13:41:26,Biasa / Mengikuti Pasar
13:41,FWCT,Transaksi Sepi (Skip Broksum),Small Cap (Lapis 3),Fair Value (Wajar),0.0,0.5699437,93.0,96.0,92.0,93.0,91,85,98,1.0869565217391304,10265800,Tembus MA20,55,Positif,Uptrend,Golden Cross,Bearish MACD,Perfect Uptrend (5>20>50),Normal,Akumulasi (Naik),Normal,Dominan Jual (Guyur),Normal,Sedang,Doji (Ragu-ragu),Area Tengah,< 1 Miliar,Persis di VWAP,Akumulasi Pro (Smart Money),Gorengan Sepi (< 5M),Anomali Tinggi (150-300%),Mark-Up (Fase Pesta),Spesialis Tiang Jemuran (Banting Pucuk),Normal,Naik 1 Hari Beruntun,TP: 98 | CL: 89,Normal,Tidak Ideal (< 1:1),Netral / Sideways,Netral / Sepi Berita,Normal / Sedang Transisi,Mendekati Fibo 50.0%,6,WAIT & SEE,BUY,1.8,MA20 di atas MA50 (Uptrend) | Volume Lonjak 1.8x MA20,TIDAK ADA,2026-09-10 13:41:26,Biasa / Mengikuti Pasar
13:41,NAYZ,Token Mati (Perlu Update),Small Cap (Lapis 3),Fair Value (Wajar),0.0,2.999473,77.0,77.0,74.0,75.0,69,56,83,-2.5974025974025974,13509300,Normal,62,Negatif,Uptrend,Bullish,Strong Bullish,Perfect Uptrend (5>20>50),Normal,Akumulasi (Naik),Normal,Seimbang / Adu Mekanik,Normal,Tinggi,Normal,Rawan Pucuk (High Risk),> 1 Miliar,Persis di VWAP,Distribusi Pro (Guyuran),Gorengan Sepi (< 5M),Sepi (< 50%),Mark-Up (Fase Pesta),Spesialis Tiang Jemuran (Banting Pucuk),Normal,Turun 1 Hari Beruntun,TP: 83 | CL: 69,Open = High (Tekanan Jual),Tidak Ideal (< 1:1),Death Cross (Awal Bearish),Netral / Sepi Berita,Normal / Sedang Transisi,Mendekati Fibo 38.2%,5,WAIT & SEE,HOLD / NEUTRAL,1.0,MA20 di atas MA50 (Uptrend) | RSI Mendekati Jenuh Beli (62.0),TIDAK ADA,2026-09-10 13:41:26,Biasa / Mengikuti Pasar
13:41,IRSX,Token Mati (Perlu Update),Mid Cap (Lapis 2),Overvalued (Mahal),96.759254,8.565925,428.0,428.0,418.0,420.0,385,330,446,-0.9433962264150944,15087000,Normal,65,Negatif,Uptrend,Bullish,Strong Bullish,Perfect Uptrend (5>20>50),Normal,Akumulasi (Naik),Normal,Dominan Jual (Guyur),Normal,Tinggi,Normal,Rawan Pucuk (High Risk),> 1 Miliar,Persis di VWAP,Distribusi Pro (Guyuran),Ritel Aktif (5M - 50M),Sepi (< 50%),Mark-Up (Fase Pesta),Spesialis Tiang Jemuran (Banting Pucuk),Normal,Turun 1 Hari Beruntun,TP: 454 | CL: 397,Open = High (Tekanan Jual),Tidak Ideal (< 1:1),Death Cross (Awal Bearish),Netral / Sepi Berita,Normal / Sedang Transisi,Mengambang (Jauh dari Fibo),5,WAIT & SEE,HOLD / NEUTRAL,1.0,MA20 di atas MA50 (Uptrend) | RSI Mendekati Jenuh Beli (65.0),TIDAK ADA,2026-09-10 13:41:26,Biasa / Mengikuti Pasar
13:41,VAST,Transaksi Sepi (Skip Broksum),Small Cap (Lapis 3),Fair Value (Wajar),0.0,0.8457362,112.0,113.0,110.0,112.0,114,110,118,-0.8849557522123894,1137700,Normal,43,Negatif,Downtrend,Bearish,Strong Bearish,Strong Downtrend (5<20<50),Normal,Distribusi (Turun),Normal,Seimbang / Adu Mekanik,Squeeze,Rendah,Doji (Ragu-ragu),Dekat Support (Low Risk),< 1 Miliar,Di Bawah VWAP (Lemah),Distribusi Pro (Guyuran),Gorengan Sepi (< 5M),Normal (50-150%),Mark-Down (Fase Runtuh),Spesialis Tiang Jemuran (Banting Pucuk),Jarum Bawah (Sinyal Pantulan Kuat),Turun 2 Hari Beruntun,TP: 117 | CL: 108,Normal,Sangat Menarik (> 1:3),Netral / Sideways,Netral / Sepi Berita,Normal / Sedang Transisi,Mendekati Fibo Bottom / 100%,0,WAIT & SEE,HOLD / NEUTRAL,-1.0,MA20 di bawah MA50 (Downtrend) | RSI Rebound Area Murah (43.0) | Harga di bawah VWAP Intraday | Volatilitas Bollinger Squeeze (Siap Meledak),TIDAK ADA,2026-09-10 13:41:26,Biasa / Mengikuti Pasar
13:41,CHIP,Transaksi Sepi (Skip Broksum),Small Cap (Lapis 3),Overvalued (Mahal),111.03542,9.019977,825.0,825.0,795.0,810.0,853,790,945,-1.8181818181818181,69300,Normal,27,Negatif,Downtrend,Bearish,Strong Bearish,Strong Downtrend (5<20<50),Normal,Distribusi (Turun),Normal,Seimbang / Adu Mekanik,Normal,Sedang,Normal,Dekat Support (Low Risk),< 1 Miliar,Di Bawah VWAP (Lemah),Akumulasi Pro (Smart Money),Gorengan Sepi (< 5M),Normal (50-150%),Mark-Down (Fase Runtuh),Normal,Normal,Turun 2 Hari Beruntun,TP: 861 | CL: 775,Open = High (Tekanan Jual),Sangat Menarik (> 1:3),Netral / Sideways,Netral / Sepi Berita,Normal / Sedang Transisi,Mendekati Fibo Bottom / 100%,0,WAIT & SEE,HOLD / NEUTRAL,-0.5,MA20 di bawah MA50 (Downtrend) | RSI Oversold Kuat (27.0) | Harga di bawah VWAP Intraday,TIDAK ADA,2026-09-10 13:41:26,Biasa / Mengikuti Pasar
13:41,HALO,Transaksi Sepi (Skip Broksum),Small Cap (Lapis 3),Fair Value (Wajar),0.0,1.9002961,78.0,79.0,76.0,77.0,71,65,91,-1.282051282051282,10605700,Normal,58,Negatif,Uptrend,Bullish,Strong Bullish,Perfect Uptrend (5>20>50),Normal,Akumulasi (Naik),Normal,Seimbang / Adu Mekanik,Normal,Tinggi,Normal,Rawan Pucuk (High Risk),< 1 Miliar,Di Bawah VWAP (Lemah),Akumulasi Pro (Smart Money),Ritel Aktif (5M - 50M),Sepi (< 50%),Mark-Up (Fase Pesta),Normal,Normal,Turun 3 Hari Beruntun,TP: 84 | CL: 72,Normal,Menengah (1:1),Netral / Sideways,Netral / Sepi Berita,Normal / Sedang Transisi,Mendekati Fibo 50.0%,5,WAIT & SEE,HOLD / NEUTRAL,0.0,MA20 di atas MA50 (Uptrend) | RSI Mendekati Jenuh Beli (58.0) | Harga di bawah VWAP Intraday,TIDAK ADA,2026-09-10 13:41:26,Biasa / Mengikuti Pasar
13:41,KING,Transaksi Sepi (Skip Broksum),Mid Cap (Lapis 2),Overvalued (Mahal),0.0,14.915912,390.0,428.0,374.0,404.0,310,250,440,3.5897435897435894,1719000,Tembus MA20,76,Positif,Uptrend,Bullish,Strong Bullish,Perfect Uptrend (5>20>50),Akumulasi Kuat,Akumulasi (Naik),Normal,Seimbang / Adu Mekanik,Breakout Upper,Tinggi,Normal,Rawan Pucuk (High Risk),< 1 Miliar,Di Atas VWAP (Kuat),Akumulasi Pro (Smart Money),Gorengan Sepi (< 5M),Anomali Tinggi (150-300%),Mark-Up (Fase Pesta),Normal,Normal,Naik 1 Hari Beruntun,TP: 448 | CL: 374,Normal,Tidak Ideal (< 1:1),Overbought (Jenuh Beli - Rawan),Netral / Sepi Berita,Normal / Sedang Transisi,Mengambang (Jauh dari Fibo),8,BELI,HOLD / NEUTRAL,0.6,MA20 di atas MA50 (Uptrend) | RSI Overbought Pucuk (76.0) | Harga di atas VWAP Intraday | Volume Lonjak 2.3x MA20,TIDAK ADA,2026-09-10 13:41:26,Biasa / Mengikuti Pasar
13:41,PGEO,Token Mati (Perlu Update),Big Cap (Lapis 1),Overvalued (Mahal),16.64243,21458.334,1035.0,1040.0,1025.0,1030.0,1047,1000,1125,-0.4830917874396135,3445200,Normal,49,Negatif,Downtrend,Bearish,Bearish MACD,Konsolidasi / Transisi,Normal,Akumulasi (Naik),Normal,Seimbang / Adu Mekanik,Normal,Sedang,Normal,Dekat Support (Low Risk),> 1 Miliar,Persis di VWAP,Distribusi Pro (Guyuran),Ritel Aktif (5M - 50M),Sepi (< 50%),Distribution (Fase Jualan),Normal,Normal,Turun 1 Hari Beruntun,TP: 1066 | CL: 1005,Normal,Sangat Menarik (> 1:3),Golden Cross (Awal Bullish),Netral / Sepi Berita,Normal / Sedang Transisi,Dekat Support Fibo 38.2%,1,WAIT & SEE,BUY,1.5,MA20 di atas MA50 (Uptrend),TIDAK ADA,2026-09-10 13:41:26,Biasa / Mengikuti Pasar
13:41,FUTR,Token Mati (Perlu Update),Mid Cap (Lapis 2),Overvalued (Mahal),0.0,11.732499,320.0,320.0,300.0,304.0,330,282,382,-4.40251572327044,42614200,Normal,47,Negatif,Downtrend,Bearish,Bearish MACD,Konsolidasi / Transisi,Normal,Distribusi (Turun),Normal,Dominan Jual (Guyur),Normal,Tinggi,Normal,Area Tengah,> 1 Miliar,Di Bawah VWAP (Lemah),Distribusi Pro (Guyuran),Ritel Aktif (5M - 50M),Normal (50-150%),Distribution (Fase Jualan),Normal,Normal,Turun 2 Hari Beruntun,TP: 344 | CL: 276,Open = High (Tekanan Jual),Sangat Menarik (> 1:3),Netral / Sideways,Netral / Sepi Berita,Normal / Sedang Transisi,Mengambang (Jauh dari Fibo),0,WAIT & SEE,HOLD / NEUTRAL,0.5,MA20 di atas MA50 (Uptrend) | Harga di bawah VWAP Intraday,TIDAK ADA,2026-09-10 13:41:26,Biasa / Mengikuti Pasar
13:41,BDKR,Transaksi Sepi (Skip Broksum),Small Cap (Lapis 3),Overvalued (Mahal),27.543861,0.91026103,158.0,158.0,155.0,157.0,158,152,166,-0.6329113924050633,2353800,Normal,51,Negatif,Downtrend,Bearish,Bearish MACD,Konsolidasi / Transisi,Normal,Akumulasi (Naik),Normal,Seimbang / Adu Mekanik,Squeeze,Rendah,Normal,Area Tengah,< 1 Miliar,Persis di VWAP,Akumulasi Pro (Smart Money),Gorengan Sepi (< 5M),Sepi (< 50%),Distribution (Fase Jualan),Spesialis Tiang Jemuran (Banting Pucuk),Normal,Turun 1 Hari Beruntun,TP: 162 | CL: 153,Open = High (Tekanan Jual),Ideal (1:2),Netral / Sideways,Netral / Sepi Berita,Normal / Sedang Transisi,Mendekati Fibo 38.2%,2,WAIT & SEE,BUY,2.5,MA20 di atas MA50 (Uptrend) | Volatilitas Bollinger Squeeze (Siap Meledak),TIDAK ADA,2026-09-10 13:41:26,Biasa / Mengikuti Pasar
13:41,PTMP,Transaksi Sepi (Skip Broksum),Small Cap (Lapis 3),Fair Value (Wajar),0.0,1.1913626,64.0,65.0,63.0,64.0,65,61,70,0.0,6903700,Normal,48,Negatif,Downtrend,Bearish,Bearish MACD,Konsolidasi / Transisi,Normal,Distribusi (Turun),Normal,Seimbang / Adu Mekanik,Squeeze,Rendah,Doji (Ragu-ragu),Area Tengah,< 1 Miliar,Di Bawah VWAP (Lemah),Akumulasi Pro (Smart Money),Gorengan Sepi (< 5M),Sepi (< 50%),Distribution (Fase Jualan),Normal,Normal,Sideways / Stagnan,TP: 68 | CL: 61,Normal,Ideal (1:2),Netral / Sideways,Netral / Sepi Berita,Normal / Sedang Transisi,Dekat Support Fibo 61.8% (Golden Ratio),0,WAIT & SEE,BUY,1.5,MA20 di atas MA50 (Uptrend) | Harga di bawah VWAP Intraday | Volatilitas Bollinger Squeeze (Siap Meledak),TIDAK ADA,2026-09-10 13:41:26,Biasa / Mengikuti Pasar
13:41,SAGE,Transaksi Sepi (Skip Broksum),Small Cap (Lapis 3),Fair Value (Wajar),0.0,1.0162028,37.0,37.0,36.0,36.0,30,28,37,5.88235294117647,10022400,Tembus MA20,69,Positif,Uptrend,Bullish,Strong Bullish,Awal Reversal (5>20),Distribusi Kuat,Akumulasi (Naik),Gap Up (+8.8%),Dominan Jual (Guyur),Breakout Upper,Tinggi,Normal,Rawan Pucuk (High Risk),< 1 Miliar,Di Atas VWAP (Kuat),Akumulasi Pro (Smart Money),Gorengan Sepi (< 5M),Anomali Tinggi (150-300%),Accumulation (Kumpul Barang),Normal,Normal,Naik 2 Hari Beruntun,TP: 38 | CL: 34,Open = High (Tekanan Jual),Tidak Ideal (< 1:1),Overbought (Jenuh Beli - Rawan),Netral / Sepi Berita,Supply Banjir (Distribusi) 🌊,Mendekati Fibo 23.6%,8,BELI,HOLD / NEUTRAL,-1.2,MA20 di bawah MA50 (Downtrend) | RSI Mendekati Jenuh Beli (69.0) | Harga di atas VWAP Intraday | Volume Lonjak 2.7x MA20,TIDAK ADA,2026-09-10 13:41:26,Biasa / Mengikuti Pasar
13:41,TRON,Transaksi Sepi (Skip Broksum),Small Cap (Lapis 3),Fair Value (Wajar),0.0,1.702986,105.0,105.0,103.0,103.0,101,94,111,-0.9615384615384616,8788000,Normal,51,Negatif,Uptrend,Bullish,Strong Bullish,Awal Reversal (5>20),Normal,Akumulasi (Naik),Normal,Dominan Jual (Guyur),Normal,Sedang,Normal,Area Tengah,< 1 Miliar,Di Bawah VWAP (Lemah),Distribusi Pro (Guyuran),Gorengan Sepi (< 5M),Sepi (< 50%),Accumulation (Kumpul Barang),Spesialis Tiang Jemuran (Banting Pucuk),Normal,Turun 1 Hari Beruntun,TP: 112 | CL: 97,Open = High (Tekanan Jual),Tidak Ideal (< 1:1),Death Cross (Awal Bearish),Netral / Sepi Berita,Normal / Sedang Transisi,Mengambang (Jauh dari Fibo),5,WAIT & SEE,SELL,-2.5,MA20 di bawah MA50 (Downtrend) | Harga di bawah VWAP Intraday,TIDAK ADA,2026-09-10 13:41:26,Biasa / Mengikuti Pasar
13:41,CUAN,Token Mati (Perlu Update),Big Cap (Lapis 1),Overvalued (Mahal),44.835163,340000.0,950.0,1040.0,945.0,1025.0,869,720,1040,9.042553191489363,733354900,Tembus MA20,77,Positif,Uptrend,Bullish,Strong Bullish,Perfect Uptrend (5>20>50),Normal,Akumulasi (Naik),Normal,Dominan Beli (Hajar Kanan),Breakout Upper,Tinggi,Normal,Rawan Pucuk (High Risk),> 1 Miliar,Di Atas VWAP (Kuat),Akumulasi Pro (Smart Money),Sultan (> 50M/hari),Normal (50-150%),Mark-Up (Fase Pesta),Spesialis Tiang Jemuran (Banting Pucuk),Normal,Naik 2 Hari Beruntun,TP: 1109 | CL: 968,Normal,Tidak Ideal (< 1:1),Overbought (Jenuh Beli - Rawan),Netral / Sepi Berita,Normal / Sedang Transisi,Mengambang (Jauh dari Fibo),8,BELI,HOLD / NEUTRAL,0.5,MA20 di atas MA50 (Uptrend) | RSI Overbought Pucuk (77.0) | Harga di atas VWAP Intraday,TIDAK ADA,2026-09-10 13:41:26,⚠️ Anomali (Sudah Terbang)
13:41,NSSS,Token Mati (Perlu Update),Big Cap (Lapis 1),Overvalued (Mahal),29.401283,8.632868,855.0,855.0,820.0,825.0,868,780,960,-1.1976047904191618,2842200,Normal,44,Negatif,Downtrend,Bearish,Strong Bearish,Konsolidasi / Transisi,Normal,Distribusi (Turun),Gap Up (+2.4%),Dominan Jual (Guyur),Bottom Rebound,Sedang,Normal,Area Tengah,> 1 Miliar,Di Bawah VWAP (Lemah),Distribusi Pro (Guyuran),Gorengan Sepi (< 5M),Sepi (< 50%),Distribution (Fase Jualan),Spesialis Tiang Jemuran (Banting Pucuk),Normal,Turun 6 Hari Beruntun,TP: 894 | CL: 778,Open = High (Tekanan Jual),Sangat Menarik (> 1:3),Netral / Sideways,Netral / Sepi Berita,Normal / Sedang Transisi,Mengambang (Jauh dari Fibo),1,WAIT & SEE,HOLD / NEUTRAL,1.0,MA20 di atas MA50 (Uptrend) | RSI Rebound Area Murah (44.0) | Harga di bawah VWAP Intraday,TIDAK ADA,2026-09-10 13:41:26,Biasa / Mengikuti Pasar
13:41,GTRA,Transaksi Sepi (Skip Broksum),Small Cap (Lapis 3),Fair Value (Wajar),0.0,1.1933675,262.0,264.0,248.0,256.0,242,214,332,-0.7751937984496124,960800,Normal,58,Negatif,Uptrend,Bullish,Strong Bullish,Perfect Uptrend (5>20>50),Normal,Distribusi (Turun),Normal,Seimbang / Adu Mekanik,Normal,Tinggi,Normal,Rawan Pucuk (High Risk),< 1 Miliar,Di Bawah VWAP (Lemah),Distribusi Pro (Guyuran),Gorengan Sepi (< 5M),Sepi (< 50%),Mark-Up (Fase Pesta),Normal,Normal,Turun 4 Hari Beruntun,TP: 285 | CL: 236,Normal,Ideal (1:2),Netral / Sideways,Netral / Sepi Berita,Normal / Sedang Transisi,Mendekati Fibo 50.0%,4,WAIT & SEE,HOLD / NEUTRAL,0.0,MA20 di atas MA50 (Uptrend) | RSI Mendekati Jenuh Beli (58.0) | Harga di bawah VWAP Intraday,TIDAK ADA,2026-09-10 13:41:26,Biasa / Mengikuti Pasar
13:41,HAJJ,Transaksi Sepi (Skip Broksum),Small Cap (Lapis 3),Fair Value (Wajar),0.0,1.2738136,113.0,115.0,112.0,113.0,110,104,121,0.0,3646100,Normal,56,Negatif,Uptrend,Golden Cross,Bearish MACD,Perfect Uptrend (5>20>50),Normal,Distribusi (Turun),Normal,Seimbang / Adu Mekanik,Normal,Sedang,Doji (Ragu-ragu),Area Tengah,< 1 Miliar,Di Atas VWAP (Kuat),Akumulasi Pro (Smart Money),Gorengan Sepi (< 5M),Normal (50-150%),Mark-Up (Fase Pesta),Normal,Normal,Sideways / Stagnan,TP: 120 | CL: 108,Normal,Tidak Ideal (< 1:1),Netral / Sideways,Netral / Sepi Berita,Normal / Sedang Transisi,Mendekati Fibo 38.2%,3,WAIT & SEE,BUY,2.0,MA20 di atas MA50 (Uptrend) | RSI Mendekati Jenuh Beli (56.0) | Harga di atas VWAP Intraday,TIDAK ADA,2026-09-10 13:41:26,Biasa / Mengikuti Pasar
13:41,JATI,Token Mati (Perlu Update),Small Cap (Lapis 3),Fair Value (Wajar),0.0,2.0218647,112.0,113.0,111.0,113.0,105,96,114,0.8928571428571428,13574800,Normal,74,Positif,Uptrend,Bullish,Strong Bullish,Perfect Uptrend (5>20>50),Normal,Akumulasi (Naik),Normal,Dominan Beli (Hajar Kanan),Normal,Tinggi,Normal,Rawan Pucuk (High Risk),> 1 Miliar,Di Atas VWAP (Kuat),Distribusi Pro (Guyuran),Gorengan Sepi (< 5M),Normal (50-150%),Mark-Up (Fase Pesta),Spesialis Tiang Jemuran (Banting Pucuk),Normal,Naik 1 Hari Beruntun,TP: 118 | CL: 109,Normal,Tidak Ideal (< 1:1),Overbought (Jenuh Beli - Rawan),Netral / Sepi Berita,Normal / Sedang Transisi,Mendekati Fibo 23.6%,7,BELI,HOLD / NEUTRAL,0.5,MA20 di atas MA50 (Uptrend) | RSI Overbought Pucuk (74.0) | Harga di atas VWAP Intraday,TIDAK ADA,2026-09-10 13:41:26,Biasa / Mengikuti Pasar
13:41,TYRE,Transaksi Sepi (Skip Broksum),Small Cap (Lapis 3),Fair Value (Wajar),0.0,1.1744641,115.0,117.0,114.0,117.0,113,109,118,1.7391304347826086,981000,Tembus MA20,63,Positif,Uptrend,Bullish,Strong Bullish,Perfect Uptrend (5>20>50),Normal,Akumulasi (Naik),Normal,Dominan Beli (Hajar Kanan),Squeeze,Rendah,Normal,Area Tengah,< 1 Miliar,Di Atas VWAP (Kuat),Akumulasi Pro (Smart Money),Gorengan Sepi (< 5M),Normal (50-150%),Mark-Up (Fase Pesta),Normal,Normal,Naik 2 Hari Beruntun,TP: 122 | CL: 113,Normal,Tidak Ideal (< 1:1),Netral / Sideways,Netral / Sepi Berita,Normal / Sedang Transisi,Mendekati Fibo 50.0%,8,BELI,HOLD / NEUTRAL,0.0,MA20 di bawah MA50 (Downtrend) | RSI Mendekati Jenuh Beli (63.0) | Harga di atas VWAP Intraday | Volatilitas Bollinger Squeeze (Siap Meledak),TIDAK ADA,2026-09-10 13:41:26,Biasa / Mengikuti Pasar
13:41,MPXL,Transaksi Sepi (Skip Broksum),Small Cap (Lapis 3),Overvalued (Mahal),0.0,3.661347,171.0,171.0,168.0,170.0,167,154,189,0.0,487600,Normal,59,Negatif,Uptrend,Bullish,Bearish MACD,Perfect Uptrend (5>20>50),Normal,Akumulasi (Naik),Normal,Seimbang / Adu Mekanik,Squeeze,Rendah,Normal,Rawan Pucuk (High Risk),< 1 Miliar,Di Bawah VWAP (Lemah),Distribusi Pro (Guyuran),Gorengan Sepi (< 5M),Sepi (< 50%),Mark-Up (Fase Pesta),Spesialis Tiang Jemuran (Banting Pucuk),Normal,Sideways / Stagnan,TP: 179 | CL: 163,Open = High (Tekanan Jual),Menengah (1:1),Netral / Sideways,Netral / Sepi Berita,Supply Banjir (Distribusi) 🌊,Dekat Support Fibo 38.2%,4,WAIT & SEE,HOLD / NEUTRAL,1.0,MA20 di atas MA50 (Uptrend) | RSI Mendekati Jenuh Beli (59.0) | Harga di bawah VWAP Intraday | Volatilitas Bollinger Squeeze (Siap Meledak),TIDAK ADA,2026-09-10 13:41:26,Biasa / Mengikuti Pasar
13:41,SMIL,Token Mati (Perlu Update),Mid Cap (Lapis 2),Overvalued (Mahal),51.553513,4.8989058,450.0,468.0,446.0,448.0,407,358,468,-2.608695652173913,24574300,Normal,70,Negatif,Uptrend,Bullish,Strong Bullish,Perfect Uptrend (5>20>50),Normal,Akumulasi (Naik),Gap Down (-2.2%),Dominan Jual (Guyur),Normal,Tinggi,Doji (Ragu-ragu),Rawan Pucuk (High Risk),> 1 Miliar,Di Atas VWAP (Kuat),Akumulasi Pro (Smart Money),Ritel Aktif (5M - 50M),Normal (50-150%),Mark-Up (Fase Pesta),Normal,Normal,Turun 1 Hari Beruntun,TP: 473 | CL: 430,Normal,Tidak Ideal (< 1:1),Death Cross (Awal Bearish),Netral / Sepi Berita,Normal / Sedang Transisi,Mengambang (Jauh dari Fibo),5,WAIT & SEE,BUY,2.0,MA20 di atas MA50 (Uptrend) | RSI Mendekati Jenuh Beli (70.0) | Harga di atas VWAP Intraday,TIDAK ADA,2026-09-10 13:41:26,Biasa / Mengikuti Pasar
13:41,KLAS,Transaksi Sepi (Skip Broksum),Small Cap (Lapis 3),Fair Value (Wajar),0.0,1.1644437,87.0,87.0,84.0,86.0,84,78,91,-1.1494252873563218,3503400,Normal,60,Negatif,Uptrend,Bullish,Bearish MACD,Perfect Uptrend (5>20>50),Normal,Distribusi (Turun),Normal,Seimbang / Adu Mekanik,Normal,Tinggi,Normal,Rawan Pucuk (High Risk),< 1 Miliar,Di Atas VWAP (Kuat),Distribusi Pro (Guyuran),Gorengan Sepi (< 5M),Sepi (< 50%),Mark-Up (Fase Pesta),Normal,Normal,Turun 1 Hari Beruntun,TP: 92 | CL: 81,Open = High (Tekanan Jual),Tidak Ideal (< 1:1),Netral / Sideways,Netral / Sepi Berita,Normal / Sedang Transisi,Mendekati Fibo 23.6%,3,WAIT & SEE,BUY,2.0,MA20 di atas MA50 (Uptrend) | RSI Mendekati Jenuh Beli (60.0) | Harga di atas VWAP Intraday,TIDAK ADA,2026-09-10 13:41:26,Biasa / Mengikuti Pasar
13:41,MAXI,Transaksi Sepi (Skip Broksum),Small Cap (Lapis 3),Overvalued (Mahal),0.0,3.705076,50.0,50.0,50.0,50.0,50,50,50,0.0,16100,Normal,0,Negatif,Downtrend,Bearish,Bearish MACD,Konsolidasi / Transisi,Normal,Netral,Normal,Tidak Ada Transaksi,Squeeze,Rendah,Doji (Ragu-ragu),Dekat Support (Low Risk),< 1 Miliar,Persis di VWAP,Netral,Gorengan Sepi (< 5M),Sepi (< 50%),Sideways,Solid (Jarang Dibanting),Normal,Sideways / Stagnan,TP: 51 | CL: 49,Normal,Di Area Support,Oversold (Jenuh Jual - Peluang),Netral / Sepi Berita,Supply Kering (Siap Pump) 🏜️,Golden Rebound Fibo Bottom / 100% 🎯,0,WAIT & SEE,BUY,1.5,MA20 di bawah MA50 (Downtrend) | RSI Oversold Kuat (0.0) | Volatilitas Bollinger Squeeze (Siap Meledak),TIDAK ADA,2026-09-10 13:41:26,🔥 ANOMALI BANDAR (Siap Ledakan)
13:41,VKTR,Token Mati (Perlu Update),Big Cap (Lapis 1),Overvalued (Mahal),0.0,34.21351,855.0,855.0,795.0,820.0,889,795,1005,-4.093567251461988,147217100,Tembus MA20,46,Negatif,Downtrend,Bearish,Bearish MACD,Konsolidasi / Transisi,Normal,Distribusi (Turun),Normal,Seimbang / Adu Mekanik,Bottom Rebound,Tinggi,Normal,Area Tengah,> 1 Miliar,Di Bawah VWAP (Lemah),Distribusi Pro (Guyuran),Sultan (> 50M/hari),Normal (50-150%),Distribution (Fase Jualan),Spesialis Tiang Jemuran (Banting Pucuk),Normal,Turun 3 Hari Beruntun,TP: 903 | CL: 764,Open = High (Tekanan Jual),Sangat Menarik (> 1:3),Oversold (Jenuh Jual - Peluang),Netral / Sepi Berita,Normal / Sedang Transisi,Mendekati Fibo 38.2%,1,WAIT & SEE,HOLD / NEUTRAL,0.5,MA20 di atas MA50 (Uptrend) | Harga di bawah VWAP Intraday,TIDAK ADA,2026-09-10 13:41:26,🔥 ANOMALI BANDAR (Siap Ledakan)
13:41,RELF,Transaksi Sepi (Skip Broksum),Small Cap (Lapis 3),Fair Value (Wajar),0.0,0.9064076,41.0,41.0,38.0,39.0,35,33,43,-4.878048780487805,6999000,Normal,62,Negatif,Uptrend,Bullish,Strong Bullish,Perfect Uptrend (5>20>50),Normal,Akumulasi (Naik),Normal,Seimbang / Adu Mekanik,Normal,Tinggi,Normal,Rawan Pucuk (High Risk),< 1 Miliar,Persis di VWAP,Akumulasi Pro (Smart Money),Gorengan Sepi (< 5M),Normal (50-150%),Mark-Up (Fase Pesta),Normal,Normal,Turun 1 Hari Beruntun,TP: 42 | CL: 36,Open = High (Tekanan Jual),Tidak Ideal (< 1:1),Death Cross (Awal Bearish),Netral / Sepi Berita,Supply Banjir (Distribusi) 🌊,Dekat Support Fibo 38.2%,5,WAIT & SEE,SELL,-2.0,MA20 di bawah MA50 (Downtrend) | RSI Mendekati Jenuh Beli (62.0),TIDAK ADA,2026-09-10 13:41:26,Biasa / Mengikuti Pasar
13:41,AMMN,Token Mati (Perlu Update),Big Cap (Lapis 1),Overvalued (Mahal),33.828556,63815.793,4910.0,4940.0,4830.0,4860.0,4429,4140,4940,-1.0183299389002036,37243700,Normal,68,Negatif,Uptrend,Bullish,Strong Bullish,Perfect Uptrend (5>20>50),Normal,Akumulasi (Naik),Normal,Dominan Jual (Guyur),Breakout Upper,Tinggi,Normal,Rawan Pucuk (High Risk),> 1 Miliar,Di Atas VWAP (Kuat),Akumulasi Pro (Smart Money),Sultan (> 50M/hari),Normal (50-150%),Mark-Up (Fase Pesta),Normal,Normal,Turun 1 Hari Beruntun,TP: 5074 | CL: 4717,Normal,Tidak Ideal (< 1:1),Overbought (Jenuh Beli - Rawan),Netral / Sepi Berita,Normal / Sedang Transisi,Mengambang (Jauh dari Fibo),5,WAIT & SEE,BUY,2.0,MA20 di atas MA50 (Uptrend) | RSI Mendekati Jenuh Beli (68.0) | Harga di atas VWAP Intraday,TIDAK ADA,2026-09-10 13:41:26,Biasa / Mengikuti Pasar
13:41,CRSN,Transaksi Sepi (Skip Broksum),Small Cap (Lapis 3),Fair Value (Wajar),0.0,1.777126,137.0,148.0,133.0,144.0,130,115,148,3.597122302158273,2532900,Tembus MA20,73,Positif,Uptrend,Bullish,Strong Bullish,Perfect Uptrend (5>20>50),Normal,Akumulasi (Naik),Normal,Dominan Beli (Hajar Kanan),Normal,Tinggi,Normal,Rawan Pucuk (High Risk),< 1 Miliar,Di Atas VWAP (Kuat),Akumulasi Pro (Smart Money),Gorengan Sepi (< 5M),Anomali Tinggi (150-300%),Mark-Up (Fase Pesta),Spesialis Tiang Jemuran (Banting Pucuk),Normal,Naik 1 Hari Beruntun,TP: 154 | CL: 137,Normal,Tidak Ideal (< 1:1),Overbought (Jenuh Beli - Rawan),Netral / Sepi Berita,Normal / Sedang Transisi,Mengambang (Jauh dari Fibo),8,BELI,HOLD / NEUTRAL,0.5,MA20 di atas MA50 (Uptrend) | RSI Overbought Pucuk (73.0) | Harga di atas VWAP Intraday,TIDAK ADA,2026-09-10 13:41:26,Biasa / Mengikuti Pasar
13:41,GRPM,Token Mati (Perlu Update),Small Cap (Lapis 3),Overvalued (Mahal),0.0,3.3577838,167.0,178.0,164.0,169.0,182,160,232,1.1976047904191618,9797300,Tembus MA20,35,Positif,Downtrend,Bearish,Strong Bearish,Strong Downtrend (5<20<50),Normal,Distribusi (Turun),Normal,Seimbang / Adu Mekanik,Normal,Tinggi,Normal,Area Tengah,> 1 Miliar,Persis di VWAP,Distribusi Pro (Guyuran),Gorengan Sepi (< 5M),Normal (50-150%),Mark-Down (Fase Runtuh),Normal,Normal,Naik 1 Hari Beruntun,TP: 188 | CL: 156,Normal,Sangat Menarik (> 1:3),Oversold (Jenuh Jual - Peluang),Netral / Sepi Berita,Normal / Sedang Transisi,Mendekati Fibo Bottom / 100%,2,WAIT & SEE,HOLD / NEUTRAL,-1.0,MA20 di bawah MA50 (Downtrend) | RSI Rebound Area Murah (35.0),TIDAK ADA,2026-09-10 13:41:26,Biasa / Mengikuti Pasar
13:41,WIDI,Token Mati (Perlu Update),Small Cap (Lapis 3),Fair Value (Wajar),0.0,1.0548522,30.0,31.0,27.0,29.0,26,24,31,0.0,42710500,Tembus MA20,60,Negatif,Uptrend,Bullish,Strong Bullish,Perfect Uptrend (5>20>50),Distribusi Kuat,Akumulasi (Naik),Gap Up (+3.4%),Seimbang / Adu Mekanik,Normal,Tinggi,Normal,Rawan Pucuk (High Risk),> 1 Miliar,Di Atas VWAP (Kuat),Akumulasi Pro (Smart Money),Gorengan Sepi (< 5M),Anomali Tinggi (150-300%),Mark-Up (Fase Pesta),Normal,Normal,Sideways / Stagnan,TP: 32 | CL: 26,Normal,Tidak Ideal (< 1:1),Death Cross (Awal Bearish),Netral / Sepi Berita,Normal / Sedang Transisi,Dekat Support Fibo 23.6%,7,BELI,HOLD / NEUTRAL,-1.2,MA20 di bawah MA50 (Downtrend) | RSI Mendekati Jenuh Beli (60.0) | Harga di atas VWAP Intraday | Volume Lonjak 2.3x MA20,TIDAK ADA,2026-09-10 13:41:26,Biasa / Mengikuti Pasar
13:41,TGUK,Transaksi Sepi (Skip Broksum),Small Cap (Lapis 3),Overvalued (Mahal),0.0,3.8823144,82.0,83.0,82.0,83.0,73,60,96,3.75,5624300,Normal,48,Positif,Uptrend,Golden Cross,Bullish MACD,Awal Reversal (5>20),Normal,Akumulasi (Naik),Gap Up (+2.5%),Dominan Beli (Hajar Kanan),Normal,Tinggi,Marubozu (Strong Bullish),Rawan Pucuk (High Risk),< 1 Miliar,Di Atas VWAP (Kuat),Akumulasi Pro (Smart Money),Gorengan Sepi (< 5M),Normal (50-150%),Accumulation (Kumpul Barang),Normal,Normal,Naik 5 Hari Beruntun,TP: 90 | CL: 78,Open = Low (Bullish Kuat),Tidak Ideal (< 1:1),Netral / Sideways,Netral / Sepi Berita,Normal / Sedang Transisi,Mengambang (Jauh dari Fibo),7,BELI,HOLD / NEUTRAL,-0.5,MA20 di bawah MA50 (Downtrend) | Harga di atas VWAP Intraday,TIDAK ADA,2026-09-10 13:41:26,Biasa / Mengikuti Pasar
13:41,INET,Token Mati (Perlu Update),Mid Cap (Lapis 2),Overvalued (Mahal),151.28206,2.1775637,366.0,372.0,354.0,358.0,322,214,386,-2.185792349726776,303608900,Normal,67,Negatif,Uptrend,Bullish,Strong Bullish,Perfect Uptrend (5>20>50),Normal,Akumulasi (Naik),Normal,Dominan Jual (Guyur),Normal,Tinggi,Normal,Rawan Pucuk (High Risk),> 1 Miliar,Di Bawah VWAP (Lemah),Distribusi Pro (Guyuran),Sultan (> 50M/hari),Sepi (< 50%),Mark-Up (Fase Pesta),Spesialis Tiang Jemuran (Banting Pucuk),Normal,Turun 1 Hari Beruntun,TP: 397 | CL: 331,Normal,Tidak Ideal (< 1:1),Death Cross (Awal Bearish),Netral / Sepi Berita,Normal / Sedang Transisi,Mengambang (Jauh dari Fibo),5,WAIT & SEE,HOLD / NEUTRAL,0.0,MA20 di atas MA50 (Uptrend) | RSI Mendekati Jenuh Beli (67.0) | Harga di bawah VWAP Intraday,TIDAK ADA,2026-09-10 13:41:26,🔥 ANOMALI BANDAR (Siap Ledakan)
13:41,MAHA,Transaksi Sepi (Skip Broksum),Mid Cap (Lapis 2),Undervalued (Murah),6.4929333,1.3140017,146.0,147.0,146.0,146.0,147,142,155,0.0,1897300,Normal,50,Negatif,Downtrend,Bullish,Bearish MACD,Perfect Uptrend (5>20>50),Normal,Distribusi (Turun),Normal,Dominan Jual (Guyur),Squeeze,Rendah,Doji (Ragu-ragu),Dekat Support (Low Risk),< 1 Miliar,Di Bawah VWAP (Lemah),Distribusi Pro (Guyuran),Gorengan Sepi (< 5M),Sepi (< 50%),Distribution (Fase Jualan),Normal,Normal,Sideways / Stagnan,TP: 150 | CL: 142,Normal,Ideal (1:2),Netral / Sideways,Netral / Sepi Berita,Normal / Sedang Transisi,Dekat Support Fibo 38.2%,1,WAIT & SEE,BUY,1.5,MA20 di atas MA50 (Uptrend) | Harga di bawah VWAP Intraday | Volatilitas Bollinger Squeeze (Siap Meledak),TIDAK ADA,2026-09-10 13:41:26,Biasa / Mengikuti Pasar
13:41,RMKO,Token Mati (Perlu Update),Small Cap (Lapis 3),Overvalued (Mahal),0.0,3.4783604,360.0,374.0,350.0,366.0,306,240,400,2.2346368715083798,8452900,Normal,72,Positif,Uptrend,Bullish,Strong Bullish,Awal Reversal (5>20),Normal,Akumulasi (Naik),Normal,Seimbang / Adu Mekanik,Normal,Tinggi,Normal,Rawan Pucuk (High Risk),> 1 Miliar,Di Atas VWAP (Kuat),Akumulasi Pro (Smart Money),Ritel Aktif (5M - 50M),Sepi (< 50%),Accumulation (Kumpul Barang),Spesialis Tiang Jemuran (Banting Pucuk),Normal,Naik 2 Hari Beruntun,TP: 409 | CL: 336,Normal,Tidak Ideal (< 1:1),Death Cross (Awal Bearish),Netral / Sepi Berita,Normal / Sedang Transisi,Dekat Support Fibo 38.2%,6,WAIT & SEE,SELL,-2.5,MA20 di bawah MA50 (Downtrend) | RSI Overbought Pucuk (72.0) | Harga di atas VWAP Intraday,TIDAK ADA,2026-09-10 13:41:26,Biasa / Mengikuti Pasar
13:41,CNMA,Transaksi Sepi (Skip Broksum),Mid Cap (Lapis 2),Fair Value (Wajar),13.191489,2.0721464,93.0,93.0,92.0,93.0,93,91,98,0.0,7864800,Normal,51,Negatif,Downtrend,Bearish,Bearish MACD,Konsolidasi / Transisi,Normal,Akumulasi (Naik),Normal,Dominan Beli (Hajar Kanan),Squeeze,Rendah,Doji (Ragu-ragu),Dekat Support (Low Risk),< 1 Miliar,Persis di VWAP,Akumulasi Pro (Smart Money),Gorengan Sepi (< 5M),Sepi (< 50%),Distribution (Fase Jualan),Solid (Jarang Dibanting),Jarum Bawah (Sinyal Pantulan Kuat),Sideways / Stagnan,TP: 95 | CL: 91,Normal,Ideal (1:2),Death Cross (Awal Bearish),Netral / Sepi Berita,Normal / Sedang Transisi,Golden Rebound Fibo 50.0% 🎯,3,WAIT & SEE,BUY,2.5,MA20 di atas MA50 (Uptrend) | Volatilitas Bollinger Squeeze (Siap Meledak),TIDAK ADA,2026-09-10 13:41:26,Biasa / Mengikuti Pasar
13:41,FOLK,Token Mati (Perlu Update),Mid Cap (Lapis 2),Overvalued (Mahal),0.0,8.001925,228.0,274.0,226.0,266.0,189,152,274,19.81981981981982,111886700,Tembus MA20,73,Positif,Uptrend,Bullish,Strong Bullish,Awal Reversal (5>20),Akumulasi Kuat,Akumulasi (Naik),Gap Up (+2.7%),Dominan Beli (Hajar Kanan),Breakout Upper,Tinggi,Normal,Rawan Pucuk (High Risk),> 1 Miliar,Di Atas VWAP (Kuat),Akumulasi Pro (Smart Money),Ritel Aktif (5M - 50M),Ledakan Ekstrem (> 300%),Accumulation (Kumpul Barang),Spesialis Tiang Jemuran (Banting Pucuk),Normal,Naik 2 Hari Beruntun,TP: 303 | CL: 241,Normal,Tidak Ideal (< 1:1),Overbought (Jenuh Beli - Rawan),Netral / Sepi Berita,Normal / Sedang Transisi,Mengambang (Jauh dari Fibo),10,BELI,STRONG SELL,-3.0,MA20 di bawah MA50 (Downtrend) | RSI Overbought Pucuk (73.0) | Harga di atas VWAP Intraday | Volume Lonjak 4.4x MA20,TIDAK ADA,2026-09-10 13:41:26,⚠️ Anomali (Sudah Terbang)
13:41,HBAT,Transaksi Sepi (Skip Broksum),Small Cap (Lapis 3),Overvalued (Mahal),0.0,4.074248,324.0,338.0,312.0,324.0,259,204,338,0.0,2740600,Tembus MA20,71,Negatif,Uptrend,Bullish,Strong Bullish,Perfect Uptrend (5>20>50),Normal,Akumulasi (Naik),Normal,Seimbang / Adu Mekanik,Normal,Tinggi,Doji (Ragu-ragu),Rawan Pucuk (High Risk),< 1 Miliar,Di Atas VWAP (Kuat),Akumulasi Pro (Smart Money),Gorengan Sepi (< 5M),Normal (50-150%),Mark-Up (Fase Pesta),Normal,Normal,Sideways / Stagnan,TP: 363 | CL: 297,Normal,Tidak Ideal (< 1:1),Overbought (Jenuh Beli - Rawan),Netral / Sepi Berita,Normal / Sedang Transisi,Dekat Support Fibo 50.0%,6,WAIT & SEE,HOLD / NEUTRAL,0.6,MA20 di atas MA50 (Uptrend) | RSI Overbought Pucuk (71.0) | Harga di atas VWAP Intraday | Volume Lonjak 1.9x MA20,TIDAK ADA,2026-09-10 13:41:26,Biasa / Mengikuti Pasar
13:41,GRIA,Transaksi Sepi (Skip Broksum),Mid Cap (Lapis 2),Overvalued (Mahal),182.7957,3.145876,169.0,171.0,167.0,170.0,170,138,238,0.591715976331361,1658100,Normal,55,Positif,Downtrend,Bearish,Bearish MACD,Konsolidasi / Transisi,Normal,Distribusi (Turun),Normal,Dominan Beli (Hajar Kanan),Normal,Tinggi,Normal,Rawan Pucuk (High Risk),< 1 Miliar,Di Atas VWAP (Kuat),Akumulasi Pro (Smart Money),Gorengan Sepi (< 5M),Sepi (< 50%),Distribution (Fase Jualan),Spesialis Tiang Jemuran (Banting Pucuk),Normal,Naik 1 Hari Beruntun,TP: 190 | CL: 156,Normal,Ideal (1:2),Netral / Sideways,Netral / Sepi Berita,Normal / Sedang Transisi,Dekat Support Fibo 50.0%,3,WAIT & SEE,BUY,2.5,MA20 di atas MA50 (Uptrend) | Harga di atas VWAP Intraday,TIDAK ADA,2026-09-10 13:41:26,Biasa / Mengikuti Pasar
13:41,PPRI,Token Mati (Perlu Update),Small Cap (Lapis 3),Fair Value (Wajar),0.0,2.057501,182.0,206.0,182.0,188.0,152,132,216,0.0,17390100,Tembus MA20,69,Negatif,Uptrend,Bullish,Strong Bullish,Perfect Uptrend (5>20>50),Normal,Akumulasi (Naik),Gap Down (-3.2%),Dominan Jual (Guyur),Normal,Tinggi,Normal,Rawan Pucuk (High Risk),> 1 Miliar,Di Atas VWAP (Kuat),Akumulasi Pro (Smart Money),Ritel Aktif (5M - 50M),Normal (50-150%),Mark-Up (Fase Pesta),Normal,Normal,Sideways / Stagnan,TP: 214 | CL: 170,Open = Low (Bullish Kuat),Tidak Ideal (< 1:1),Death Cross (Awal Bearish),Netral / Sepi Berita,Normal / Sedang Transisi,Mendekati Fibo 38.2%,6,WAIT & SEE,BUY,2.0,MA20 di atas MA50 (Uptrend) | RSI Mendekati Jenuh Beli (69.0) | Harga di atas VWAP Intraday,TIDAK ADA,2026-09-10 13:41:26,Biasa / Mengikuti Pasar
13:41,ERAL,Token Mati (Perlu Update),Mid Cap (Lapis 2),Undervalued (Murah),9.899787,0.93393147,328.0,330.0,324.0,326.0,309,286,338,-0.6097560975609756,4646100,Normal,62,Negatif,Uptrend,Bullish,Strong Bullish,Perfect Uptrend (5>20>50),Normal,Distribusi (Turun),Normal,Seimbang / Adu Mekanik,Normal,Tinggi,Normal,Rawan Pucuk (High Risk),> 1 Miliar,Persis di VWAP,Distribusi Pro (Guyuran),Gorengan Sepi (< 5M),Sepi (< 50%),Mark-Up (Fase Pesta),Normal,Normal,Turun 1 Hari Beruntun,TP: 344 | CL: 313,Normal,Tidak Ideal (< 1:1),Netral / Sideways,Netral / Sepi Berita,Normal / Sedang Transisi,Mendekati Fibo 23.6%,4,WAIT & SEE,HOLD / NEUTRAL,1.0,MA20 di atas MA50 (Uptrend) | RSI Mendekati Jenuh Beli (62.0),TIDAK ADA,2026-09-10 13:41:26,Biasa / Mengikuti Pasar
13:41,CYBR,Token Mati (Perlu Update),Mid Cap (Lapis 2),Overvalued (Mahal),116.07143,22.53912,525.0,525.0,515.0,515.0,543,510,595,0.0,16419700,Normal,32,Negatif,Downtrend,Bearish,Strong Bearish,Strong Downtrend (5<20<50),Normal,Distribusi (Turun),Normal,Dominan Jual (Guyur),Bottom Rebound,Sedang,Normal,Dekat Support (Low Risk),> 1 Miliar,Di Bawah VWAP (Lemah),Distribusi Pro (Guyuran),Ritel Aktif (5M - 50M),Normal (50-150%),Mark-Down (Fase Runtuh),Solid (Jarang Dibanting),Normal,Sideways / Stagnan,TP: 539 | CL: 498,Open = High (Tekanan Jual),Sangat Menarik (> 1:3),Oversold (Jenuh Jual - Peluang),Netral / Sepi Berita,Normal / Sedang Transisi,Golden Rebound Fibo Bottom / 100% 🎯,0,WAIT & SEE,SELL,-2.0,MA20 di bawah MA50 (Downtrend) | RSI Rebound Area Murah (32.0) | Harga di bawah VWAP Intraday,TIDAK ADA,2026-09-10 13:41:26,Biasa / Mengikuti Pasar
13:41,MUTU,Transaksi Sepi (Skip Broksum),Small Cap (Lapis 3),Fair Value (Wajar),0.0,1.5205724,118.0,120.0,117.0,119.0,121,110,146,1.7094017094017095,3661100,Normal,49,Positif,Downtrend,Death Cross,Bearish MACD,Konsolidasi / Transisi,Normal,Distribusi (Turun),Normal,Seimbang / Adu Mekanik,Normal,Tinggi,Normal,Area Tengah,< 1 Miliar,Di Bawah VWAP (Lemah),Distribusi Pro (Guyuran),Gorengan Sepi (< 5M),Sepi (< 50%),Distribution (Fase Jualan),Normal,Normal,Naik 1 Hari Beruntun,TP: 131 | CL: 110,Normal,Sangat Menarik (> 1:3),Oversold (Jenuh Jual - Peluang),Netral / Sepi Berita,Normal / Sedang Transisi,Golden Rebound Fibo 61.8% (Golden Ratio) 🎯,1,WAIT & SEE,HOLD / NEUTRAL,0.5,MA20 di atas MA50 (Uptrend) | Harga di bawah VWAP Intraday,TIDAK ADA,2026-09-10 13:41:26,Biasa / Mengikuti Pasar
13:41,LMAX,Transaksi Sepi (Skip Broksum),Small Cap (Lapis 3),Fair Value (Wajar),0.0,1.4337372,113.0,114.0,110.0,113.0,110,102,126,0.0,419500,Normal,54,Negatif,Uptrend,Bullish,Bearish MACD,Perfect Uptrend (5>20>50),Normal,Akumulasi (Naik),Normal,Dominan Beli (Hajar Kanan),Normal,Sedang,Doji (Ragu-ragu),Rawan Pucuk (High Risk),< 1 Miliar,Persis di VWAP,Akumulasi Pro (Smart Money),Gorengan Sepi (< 5M),Sepi (< 50%),Mark-Up (Fase Pesta),Normal,Jarum Bawah (Sinyal Pantulan Kuat),Sideways / Stagnan,TP: 124 | CL: 105,Normal,Menengah (1:1),Golden Cross (Awal Bullish),Netral / Sepi Berita,Normal / Sedang Transisi,Golden Rebound Fibo 23.6% 🎯,5,WAIT & SEE,BUY,1.5,MA20 di atas MA50 (Uptrend),TIDAK ADA,2026-09-10 13:41:26,Biasa / Mengikuti Pasar
13:41,HUMI,Token Mati (Perlu Update),Mid Cap (Lapis 2),Overvalued (Mahal),269.81134,17875.0,146.0,146.0,141.0,142.0,145,127,155,-2.73972602739726,18286000,Normal,49,Negatif,Downtrend,Bearish,Bearish MACD,Konsolidasi / Transisi,Normal,Distribusi (Turun),Normal,Dominan Jual (Guyur),Normal,Tinggi,Normal,Rawan Pucuk (High Risk),> 1 Miliar,Di Bawah VWAP (Lemah),Distribusi Pro (Guyuran),Ritel Aktif (5M - 50M),Sepi (< 50%),Distribution (Fase Jualan),Solid (Jarang Dibanting),Normal,Turun 1 Hari Beruntun,TP: 152 | CL: 134,Open = High (Tekanan Jual),Tidak Ideal (< 1:1),Death Cross (Awal Bearish),Netral / Sepi Berita,Normal / Sedang Transisi,Dekat Support Fibo 38.2%,0,WAIT & SEE,HOLD / NEUTRAL,0.5,MA20 di atas MA50 (Uptrend) | Harga di bawah VWAP Intraday,TIDAK ADA,2026-09-10 13:41:26,Biasa / Mengikuti Pasar
13:41,MSIE,Token Mati (Perlu Update),Small Cap (Lapis 3),Fair Value (Wajar),0.0,1.9286155,135.0,150.0,135.0,150.0,110,86,150,9.48905109489051,15766200,Tembus MA20,78,Positif,Uptrend,Bullish,Strong Bullish,Perfect Uptrend (5>20>50),Normal,Akumulasi (Naik),Normal,Dominan Beli (Hajar Kanan),Breakout Upper,Tinggi,Marubozu (Strong Bullish),Rawan Pucuk (High Risk),> 1 Miliar,Di Atas VWAP (Kuat),Akumulasi Pro (Smart Money),Gorengan Sepi (< 5M),Normal (50-150%),Mark-Up (Fase Pesta),Normal,Normal,Naik 1 Hari Beruntun,TP: 168 | CL: 137,Open = Low (Bullish Kuat),Tidak Ideal (< 1:1),Overbought (Jenuh Beli - Rawan),Netral / Sepi Berita,Normal / Sedang Transisi,Mengambang (Jauh dari Fibo),8,BELI,HOLD / NEUTRAL,0.5,MA20 di atas MA50 (Uptrend) | RSI Overbought Pucuk (78.0) | Harga di atas VWAP Intraday,TIDAK ADA,2026-09-10 13:41:26,Biasa / Mengikuti Pasar
13:41,RSCH,Token Mati (Perlu Update),Mid Cap (Lapis 2),Overvalued (Mahal),0.0,9.14909,422.0,422.0,412.0,414.0,352,302,430,-1.4285714285714286,12540100,Normal,74,Negatif,Uptrend,Bullish,Strong Bullish,Perfect Uptrend (5>20>50),Normal,Akumulasi (Naik),Normal,Dominan Jual (Guyur),Normal,Tinggi,Normal,Rawan Pucuk (High Risk),> 1 Miliar,Persis di VWAP,Akumulasi Pro (Smart Money),Ritel Aktif (5M - 50M),Normal (50-150%),Mark-Up (Fase Pesta),Normal,Normal,Turun 1 Hari Beruntun,TP: 442 | CL: 394,Open = High (Tekanan Jual),Tidak Ideal (< 1:1),Overbought (Jenuh Beli - Rawan),Netral / Sepi Berita,Normal / Sedang Transisi,Mengambang (Jauh dari Fibo),5,WAIT & SEE,HOLD / NEUTRAL,-0.5,MA20 di atas MA50 (Uptrend) | RSI Overbought Pucuk (74.0),TIDAK ADA,2026-09-10 13:41:26,Biasa / Mengikuti Pasar
13:41,BABY,Transaksi Sepi (Skip Broksum),Small Cap (Lapis 3),Fair Value (Wajar),0.0,0.9944924,214.0,214.0,210.0,210.0,217,192,284,-0.9433962264150944,455800,Normal,51,Negatif,Downtrend,Bearish,Bearish MACD,Konsolidasi / Transisi,Normal,Akumulasi (Naik),Normal,Dominan Jual (Guyur),Normal,Tinggi,Normal,Area Tengah,< 1 Miliar,Di Bawah VWAP (Lemah),Distribusi Pro (Guyuran),Gorengan Sepi (< 5M),Sepi (< 50%),Distribution (Fase Jualan),Normal,Normal,Turun 2 Hari Beruntun,TP: 223 | CL: 200,Open = High (Tekanan Jual),Sangat Menarik (> 1:3),Netral / Sideways,Netral / Sepi Berita,Normal / Sedang Transisi,Mendekati Fibo 61.8% (Golden Ratio),2,WAIT & SEE,HOLD / NEUTRAL,0.5,MA20 di atas MA50 (Uptrend) | Harga di bawah VWAP Intraday,TIDAK ADA,2026-09-10 13:41:26,Biasa / Mengikuti Pasar
13:41,AEGS,Transaksi Sepi (Skip Broksum),Small Cap (Lapis 3),Fair Value (Wajar),0.0,0.739602,52.0,54.0,50.0,50.0,45,39,54,-3.8461538461538463,10195700,Normal,63,Negatif,Uptrend,Bullish,Strong Bullish,Perfect Uptrend (5>20>50),Normal,Akumulasi (Naik),Normal,Dominan Jual (Guyur),Normal,Tinggi,Normal,Rawan Pucuk (High Risk),< 1 Miliar,Di Atas VWAP (Kuat),Distribusi Pro (Guyuran),Gorengan Sepi (< 5M),Normal (50-150%),Mark-Up (Fase Pesta),Normal,Normal,Turun 1 Hari Beruntun,TP: 57 | CL: 45,Normal,Tidak Ideal (< 1:1),Death Cross (Awal Bearish),Netral / Sepi Berita,Normal / Sedang Transisi,Dekat Support Fibo 23.6%,5,WAIT & SEE,BUY,2.0,MA20 di atas MA50 (Uptrend) | RSI Mendekati Jenuh Beli (63.0) | Harga di atas VWAP Intraday,TIDAK ADA,2026-09-10 13:41:26,Biasa / Mengikuti Pasar
13:41,IOTF,Transaksi Sepi (Skip Broksum),Small Cap (Lapis 3),Fair Value (Wajar),0.0,2.2941196,68.0,69.0,67.0,68.0,66,59,79,0.0,6785900,Normal,61,Negatif,Uptrend,Bullish,Bearish MACD,Perfect Uptrend (5>20>50),Normal,Akumulasi (Naik),Normal,Seimbang / Adu Mekanik,Normal,Tinggi,Doji (Ragu-ragu),Rawan Pucuk (High Risk),< 1 Miliar,Persis di VWAP,Akumulasi Pro (Smart Money),Gorengan Sepi (< 5M),Sepi (< 50%),Mark-Up (Fase Pesta),Spesialis Tiang Jemuran (Banting Pucuk),Normal,Sideways / Stagnan,TP: 73 | CL: 64,Normal,Menengah (1:1),Netral / Sideways,Netral / Sepi Berita,Normal / Sedang Transisi,Dekat Support Fibo 38.2%,4,WAIT & SEE,HOLD / NEUTRAL,1.0,MA20 di atas MA50 (Uptrend) | RSI Mendekati Jenuh Beli (61.0),TIDAK ADA,2026-09-10 13:41:26,Biasa / Mengikuti Pasar
13:41,KOCI,Token Mati (Perlu Update),Small Cap (Lapis 3),Overvalued (Mahal),0.0,4.3719797,125.0,145.0,124.0,134.0,109,99,145,9.836065573770492,211811100,Tembus MA20,79,Positif,Uptrend,Bullish,Strong Bullish,Perfect Uptrend (5>20>50),Akumulasi Kuat,Akumulasi (Naik),Gap Up (+2.5%),Seimbang / Adu Mekanik,Breakout Upper,Tinggi,Normal,Rawan Pucuk (High Risk),> 1 Miliar,Di Atas VWAP (Kuat),Akumulasi Pro (Smart Money),Ritel Aktif (5M - 50M),Ledakan Ekstrem (> 300%),Mark-Up (Fase Pesta),Spesialis Tiang Jemuran (Banting Pucuk),Normal,Naik 1 Hari Beruntun,TP: 145 | CL: 126,Normal,Tidak Ideal (< 1:1),Death Cross (Awal Bearish),Netral / Sepi Berita,Normal / Sedang Transisi,Mendekati Fibo 23.6%,9,BELI,HOLD / NEUTRAL,0.6,MA20 di atas MA50 (Uptrend) | RSI Overbought Pucuk (79.0) | Harga di atas VWAP Intraday | Volume Lonjak 6.2x MA20,TIDAK ADA,2026-09-10 13:41:26,⚠️ Anomali (Sudah Terbang)
13:41,PTPS,Transaksi Sepi (Skip Broksum),Small Cap (Lapis 3),Fair Value (Wajar),0.0,1.9367933,167.0,168.0,166.0,167.0,159,149,179,0.0,733500,Normal,67,Negatif,Uptrend,Bullish,Strong Bullish,Perfect Uptrend (5>20>50),Normal,Akumulasi (Naik),Normal,Seimbang / Adu Mekanik,Normal,Sedang,Doji (Ragu-ragu),Rawan Pucuk (High Risk),< 1 Miliar,Persis di VWAP,Akumulasi Pro (Smart Money),Gorengan Sepi (< 5M),Sepi (< 50%),Mark-Up (Fase Pesta),Normal,Normal,Sideways / Stagnan,TP: 174 | CL: 161,Normal,Tidak Ideal (< 1:1),Death Cross (Awal Bearish),Netral / Sepi Berita,Normal / Sedang Transisi,Mendekati Fibo 23.6%,5,WAIT & SEE,HOLD / NEUTRAL,1.0,MA20 di atas MA50 (Uptrend) | RSI Mendekati Jenuh Beli (67.0),TIDAK ADA,2026-09-10 13:41:26,Biasa / Mengikuti Pasar
13:41,BREN,Token Mati (Perlu Update),Big Cap (Lapis 1),Overvalued (Mahal),164.22289,672000.0,3310.0,3390.0,3300.0,3360.0,3421,3260,3940,1.8181818181818181,8051900,Normal,48,Positif,Downtrend,Bearish,Strong Bearish,Konsolidasi / Transisi,Normal,Distribusi (Turun),Normal,Seimbang / Adu Mekanik,Normal,Sedang,Normal,Area Tengah,> 1 Miliar,Persis di VWAP,Distribusi Pro (Guyuran),Ritel Aktif (5M - 50M),Normal (50-150%),Distribution (Fase Jualan),Normal,Normal,Naik 1 Hari Beruntun,TP: 3504 | CL: 3263,Normal,Sangat Menarik (> 1:3),Golden Cross (Awal Bullish),Netral / Sepi Berita,Normal / Sedang Transisi,Dekat Support Fibo 78.6%,1,WAIT & SEE,BUY,1.5,MA20 di atas MA50 (Uptrend),TIDAK ADA,2026-09-10 13:41:26,Biasa / Mengikuti Pasar
13:41,STRK,Transaksi Sepi (Skip Broksum),Small Cap (Lapis 3),Overvalued (Mahal),0.0,5.940404,64.0,64.0,62.0,63.0,65,58,77,-1.5625,1908400,Normal,42,Negatif,Downtrend,Death Cross,Bearish MACD,Strong Downtrend (5<20<50),Normal,Distribusi (Turun),Normal,Seimbang / Adu Mekanik,Normal,Tinggi,Normal,Area Tengah,< 1 Miliar,Di Bawah VWAP (Lemah),Akumulasi Pro (Smart Money),Gorengan Sepi (< 5M),Sepi (< 50%),Mark-Down (Fase Runtuh),Normal,Normal,Turun 3 Hari Beruntun,TP: 69 | CL: 58,Open = High (Tekanan Jual),Ideal (1:2),Netral / Sideways,Netral / Sepi Berita,Normal / Sedang Transisi,Mengambang (Jauh dari Fibo),0,WAIT & SEE,SELL,-2.0,MA20 di bawah MA50 (Downtrend) | RSI Rebound Area Murah (42.0) | Harga di bawah VWAP Intraday,TIDAK ADA,2026-09-10 13:41:26,Biasa / Mengikuti Pasar
13:41,KOKA,Token Mati (Perlu Update),Small Cap (Lapis 3),Overvalued (Mahal),0.0,3.8915803,214.0,214.0,199.0,200.0,184,168,220,-6.5420560747663545,42963300,Tembus MA20,58,Negatif,Uptrend,Bullish,Strong Bullish,Perfect Uptrend (5>20>50),Normal,Akumulasi (Naik),Normal,Dominan Jual (Guyur),Normal,Tinggi,Normal,Rawan Pucuk (High Risk),> 1 Miliar,Di Bawah VWAP (Lemah),Akumulasi Pro (Smart Money),Ritel Aktif (5M - 50M),Normal (50-150%),Mark-Up (Fase Pesta),Spesialis Tiang Jemuran (Banting Pucuk),Normal,Turun 1 Hari Beruntun,TP: 216 | CL: 189,Open = High (Tekanan Jual),Tidak Ideal (< 1:1),Netral / Sideways,Netral / Sepi Berita,Supply Banjir (Distribusi) 🌊,Dekat Support Fibo 38.2%,6,WAIT & SEE,HOLD / NEUTRAL,0.0,MA20 di atas MA50 (Uptrend) | RSI Mendekati Jenuh Beli (58.0) | Harga di bawah VWAP Intraday | Volume Lonjak 1.8x MA20,TIDAK ADA,2026-09-10 13:41:26,Biasa / Mengikuti Pasar
13:41,LOPI,Token Mati (Perlu Update),Small Cap (Lapis 3),Fair Value (Wajar),0.0,1.1708126,62.0,66.0,60.0,64.0,74,54,87,3.225806451612903,27998500,Tembus MA20,42,Positif,Downtrend,Bearish,Strong Bearish,Konsolidasi / Transisi,Normal,Distribusi (Turun),Normal,Seimbang / Adu Mekanik,Normal,Tinggi,Normal,Rawan Pucuk (High Risk),> 1 Miliar,Persis di VWAP,Distribusi Pro (Guyuran),Gorengan Sepi (< 5M),Normal (50-150%),Distribution (Fase Jualan),Spesialis Tiang Jemuran (Banting Pucuk),Normal,Naik 1 Hari Beruntun,TP: 74 | CL: 56,Normal,Ideal (1:2),Golden Cross (Awal Bullish),Netral / Sepi Berita,Normal / Sedang Transisi,Dekat Support Fibo 61.8% (Golden Ratio),2,WAIT & SEE,BUY,2.0,MA20 di atas MA50 (Uptrend) | RSI Rebound Area Murah (42.0),TIDAK ADA,2026-09-10 13:41:26,Biasa / Mengikuti Pasar
13:41,RGAS,Token Mati (Perlu Update),Small Cap (Lapis 3),Fair Value (Wajar),0.0,1.5844585,118.0,118.0,113.0,116.0,170,113,280,-1.694915254237288,33727500,Normal,29,Negatif,Downtrend,Bearish,Strong Bearish,Strong Downtrend (5<20<50),Normal,Distribusi (Turun),Normal,Seimbang / Adu Mekanik,Normal,Tinggi,Normal,Dekat Support (Low Risk),> 1 Miliar,Di Bawah VWAP (Lemah),Distribusi Pro (Guyuran),Gorengan Sepi (< 5M),Sepi (< 50%),Mark-Down (Fase Runtuh),Normal,Normal,Turun 1 Hari Beruntun,TP: 152 | CL: 91,Open = High (Tekanan Jual),Sangat Menarik (> 1:3),Oversold (Jenuh Jual - Peluang),Netral / Sepi Berita,Normal / Sedang Transisi,Mengambang (Jauh dari Fibo),0,WAIT & SEE,HOLD / NEUTRAL,-0.5,MA20 di bawah MA50 (Downtrend) | RSI Oversold Kuat (29.0) | Harga di bawah VWAP Intraday,TIDAK ADA,2026-09-10 13:41:26,Biasa / Mengikuti Pasar
13:41,MSTI,Token Mati (Perlu Update),Mid Cap (Lapis 2),Fair Value (Wajar),7.7078114,2.047733,1420.0,1430.0,1405.0,1420.0,1343,1310,1450,1.7921146953405016,1684200,Normal,70,Positif,Uptrend,Bullish,Strong Bullish,Perfect Uptrend (5>20>50),Normal,Akumulasi (Naik),Normal,Seimbang / Adu Mekanik,Squeeze,Rendah,Doji (Ragu-ragu),Area Tengah,> 1 Miliar,Di Atas VWAP (Kuat),Distribusi Pro (Guyuran),Gorengan Sepi (< 5M),Normal (50-150%),Mark-Up (Fase Pesta),Spesialis Tiang Jemuran (Banting Pucuk),Jarum Bawah (Sinyal Pantulan Kuat),Naik 3 Hari Beruntun,TP: 1471 | CL: 1385,Normal,Tidak Ideal (< 1:1),Netral / Sideways,Netral / Sepi Berita,Normal / Sedang Transisi,Mendekati Fibo 23.6%,6,WAIT & SEE,STRONG BUY,3.0,MA20 di atas MA50 (Uptrend) | RSI Mendekati Jenuh Beli (70.0) | Harga di atas VWAP Intraday | Volatilitas Bollinger Squeeze (Siap Meledak),TIDAK ADA,2026-09-10 13:41:26,Biasa / Mengikuti Pasar
13:41,IKPM,Transaksi Sepi (Skip Broksum),Small Cap (Lapis 3),Fair Value (Wajar),0.0,1.4138575,190.0,190.0,183.0,186.0,194,183,252,-2.1052631578947367,649500,Normal,43,Negatif,Downtrend,Bearish,Strong Bearish,Konsolidasi / Transisi,Normal,Distribusi (Turun),Normal,Seimbang / Adu Mekanik,Bottom Rebound,Sedang,Normal,Dekat Support (Low Risk),< 1 Miliar,Di Bawah VWAP (Lemah),Distribusi Pro (Guyuran),Gorengan Sepi (< 5M),Normal (50-150%),Distribution (Fase Jualan),Spesialis Tiang Jemuran (Banting Pucuk),Normal,Turun 3 Hari Beruntun,TP: 205 | CL: 172,Open = High (Tekanan Jual),Sangat Menarik (> 1:3),Oversold (Jenuh Jual - Peluang),Netral / Sepi Berita,Normal / Sedang Transisi,Golden Rebound Fibo 78.6% 🎯,0,WAIT & SEE,HOLD / NEUTRAL,1.0,MA20 di atas MA50 (Uptrend) | RSI Rebound Area Murah (43.0) | Harga di bawah VWAP Intraday,TIDAK ADA,2026-09-10 13:41:26,Biasa / Mengikuti Pasar
13:41,AYAM,Token Mati (Perlu Update),Mid Cap (Lapis 2),Overvalued (Mahal),1256.4103,9.268367,490.0,492.0,484.0,490.0,478,440,505,0.0,17554600,Normal,64,Negatif,Uptrend,Bullish,Bearish MACD,Perfect Uptrend (5>20>50),Normal,Akumulasi (Naik),Normal,Dominan Beli (Hajar Kanan),Normal,Sedang,Doji (Ragu-ragu),Rawan Pucuk (High Risk),> 1 Miliar,Persis di VWAP,Akumulasi Pro (Smart Money),Ritel Aktif (5M - 50M),Normal (50-150%),Mark-Up (Fase Pesta),Normal,Jarum Bawah (Sinyal Pantulan Kuat),Sideways / Stagnan,TP: 510 | CL: 476,Normal,Tidak Ideal (< 1:1),Death Cross (Awal Bearish),Netral / Sepi Berita,Normal / Sedang Transisi,Mengambang (Jauh dari Fibo),5,WAIT & SEE,HOLD / NEUTRAL,1.0,MA20 di atas MA50 (Uptrend) | RSI Mendekati Jenuh Beli (64.0),TIDAK ADA,2026-09-10 13:41:26,Biasa / Mengikuti Pasar
13:41,SURI,Transaksi Sepi (Skip Broksum),Small Cap (Lapis 3),Overvalued (Mahal),566.6666,1.5554377,84.0,88.0,84.0,85.0,80,72,95,0.0,7294500,Normal,77,Negatif,Uptrend,Bullish,Strong Bullish,Perfect Uptrend (5>20>50),Normal,Akumulasi (Naik),Normal,Dominan Jual (Guyur),Normal,Tinggi,Normal,Rawan Pucuk (High Risk),< 1 Miliar,Di Bawah VWAP (Lemah),Distribusi Pro (Guyuran),Gorengan Sepi (< 5M),Sepi (< 50%),Mark-Up (Fase Pesta),Spesialis Tiang Jemuran (Banting Pucuk),Normal,Sideways / Stagnan,TP: 90 | CL: 81,Open = Low (Bullish Kuat),Tidak Ideal (< 1:1),Netral / Sideways,Netral / Sepi Berita,Normal / Sedang Transisi,Dekat Support Fibo 23.6%,5,WAIT & SEE,SELL,-1.5,MA20 di atas MA50 (Uptrend) | RSI Overbought Pucuk (77.0) | Harga di bawah VWAP Intraday,TIDAK ADA,2026-09-10 13:41:26,Biasa / Mengikuti Pasar
13:41,ASLI,Token Mati (Perlu Update),Mid Cap (Lapis 2),Overvalued (Mahal),0.0,7.243516,404.0,442.0,384.0,430.0,295,192,442,6.435643564356436,96378900,Tembus MA20,83,Positif,Uptrend,Bullish,Strong Bullish,Perfect Uptrend (5>20>50),Normal,Akumulasi (Naik),Normal,Dominan Beli (Hajar Kanan),Normal,Tinggi,Normal,Rawan Pucuk (High Risk),> 1 Miliar,Di Atas VWAP (Kuat),Akumulasi Pro (Smart Money),Ritel Aktif (5M - 50M),Normal (50-150%),Mark-Up (Fase Pesta),Spesialis Tiang Jemuran (Banting Pucuk),Normal,Naik 2 Hari Beruntun,TP: 487 | CL: 391,Normal,Tidak Ideal (< 1:1),Overbought (Jenuh Beli - Rawan),Netral / Sepi Berita,Normal / Sedang Transisi,Mengambang (Jauh dari Fibo),8,BELI,HOLD / NEUTRAL,0.5,MA20 di atas MA50 (Uptrend) | RSI Overbought Pucuk (83.0) | Harga di atas VWAP Intraday,TIDAK ADA,2026-09-10 13:41:26,⚠️ Anomali (Sudah Terbang)
13:41,GRPH,Token Mati (Perlu Update),Small Cap (Lapis 3),Fair Value (Wajar),0.0,1.7395058,135.0,150.0,130.0,137.0,90,61,150,3.787878787878788,126633300,Tembus MA20,88,Positif,Uptrend,Bullish,Strong Bullish,Perfect Uptrend (5>20>50),Normal,Akumulasi (Naik),Gap Up (+2.3%),Seimbang / Adu Mekanik,Normal,Tinggi,Doji (Ragu-ragu),Rawan Pucuk (High Risk),> 1 Miliar,Di Atas VWAP (Kuat),Akumulasi Pro (Smart Money),Ritel Aktif (5M - 50M),Normal (50-150%),Mark-Up (Fase Pesta),Normal,Normal,Naik 1 Hari Beruntun,TP: 161 | CL: 120,Normal,Tidak Ideal (< 1:1),Overbought (Jenuh Beli - Rawan),Netral / Sepi Berita,Normal / Sedang Transisi,Mengambang (Jauh dari Fibo),8,BELI,HOLD / NEUTRAL,0.5,MA20 di atas MA50 (Uptrend) | RSI Overbought Pucuk (88.0) | Harga di atas VWAP Intraday,TIDAK ADA,2026-09-10 13:41:26,🔥 ANOMALI BANDAR (Siap Ledakan)
13:41,SMGA,Token Mati (Perlu Update),Small Cap (Lapis 3),Fair Value (Wajar),0.0,1.8835863,90.0,94.0,89.0,91.0,83,72,95,1.1111111111111112,16039600,Normal,73,Positif,Uptrend,Bullish,Strong Bullish,Perfect Uptrend (5>20>50),Normal,Akumulasi (Naik),Normal,Seimbang / Adu Mekanik,Normal,Tinggi,Normal,Rawan Pucuk (High Risk),> 1 Miliar,Persis di VWAP,Distribusi Pro (Guyuran),Gorengan Sepi (< 5M),Normal (50-150%),Mark-Up (Fase Pesta),Spesialis Tiang Jemuran (Banting Pucuk),Normal,Naik 1 Hari Beruntun,TP: 98 | CL: 85,Normal,Tidak Ideal (< 1:1),Netral / Sideways,Netral / Sepi Berita,Normal / Sedang Transisi,Mendekati Fibo 23.6%,6,WAIT & SEE,HOLD / NEUTRAL,-0.5,MA20 di atas MA50 (Uptrend) | RSI Overbought Pucuk (73.0),TIDAK ADA,2026-09-10 13:41:26,Biasa / Mengikuti Pasar
13:41,UNTD,Transaksi Sepi (Skip Broksum),Small Cap (Lapis 3),Fair Value (Wajar),0.0,1.0056096,84.0,85.0,83.0,83.0,82,79,92,-1.1904761904761905,3710300,Normal,54,Negatif,Uptrend,Bullish,Bearish MACD,Perfect Uptrend (5>20>50),Normal,Akumulasi (Naik),Normal,Dominan Jual (Guyur),Squeeze,Rendah,Normal,Area Tengah,< 1 Miliar,Persis di VWAP,Akumulasi Pro (Smart Money),Gorengan Sepi (< 5M),Sepi (< 50%),Mark-Up (Fase Pesta),Spesialis Tiang Jemuran (Banting Pucuk),Normal,Turun 1 Hari Beruntun,TP: 88 | CL: 79,Normal,Ideal (1:2),Netral / Sideways,Netral / Sepi Berita,Normal / Sedang Transisi,Dekat Support Fibo 38.2%,4,WAIT & SEE,BUY,2.5,MA20 di atas MA50 (Uptrend) | Volatilitas Bollinger Squeeze (Siap Meledak),TIDAK ADA,2026-09-10 13:41:26,Biasa / Mengikuti Pasar
13:41,TOSK,Token Mati (Perlu Update),Small Cap (Lapis 3),Fair Value (Wajar),0.0,2.3194077,83.0,87.0,81.0,83.0,75,70,90,-2.3529411764705883,28184500,Normal,71,Negatif,Uptrend,Bullish,Strong Bullish,Perfect Uptrend (5>20>50),Normal,Akumulasi (Naik),Gap Down (-2.4%),Seimbang / Adu Mekanik,Normal,Tinggi,Doji (Ragu-ragu),Rawan Pucuk (High Risk),> 1 Miliar,Persis di VWAP,Akumulasi Pro (Smart Money),Ritel Aktif (5M - 50M),Normal (50-150%),Mark-Up (Fase Pesta),Spesialis Tiang Jemuran (Banting Pucuk),Normal,Turun 2 Hari Beruntun,TP: 89 | CL: 78,Normal,Tidak Ideal (< 1:1),Death Cross (Awal Bearish),Netral / Sepi Berita,Normal / Sedang Transisi,Dekat Support Fibo 23.6%,5,WAIT & SEE,HOLD / NEUTRAL,-0.5,MA20 di atas MA50 (Uptrend) | RSI Overbought Pucuk (71.0),TIDAK ADA,2026-09-10 13:41:26,Biasa / Mengikuti Pasar
13:41,MPIX,Token Mati (Perlu Update),Small Cap (Lapis 3),Fair Value (Wajar),0.0,1.1905924,117.0,124.0,116.0,121.0,106,93,130,3.418803418803419,9406800,Normal,69,Positif,Uptrend,Bullish,Strong Bullish,Perfect Uptrend (5>20>50),Normal,Akumulasi (Naik),Normal,Seimbang / Adu Mekanik,Normal,Tinggi,Normal,Rawan Pucuk (High Risk),> 1 Miliar,Persis di VWAP,Distribusi Pro (Guyuran),Gorengan Sepi (< 5M),Sepi (< 50%),Mark-Up (Fase Pesta),Spesialis Tiang Jemuran (Banting Pucuk),Normal,Naik 1 Hari Beruntun,TP: 133 | CL: 112,Normal,Tidak Ideal (< 1:1),Netral / Sideways,Netral / Sepi Berita,Normal / Sedang Transisi,Dekat Support Fibo 23.6%,6,WAIT & SEE,HOLD / NEUTRAL,1.0,MA20 di atas MA50 (Uptrend) | RSI Mendekati Jenuh Beli (69.0),TIDAK ADA,2026-09-10 13:41:26,Biasa / Mengikuti Pasar
13:41,ALII,Transaksi Sepi (Skip Broksum),Big Cap (Lapis 1),Overvalued (Mahal),28.969563,5.8329706,800.0,805.0,790.0,790.0,792,760,830,-0.628930817610063,1113300,Tembus MA20,52,Negatif,Downtrend,Bearish,Bearish MACD,Konsolidasi / Transisi,Normal,Akumulasi (Naik),Normal,Dominan Jual (Guyur),Normal,Sedang,Normal,Area Tengah,< 1 Miliar,Persis di VWAP,Distribusi Pro (Guyuran),Gorengan Sepi (< 5M),Normal (50-150%),Distribution (Fase Jualan),Solid (Jarang Dibanting),Normal,Turun 1 Hari Beruntun,TP: 836 | CL: 759,Normal,Menengah (1:1),Netral / Sideways,Netral / Sepi Berita,Normal / Sedang Transisi,Mendekati Fibo 50.0%,3,WAIT & SEE,BUY,1.5,MA20 di atas MA50 (Uptrend),TIDAK ADA,2026-09-10 13:41:26,Biasa / Mengikuti Pasar
13:41,MKAP,Token Mati (Perlu Update),Mid Cap (Lapis 2),Overvalued (Mahal),127.24215,10.852417,1115.0,1140.0,1115.0,1135.0,1141,1115,1200,1.7937219730941705,2209700,Tembus MA20,47,Positif,Downtrend,Bearish,Strong Bearish,Strong Downtrend (5<20<50),Akumulasi Kuat,Akumulasi (Naik),Normal,Dominan Beli (Hajar Kanan),Squeeze,Rendah,Normal,Dekat Support (Low Risk),> 1 Miliar,Persis di VWAP,Akumulasi Pro (Smart Money),Gorengan Sepi (< 5M),Ledakan Ekstrem (> 300%),Mark-Down (Fase Runtuh),Spesialis Tiang Jemuran (Banting Pucuk),Normal,Naik 1 Hari Beruntun,TP: 1151 | CL: 1123,Open = Low (Bullish Kuat),Sangat Menarik (> 1:3),Golden Cross (Awal Bullish),Netral / Sepi Berita,Normal / Sedang Transisi,Dekat Support Fibo 61.8% (Golden Ratio),5,WAIT & SEE,HOLD / NEUTRAL,-0.6,MA20 di bawah MA50 (Downtrend) | Volatilitas Bollinger Squeeze (Siap Meledak) | Volume Lonjak 5.7x MA20,TIDAK ADA,2026-09-10 13:41:26,Biasa / Mengikuti Pasar
13:41,MEJA,Token Mati (Perlu Update),Small Cap (Lapis 3),Overvalued (Mahal),0.0,4.0810585,118.0,118.0,114.0,116.0,117,105,136,-1.694915254237288,12259400,Normal,55,Negatif,Downtrend,Bearish,Bearish MACD,Konsolidasi / Transisi,Normal,Akumulasi (Naik),Normal,Seimbang / Adu Mekanik,Normal,Tinggi,Normal,Rawan Pucuk (High Risk),> 1 Miliar,Persis di VWAP,Akumulasi Pro (Smart Money),Gorengan Sepi (< 5M),Sepi (< 50%),Distribution (Fase Jualan),Solid (Jarang Dibanting),Normal,Turun 2 Hari Beruntun,TP: 130 | CL: 106,Open = High (Tekanan Jual),Ideal (1:2),Netral / Sideways,Netral / Sepi Berita,Normal / Sedang Transisi,Mendekati Fibo 38.2%,2,WAIT & SEE,BUY,1.5,MA20 di atas MA50 (Uptrend),TIDAK ADA,2026-09-10 13:41:26,Biasa / Mengikuti Pasar
13:41,LIVE,Transaksi Sepi (Skip Broksum),Small Cap (Lapis 3),Fair Value (Wajar),0.0,2.5994637,190.0,194.0,186.0,192.0,193,183,216,1.5873015873015872,2861500,Normal,43,Positif,Downtrend,Bearish,Bullish MACD,Strong Downtrend (5<20<50),Normal,Akumulasi (Naik),Normal,Dominan Beli (Hajar Kanan),Normal,Sedang,Normal,Area Tengah,< 1 Miliar,Di Atas VWAP (Kuat),Distribusi Pro (Guyuran),Gorengan Sepi (< 5M),Normal (50-150%),Mark-Down (Fase Runtuh),Normal,Normal,Naik 2 Hari Beruntun,TP: 202 | CL: 185,Normal,Ideal (1:2),Golden Cross (Awal Bullish),Netral / Sepi Berita,Normal / Sedang Transisi,Mendekati Fibo Bottom / 100%,4,WAIT & SEE,HOLD / NEUTRAL,0.0,MA20 di bawah MA50 (Downtrend) | RSI Rebound Area Murah (43.0) | Harga di atas VWAP Intraday,TIDAK ADA,2026-09-10 13:41:26,Biasa / Mengikuti Pasar
13:41,HYGN,Transaksi Sepi (Skip Broksum),Small Cap (Lapis 3),Fair Value (Wajar),0.0,2.8565903,190.0,194.0,190.0,193.0,179,167,194,1.5789473684210527,726700,Normal,79,Positif,Uptrend,Bullish,Strong Bullish,Perfect Uptrend (5>20>50),Normal,Akumulasi (Naik),Normal,Dominan Beli (Hajar Kanan),Normal,Tinggi,Normal,Rawan Pucuk (High Risk),< 1 Miliar,Di Atas VWAP (Kuat),Akumulasi Pro (Smart Money),Gorengan Sepi (< 5M),Sepi (< 50%),Mark-Up (Fase Pesta),Normal,Normal,Naik 2 Hari Beruntun,TP: 200 | CL: 188,Open = Low (Bullish Kuat),Tidak Ideal (< 1:1),Overbought (Jenuh Beli - Rawan),Netral / Sepi Berita,Normal / Sedang Transisi,Mengambang (Jauh dari Fibo),7,BELI,HOLD / NEUTRAL,0.5,MA20 di atas MA50 (Uptrend) | RSI Overbought Pucuk (79.0) | Harga di atas VWAP Intraday,TIDAK ADA,2026-09-10 13:41:26,Biasa / Mengikuti Pasar
13:41,BAIK,Token Mati (Perlu Update),Small Cap (Lapis 3),Fair Value (Wajar),0.0,2.1941583,274.0,274.0,262.0,266.0,295,258,478,-1.4814814814814816,6695500,Normal,22,Negatif,Downtrend,Bearish,Bullish MACD,Strong Downtrend (5<20<50),Normal,Distribusi (Turun),Normal,Seimbang / Adu Mekanik,Normal,Tinggi,Normal,Area Tengah,> 1 Miliar,Di Bawah VWAP (Lemah),Distribusi Pro (Guyuran),Gorengan Sepi (< 5M),Sepi (< 50%),Mark-Down (Fase Runtuh),Normal,Normal,Turun 2 Hari Beruntun,TP: 285 | CL: 252,Open = High (Tekanan Jual),Sangat Menarik (> 1:3),Oversold (Jenuh Jual - Peluang),Netral / Sepi Berita,Normal / Sedang Transisi,Mendekati Fibo Bottom / 100%,1,WAIT & SEE,HOLD / NEUTRAL,-0.5,MA20 di bawah MA50 (Downtrend) | RSI Oversold Kuat (22.0) | Harga di bawah VWAP Intraday,TIDAK ADA,2026-09-10 13:41:26,Biasa / Mengikuti Pasar
13:41,VISI,Transaksi Sepi (Skip Broksum),Mid Cap (Lapis 2),Overvalued (Mahal),0.0,16.514442,980.0,995.0,970.0,985.0,960,880,1110,0.5102040816326531,706000,Normal,56,Positif,Uptrend,Bullish,Strong Bullish,Perfect Uptrend (5>20>50),Normal,Akumulasi (Naik),Normal,Seimbang / Adu Mekanik,Normal,Sedang,Normal,Rawan Pucuk (High Risk),< 1 Miliar,Di Atas VWAP (Kuat),Akumulasi Pro (Smart Money),Gorengan Sepi (< 5M),Normal (50-150%),Mark-Up (Fase Pesta),Spesialis Tiang Jemuran (Banting Pucuk),Normal,Naik 2 Hari Beruntun,TP: 1069 | CL: 928,Normal,Menengah (1:1),Golden Cross (Awal Bullish),Netral / Sepi Berita,Normal / Sedang Transisi,Mendekati Fibo 61.8% (Golden Ratio),6,WAIT & SEE,BUY,2.0,MA20 di atas MA50 (Uptrend) | RSI Mendekati Jenuh Beli (56.0) | Harga di atas VWAP Intraday,TIDAK ADA,2026-09-10 13:41:26,Biasa / Mengikuti Pasar
13:41,AREA,Transaksi Sepi (Skip Broksum),Small Cap (Lapis 3),Overvalued (Mahal),0.0,3.5565352,342.0,350.0,338.0,342.0,317,256,398,0.5882352941176471,2766600,Normal,65,Positif,Uptrend,Bullish,Strong Bullish,Perfect Uptrend (5>20>50),Normal,Akumulasi (Naik),Normal,Seimbang / Adu Mekanik,Normal,Tinggi,Doji (Ragu-ragu),Rawan Pucuk (High Risk),< 1 Miliar,Persis di VWAP,Distribusi Pro (Guyuran),Gorengan Sepi (< 5M),Normal (50-150%),Mark-Up (Fase Pesta),Spesialis Tiang Jemuran (Banting Pucuk),Normal,Naik 1 Hari Beruntun,TP: 388 | CL: 311,Normal,Tidak Ideal (< 1:1),Death Cross (Awal Bearish),Netral / Sepi Berita,Normal / Sedang Transisi,Mengambang (Jauh dari Fibo),6,WAIT & SEE,HOLD / NEUTRAL,1.0,MA20 di atas MA50 (Uptrend) | RSI Mendekati Jenuh Beli (65.0),TIDAK ADA,2026-09-10 13:41:26,Biasa / Mengikuti Pasar
13:41,MHKI,Transaksi Sepi (Skip Broksum),Small Cap (Lapis 3),Fair Value (Wajar),21.482601,1.0924337,147.0,148.0,142.0,143.0,141,130,155,-1.3793103448275863,1938600,Normal,53,Negatif,Uptrend,Bullish,Bearish MACD,Perfect Uptrend (5>20>50),Normal,Distribusi (Turun),Normal,Dominan Jual (Guyur),Normal,Tinggi,Normal,Rawan Pucuk (High Risk),< 1 Miliar,Di Bawah VWAP (Lemah),Distribusi Pro (Guyuran),Gorengan Sepi (< 5M),Sepi (< 50%),Mark-Up (Fase Pesta),Normal,Normal,Turun 2 Hari Beruntun,TP: 153 | CL: 136,Normal,Tidak Ideal (< 1:1),Netral / Sideways,Netral / Sepi Berita,Normal / Sedang Transisi,Mendekati Fibo 38.2%,3,WAIT & SEE,HOLD / NEUTRAL,0.5,MA20 di atas MA50 (Uptrend) | Harga di bawah VWAP Intraday,TIDAK ADA,2026-09-10 13:41:26,Biasa / Mengikuti Pasar
13:41,ATLA,Transaksi Sepi (Skip Broksum),Small Cap (Lapis 3),Overvalued (Mahal),166.66666,1.8630301,50.0,50.0,50.0,50.0,50,50,51,0.0,177100,Normal,48,Negatif,Downtrend,Bearish,Bullish MACD,Konsolidasi / Transisi,Normal,Netral,Normal,Tidak Ada Transaksi,Squeeze,Rendah,Doji (Ragu-ragu),Dekat Support (Low Risk),< 1 Miliar,Persis di VWAP,Netral,Gorengan Sepi (< 5M),Sepi (< 50%),Sideways,Normal,Normal,Sideways / Stagnan,TP: 51 | CL: 49,Normal,Di Area Support,Oversold (Jenuh Jual - Peluang),Netral / Sepi Berita,Supply Kering (Siap Pump) 🏜️,Golden Rebound Fibo Bottom / 100% 🎯,1,WAIT & SEE,HOLD / NEUTRAL,-0.5,MA20 di bawah MA50 (Downtrend) | Volatilitas Bollinger Squeeze (Siap Meledak),TIDAK ADA,2026-09-10 13:41:26,Biasa / Mengikuti Pasar
13:41,DATA,Token Mati (Perlu Update),Mid Cap (Lapis 2),Overvalued (Mahal),19.747578,6.0223975,1810.0,1825.0,1805.0,1820.0,1871,1785,1990,0.0,663000,Normal,43,Negatif,Downtrend,Bearish,Bullish MACD,Strong Downtrend (5<20<50),Normal,Akumulasi (Naik),Normal,Dominan Beli (Hajar Kanan),Normal,Sedang,Normal,Dekat Support (Low Risk),> 1 Miliar,Di Bawah VWAP (Lemah),Distribusi Pro (Guyuran),Ritel Aktif (5M - 50M),Sepi (< 50%),Mark-Down (Fase Runtuh),Normal,Normal,Sideways / Stagnan,TP: 1926 | CL: 1748,Normal,Sangat Menarik (> 1:3),Netral / Sideways,Netral / Sepi Berita,Normal / Sedang Transisi,Mendekati Fibo 61.8% (Golden Ratio),3,WAIT & SEE,SELL,-2.0,MA20 di bawah MA50 (Downtrend) | RSI Rebound Area Murah (43.0) | Harga di bawah VWAP Intraday,TIDAK ADA,2026-09-10 13:41:26,Biasa / Mengikuti Pasar
13:41,SOLA,Transaksi Sepi (Skip Broksum),Small Cap (Lapis 3),Fair Value (Wajar),0.0,1.6091357,93.0,94.0,92.0,93.0,91,87,103,0.0,2032700,Normal,48,Negatif,Uptrend,Bullish,Bullish MACD,Awal Reversal (5>20),Normal,Distribusi (Turun),Normal,Seimbang / Adu Mekanik,Squeeze,Rendah,Doji (Ragu-ragu),Area Tengah,< 1 Miliar,Persis di VWAP,Distribusi Pro (Guyuran),Gorengan Sepi (< 5M),Sepi (< 50%),Accumulation (Kumpul Barang),Spesialis Tiang Jemuran (Banting Pucuk),Normal,Sideways / Stagnan,TP: 97 | CL: 89,Normal,Ideal (1:2),Netral / Sideways,Netral / Sepi Berita,Normal / Sedang Transisi,Mendekati Fibo 78.6%,3,WAIT & SEE,HOLD / NEUTRAL,-0.5,MA20 di bawah MA50 (Downtrend) | Volatilitas Bollinger Squeeze (Siap Meledak),TIDAK ADA,2026-09-10 13:41:26,Biasa / Mengikuti Pasar
13:41,BATR,Transaksi Sepi (Skip Broksum),Small Cap (Lapis 3),Fair Value (Wajar),0.0,1.7185305,94.0,96.0,90.0,93.0,94,90,103,-1.0638297872340425,1546300,Normal,49,Negatif,Downtrend,Bearish,Bearish MACD,Konsolidasi / Transisi,Normal,Distribusi (Turun),Normal,Seimbang / Adu Mekanik,Squeeze,Rendah,Normal,Area Tengah,< 1 Miliar,Persis di VWAP,Akumulasi Pro (Smart Money),Gorengan Sepi (< 5M),Ledakan Ekstrem (> 300%),Distribution (Fase Jualan),Solid (Jarang Dibanting),Normal,Turun 1 Hari Beruntun,TP: 97 | CL: 90,Normal,Sangat Menarik (> 1:3),Netral / Sideways,Netral / Sepi Berita,Supply Kering (Siap Pump) 🏜️,Mendekati Fibo 50.0%,0,WAIT & SEE,BUY,2.5,MA20 di atas MA50 (Uptrend) | Volatilitas Bollinger Squeeze (Siap Meledak),TIDAK ADA,2026-09-10 13:41:26,Biasa / Mengikuti Pasar
13:41,SPRE,Transaksi Sepi (Skip Broksum),Small Cap (Lapis 3),Fair Value (Wajar),0.0,1.693859,101.0,108.0,101.0,106.0,92,79,108,3.9215686274509802,5439900,Tembus MA20,73,Positif,Uptrend,Bullish,Strong Bullish,Perfect Uptrend (5>20>50),Normal,Akumulasi (Naik),Normal,Dominan Beli (Hajar Kanan),Breakout Upper,Tinggi,Normal,Rawan Pucuk (High Risk),< 1 Miliar,Di Atas VWAP (Kuat),Akumulasi Pro (Smart Money),Gorengan Sepi (< 5M),Normal (50-150%),Mark-Up (Fase Pesta),Solid (Jarang Dibanting),Normal,Naik 3 Hari Beruntun,TP: 117 | CL: 98,Open = Low (Bullish Kuat),Tidak Ideal (< 1:1),Overbought (Jenuh Beli - Rawan),Netral / Sepi Berita,Normal / Sedang Transisi,Mengambang (Jauh dari Fibo),8,BELI,HOLD / NEUTRAL,0.5,MA20 di atas MA50 (Uptrend) | RSI Overbought Pucuk (73.0) | Harga di atas VWAP Intraday,TIDAK ADA,2026-09-10 13:41:26,Biasa / Mengikuti Pasar
13:41,PART,Transaksi Sepi (Skip Broksum),Small Cap (Lapis 3),Fair Value (Wajar),0.0,1.4930516,106.0,106.0,103.0,105.0,106,95,123,0.0,2485800,Normal,48,Negatif,Downtrend,Bullish,Bearish MACD,Perfect Uptrend (5>20>50),Normal,Distribusi (Turun),Normal,Seimbang / Adu Mekanik,Normal,Tinggi,Normal,Rawan Pucuk (High Risk),< 1 Miliar,Di Bawah VWAP (Lemah),Distribusi Pro (Guyuran),Gorengan Sepi (< 5M),Sepi (< 50%),Distribution (Fase Jualan),Spesialis Tiang Jemuran (Banting Pucuk),Normal,Sideways / Stagnan,TP: 117 | CL: 97,Open = High (Tekanan Jual),Ideal (1:2),Netral / Sideways,Netral / Sepi Berita,Normal / Sedang Transisi,Dekat Support Fibo 38.2%,1,WAIT & SEE,HOLD / NEUTRAL,0.5,MA20 di atas MA50 (Uptrend) | Harga di bawah VWAP Intraday,TIDAK ADA,2026-09-10 13:41:26,Biasa / Mengikuti Pasar
13:41,GOLF,Token Mati (Perlu Update),Mid Cap (Lapis 2),Overvalued (Mahal),62.773724,0.41790378,163.0,186.0,161.0,172.0,161,157,186,6.172839506172839,24656800,Tembus MA20,67,Positif,Uptrend,Golden Cross,Strong Bullish,Awal Reversal (5>20),Akumulasi Kuat,Akumulasi (Naik),Normal,Seimbang / Adu Mekanik,Squeeze,Rendah,Normal,Area Tengah,> 1 Miliar,Di Atas VWAP (Kuat),Distribusi Pro (Guyuran),Gorengan Sepi (< 5M),Ledakan Ekstrem (> 300%),Accumulation (Kumpul Barang),Spesialis Tiang Jemuran (Banting Pucuk),Normal,Naik 2 Hari Beruntun,TP: 180 | CL: 166,Normal,Tidak Ideal (< 1:1),Netral / Sideways,Netral / Sepi Berita,Normal / Sedang Transisi,Dekat Support Fibo 38.2%,8,BELI,HOLD / NEUTRAL,0.0,MA20 di bawah MA50 (Downtrend) | RSI Mendekati Jenuh Beli (67.0) | Harga di atas VWAP Intraday | Volatilitas Bollinger Squeeze (Siap Meledak) | Volume Lonjak 7.2x MA20,TIDAK ADA,2026-09-10 13:41:26,Biasa / Mengikuti Pasar
13:41,ISEA,Transaksi Sepi (Skip Broksum),Small Cap (Lapis 3),Fair Value (Wajar),0.0,0.65954363,90.0,92.0,89.0,90.0,84,78,103,1.1235955056179776,6319000,Normal,67,Positif,Uptrend,Bullish,Strong Bullish,Perfect Uptrend (5>20>50),Normal,Akumulasi (Naik),Normal,Seimbang / Adu Mekanik,Normal,Sedang,Doji (Ragu-ragu),Rawan Pucuk (High Risk),< 1 Miliar,Di Atas VWAP (Kuat),Akumulasi Pro (Smart Money),Gorengan Sepi (< 5M),Sepi (< 50%),Mark-Up (Fase Pesta),Spesialis Tiang Jemuran (Banting Pucuk),Normal,Naik 1 Hari Beruntun,TP: 97 | CL: 84,Normal,Menengah (1:1),Golden Cross (Awal Bullish),Netral / Sepi Berita,Normal / Sedang Transisi,Mendekati Fibo 38.2%,6,WAIT & SEE,BUY,2.0,MA20 di atas MA50 (Uptrend) | RSI Mendekati Jenuh Beli (67.0) | Harga di atas VWAP Intraday,TIDAK ADA,2026-09-10 13:41:26,Biasa / Mengikuti Pasar
13:41,BLES,Token Mati (Perlu Update),Mid Cap (Lapis 2),Undervalued (Murah),8.296769,1.4786484,204.0,210.0,204.0,210.0,203,187,222,3.9603960396039604,8548400,Normal,60,Positif,Uptrend,Bearish,Bearish MACD,Konsolidasi / Transisi,Normal,Akumulasi (Naik),Normal,Dominan Beli (Hajar Kanan),Normal,Sedang,Marubozu (Strong Bullish),Rawan Pucuk (High Risk),> 1 Miliar,Di Atas VWAP (Kuat),Distribusi Pro (Guyuran),Gorengan Sepi (< 5M),Normal (50-150%),Mark-Up (Fase Pesta),Normal,Normal,Naik 3 Hari Beruntun,TP: 221 | CL: 202,Open = Low (Bullish Kuat),Tidak Ideal (< 1:1),Netral / Sideways,Netral / Sepi Berita,Normal / Sedang Transisi,Mendekati Fibo 23.6%,5,WAIT & SEE,BUY,2.0,MA20 di atas MA50 (Uptrend) | RSI Mendekati Jenuh Beli (60.0) | Harga di atas VWAP Intraday,TIDAK ADA,2026-09-10 13:41:26,Biasa / Mengikuti Pasar
13:41,GUNA,Transaksi Sepi (Skip Broksum),Small Cap (Lapis 3),Fair Value (Wajar),0.0,0.90353525,222.0,226.0,220.0,220.0,216,200,236,-0.9009009009009009,121000,Normal,63,Negatif,Uptrend,Bullish,Bearish MACD,Perfect Uptrend (5>20>50),Normal,Akumulasi (Naik),Normal,Dominan Jual (Guyur),Normal,Sedang,Normal,Rawan Pucuk (High Risk),< 1 Miliar,Persis di VWAP,Distribusi Pro (Guyuran),Gorengan Sepi (< 5M),Normal (50-150%),Mark-Up (Fase Pesta),Normal,Normal,Turun 1 Hari Beruntun,TP: 233 | CL: 211,Normal,Tidak Ideal (< 1:1),Death Cross (Awal Bearish),Netral / Sepi Berita,Supply Kering (Siap Pump) 🏜️,Mendekati Fibo 23.6%,4,WAIT & SEE,HOLD / NEUTRAL,1.0,MA20 di atas MA50 (Uptrend) | RSI Mendekati Jenuh Beli (63.0),TIDAK ADA,2026-09-10 13:41:26,Biasa / Mengikuti Pasar
13:41,LABS,Transaksi Sepi (Skip Broksum),Small Cap (Lapis 3),Overvalued (Mahal),0.0,4.4111714,177.0,177.0,175.0,175.0,170,157,218,-1.1299435028248588,1142600,Normal,55,Negatif,Uptrend,Bullish,Strong Bullish,Perfect Uptrend (5>20>50),Normal,Akumulasi (Naik),Normal,Dominan Jual (Guyur),Normal,Tinggi,Normal,Rawan Pucuk (High Risk),< 1 Miliar,Di Bawah VWAP (Lemah),Akumulasi Pro (Smart Money),Gorengan Sepi (< 5M),Sepi (< 50%),Mark-Up (Fase Pesta),Normal,Normal,Turun 3 Hari Beruntun,TP: 189 | CL: 165,Open = High (Tekanan Jual),Ideal (1:2),Netral / Sideways,Netral / Sepi Berita,Normal / Sedang Transisi,Dekat Support Fibo 50.0%,5,WAIT & SEE,HOLD / NEUTRAL,0.5,MA20 di atas MA50 (Uptrend) | Harga di bawah VWAP Intraday,TIDAK ADA,2026-09-10 13:41:26,Biasa / Mengikuti Pasar
13:41,DOSS,Transaksi Sepi (Skip Broksum),Small Cap (Lapis 3),Fair Value (Wajar),0.0,1.3410995,167.0,171.0,165.0,169.0,169,156,185,-1.1695906432748537,1667200,Normal,56,Negatif,Downtrend,Bullish,Bearish MACD,Perfect Uptrend (5>20>50),Normal,Distribusi (Turun),Gap Down (-2.3%),Seimbang / Adu Mekanik,Squeeze,Rendah,Normal,Area Tengah,< 1 Miliar,Persis di VWAP,Distribusi Pro (Guyuran),Gorengan Sepi (< 5M),Normal (50-150%),Distribution (Fase Jualan),Spesialis Tiang Jemuran (Banting Pucuk),Normal,Turun 1 Hari Beruntun,TP: 179 | CL: 162,Normal,Menengah (1:1),Netral / Sideways,Netral / Sepi Berita,Normal / Sedang Transisi,Mendekati Fibo 38.2%,2,WAIT & SEE,BUY,2.0,MA20 di atas MA50 (Uptrend) | RSI Mendekati Jenuh Beli (56.0) | Volatilitas Bollinger Squeeze (Siap Meledak),TIDAK ADA,2026-09-10 13:41:26,Biasa / Mengikuti Pasar
13:41,NEST,Token Mati (Perlu Update),Small Cap (Lapis 3),Overvalued (Mahal),121.84874,7.843774,720.0,735.0,710.0,725.0,709,670,765,0.0,3730000,Normal,57,Negatif,Uptrend,Bullish,Bearish MACD,Perfect Uptrend (5>20>50),Normal,Akumulasi (Naik),Normal,Seimbang / Adu Mekanik,Normal,Sedang,Normal,Area Tengah,> 1 Miliar,Di Bawah VWAP (Lemah),Akumulasi Pro (Smart Money),Ritel Aktif (5M - 50M),Sepi (< 50%),Mark-Up (Fase Pesta),Normal,Normal,Sideways / Stagnan,TP: 759 | CL: 701,Normal,Tidak Ideal (< 1:1),Death Cross (Awal Bearish),Netral / Sepi Berita,Normal / Sedang Transisi,Mendekati Fibo 23.6%,4,WAIT & SEE,HOLD / NEUTRAL,0.0,MA20 di atas MA50 (Uptrend) | RSI Mendekati Jenuh Beli (57.0) | Harga di bawah VWAP Intraday,TIDAK ADA,2026-09-10 13:41:26,Biasa / Mengikuti Pasar
13:41,VERN,Token Mati (Perlu Update),Mid Cap (Lapis 2),Fair Value (Wajar),0.0,2.0701885,228.0,236.0,222.0,232.0,237,204,258,0.8695652173913043,7145600,Normal,53,Positif,Downtrend,Death Cross,Bearish MACD,Konsolidasi / Transisi,Normal,Distribusi (Turun),Normal,Dominan Beli (Hajar Kanan),Normal,Tinggi,Normal,Rawan Pucuk (High Risk),> 1 Miliar,Persis di VWAP,Akumulasi Pro (Smart Money),Gorengan Sepi (< 5M),Normal (50-150%),Distribution (Fase Jualan),Normal,Normal,Naik 1 Hari Beruntun,TP: 252 | CL: 218,Normal,Tidak Ideal (< 1:1),Golden Cross (Awal Bullish),Netral / Sepi Berita,Normal / Sedang Transisi,Mendekati Fibo 23.6%,3,WAIT & SEE,BUY,1.5,MA20 di atas MA50 (Uptrend),TIDAK ADA,2026-09-10 13:41:26,Biasa / Mengikuti Pasar
13:41,DAAZ,Transaksi Sepi (Skip Broksum),Mid Cap (Lapis 2),Fair Value (Wajar),12.041159,1.9627155,1655.0,1660.0,1630.0,1650.0,1703,1605,1875,-0.3021148036253776,253000,Normal,48,Negatif,Downtrend,Bearish,Bearish MACD,Konsolidasi / Transisi,Normal,Distribusi (Turun),Normal,Seimbang / Adu Mekanik,Bottom Rebound,Sedang,Normal,Dekat Support (Low Risk),< 1 Miliar,Persis di VWAP,Akumulasi Pro (Smart Money),Gorengan Sepi (< 5M),Normal (50-150%),Distribution (Fase Jualan),Spesialis Tiang Jemuran (Banting Pucuk),Jarum Bawah (Sinyal Pantulan Kuat),Turun 2 Hari Beruntun,TP: 1733 | CL: 1594,Normal,Sangat Menarik (> 1:3),Netral / Sideways,Netral / Sepi Berita,Normal / Sedang Transisi,Golden Rebound Fibo 61.8% (Golden Ratio) 🎯,0,WAIT & SEE,BUY,1.5,MA20 di atas MA50 (Uptrend),TIDAK ADA,2026-09-10 13:41:26,Biasa / Mengikuti Pasar
13:41,BOAT,Transaksi Sepi (Skip Broksum),Small Cap (Lapis 3),Overvalued (Mahal),0.0,20000.0,138.0,142.0,138.0,140.0,141,131,160,0.0,1816500,Normal,54,Negatif,Downtrend,Bearish,Bearish MACD,Konsolidasi / Transisi,Normal,Akumulasi (Naik),Normal,Seimbang / Adu Mekanik,Normal,Sedang,Normal,Area Tengah,< 1 Miliar,Persis di VWAP,Distribusi Pro (Guyuran),Gorengan Sepi (< 5M),Sepi (< 50%),Distribution (Fase Jualan),Normal,Normal,Sideways / Stagnan,TP: 149 | CL: 133,Open = Low (Bullish Kuat),Ideal (1:2),Golden Cross (Awal Bullish),Netral / Sepi Berita,Normal / Sedang Transisi,Mendekati Fibo 38.2%,2,WAIT & SEE,BUY,1.5,MA20 di atas MA50 (Uptrend),TIDAK ADA,2026-09-10 13:41:26,Biasa / Mengikuti Pasar
13:41,NAIK,Transaksi Sepi (Skip Broksum),Small Cap (Lapis 3),Undervalued (Murah),10.444445,1.4682682,96.0,97.0,94.0,95.0,92,86,103,-1.0416666666666665,1526600,Normal,58,Negatif,Uptrend,Bullish,Strong Bullish,Perfect Uptrend (5>20>50),Normal,Akumulasi (Naik),Normal,Seimbang / Adu Mekanik,Normal,Sedang,Normal,Rawan Pucuk (High Risk),< 1 Miliar,Persis di VWAP,Akumulasi Pro (Smart Money),Gorengan Sepi (< 5M),Sepi (< 50%),Mark-Up (Fase Pesta),Spesialis Tiang Jemuran (Banting Pucuk),Normal,Turun 2 Hari Beruntun,TP: 101 | CL: 90,Normal,Tidak Ideal (< 1:1),Netral / Sideways,Netral / Sepi Berita,Normal / Sedang Transisi,Mendekati Fibo 38.2%,5,WAIT & SEE,HOLD / NEUTRAL,1.0,MA20 di atas MA50 (Uptrend) | RSI Mendekati Jenuh Beli (58.0),TIDAK ADA,2026-09-10 13:41:26,Biasa / Mengikuti Pasar
13:41,AADI,Token Mati (Perlu Update),Big Cap (Lapis 1),Overvalued (Mahal),6.7983103,29030.373,12450.0,12925.0,12325.0,12375.0,10531,9025,12925,-0.6024096385542169,19019400,Tembus MA20,82,Negatif,Uptrend,Bullish,Strong Bullish,Perfect Uptrend (5>20>50),Normal,Akumulasi (Naik),Normal,Dominan Jual (Guyur),Normal,Tinggi,Normal,Rawan Pucuk (High Risk),> 1 Miliar,Di Atas VWAP (Kuat),Akumulasi Pro (Smart Money),Sultan (> 50M/hari),Normal (50-150%),Mark-Up (Fase Pesta),Normal,Normal,Turun 1 Hari Beruntun,TP: 13001 | CL: 11957,Normal,Tidak Ideal (< 1:1),Overbought (Jenuh Beli - Rawan),Netral / Sepi Berita,Normal / Sedang Transisi,Mendekati Fibo 23.6%,6,WAIT & SEE,HOLD / NEUTRAL,0.6,MA20 di atas MA50 (Uptrend) | RSI Overbought Pucuk (82.0) | Harga di atas VWAP Intraday | Volume Lonjak 1.5x MA20,TIDAK ADA,2026-09-10 13:41:26,Biasa / Mengikuti Pasar
13:41,MDIY,Transaksi Sepi (Skip Broksum),Big Cap (Lapis 1),Overvalued (Mahal),19.725739,5.4600773,945.0,945.0,920.0,935.0,951,910,980,0.0,483300,Normal,46,Negatif,Downtrend,Death Cross,Bearish MACD,Konsolidasi / Transisi,Normal,Distribusi (Turun),Normal,Seimbang / Adu Mekanik,Squeeze,Rendah,Normal,Dekat Support (Low Risk),< 1 Miliar,Di Bawah VWAP (Lemah),Distribusi Pro (Guyuran),Gorengan Sepi (< 5M),Normal (50-150%),Distribution (Fase Jualan),Normal,Normal,Sideways / Stagnan,TP: 967 | CL: 913,Open = High (Tekanan Jual),Ideal (1:2),Netral / Sideways,Netral / Sepi Berita,Normal / Sedang Transisi,Dekat Support Fibo 50.0%,0,WAIT & SEE,BUY,1.5,MA20 di atas MA50 (Uptrend) | Harga di bawah VWAP Intraday | Volatilitas Bollinger Squeeze (Siap Meledak),TIDAK ADA,2026-09-10 13:41:26,Biasa / Mengikuti Pasar
13:41,KSIX,Transaksi Sepi (Skip Broksum),Small Cap (Lapis 3),Fair Value (Wajar),0.0,0.69947046,410.0,416.0,410.0,412.0,413,384,500,-0.9615384615384616,89800,Normal,61,Negatif,Downtrend,Death Cross,Bearish MACD,Konsolidasi / Transisi,Normal,Distribusi (Turun),Normal,Seimbang / Adu Mekanik,Squeeze,Rendah,Normal,Area Tengah,< 1 Miliar,Persis di VWAP,Akumulasi Pro (Smart Money),Gorengan Sepi (< 5M),Sepi (< 50%),Distribution (Fase Jualan),Spesialis Tiang Jemuran (Banting Pucuk),Normal,Turun 1 Hari Beruntun,TP: 435 | CL: 396,Open = Low (Bullish Kuat),Sangat Menarik (> 1:3),Golden Cross (Awal Bullish),Netral / Sepi Berita,Normal / Sedang Transisi,Dekat Support Fibo 38.2%,1,WAIT & SEE,BUY,2.0,MA20 di atas MA50 (Uptrend) | RSI Mendekati Jenuh Beli (61.0) | Volatilitas Bollinger Squeeze (Siap Meledak),TIDAK ADA,2026-09-10 13:41:26,Biasa / Mengikuti Pasar
13:41,RATU,Token Mati (Perlu Update),Big Cap (Lapis 1),Overvalued (Mahal),32.327137,222857.14,4690.0,4850.0,4670.0,4740.0,4461,4110,5025,2.1551724137931036,8109500,Normal,55,Positif,Uptrend,Bullish,Bullish MACD,Awal Reversal (5>20),Normal,Akumulasi (Naik),Normal,Seimbang / Adu Mekanik,Normal,Tinggi,Normal,Rawan Pucuk (High Risk),> 1 Miliar,Di Atas VWAP (Kuat),Distribusi Pro (Guyuran),Sultan (> 50M/hari),Normal (50-150%),Accumulation (Kumpul Barang),Spesialis Tiang Jemuran (Banting Pucuk),Normal,Naik 1 Hari Beruntun,TP: 5033 | CL: 4544,Normal,Tidak Ideal (< 1:1),Netral / Sideways,Netral / Sepi Berita,Normal / Sedang Transisi,Dekat Support Fibo 61.8% (Golden Ratio),6,WAIT & SEE,HOLD / NEUTRAL,-0.5,MA20 di bawah MA50 (Downtrend) | Harga di atas VWAP Intraday,TIDAK ADA,2026-09-10 13:41:26,Biasa / Mengikuti Pasar
13:41,YOII,Transaksi Sepi (Skip Broksum),Small Cap (Lapis 3),Fair Value (Wajar),0.0,1.2501563,81.0,82.0,80.0,80.0,82,79,87,-1.2345679012345678,1381800,Normal,38,Negatif,Downtrend,Bearish,Strong Bearish,Strong Downtrend (5<20<50),Normal,Distribusi (Turun),Normal,Dominan Jual (Guyur),Squeeze,Rendah,Normal,Dekat Support (Low Risk),< 1 Miliar,Di Bawah VWAP (Lemah),Distribusi Pro (Guyuran),Gorengan Sepi (< 5M),Sepi (< 50%),Mark-Down (Fase Runtuh),Normal,Normal,Turun 2 Hari Beruntun,TP: 83 | CL: 77,Normal,Sangat Menarik (> 1:3),Netral / Sideways,Netral / Sepi Berita,Normal / Sedang Transisi,Mendekati Fibo Bottom / 100%,0,WAIT & SEE,HOLD / NEUTRAL,-1.0,MA20 di bawah MA50 (Downtrend) | RSI Rebound Area Murah (38.0) | Harga di bawah VWAP Intraday | Volatilitas Bollinger Squeeze (Siap Meledak),TIDAK ADA,2026-09-10 13:41:26,Biasa / Mengikuti Pasar
13:41,HGII,Transaksi Sepi (Skip Broksum),Small Cap (Lapis 3),Fair Value (Wajar),0.0,1.1950822,139.0,142.0,138.0,139.0,132,119,168,0.7246376811594203,996300,Normal,64,Positif,Uptrend,Bullish,Strong Bullish,Perfect Uptrend (5>20>50),Normal,Akumulasi (Naik),Normal,Dominan Jual (Guyur),Normal,Tinggi,Doji (Ragu-ragu),Rawan Pucuk (High Risk),< 1 Miliar,Persis di VWAP,Distribusi Pro (Guyuran),Gorengan Sepi (< 5M),Sepi (< 50%),Mark-Up (Fase Pesta),Spesialis Tiang Jemuran (Banting Pucuk),Normal,Naik 1 Hari Beruntun,TP: 150 | CL: 131,Normal,Menengah (1:1),Golden Cross (Awal Bullish),Netral / Sepi Berita,Normal / Sedang Transisi,Dekat Support Fibo 61.8% (Golden Ratio),6,WAIT & SEE,HOLD / NEUTRAL,1.0,MA20 di atas MA50 (Uptrend) | RSI Mendekati Jenuh Beli (64.0),TIDAK ADA,2026-09-10 13:41:26,Biasa / Mengikuti Pasar
13:41,BRRC,Token Mati (Perlu Update),Small Cap (Lapis 3),Fair Value (Wajar),0.0,0.87118137,75.0,78.0,74.0,75.0,73,62,101,0.0,26007700,Normal,60,Negatif,Uptrend,Bullish,Bearish MACD,Perfect Uptrend (5>20>50),Normal,Akumulasi (Naik),Normal,Dominan Jual (Guyur),Normal,Tinggi,Doji (Ragu-ragu),Rawan Pucuk (High Risk),> 1 Miliar,Persis di VWAP,Distribusi Pro (Guyuran),Gorengan Sepi (< 5M),Normal (50-150%),Mark-Up (Fase Pesta),Spesialis Tiang Jemuran (Banting Pucuk),Normal,Sideways / Stagnan,TP: 83 | CL: 69,Normal,Ideal (1:2),Netral / Sideways,Netral / Sepi Berita,Normal / Sedang Transisi,Mengambang (Jauh dari Fibo),4,WAIT & SEE,HOLD / NEUTRAL,1.0,MA20 di atas MA50 (Uptrend) | RSI Mendekati Jenuh Beli (60.0),TIDAK ADA,2026-09-10 13:41:26,Biasa / Mengikuti Pasar
13:41,DGWG,Token Mati (Perlu Update),Mid Cap (Lapis 2),Fair Value (Wajar),7.347826,1.7808313,342.0,342.0,338.0,338.0,339,314,368,-1.1695906432748537,4912900,Normal,55,Negatif,Downtrend,Bullish,Bearish MACD,Perfect Uptrend (5>20>50),Normal,Distribusi (Turun),Normal,Dominan Jual (Guyur),Normal,Sedang,Normal,Area Tengah,> 1 Miliar,Di Bawah VWAP (Lemah),Distribusi Pro (Guyuran),Gorengan Sepi (< 5M),Sepi (< 50%),Distribution (Fase Jualan),Normal,Normal,Turun 4 Hari Beruntun,TP: 354 | CL: 327,Open = High (Tekanan Jual),Menengah (1:1),Netral / Sideways,Netral / Sepi Berita,Normal / Sedang Transisi,Dekat Support Fibo 38.2%,2,WAIT & SEE,HOLD / NEUTRAL,0.5,MA20 di atas MA50 (Uptrend) | Harga di bawah VWAP Intraday,TIDAK ADA,2026-09-10 13:41:26,Biasa / Mengikuti Pasar
13:41,CBDK,Token Mati (Perlu Update),Big Cap (Lapis 1),Fair Value (Wajar),8.994698,2.146969,4050.0,4070.0,4010.0,4030.0,3871,3580,4230,0.0,877800,Normal,61,Negatif,Uptrend,Bullish,Strong Bullish,Perfect Uptrend (5>20>50),Normal,Distribusi (Turun),Normal,Seimbang / Adu Mekanik,Normal,Tinggi,Normal,Rawan Pucuk (High Risk),> 1 Miliar,Di Bawah VWAP (Lemah),Distribusi Pro (Guyuran),Ritel Aktif (5M - 50M),Sepi (< 50%),Mark-Up (Fase Pesta),Normal,Normal,Sideways / Stagnan,TP: 4234 | CL: 3893,Normal,Tidak Ideal (< 1:1),Death Cross (Awal Bearish),Netral / Sepi Berita,Normal / Sedang Transisi,Dekat Support Fibo 23.6%,4,WAIT & SEE,HOLD / NEUTRAL,0.0,MA20 di atas MA50 (Uptrend) | RSI Mendekati Jenuh Beli (61.0) | Harga di bawah VWAP Intraday,TIDAK ADA,2026-09-10 13:41:26,Biasa / Mengikuti Pasar
13:41,OBAT,Transaksi Sepi (Skip Broksum),Small Cap (Lapis 3),Fair Value (Wajar),0.0,1.2195485,246.0,250.0,242.0,244.0,241,230,280,-0.8130081300813009,133100,Normal,52,Negatif,Uptrend,Bullish,Strong Bullish,Awal Reversal (5>20),Normal,Akumulasi (Naik),Normal,Dominan Jual (Guyur),Normal,Sedang,Normal,Area Tengah,< 1 Miliar,Di Bawah VWAP (Lemah),Distribusi Pro (Guyuran),Gorengan Sepi (< 5M),Sepi (< 50%),Accumulation (Kumpul Barang),Normal,Normal,Turun 3 Hari Beruntun,TP: 260 | CL: 232,Normal,Ideal (1:2),Netral / Sideways,Netral / Sepi Berita,Normal / Sedang Transisi,Dekat Support Fibo 50.0%,5,WAIT & SEE,SELL,-2.5,MA20 di bawah MA50 (Downtrend) | Harga di bawah VWAP Intraday,TIDAK ADA,2026-09-10 13:41:26,Biasa / Mengikuti Pasar
13:41,MINE,Transaksi Sepi (Skip Broksum),Mid Cap (Lapis 2),Undervalued (Murah),6.5650644,1.1728289,276.0,292.0,272.0,280.0,250,220,312,1.4492753623188406,1705500,Normal,72,Positif,Uptrend,Bullish,Strong Bullish,Perfect Uptrend (5>20>50),Normal,Distribusi (Turun),Normal,Seimbang / Adu Mekanik,Normal,Tinggi,Normal,Rawan Pucuk (High Risk),< 1 Miliar,Persis di VWAP,Distribusi Pro (Guyuran),Gorengan Sepi (< 5M),Sepi (< 50%),Mark-Up (Fase Pesta),Normal,Normal,Naik 1 Hari Beruntun,TP: 303 | CL: 264,Normal,Tidak Ideal (< 1:1),Netral / Sideways,Netral / Sepi Berita,Normal / Sedang Transisi,Mendekati Fibo 38.2%,5,WAIT & SEE,HOLD / NEUTRAL,-0.5,MA20 di atas MA50 (Uptrend) | RSI Overbought Pucuk (72.0),TIDAK ADA,2026-09-10 13:41:26,Biasa / Mengikuti Pasar
13:41,ASPR,Transaksi Sepi (Skip Broksum),Small Cap (Lapis 3),Fair Value (Wajar),0.0,2.218516,147.0,148.0,145.0,145.0,152,140,167,-0.684931506849315,4692000,Normal,42,Negatif,Downtrend,Bearish,Strong Bearish,Konsolidasi / Transisi,Normal,Distribusi (Turun),Normal,Dominan Jual (Guyur),Normal,Sedang,Normal,Area Tengah,< 1 Miliar,Di Bawah VWAP (Lemah),Distribusi Pro (Guyuran),Gorengan Sepi (< 5M),Sepi (< 50%),Distribution (Fase Jualan),Normal,Normal,Turun 1 Hari Beruntun,TP: 156 | CL: 137,Normal,Sangat Menarik (> 1:3),Netral / Sideways,Netral / Sepi Berita,Normal / Sedang Transisi,Mengambang (Jauh dari Fibo),0,WAIT & SEE,HOLD / NEUTRAL,1.0,MA20 di atas MA50 (Uptrend) | RSI Rebound Area Murah (42.0) | Harga di bawah VWAP Intraday,TIDAK ADA,2026-09-10 13:41:26,Biasa / Mengikuti Pasar
13:41,PSAT,Transaksi Sepi (Skip Broksum),Mid Cap (Lapis 2),Fair Value (Wajar),0.0,1.0153954,905.0,910.0,890.0,895.0,895,860,925,0.5617977528089888,48000,Normal,54,Positif,Downtrend,Bullish,Bearish MACD,Perfect Uptrend (5>20>50),Normal,Distribusi (Turun),Normal,Dominan Jual (Guyur),Squeeze,Rendah,Normal,Area Tengah,< 1 Miliar,Persis di VWAP,Distribusi Pro (Guyuran),Gorengan Sepi (< 5M),Normal (50-150%),Distribution (Fase Jualan),Normal,Normal,Naik 1 Hari Beruntun,TP: 927 | CL: 873,Normal,Tidak Ideal (< 1:1),Golden Cross (Awal Bullish),Netral / Sepi Berita,Normal / Sedang Transisi,Mendekati Fibo 38.2%,3,WAIT & SEE,BUY,2.5,MA20 di atas MA50 (Uptrend) | Volatilitas Bollinger Squeeze (Siap Meledak),TIDAK ADA,2026-09-10 13:41:26,Biasa / Mengikuti Pasar
13:41,COIN,Token Mati (Perlu Update),Big Cap (Lapis 1),Overvalued (Mahal),0.0,7.5903544,805.0,815.0,780.0,790.0,795,665,1095,-3.067484662576687,34512500,Normal,51,Negatif,Downtrend,Bullish,Bearish MACD,Perfect Uptrend (5>20>50),Normal,Akumulasi (Naik),Normal,Dominan Jual (Guyur),Normal,Tinggi,Normal,Rawan Pucuk (High Risk),> 1 Miliar,Di Bawah VWAP (Lemah),Distribusi Pro (Guyuran),Sultan (> 50M/hari),Sepi (< 50%),Distribution (Fase Jualan),Spesialis Tiang Jemuran (Banting Pucuk),Normal,Turun 3 Hari Beruntun,TP: 913 | CL: 707,Normal,Ideal (1:2),Netral / Sideways,Netral / Sepi Berita,Normal / Sedang Transisi,Dekat Support Fibo 61.8% (Golden Ratio),3,WAIT & SEE,HOLD / NEUTRAL,0.5,MA20 di atas MA50 (Uptrend) | Harga di bawah VWAP Intraday,TIDAK ADA,2026-09-10 13:41:26,Biasa / Mengikuti Pasar
13:41,CDIA,Token Mati (Perlu Update),Big Cap (Lapis 1),Overvalued (Mahal),71.92807,89999.99,695.0,730.0,695.0,725.0,696,640,750,4.316546762589928,86500000,Tembus MA20,58,Positif,Uptrend,Bullish,Strong Bullish,Perfect Uptrend (5>20>50),Normal,Akumulasi (Naik),Normal,Dominan Beli (Hajar Kanan),Normal,Sedang,Marubozu (Strong Bullish),Rawan Pucuk (High Risk),> 1 Miliar,Di Atas VWAP (Kuat),Distribusi Pro (Guyuran),Sultan (> 50M/hari),Normal (50-150%),Mark-Up (Fase Pesta),Spesialis Tiang Jemuran (Banting Pucuk),Normal,Naik 1 Hari Beruntun,TP: 776 | CL: 690,Open = Low (Bullish Kuat),Tidak Ideal (< 1:1),Netral / Sideways,Netral / Sepi Berita,Normal / Sedang Transisi,Mendekati Fibo 38.2%,8,BELI,BUY,2.0,MA20 di atas MA50 (Uptrend) | RSI Mendekati Jenuh Beli (58.0) | Harga di atas VWAP Intraday,TIDAK ADA,2026-09-10 13:41:26,Biasa / Mengikuti Pasar
13:41,BLOG,Transaksi Sepi (Skip Broksum),Mid Cap (Lapis 2),Fair Value (Wajar),8.370636,2.0152273,372.0,378.0,372.0,374.0,380,372,388,0.5376344086021506,528600,Tembus MA20,48,Positif,Downtrend,Bearish,Bearish MACD,Konsolidasi / Transisi,Normal,Distribusi (Turun),Normal,Seimbang / Adu Mekanik,Squeeze,Rendah,Normal,Dekat Support (Low Risk),< 1 Miliar,Persis di VWAP,Distribusi Pro (Guyuran),Gorengan Sepi (< 5M),Normal (50-150%),Distribution (Fase Jualan),Normal,Normal,Naik 1 Hari Beruntun,TP: 383 | CL: 368,Open = Low (Bullish Kuat),Sangat Menarik (> 1:3),Oversold (Jenuh Jual - Peluang),Netral / Sepi Berita,Normal / Sedang Transisi,Golden Rebound Fibo 38.2% 🎯,2,WAIT & SEE,BUY,2.5,MA20 di atas MA50 (Uptrend) | Volatilitas Bollinger Squeeze (Siap Meledak),TIDAK ADA,2026-09-10 13:41:26,Biasa / Mengikuti Pasar
13:41,MERI,Transaksi Sepi (Skip Broksum),Small Cap (Lapis 3),Fair Value (Wajar),0.0,2.908545,123.0,124.0,122.0,124.0,121,112,140,0.8130081300813009,1049500,Normal,62,Positif,Uptrend,Bullish,Bearish MACD,Perfect Uptrend (5>20>50),Normal,Akumulasi (Naik),Normal,Dominan Beli (Hajar Kanan),Squeeze,Rendah,Normal,Rawan Pucuk (High Risk),< 1 Miliar,Persis di VWAP,Distribusi Pro (Guyuran),Gorengan Sepi (< 5M),Sepi (< 50%),Mark-Up (Fase Pesta),Spesialis Tiang Jemuran (Banting Pucuk),Normal,Naik 1 Hari Beruntun,TP: 130 | CL: 119,Normal,Menengah (1:1),Netral / Sideways,Netral / Sepi Berita,Supply Kering (Siap Pump) 🏜️,Golden Rebound Fibo 38.2% 🎯,6,WAIT & SEE,BUY,2.0,MA20 di atas MA50 (Uptrend) | RSI Mendekati Jenuh Beli (62.0) | Volatilitas Bollinger Squeeze (Siap Meledak),TIDAK ADA,2026-09-10 13:41:26,Biasa / Mengikuti Pasar
13:41,KAQI,Transaksi Sepi (Skip Broksum),Small Cap (Lapis 3),Fair Value (Wajar),0.0,1.6043301,100.0,100.0,98.0,100.0,97,86,109,0.0,8414500,Normal,57,Negatif,Uptrend,Bullish,Strong Bullish,Perfect Uptrend (5>20>50),Normal,Distribusi (Turun),Normal,Dominan Beli (Hajar Kanan),Normal,Sedang,Doji (Ragu-ragu),Rawan Pucuk (High Risk),< 1 Miliar,Persis di VWAP,Distribusi Pro (Guyuran),Gorengan Sepi (< 5M),Sepi (< 50%),Mark-Up (Fase Pesta),Normal,Jarum Bawah (Sinyal Pantulan Kuat),Sideways / Stagnan,TP: 107 | CL: 94,Normal,Tidak Ideal (< 1:1),Netral / Sideways,Netral / Sepi Berita,Normal / Sedang Transisi,Mendekati Fibo 38.2%,5,WAIT & SEE,HOLD / NEUTRAL,1.0,MA20 di atas MA50 (Uptrend) | RSI Mendekati Jenuh Beli (57.0),TIDAK ADA,2026-09-10 13:41:26,Biasa / Mengikuti Pasar
13:41,YUPI,Transaksi Sepi (Skip Broksum),Big Cap (Lapis 1),Overvalued (Mahal),18.140745,6.506325,1290.0,1330.0,1290.0,1315.0,1337,1249,1482,-2.5925925925925926,76900,Normal,47,Negatif,Downtrend,Bearish,Bearish MACD,Konsolidasi / Transisi,Normal,Distribusi (Turun),Gap Down (-4.4%),Seimbang / Adu Mekanik,Normal,Tinggi,Normal,Area Tengah,< 1 Miliar,Persis di VWAP,Distribusi Pro (Guyuran),Gorengan Sepi (< 5M),Normal (50-150%),Distribution (Fase Jualan),Spesialis Tiang Jemuran (Banting Pucuk),Normal,Turun 1 Hari Beruntun,TP: 1404 | CL: 1255,Open = Low (Bullish Kuat),Ideal (1:2),Netral / Sideways,Netral / Sepi Berita,Normal / Sedang Transisi,Dekat Support Fibo 78.6%,0,WAIT & SEE,BUY,1.5,MA20 di atas MA50 (Uptrend),TIDAK ADA,2026-09-10 13:41:26,Biasa / Mengikuti Pasar
13:41,FORE,Token Mati (Perlu Update),Mid Cap (Lapis 2),Overvalued (Mahal),68.43456,9.671647,800.0,810.0,795.0,805.0,816,760,875,1.257861635220126,2081400,Normal,54,Positif,Downtrend,Bearish,Bearish MACD,Konsolidasi / Transisi,Normal,Distribusi (Turun),Normal,Seimbang / Adu Mekanik,Normal,Sedang,Normal,Area Tengah,> 1 Miliar,Persis di VWAP,Distribusi Pro (Guyuran),Gorengan Sepi (< 5M),Sepi (< 50%),Distribution (Fase Jualan),Normal,Normal,Naik 2 Hari Beruntun,TP: 845 | CL: 777,Normal,Ideal (1:2),Golden Cross (Awal Bullish),Netral / Sepi Berita,Normal / Sedang Transisi,Dekat Support Fibo 23.6%,2,WAIT & SEE,BUY,1.5,MA20 di atas MA50 (Uptrend),TIDAK ADA,2026-09-10 13:41:26,Biasa / Mengikuti Pasar
13:41,MDLA,Transaksi Sepi (Skip Broksum),Mid Cap (Lapis 2),Undervalued (Murah),7.07483,0.94785005,210.0,210.0,206.0,208.0,208,204,226,-0.9523809523809524,1747800,Normal,49,Negatif,Downtrend,Bullish,Bearish MACD,Perfect Uptrend (5>20>50),Normal,Distribusi (Turun),Normal,Seimbang / Adu Mekanik,Squeeze,Rendah,Normal,Dekat Support (Low Risk),< 1 Miliar,Di Bawah VWAP (Lemah),Distribusi Pro (Guyuran),Gorengan Sepi (< 5M),Normal (50-150%),Distribution (Fase Jualan),Normal,Normal,Turun 1 Hari Beruntun,TP: 215 | CL: 203,Open = High (Tekanan Jual),Sangat Menarik (> 1:3),Netral / Sideways,Netral / Sepi Berita,Normal / Sedang Transisi,Dekat Support Fibo 50.0%,1,WAIT & SEE,BUY,1.5,MA20 di atas MA50 (Uptrend) | Harga di bawah VWAP Intraday | Volatilitas Bollinger Squeeze (Siap Meledak),TIDAK ADA,2026-09-10 13:41:26,Biasa / Mengikuti Pasar
13:41,DKHH,Token Mati (Perlu Update),Small Cap (Lapis 3),Fair Value (Wajar),0.0,0.8694287,73.0,75.0,71.0,73.0,66,60,84,0.0,15846300,Normal,65,Negatif,Uptrend,Bullish,Strong Bullish,Perfect Uptrend (5>20>50),Normal,Akumulasi (Naik),Normal,Seimbang / Adu Mekanik,Normal,Tinggi,Doji (Ragu-ragu),Rawan Pucuk (High Risk),> 1 Miliar,Di Bawah VWAP (Lemah),Distribusi Pro (Guyuran),Ritel Aktif (5M - 50M),Sepi (< 50%),Mark-Up (Fase Pesta),Spesialis Tiang Jemuran (Banting Pucuk),Normal,Sideways / Stagnan,TP: 81 | CL: 67,Normal,Tidak Ideal (< 1:1),Netral / Sideways,Netral / Sepi Berita,Normal / Sedang Transisi,Dekat Support Fibo 38.2%,5,WAIT & SEE,HOLD / NEUTRAL,0.0,MA20 di atas MA50 (Uptrend) | RSI Mendekati Jenuh Beli (65.0) | Harga di bawah VWAP Intraday,TIDAK ADA,2026-09-10 13:41:26,Biasa / Mengikuti Pasar
13:41,AYLS,Transaksi Sepi (Skip Broksum),Small Cap (Lapis 3),Overvalued (Mahal),0.0,4.1788993,161.0,163.0,158.0,158.0,154,145,167,-1.8633540372670807,610300,Normal,55,Negatif,Uptrend,Bullish,Strong Bullish,Perfect Uptrend (5>20>50),Normal,Akumulasi (Naik),Normal,Dominan Jual (Guyur),Normal,Sedang,Normal,Area Tengah,< 1 Miliar,Di Bawah VWAP (Lemah),Distribusi Pro (Guyuran),Gorengan Sepi (< 5M),Sepi (< 50%),Mark-Up (Fase Pesta),Normal,Normal,Turun 1 Hari Beruntun,TP: 167 | CL: 151,Normal,Tidak Ideal (< 1:1),Death Cross (Awal Bearish),Netral / Sepi Berita,Normal / Sedang Transisi,Dekat Support Fibo 50.0%,5,WAIT & SEE,SELL,-2.5,MA20 di bawah MA50 (Downtrend) | Harga di bawah VWAP Intraday,TIDAK ADA,2026-09-10 13:41:26,Biasa / Mengikuti Pasar
13:41,DADA,Transaksi Sepi (Skip Broksum),Small Cap (Lapis 3),Undervalued (Murah),14.947683,1.0235415,50.0,50.0,50.0,50.0,50,50,50,0.0,95000,Normal,0,Negatif,Downtrend,Bearish,Bearish MACD,Konsolidasi / Transisi,Normal,Netral,Normal,Tidak Ada Transaksi,Squeeze,Rendah,Doji (Ragu-ragu),Dekat Support (Low Risk),< 1 Miliar,Persis di VWAP,Netral,Gorengan Sepi (< 5M),Sepi (< 50%),Sideways,Solid (Jarang Dibanting),Normal,Sideways / Stagnan,TP: 51 | CL: 49,Normal,Di Area Support,Oversold (Jenuh Jual - Peluang),Netral / Sepi Berita,Supply Kering (Siap Pump) 🏜️,Normal / Sideways,0,WAIT & SEE,BUY,1.5,MA20 di bawah MA50 (Downtrend) | RSI Oversold Kuat (0.0) | Volatilitas Bollinger Squeeze (Siap Meledak),TIDAK ADA,2026-09-10 13:41:26,🔥 ANOMALI BANDAR (Siap Ledakan)
13:41,ASPI,Transaksi Sepi (Skip Broksum),Small Cap (Lapis 3),Overvalued (Mahal),0.0,6.8384247,505.0,515.0,474.0,480.0,414,358,585,-4.0,939600,Normal,65,Negatif,Uptrend,Bullish,Strong Bullish,Awal Reversal (5>20),Normal,Distribusi (Turun),Normal,Dominan Jual (Guyur),Normal,Tinggi,Normal,Rawan Pucuk (High Risk),< 1 Miliar,Persis di VWAP,Distribusi Pro (Guyuran),Gorengan Sepi (< 5M),Sepi (< 50%),Accumulation (Kumpul Barang),Spesialis Tiang Jemuran (Banting Pucuk),Normal,Turun 2 Hari Beruntun,TP: 546 | CL: 435,Normal,Tidak Ideal (< 1:1),Death Cross (Awal Bearish),Netral / Sepi Berita,Supply Banjir (Distribusi) 🌊,Dekat Support Fibo 38.2%,4,WAIT & SEE,SELL,-2.0,MA20 di bawah MA50 (Downtrend) | RSI Mendekati Jenuh Beli (65.0),TIDAK ADA,2026-09-10 13:41:26,Biasa / Mengikuti Pasar
13:41,ESTA,Transaksi Sepi (Skip Broksum),Small Cap (Lapis 3),Fair Value (Wajar),0.0,2.406193,179.0,179.0,173.0,173.0,173,162,193,-0.5747126436781609,327800,Normal,47,Negatif,Downtrend,Bullish,Bullish MACD,Awal Reversal (5>20),Normal,Distribusi (Turun),Gap Up (+2.9%),Dominan Jual (Guyur),Squeeze,Rendah,Normal,Area Tengah,< 1 Miliar,Persis di VWAP,Distribusi Pro (Guyuran),Gorengan Sepi (< 5M),Sepi (< 50%),Mark-Down (Fase Runtuh),Spesialis Tiang Jemuran (Banting Pucuk),Normal,Turun 1 Hari Beruntun,TP: 186 | CL: 163,Open = High (Tekanan Jual),Ideal (1:2),Netral / Sideways,Netral / Sepi Berita,Normal / Sedang Transisi,Mengambang (Jauh dari Fibo),3,WAIT & SEE,HOLD / NEUTRAL,-0.5,MA20 di bawah MA50 (Downtrend) | Volatilitas Bollinger Squeeze (Siap Meledak),TIDAK ADA,2026-09-10 13:41:26,Biasa / Mengikuti Pasar
13:41,BESS,Transaksi Sepi (Skip Broksum),Mid Cap (Lapis 2),Overvalued (Mahal),284.1615,4.922716,930.0,930.0,900.0,915.0,906,805,970,-0.5434782608695652,6600,Normal,53,Negatif,Uptrend,Golden Cross,Strong Bullish,Awal Reversal (5>20),Normal,Akumulasi (Naik),Normal,Seimbang / Adu Mekanik,Squeeze,Rendah,Normal,Rawan Pucuk (High Risk),< 1 Miliar,Persis di VWAP,Distribusi Pro (Guyuran),Gorengan Sepi (< 5M),Sepi (< 50%),Accumulation (Kumpul Barang),Spesialis Tiang Jemuran (Banting Pucuk),Normal,Turun 1 Hari Beruntun,TP: 992 | CL: 863,Open = High (Tekanan Jual),Tidak Ideal (< 1:1),Netral / Sideways,Netral / Sepi Berita,Supply Kering (Siap Pump) 🏜️,Mengambang (Jauh dari Fibo),5,WAIT & SEE,HOLD / NEUTRAL,-0.5,MA20 di bawah MA50 (Downtrend) | Volatilitas Bollinger Squeeze (Siap Meledak),TIDAK ADA,2026-09-10 13:41:26,Biasa / Mengikuti Pasar
13:41,AMAN,Transaksi Sepi (Skip Broksum),Small Cap (Lapis 3),Fair Value (Wajar),18.968386,1.0392973,230.0,232.0,226.0,228.0,232,220,250,-1.7241379310344827,260300,Normal,39,Negatif,Downtrend,Bearish,Bullish MACD,Strong Downtrend (5<20<50),Normal,Distribusi (Turun),Normal,Seimbang / Adu Mekanik,Normal,Sedang,Normal,Area Tengah,< 1 Miliar,Di Bawah VWAP (Lemah),Distribusi Pro (Guyuran),Gorengan Sepi (< 5M),Normal (50-150%),Mark-Down (Fase Runtuh),Spesialis Tiang Jemuran (Banting Pucuk),Normal,Turun 1 Hari Beruntun,TP: 241 | CL: 219,Normal,Ideal (1:2),Netral / Sideways,Netral / Sepi Berita,Normal / Sedang Transisi,Mendekati Fibo Bottom / 100%,1,WAIT & SEE,SELL,-2.0,MA20 di bawah MA50 (Downtrend) | RSI Rebound Area Murah (39.0) | Harga di bawah VWAP Intraday,TIDAK ADA,2026-09-10 13:41:26,Biasa / Mengikuti Pasar
13:41,CARE,Transaksi Sepi (Skip Broksum),Big Cap (Lapis 1),Overvalued (Mahal),2040.0,4.4855866,400.0,420.0,392.0,408.0,433,384,498,2.0,937800,Tembus MA20,34,Positif,Downtrend,Bearish,Strong Bearish,Konsolidasi / Transisi,Normal,Distribusi (Turun),Normal,Seimbang / Adu Mekanik,Bottom Rebound,Tinggi,Normal,Area Tengah,< 1 Miliar,Di Bawah VWAP (Lemah),Distribusi Pro (Guyuran),Gorengan Sepi (< 5M),Normal (50-150%),Distribution (Fase Jualan),Spesialis Tiang Jemuran (Banting Pucuk),Normal,Naik 1 Hari Beruntun,TP: 435 | CL: 389,Normal,Sangat Menarik (> 1:3),Golden Cross (Awal Bullish),Netral / Sepi Berita,Normal / Sedang Transisi,Dekat Support Fibo 78.6%,2,WAIT & SEE,HOLD / NEUTRAL,1.0,MA20 di atas MA50 (Uptrend) | RSI Rebound Area Murah (34.0) | Harga di bawah VWAP Intraday,TIDAK ADA,2026-09-10 13:41:26,Biasa / Mengikuti Pasar
13:41,PIPA,Token Mati (Perlu Update),Small Cap (Lapis 3),Overvalued (Mahal),0.0,11.206574,224.0,224.0,208.0,212.0,181,119,236,-4.504504504504505,158785000,Normal,64,Negatif,Uptrend,Bullish,Strong Bullish,Perfect Uptrend (5>20>50),Normal,Akumulasi (Naik),Normal,Dominan Jual (Guyur),Normal,Tinggi,Normal,Rawan Pucuk (High Risk),> 1 Miliar,Di Bawah VWAP (Lemah),Akumulasi Pro (Smart Money),Sultan (> 50M/hari),Normal (50-150%),Mark-Up (Fase Pesta),Normal,Normal,Turun 2 Hari Beruntun,TP: 246 | CL: 188,Open = High (Tekanan Jual),Tidak Ideal (< 1:1),Death Cross (Awal Bearish),Netral / Sepi Berita,Normal / Sedang Transisi,Mendekati Fibo 23.6%,5,WAIT & SEE,HOLD / NEUTRAL,0.0,MA20 di atas MA50 (Uptrend) | RSI Mendekati Jenuh Beli (64.0) | Harga di bawah VWAP Intraday,TIDAK ADA,2026-09-10 13:41:26,Biasa / Mengikuti Pasar
13:41,NCKL,Token Mati (Perlu Update),Big Cap (Lapis 1),Undervalued (Murah),5.7315054,1.3926357,1005.0,1015.0,975.0,980.0,951,900,1015,-2.4875621890547266,40453200,Normal,59,Negatif,Uptrend,Bullish,Bearish MACD,Perfect Uptrend (5>20>50),Normal,Akumulasi (Naik),Normal,Dominan Jual (Guyur),Normal,Sedang,Normal,Area Tengah,> 1 Miliar,Persis di VWAP,Akumulasi Pro (Smart Money),Sultan (> 50M/hari),Normal (50-150%),Mark-Up (Fase Pesta),Spesialis Tiang Jemuran (Banting Pucuk),Normal,Turun 1 Hari Beruntun,TP: 1027 | CL: 948,Normal,Tidak Ideal (< 1:1),Death Cross (Awal Bearish),Netral / Sepi Berita,Normal / Sedang Transisi,Mendekati Fibo 23.6%,4,WAIT & SEE,HOLD / NEUTRAL,1.0,MA20 di atas MA50 (Uptrend) | RSI Mendekati Jenuh Beli (59.0),TIDAK ADA,2026-09-10 13:41:26,Biasa / Mengikuti Pasar
13:41,AWAN,Transaksi Sepi (Skip Broksum),Small Cap (Lapis 3),Overvalued (Mahal),0.0,7.7161946,164.0,165.0,163.0,164.0,165,150,176,1.2345679012345678,70200,Normal,51,Positif,Downtrend,Bullish,Bearish MACD,Perfect Uptrend (5>20>50),Normal,Distribusi (Turun),Normal,Seimbang / Adu Mekanik,Normal,Sedang,Doji (Ragu-ragu),Area Tengah,< 1 Miliar,Persis di VWAP,Akumulasi Pro (Smart Money),Gorengan Sepi (< 5M),Sepi (< 50%),Distribution (Fase Jualan),Solid (Jarang Dibanting),Normal,Naik 1 Hari Beruntun,TP: 175 | CL: 156,Normal,Tidak Ideal (< 1:1),Netral / Sideways,Netral / Sepi Berita,Supply Kering (Siap Pump) 🏜️,Golden Rebound Fibo 38.2% 🎯,3,WAIT & SEE,BUY,1.5,MA20 di atas MA50 (Uptrend),TIDAK ADA,2026-09-10 13:41:26,Biasa / Mengikuti Pasar
13:41,MBMA,Token Mati (Perlu Update),Big Cap (Lapis 1),Overvalued (Mahal),52.29717,35666.668,550.0,555.0,530.0,535.0,539,500,595,-2.727272727272727,78941100,Normal,50,Negatif,Downtrend,Bearish,Bearish MACD,Konsolidasi / Transisi,Normal,Distribusi (Turun),Normal,Dominan Jual (Guyur),Normal,Tinggi,Normal,Area Tengah,> 1 Miliar,Di Bawah VWAP (Lemah),Akumulasi Pro (Smart Money),Sultan (> 50M/hari),Normal (50-150%),Distribution (Fase Jualan),Spesialis Tiang Jemuran (Banting Pucuk),Normal,Turun 2 Hari Beruntun,TP: 576 | CL: 507,Normal,Ideal (1:2),Netral / Sideways,Netral / Sepi Berita,Normal / Sedang Transisi,Mendekati Fibo 50.0%,0,WAIT & SEE,HOLD / NEUTRAL,0.5,MA20 di atas MA50 (Uptrend) | Harga di bawah VWAP Intraday,TIDAK ADA,2026-09-10 13:41:26,Biasa / Mengikuti Pasar
13:41,RAAM,Transaksi Sepi (Skip Broksum),Mid Cap (Lapis 2),Fair Value (Wajar),0.0,1.0068822,185.0,185.0,181.0,181.0,187,181,208,-1.092896174863388,1845500,Normal,36,Negatif,Downtrend,Bearish,Bullish MACD,Strong Downtrend (5<20<50),Normal,Distribusi (Turun),Normal,Dominan Jual (Guyur),Squeeze,Rendah,Normal,Dekat Support (Low Risk),< 1 Miliar,Di Bawah VWAP (Lemah),Distribusi Pro (Guyuran),Gorengan Sepi (< 5M),Normal (50-150%),Mark-Down (Fase Runtuh),Normal,Normal,Turun 2 Hari Beruntun,TP: 193 | CL: 172,Open = High (Tekanan Jual),Di Area Support,Oversold (Jenuh Jual - Peluang),Netral / Sepi Berita,Normal / Sedang Transisi,Mendekati Fibo Bottom / 100%,1,WAIT & SEE,HOLD / NEUTRAL,-1.0,MA20 di bawah MA50 (Downtrend) | RSI Rebound Area Murah (36.0) | Harga di bawah VWAP Intraday | Volatilitas Bollinger Squeeze (Siap Meledak),TIDAK ADA,2026-09-10 13:41:26,Biasa / Mengikuti Pasar
13:41,DOOH,Token Mati (Perlu Update),Mid Cap (Lapis 2),Overvalued (Mahal),37.511963,9.8007345,392.0,392.0,392.0,392.0,327,264,392,9.497206703910614,134379000,Tembus MA20,89,Positif,Uptrend,Bullish,Bearish MACD,Perfect Uptrend (5>20>50),Normal,Akumulasi (Naik),Gap Up (+9.5%),Tidak Ada Transaksi,Breakout Upper,Tinggi,Doji (Ragu-ragu),Rawan Pucuk (High Risk),> 1 Miliar,Di Atas VWAP (Kuat),Netral,Ritel Aktif (5M - 50M),Ledakan Ekstrem (> 300%),Mark-Up (Fase Pesta),Normal,Normal,Naik 2 Hari Beruntun,TP: 399 | CL: 387,Normal,Tidak Ideal (< 1:1),Netral / Sideways,Netral / Sepi Berita,Normal / Sedang Transisi,Mengambang (Jauh dari Fibo),7,BELI,HOLD / NEUTRAL,0.6,MA20 di atas MA50 (Uptrend) | RSI Overbought Pucuk (89.0) | Harga di atas VWAP Intraday | Volume Lonjak 2.1x MA20,TIDAK ADA,2026-09-10 13:41:26,⚠️ Anomali (Sudah Terbang)
13:41,CGAS,Transaksi Sepi (Skip Broksum),Small Cap (Lapis 3),Undervalued (Murah),11.535523,0.9973053,151.0,154.0,151.0,151.0,151,147,155,0.0,1215800,Normal,49,Negatif,Downtrend,Bullish,Strong Bullish,Perfect Uptrend (5>20>50),Normal,Akumulasi (Naik),Normal,Dominan Jual (Guyur),Squeeze,Rendah,Doji (Ragu-ragu),Dekat Support (Low Risk),< 1 Miliar,Di Bawah VWAP (Lemah),Distribusi Pro (Guyuran),Gorengan Sepi (< 5M),Sepi (< 50%),Sideways,Spesialis Tiang Jemuran (Banting Pucuk),Normal,Sideways / Stagnan,TP: 156 | CL: 147,Normal,Menengah (1:1),Netral / Sideways,Netral / Sepi Berita,Normal / Sedang Transisi,Dekat Support Fibo 61.8% (Golden Ratio),3,WAIT & SEE,BUY,1.5,MA20 di atas MA50 (Uptrend) | Harga di bawah VWAP Intraday | Volatilitas Bollinger Squeeze (Siap Meledak),TIDAK ADA,2026-09-10 13:41:26,Biasa / Mengikuti Pasar
13:41,NICE,Token Mati (Perlu Update),Mid Cap (Lapis 2),Overvalued (Mahal),0.0,11.0680685,386.0,390.0,374.0,382.0,324,246,420,0.0,4046200,Normal,67,Negatif,Uptrend,Bullish,Strong Bullish,Perfect Uptrend (5>20>50),Normal,Akumulasi (Naik),Normal,Seimbang / Adu Mekanik,Normal,Tinggi,Normal,Rawan Pucuk (High Risk),> 1 Miliar,Di Atas VWAP (Kuat),Akumulasi Pro (Smart Money),Gorengan Sepi (< 5M),Sepi (< 50%),Mark-Up (Fase Pesta),Normal,Normal,Sideways / Stagnan,TP: 436 | CL: 346,Normal,Tidak Ideal (< 1:1),Netral / Sideways,Netral / Sepi Berita,Normal / Sedang Transisi,Dekat Support Fibo 23.6%,5,WAIT & SEE,BUY,2.0,MA20 di atas MA50 (Uptrend) | RSI Mendekati Jenuh Beli (67.0) | Harga di atas VWAP Intraday,TIDAK ADA,2026-09-10 13:41:26,Biasa / Mengikuti Pasar
13:41,MSJA,Token Mati (Perlu Update),Mid Cap (Lapis 2),Overvalued (Mahal),54.68259,62142.855,730.0,885.0,730.0,870.0,487,416,885,19.17808219178082,18050600,Tembus MA20,94,Positif,Uptrend,Bullish,Strong Bullish,Perfect Uptrend (5>20>50),Normal,Akumulasi (Naik),Normal,Dominan Beli (Hajar Kanan),Breakout Upper,Tinggi,Marubozu (Strong Bullish),Rawan Pucuk (High Risk),> 1 Miliar,Di Atas VWAP (Kuat),Akumulasi Pro (Smart Money),Ritel Aktif (5M - 50M),Normal (50-150%),Mark-Up (Fase Pesta),Solid (Jarang Dibanting),Normal,Naik 5 Hari Beruntun,TP: 951 | CL: 815,Open = Low (Bullish Kuat),Tidak Ideal (< 1:1),Overbought (Jenuh Beli - Rawan),Netral / Sepi Berita,Normal / Sedang Transisi,Mengambang (Jauh dari Fibo),8,BELI,HOLD / NEUTRAL,0.5,MA20 di atas MA50 (Uptrend) | RSI Overbought Pucuk (94.0) | Harga di atas VWAP Intraday,TIDAK ADA,2026-09-10 13:41:26,⚠️ Anomali (Sudah Terbang)
13:41,SMLE,Token Mati (Perlu Update),Small Cap (Lapis 3),Overvalued (Mahal),0.0,4.353094,197.0,202.0,193.0,195.0,175,146,202,-0.5102040816326531,19406300,Normal,68,Negatif,Uptrend,Bullish,Strong Bullish,Perfect Uptrend (5>20>50),Normal,Akumulasi (Naik),Normal,Dominan Jual (Guyur),Normal,Tinggi,Normal,Rawan Pucuk (High Risk),> 1 Miliar,Di Atas VWAP (Kuat),Akumulasi Pro (Smart Money),Ritel Aktif (5M - 50M),Normal (50-150%),Mark-Up (Fase Pesta),Normal,Normal,Turun 1 Hari Beruntun,TP: 213 | CL: 182,Normal,Tidak Ideal (< 1:1),Overbought (Jenuh Beli - Rawan),Netral / Sepi Berita,Normal / Sedang Transisi,Mengambang (Jauh dari Fibo),5,WAIT & SEE,BUY,2.0,MA20 di atas MA50 (Uptrend) | RSI Mendekati Jenuh Beli (68.0) | Harga di atas VWAP Intraday,TIDAK ADA,2026-09-10 13:41:26,Biasa / Mengikuti Pasar
13:41,ACRO,Transaksi Sepi (Skip Broksum),Small Cap (Lapis 3),Fair Value (Wajar),0.0,1.29771,67.0,68.0,67.0,68.0,64,61,71,1.4925373134328357,1540300,Normal,66,Positif,Uptrend,Bullish,Strong Bullish,Perfect Uptrend (5>20>50),Normal,Akumulasi (Naik),Normal,Dominan Beli (Hajar Kanan),Normal,Sedang,Marubozu (Strong Bullish),Rawan Pucuk (High Risk),< 1 Miliar,Persis di VWAP,Distribusi Pro (Guyuran),Gorengan Sepi (< 5M),Sepi (< 50%),Mark-Up (Fase Pesta),Normal,Normal,Naik 1 Hari Beruntun,TP: 71 | CL: 65,Open = Low (Bullish Kuat),Tidak Ideal (< 1:1),Netral / Sideways,Netral / Sepi Berita,Normal / Sedang Transisi,Dekat Support Fibo 23.6%,7,BELI,HOLD / NEUTRAL,1.0,MA20 di atas MA50 (Uptrend) | RSI Mendekati Jenuh Beli (66.0),TIDAK ADA,2026-09-10 13:41:26,Biasa / Mengikuti Pasar
13:41,MANG,Transaksi Sepi (Skip Broksum),Small Cap (Lapis 3),Fair Value (Wajar),0.0,1.2251327,44.0,44.0,41.0,42.0,39,36,49,-4.545454545454546,14256500,Normal,57,Negatif,Uptrend,Bullish,Strong Bullish,Perfect Uptrend (5>20>50),Normal,Akumulasi (Naik),Normal,Seimbang / Adu Mekanik,Normal,Tinggi,Normal,Rawan Pucuk (High Risk),< 1 Miliar,Di Bawah VWAP (Lemah),Akumulasi Pro (Smart Money),Gorengan Sepi (< 5M),Normal (50-150%),Mark-Up (Fase Pesta),Solid (Jarang Dibanting),Normal,Turun 2 Hari Beruntun,TP: 46 | CL: 39,Open = High (Tekanan Jual),Menengah (1:1),Netral / Sideways,Netral / Sepi Berita,Supply Banjir (Distribusi) 🌊,Mendekati Fibo 61.8% (Golden Ratio),5,WAIT & SEE,STRONG SELL,-3.0,MA20 di bawah MA50 (Downtrend) | RSI Mendekati Jenuh Beli (57.0) | Harga di bawah VWAP Intraday,TIDAK ADA,2026-09-10 13:41:26,Biasa / Mengikuti Pasar
13:41,WIFI,Token Mati (Perlu Update),Big Cap (Lapis 1),Fair Value (Wajar),20.45231,1.4793488,2120.0,2130.0,2070.0,2110.0,2061,1885,2250,0.0,11455300,Normal,58,Negatif,Uptrend,Bullish,Bearish MACD,Perfect Uptrend (5>20>50),Normal,Akumulasi (Naik),Normal,Seimbang / Adu Mekanik,Normal,Sedang,Normal,Rawan Pucuk (High Risk),> 1 Miliar,Persis di VWAP,Distribusi Pro (Guyuran),Ritel Aktif (5M - 50M),Sepi (< 50%),Mark-Up (Fase Pesta),Spesialis Tiang Jemuran (Banting Pucuk),Jarum Bawah (Sinyal Pantulan Kuat),Sideways / Stagnan,TP: 2240 | CL: 2023,Normal,Tidak Ideal (< 1:1),Netral / Sideways,Netral / Sepi Berita,Normal / Sedang Transisi,Golden Rebound Fibo 23.6% 🎯,4,WAIT & SEE,HOLD / NEUTRAL,1.0,MA20 di atas MA50 (Uptrend) | RSI Mendekati Jenuh Beli (58.0),TIDAK ADA,2026-09-10 13:41:26,Biasa / Mengikuti Pasar
13:41,FAPA,Transaksi Sepi (Skip Broksum),Big Cap (Lapis 1),Overvalued (Mahal),20.645233,6.292849,7500.0,7500.0,7500.0,7500.0,7451,6375,8950,0.33444816053511706,100,Normal,62,Positif,Uptrend,Bullish,Strong Bullish,Perfect Uptrend (5>20>50),Normal,Distribusi (Turun),Normal,Tidak Ada Transaksi,Squeeze,Rendah,Doji (Ragu-ragu),Rawan Pucuk (High Risk),< 1 Miliar,Persis di VWAP,Akumulasi Pro (Smart Money),Gorengan Sepi (< 5M),Sepi (< 50%),Mark-Up (Fase Pesta),Spesialis Tiang Jemuran (Banting Pucuk),Normal,Naik 1 Hari Beruntun,TP: 7824 | CL: 7283,Normal,Menengah (1:1),Golden Cross (Awal Bullish),Netral / Sepi Berita,Supply Kering (Siap Pump) 🏜️,Golden Rebound Fibo 61.8% (Golden Ratio) 🎯,5,WAIT & SEE,BUY,2.0,MA20 di atas MA50 (Uptrend) | RSI Mendekati Jenuh Beli (62.0) | Volatilitas Bollinger Squeeze (Siap Meledak),TIDAK ADA,2026-09-10 13:41:26,Biasa / Mengikuti Pasar
13:41,DCII,Transaksi Sepi (Skip Broksum),Big Cap (Lapis 1),Overvalued (Mahal),436.23837,104.15417,201600.0,202275.0,201600.0,202275.0,202640,185050,207500,0.33482142857142855,400,Normal,54,Positif,Downtrend,Bearish,Bearish MACD,Konsolidasi / Transisi,Normal,Akumulasi (Naik),Normal,Dominan Beli (Hajar Kanan),Squeeze,Rendah,Marubozu (Strong Bullish),Area Tengah,< 1 Miliar,Persis di VWAP,Akumulasi Pro (Smart Money),Gorengan Sepi (< 5M),Normal (50-150%),Distribution (Fase Jualan),Normal,Normal,Naik 1 Hari Beruntun,TP: 205489 | CL: 200132,Open = Low (Bullish Kuat),Tidak Ideal (< 1:1),Overbought (Jenuh Beli - Rawan),Netral / Sepi Berita,Normal / Sedang Transisi,Dekat Support Fibo 23.6%,4,WAIT & SEE,BUY,2.5,MA20 di atas MA50 (Uptrend) | Volatilitas Bollinger Squeeze (Siap Meledak),TIDAK ADA,2026-09-10 13:41:26,Biasa / Mengikuti Pasar
13:41,KETR,Token Mati (Perlu Update),Mid Cap (Lapis 2),Overvalued (Mahal),36.632893,2.1762383,930.0,980.0,875.0,940.0,758,545,990,0.0,56688300,Tembus MA20,76,Negatif,Uptrend,Bullish,Strong Bullish,Perfect Uptrend (5>20>50),Normal,Akumulasi (Naik),Normal,Seimbang / Adu Mekanik,Normal,Tinggi,Doji (Ragu-ragu),Rawan Pucuk (High Risk),> 1 Miliar,Di Atas VWAP (Kuat),Akumulasi Pro (Smart Money),Ritel Aktif (5M - 50M),Normal (50-150%),Mark-Up (Fase Pesta),Spesialis Tiang Jemuran (Banting Pucuk),Jarum Bawah (Sinyal Pantulan Kuat),Sideways / Stagnan,TP: 1055 | CL: 863,Normal,Tidak Ideal (< 1:1),Overbought (Jenuh Beli - Rawan),Netral / Sepi Berita,Normal / Sedang Transisi,Mengambang (Jauh dari Fibo),6,WAIT & SEE,HOLD / NEUTRAL,0.5,MA20 di atas MA50 (Uptrend) | RSI Overbought Pucuk (76.0) | Harga di atas VWAP Intraday,TIDAK ADA,2026-09-10 13:41:26,Biasa / Mengikuti Pasar
13:41,DGNS,Transaksi Sepi (Skip Broksum),Small Cap (Lapis 3),Fair Value (Wajar),5.4781837,1.696211,282.0,284.0,276.0,284.0,244,214,300,1.4285714285714286,230500,Normal,76,Positif,Uptrend,Bullish,Strong Bullish,Perfect Uptrend (5>20>50),Normal,Akumulasi (Naik),Normal,Dominan Beli (Hajar Kanan),Normal,Tinggi,Hammer (Potensi Reversal),Rawan Pucuk (High Risk),< 1 Miliar,Di Atas VWAP (Kuat),Akumulasi Pro (Smart Money),Gorengan Sepi (< 5M),Sepi (< 50%),Mark-Up (Fase Pesta),Spesialis Tiang Jemuran (Banting Pucuk),Jarum Bawah (Sinyal Pantulan Kuat),Naik 2 Hari Beruntun,TP: 314 | CL: 263,Normal,Tidak Ideal (< 1:1),Netral / Sideways,Netral / Sepi Berita,Normal / Sedang Transisi,Mendekati Fibo 23.6%,7,BELI,HOLD / NEUTRAL,0.5,MA20 di atas MA50 (Uptrend) | RSI Overbought Pucuk (76.0) | Harga di atas VWAP Intraday,TIDAK ADA,2026-09-10 13:41:26,Biasa / Mengikuti Pasar
13:41,UFOE,Transaksi Sepi (Skip Broksum),Small Cap (Lapis 3),Overvalued (Mahal),27.75694,1.6920474,147.0,148.0,145.0,147.0,144,136,178,0.0,86500,Normal,60,Negatif,Uptrend,Bullish,Strong Bullish,Perfect Uptrend (5>20>50),Normal,Akumulasi (Naik),Normal,Seimbang / Adu Mekanik,Normal,Sedang,Doji (Ragu-ragu),Area Tengah,< 1 Miliar,Di Bawah VWAP (Lemah),Akumulasi Pro (Smart Money),Gorengan Sepi (< 5M),Sepi (< 50%),Mark-Up (Fase Pesta),Normal,Jarum Bawah (Sinyal Pantulan Kuat),Sideways / Stagnan,TP: 157 | CL: 139,Normal,Ideal (1:2),Netral / Sideways,Netral / Sepi Berita,Supply Kering (Siap Pump) 🏜️,Golden Rebound Fibo 61.8% (Golden Ratio) 🎯,5,WAIT & SEE,HOLD / NEUTRAL,0.0,MA20 di atas MA50 (Uptrend) | RSI Mendekati Jenuh Beli (60.0) | Harga di bawah VWAP Intraday,TIDAK ADA,2026-09-10 13:41:26,Biasa / Mengikuti Pasar
13:41,CHEK,Transaksi Sepi (Skip Broksum),Small Cap (Lapis 3),Fair Value (Wajar),0.0,2.64782,133.0,134.0,129.0,133.0,134,129,161,0.0,842300,Normal,49,Negatif,Downtrend,Death Cross,Bearish MACD,Konsolidasi / Transisi,Normal,Akumulasi (Naik),Normal,Dominan Beli (Hajar Kanan),Squeeze,Rendah,Doji (Ragu-ragu),Area Tengah,< 1 Miliar,Di Bawah VWAP (Lemah),Distribusi Pro (Guyuran),Gorengan Sepi (< 5M),Sepi (< 50%),Distribution (Fase Jualan),Normal,Jarum Bawah (Sinyal Pantulan Kuat),Sideways / Stagnan,TP: 140 | CL: 127,Normal,Sangat Menarik (> 1:3),Oversold (Jenuh Jual - Peluang),Netral / Sepi Berita,Normal / Sedang Transisi,Golden Rebound Fibo 61.8% (Golden Ratio) 🎯,2,WAIT & SEE,BUY,1.5,MA20 di atas MA50 (Uptrend) | Harga di bawah VWAP Intraday | Volatilitas Bollinger Squeeze (Siap Meledak),TIDAK ADA,2026-09-10 13:41:26,Biasa / Mengikuti Pasar
13:41,PMUI,Transaksi Sepi (Skip Broksum),Small Cap (Lapis 3),Fair Value (Wajar),0.0,1.4764403,104.0,106.0,104.0,105.0,101,93,116,0.9615384615384616,955400,Normal,61,Positif,Uptrend,Bullish,Bearish MACD,Perfect Uptrend (5>20>50),Normal,Akumulasi (Naik),Normal,Seimbang / Adu Mekanik,Normal,Tinggi,Normal,Rawan Pucuk (High Risk),< 1 Miliar,Di Bawah VWAP (Lemah),Distribusi Pro (Guyuran),Gorengan Sepi (< 5M),Sepi (< 50%),Mark-Up (Fase Pesta),Spesialis Tiang Jemuran (Banting Pucuk),Normal,Naik 1 Hari Beruntun,TP: 112 | CL: 99,Open = Low (Bullish Kuat),Tidak Ideal (< 1:1),Netral / Sideways,Netral / Sepi Berita,Normal / Sedang Transisi,Dekat Support Fibo 23.6%,5,WAIT & SEE,HOLD / NEUTRAL,0.0,MA20 di atas MA50 (Uptrend) | RSI Mendekati Jenuh Beli (61.0) | Harga di bawah VWAP Intraday,TIDAK ADA,2026-09-10 13:41:26,Biasa / Mengikuti Pasar
13:41,EMAS,Token Mati (Perlu Update),Big Cap (Lapis 1),Overvalued (Mahal),0.0,344000.0,8700.0,8700.0,8525.0,8600.0,8430,7450,9700,0.0,4844600,Normal,60,Negatif,Uptrend,Bullish,Bearish MACD,Perfect Uptrend (5>20>50),Normal,Akumulasi (Naik),Normal,Seimbang / Adu Mekanik,Normal,Tinggi,Normal,Rawan Pucuk (High Risk),> 1 Miliar,Persis di VWAP,Distribusi Pro (Guyuran),Sultan (> 50M/hari),Sepi (< 50%),Mark-Up (Fase Pesta),Normal,Normal,Sideways / Stagnan,TP: 9293 | CL: 8137,Open = High (Tekanan Jual),Tidak Ideal (< 1:1),Netral / Sideways,Netral / Sepi Berita,Normal / Sedang Transisi,Mengambang (Jauh dari Fibo),4,WAIT & SEE,HOLD / NEUTRAL,1.0,MA20 di atas MA50 (Uptrend) | RSI Mendekati Jenuh Beli (60.0),TIDAK ADA,2026-09-10 13:41:26,Biasa / Mengikuti Pasar
13:41,PJHB,Transaksi Sepi (Skip Broksum),Small Cap (Lapis 3),Fair Value (Wajar),0.0,0.82041293,188.0,190.0,186.0,187.0,182,169,220,-0.5319148936170213,633800,Normal,61,Negatif,Uptrend,Bullish,Bearish MACD,Perfect Uptrend (5>20>50),Normal,Akumulasi (Naik),Normal,Dominan Jual (Guyur),Normal,Sedang,Normal,Rawan Pucuk (High Risk),< 1 Miliar,Persis di VWAP,Distribusi Pro (Guyuran),Gorengan Sepi (< 5M),Sepi (< 50%),Mark-Up (Fase Pesta),Spesialis Tiang Jemuran (Banting Pucuk),Normal,Turun 1 Hari Beruntun,TP: 200 | CL: 178,Normal,Ideal (1:2),Netral / Sideways,Netral / Sepi Berita,Normal / Sedang Transisi,Dekat Support Fibo 50.0%,4,WAIT & SEE,HOLD / NEUTRAL,1.0,MA20 di atas MA50 (Uptrend) | RSI Mendekati Jenuh Beli (61.0),TIDAK ADA,2026-09-10 13:41:26,Biasa / Mengikuti Pasar
13:41,RLCO,Token Mati (Perlu Update),Big Cap (Lapis 1),Overvalued (Mahal),329.7797,44.61324,4680.0,4680.0,4610.0,4640.0,4497,4110,4850,-1.0660980810234542,273500,Normal,56,Negatif,Uptrend,Bullish,Strong Bullish,Perfect Uptrend (5>20>50),Normal,Akumulasi (Naik),Normal,Seimbang / Adu Mekanik,Normal,Tinggi,Normal,Rawan Pucuk (High Risk),> 1 Miliar,Di Bawah VWAP (Lemah),Distribusi Pro (Guyuran),Gorengan Sepi (< 5M),Sepi (< 50%),Mark-Up (Fase Pesta),Normal,Normal,Turun 2 Hari Beruntun,TP: 4885 | CL: 4476,Open = High (Tekanan Jual),Tidak Ideal (< 1:1),Death Cross (Awal Bearish),Netral / Sepi Berita,Normal / Sedang Transisi,Mendekati Fibo 38.2%,5,WAIT & SEE,HOLD / NEUTRAL,0.0,MA20 di atas MA50 (Uptrend) | RSI Mendekati Jenuh Beli (56.0) | Harga di bawah VWAP Intraday,TIDAK ADA,2026-09-10 13:41:26,Biasa / Mengikuti Pasar
13:41,SUPA,Token Mati (Perlu Update),Big Cap (Lapis 1),Overvalued (Mahal),66.70985,2.154334,525.0,525.0,515.0,520.0,529,505,595,-0.9523809523809524,5303100,Normal,41,Negatif,Downtrend,Bearish,Bullish MACD,Strong Downtrend (5<20<50),Normal,Akumulasi (Naik),Normal,Seimbang / Adu Mekanik,Normal,Sedang,Normal,Dekat Support (Low Risk),> 1 Miliar,Persis di VWAP,Distribusi Pro (Guyuran),Ritel Aktif (5M - 50M),Sepi (< 50%),Mark-Down (Fase Runtuh),Solid (Jarang Dibanting),Normal,Turun 1 Hari Beruntun,TP: 544 | CL: 503,Open = High (Tekanan Jual),Sangat Menarik (> 1:3),Netral / Sideways,Netral / Sepi Berita,Normal / Sedang Transisi,Mengambang (Jauh dari Fibo),2,WAIT & SEE,HOLD / NEUTRAL,-1.0,MA20 di bawah MA50 (Downtrend) | RSI Rebound Area Murah (41.0),TIDAK ADA,2026-09-10 13:41:26,Biasa / Mengikuti Pasar
13:41,WBSA,Token Mati (Perlu Update),Mid Cap (Lapis 2),Overvalued (Mahal),0.0,13.1686325,725.0,725.0,700.0,705.0,684,630,755,-2.7586206896551726,5664300,Normal,55,Negatif,Uptrend,Bullish,Strong Bullish,Perfect Uptrend (5>20>50),Normal,Akumulasi (Naik),Normal,Dominan Jual (Guyur),Normal,Tinggi,Normal,Rawan Pucuk (High Risk),> 1 Miliar,Persis di VWAP,Akumulasi Pro (Smart Money),Ritel Aktif (5M - 50M),Sepi (< 50%),Mark-Up (Fase Pesta),Normal,Normal,Turun 1 Hari Beruntun,TP: 762 | CL: 666,Open = High (Tekanan Jual),Tidak Ideal (< 1:1),Death Cross (Awal Bearish),Netral / Sepi Berita,Normal / Sedang Transisi,Dekat Support Fibo 50.0%,5,WAIT & SEE,BUY,1.5,MA20 di atas MA50 (Uptrend),TIDAK ADA,2026-09-10 13:41:26,Biasa / Mengikuti Pasar
13:41,WMPP,Transaksi Sepi (Skip Broksum),Small Cap (Lapis 3),Overvalued (Mahal),21.582733,3.465804,30.0,31.0,30.0,30.0,32,26,41,-3.225806451612903,24628900,Normal,50,Negatif,Downtrend,Bearish,Bearish MACD,Konsolidasi / Transisi,Normal,Distribusi (Turun),Gap Down (-3.2%),Dominan Jual (Guyur),Normal,Tinggi,Doji (Ragu-ragu),Rawan Pucuk (High Risk),< 1 Miliar,Di Bawah VWAP (Lemah),Distribusi Pro (Guyuran),Gorengan Sepi (< 5M),Normal (50-150%),Distribution (Fase Jualan),Normal,Normal,Turun 1 Hari Beruntun,TP: 32 | CL: 28,Normal,Ideal (1:2),Netral / Sideways,Netral / Sepi Berita,Normal / Sedang Transisi,Mengambang (Jauh dari Fibo),0,WAIT & SEE,HOLD / NEUTRAL,0.5,MA20 di atas MA50 (Uptrend) | Harga di bawah VWAP Intraday,TIDAK ADA,2026-09-10 13:41:26,Biasa / Mengikuti Pasar
13:41,RMKE,Token Mati (Perlu Update),Mid Cap (Lapis 2),Overvalued (Mahal),28.943758,4.761368,432.0,442.0,422.0,428.0,420,390,446,-1.3824884792626728,65092000,Normal,52,Negatif,Uptrend,Bullish,Strong Bullish,Awal Reversal (5>20),Normal,Distribusi (Turun),Normal,Seimbang / Adu Mekanik,Normal,Sedang,Normal,Area Tengah,> 1 Miliar,Persis di VWAP,Distribusi Pro (Guyuran),Ritel Aktif (5M - 50M),Normal (50-150%),Accumulation (Kumpul Barang),Normal,Normal,Turun 1 Hari Beruntun,TP: 451 | CL: 412,Normal,Tidak Ideal (< 1:1),Death Cross (Awal Bearish),Netral / Sepi Berita,Normal / Sedang Transisi,Mendekati Fibo 78.6%,4,WAIT & SEE,SELL,-1.5,MA20 di bawah MA50 (Downtrend),TIDAK ADA,2026-09-10 13:41:26,Biasa / Mengikuti Pasar
13:41,OBMD,Transaksi Sepi (Skip Broksum),Small Cap (Lapis 3),Fair Value (Wajar),0.0,0.7614086,202.0,202.0,196.0,197.0,192,178,222,0.0,256200,Normal,56,Negatif,Uptrend,Golden Cross,Strong Bullish,Perfect Uptrend (5>20>50),Normal,Akumulasi (Naik),Gap Up (+2.5%),Dominan Jual (Guyur),Normal,Sedang,Normal,Rawan Pucuk (High Risk),< 1 Miliar,Persis di VWAP,Distribusi Pro (Guyuran),Gorengan Sepi (< 5M),Sepi (< 50%),Mark-Up (Fase Pesta),Normal,Normal,Sideways / Stagnan,TP: 213 | CL: 186,Open = High (Tekanan Jual),Menengah (1:1),Netral / Sideways,Netral / Sepi Berita,Normal / Sedang Transisi,Dekat Support Fibo 50.0%,6,WAIT & SEE,HOLD / NEUTRAL,1.0,MA20 di atas MA50 (Uptrend) | RSI Mendekati Jenuh Beli (56.0),TIDAK ADA,2026-09-10 13:41:26,Biasa / Mengikuti Pasar
13:41,AVIA,Token Mati (Perlu Update),Big Cap (Lapis 1),Fair Value (Wajar),11.266728,2.225761,368.0,370.0,362.0,364.0,356,324,378,-1.0869565217391304,5759800,Normal,59,Negatif,Uptrend,Bullish,Bearish MACD,Perfect Uptrend (5>20>50),Normal,Akumulasi (Naik),Normal,Dominan Jual (Guyur),Normal,Sedang,Normal,Rawan Pucuk (High Risk),> 1 Miliar,Di Bawah VWAP (Lemah),Distribusi Pro (Guyuran),Gorengan Sepi (< 5M),Normal (50-150%),Mark-Up (Fase Pesta),Normal,Normal,Turun 2 Hari Beruntun,TP: 379 | CL: 354,Normal,Tidak Ideal (< 1:1),Death Cross (Awal Bearish),Netral / Sepi Berita,Normal / Sedang Transisi,Dekat Support Fibo 23.6%,4,WAIT & SEE,HOLD / NEUTRAL,0.0,MA20 di atas MA50 (Uptrend) | RSI Mendekati Jenuh Beli (59.0) | Harga di bawah VWAP Intraday,TIDAK ADA,2026-09-10 13:41:26,Biasa / Mengikuti Pasar
13:41,NASI,Transaksi Sepi (Skip Broksum),Small Cap (Lapis 3),Overvalued (Mahal),32.38625,2.3929067,164.0,165.0,163.0,163.0,145,130,175,0.6172839506172839,1954500,Normal,75,Positif,Uptrend,Bullish,Strong Bullish,Perfect Uptrend (5>20>50),Normal,Akumulasi (Naik),Normal,Dominan Jual (Guyur),Normal,Tinggi,Normal,Rawan Pucuk (High Risk),< 1 Miliar,Di Atas VWAP (Kuat),Akumulasi Pro (Smart Money),Gorengan Sepi (< 5M),Sepi (< 50%),Mark-Up (Fase Pesta),Spesialis Tiang Jemuran (Banting Pucuk),Normal,Naik 1 Hari Beruntun,TP: 178 | CL: 152,Normal,Tidak Ideal (< 1:1),Netral / Sideways,Netral / Sepi Berita,Normal / Sedang Transisi,Mendekati Fibo 23.6%,6,WAIT & SEE,HOLD / NEUTRAL,0.5,MA20 di atas MA50 (Uptrend) | RSI Overbought Pucuk (75.0) | Harga di atas VWAP Intraday,TIDAK ADA,2026-09-10 13:41:26,Biasa / Mengikuti Pasar
13:41,BSML,Token Mati (Perlu Update),Small Cap (Lapis 3),Overvalued (Mahal),160.5574,7.3856273,535.0,540.0,520.0,530.0,520,505,540,-0.9345794392523363,12232400,Tembus MA20,60,Negatif,Uptrend,Bullish,Strong Bullish,Perfect Uptrend (5>20>50),Normal,Akumulasi (Naik),Normal,Seimbang / Adu Mekanik,Squeeze,Rendah,Normal,Area Tengah,> 1 Miliar,Persis di VWAP,Akumulasi Pro (Smart Money),Ritel Aktif (5M - 50M),Normal (50-150%),Mark-Up (Fase Pesta),Normal,Normal,Turun 1 Hari Beruntun,TP: 552 | CL: 515,Normal,Tidak Ideal (< 1:1),Death Cross (Awal Bearish),Netral / Sepi Berita,Normal / Sedang Transisi,Mendekati Fibo 23.6%,6,WAIT & SEE,BUY,2.0,MA20 di atas MA50 (Uptrend) | RSI Mendekati Jenuh Beli (60.0) | Volatilitas Bollinger Squeeze (Siap Meledak),TIDAK ADA,2026-09-10 13:41:26,Biasa / Mengikuti Pasar
13:41,DRMA,Transaksi Sepi (Skip Broksum),Mid Cap (Lapis 2),Fair Value (Wajar),6.992771,1.784529,1030.0,1040.0,1025.0,1035.0,1007,975,1040,0.975609756097561,262000,Normal,70,Positif,Uptrend,Bullish,Bearish MACD,Perfect Uptrend (5>20>50),Normal,Akumulasi (Naik),Normal,Seimbang / Adu Mekanik,Squeeze,Rendah,Normal,Area Tengah,< 1 Miliar,Di Atas VWAP (Kuat),Akumulasi Pro (Smart Money),Gorengan Sepi (< 5M),Sepi (< 50%),Mark-Up (Fase Pesta),Spesialis Tiang Jemuran (Banting Pucuk),Normal,Naik 3 Hari Beruntun,TP: 1064 | CL: 1015,Normal,Tidak Ideal (< 1:1),Netral / Sideways,Netral / Sepi Berita,Normal / Sedang Transisi,Mendekati Fibo 23.6%,5,WAIT & SEE,STRONG BUY,3.0,MA20 di atas MA50 (Uptrend) | RSI Mendekati Jenuh Beli (70.0) | Harga di atas VWAP Intraday | Volatilitas Bollinger Squeeze (Siap Meledak),TIDAK ADA,2026-09-10 13:41:26,Biasa / Mengikuti Pasar
13:41,ADMF,Transaksi Sepi (Skip Broksum),Big Cap (Lapis 1),Undervalued (Murah),5.817326,0.6913841,8725.0,8750.0,8725.0,8725.0,8700,8525,8800,0.0,85500,Tembus MA20,62,Negatif,Uptrend,Bullish,Bearish MACD,Perfect Uptrend (5>20>50),Normal,Akumulasi (Naik),Normal,Dominan Jual (Guyur),Squeeze,Rendah,Doji (Ragu-ragu),Dekat Support (Low Risk),< 1 Miliar,Persis di VWAP,Distribusi Pro (Guyuran),Gorengan Sepi (< 5M),Normal (50-150%),Mark-Up (Fase Pesta),Spesialis Tiang Jemuran (Banting Pucuk),Normal,Sideways / Stagnan,TP: 8858 | CL: 8635,Normal,Tidak Ideal (< 1:1),Netral / Sideways,Netral / Sepi Berita,Normal / Sedang Transisi,Dekat Support Fibo 23.6%,5,WAIT & SEE,BUY,2.0,MA20 di atas MA50 (Uptrend) | RSI Mendekati Jenuh Beli (62.0) | Volatilitas Bollinger Squeeze (Siap Meledak),TIDAK ADA,2026-09-10 13:41:26,Biasa / Mengikuti Pasar
13:41,ADMG,Transaksi Sepi (Skip Broksum),Mid Cap (Lapis 2),Overvalued (Mahal),18.624044,8933.334,274.0,274.0,268.0,268.0,261,240,310,-2.18978102189781,971900,Normal,59,Negatif,Uptrend,Bullish,Bearish MACD,Perfect Uptrend (5>20>50),Normal,Distribusi (Turun),Normal,Dominan Jual (Guyur),Normal,Tinggi,Normal,Rawan Pucuk (High Risk),< 1 Miliar,Di Bawah VWAP (Lemah),Distribusi Pro (Guyuran),Gorengan Sepi (< 5M),Sepi (< 50%),Mark-Up (Fase Pesta),Spesialis Tiang Jemuran (Banting Pucuk),Normal,Turun 1 Hari Beruntun,TP: 290 | CL: 253,Open = High (Tekanan Jual),Ideal (1:2),Netral / Sideways,Netral / Sepi Berita,Normal / Sedang Transisi,Dekat Support Fibo 38.2%,3,WAIT & SEE,HOLD / NEUTRAL,0.0,MA20 di atas MA50 (Uptrend) | RSI Mendekati Jenuh Beli (59.0) | Harga di bawah VWAP Intraday,TIDAK ADA,2026-09-10 13:41:26,Biasa / Mengikuti Pasar
13:41,ADRO,Token Mati (Perlu Update),Big Cap (Lapis 1),Overvalued (Mahal),7.5866137,16875.0,2710.0,2730.0,2700.0,2700.0,2644,2460,2860,0.37174721189591076,9942700,Normal,57,Positif,Uptrend,Bullish,Bearish MACD,Perfect Uptrend (5>20>50),Normal,Distribusi (Turun),Normal,Dominan Jual (Guyur),Normal,Sedang,Normal,Area Tengah,> 1 Miliar,Persis di VWAP,Distribusi Pro (Guyuran),Sultan (> 50M/hari),Sepi (< 50%),Mark-Up (Fase Pesta),Normal,Normal,Naik 1 Hari Beruntun,TP: 2832 | CL: 2611,Normal,Tidak Ideal (< 1:1),Netral / Sideways,Netral / Sepi Berita,Normal / Sedang Transisi,Mendekati Fibo 38.2%,4,WAIT & SEE,HOLD / NEUTRAL,1.0,MA20 di atas MA50 (Uptrend) | RSI Mendekati Jenuh Beli (57.0),TIDAK ADA,2026-09-10 13:41:26,Biasa / Mengikuti Pasar
13:41,AGII,Transaksi Sepi (Skip Broksum),Mid Cap (Lapis 2),Overvalued (Mahal),88.86867,2.3732095,2970.0,2970.0,2920.0,2930.0,2924,2710,3050,-1.3468013468013467,16200,Normal,50,Negatif,Uptrend,Bullish,Strong Bullish,Awal Reversal (5>20),Normal,Distribusi (Turun),Normal,Dominan Jual (Guyur),Normal,Sedang,Normal,Area Tengah,< 1 Miliar,Di Bawah VWAP (Lemah),Distribusi Pro (Guyuran),Gorengan Sepi (< 5M),Sepi (< 50%),Accumulation (Kumpul Barang),Normal,Normal,Turun 3 Hari Beruntun,TP: 3072 | CL: 2835,Open = High (Tekanan Jual),Tidak Ideal (< 1:1),Death Cross (Awal Bearish),Netral / Sepi Berita,Normal / Sedang Transisi,Dekat Support Fibo 61.8% (Golden Ratio),3,WAIT & SEE,SELL,-2.5,MA20 di bawah MA50 (Downtrend) | Harga di bawah VWAP Intraday,TIDAK ADA,2026-09-10 13:41:26,Biasa / Mengikuti Pasar
13:41,AGRO,Transaksi Sepi (Skip Broksum),Mid Cap (Lapis 2),Fair Value (Wajar),0.0,1.2775066,153.0,154.0,150.0,151.0,150,143,158,0.0,2343400,Normal,52,Negatif,Uptrend,Bullish,Strong Bullish,Perfect Uptrend (5>20>50),Normal,Distribusi (Turun),Normal,Dominan Jual (Guyur),Normal,Sedang,Normal,Area Tengah,< 1 Miliar,Di Bawah VWAP (Lemah),Distribusi Pro (Guyuran),Gorengan Sepi (< 5M),Sepi (< 50%),Mark-Up (Fase Pesta),Spesialis Tiang Jemuran (Banting Pucuk),Normal,Sideways / Stagnan,TP: 158 | CL: 145,Normal,Tidak Ideal (< 1:1),Death Cross (Awal Bearish),Netral / Sepi Berita,Normal / Sedang Transisi,Dekat Support Fibo 38.2%,4,WAIT & SEE,HOLD / NEUTRAL,0.5,MA20 di atas MA50 (Uptrend) | Harga di bawah VWAP Intraday,TIDAK ADA,2026-09-10 13:41:26,Biasa / Mengikuti Pasar
13:41,AGRS,Transaksi Sepi (Skip Broksum),Mid Cap (Lapis 2),Undervalued (Murah),11.012433,0.5013261,62.0,63.0,61.0,62.0,61,58,68,0.0,2725400,Normal,51,Negatif,Uptrend,Bullish,Strong Bullish,Perfect Uptrend (5>20>50),Normal,Distribusi (Turun),Normal,Seimbang / Adu Mekanik,Normal,Sedang,Doji (Ragu-ragu),Area Tengah,< 1 Miliar,Di Bawah VWAP (Lemah),Netral,Gorengan Sepi (< 5M),Sepi (< 50%),Mark-Up (Fase Pesta),Normal,Normal,Sideways / Stagnan,TP: 65 | CL: 59,Normal,Ideal (1:2),Netral / Sideways,Netral / Sepi Berita,Normal / Sedang Transisi,Dekat Support Fibo 61.8% (Golden Ratio),4,WAIT & SEE,SELL,-2.5,MA20 di bawah MA50 (Downtrend) | Harga di bawah VWAP Intraday,TIDAK ADA,2026-09-10 13:41:26,Biasa / Mengikuti Pasar
13:41,AHAP,Token Mati (Perlu Update),Small Cap (Lapis 3),Fair Value (Wajar),0.0,2.8151393,101.0,101.0,98.0,99.0,100,92,110,-1.9801980198019802,13555800,Normal,51,Negatif,Downtrend,Bullish,Bearish MACD,Perfect Uptrend (5>20>50),Normal,Distribusi (Turun),Normal,Seimbang / Adu Mekanik,Normal,Tinggi,Normal,Area Tengah,> 1 Miliar,Di Bawah VWAP (Lemah),Akumulasi Pro (Smart Money),Gorengan Sepi (< 5M),Normal (50-150%),Distribution (Fase Jualan),Normal,Normal,Turun 1 Hari Beruntun,TP: 105 | CL: 94,Open = High (Tekanan Jual),Ideal (1:2),Netral / Sideways,Netral / Sepi Berita,Normal / Sedang Transisi,Mendekati Fibo 50.0%,2,WAIT & SEE,HOLD / NEUTRAL,0.5,MA20 di atas MA50 (Uptrend) | Harga di bawah VWAP Intraday,TIDAK ADA,2026-09-10 13:41:26,Biasa / Mengikuti Pasar
13:41,AIMS,Transaksi Sepi (Skip Broksum),Small Cap (Lapis 3),Overvalued (Mahal),26.483675,381.4672,510.0,525.0,472.0,492.0,435,362,630,-3.5294117647058822,1233600,Tembus MA20,63,Negatif,Uptrend,Bullish,Strong Bullish,Perfect Uptrend (5>20>50),Normal,Akumulasi (Naik),Normal,Seimbang / Adu Mekanik,Normal,Tinggi,Normal,Rawan Pucuk (High Risk),< 1 Miliar,Di Bawah VWAP (Lemah),Distribusi Pro (Guyuran),Gorengan Sepi (< 5M),Normal (50-150%),Mark-Up (Fase Pesta),Normal,Normal,Turun 2 Hari Beruntun,TP: 578 | CL: 434,Normal,Menengah (1:1),Netral / Sideways,Netral / Sepi Berita,Normal / Sedang Transisi,Mendekati Fibo 50.0%,6,WAIT & SEE,HOLD / NEUTRAL,0.0,MA20 di atas MA50 (Uptrend) | RSI Mendekati Jenuh Beli (63.0) | Harga di bawah VWAP Intraday,TIDAK ADA,2026-09-10 13:41:26,Biasa / Mengikuti Pasar
13:41,PNSE,Transaksi Sepi (Skip Broksum),Small Cap (Lapis 3),Overvalued (Mahal),0.0,3.391946,500.0,500.0,500.0,500.0,497,476,535,0.0,100,Normal,52,Negatif,Uptrend,Bullish,Strong Bullish,Awal Reversal (5>20),Normal,Akumulasi (Naik),Normal,Tidak Ada Transaksi,Squeeze,Rendah,Doji (Ragu-ragu),Area Tengah,< 1 Miliar,Persis di VWAP,Akumulasi Pro (Smart Money),Gorengan Sepi (< 5M),Sepi (< 50%),Accumulation (Kumpul Barang),Normal,Normal,Sideways / Stagnan,TP: 523 | CL: 484,Normal,Menengah (1:1),Golden Cross (Awal Bullish),Netral / Sepi Berita,Supply Kering (Siap Pump) 🏜️,Mengambang (Jauh dari Fibo),5,WAIT & SEE,HOLD / NEUTRAL,-0.5,MA20 di bawah MA50 (Downtrend) | Volatilitas Bollinger Squeeze (Siap Meledak),TIDAK ADA,2026-09-10 13:41:26,Biasa / Mengikuti Pasar
13:41,PPRO,Transaksi Sepi (Skip Broksum),Small Cap (Lapis 3),Fair Value (Wajar),0.0,-0.21697937,15.0,16.0,15.0,15.0,16,15,18,-6.25,8367500,Normal,42,Negatif,Downtrend,Bearish,Strong Bearish,Strong Downtrend (5<20<50),Normal,Akumulasi (Naik),Gap Down (-6.2%),Dominan Jual (Guyur),Normal,Tinggi,Doji (Ragu-ragu),Dekat Support (Low Risk),< 1 Miliar,Di Bawah VWAP (Lemah),Akumulasi Pro (Smart Money),Gorengan Sepi (< 5M),Sepi (< 50%),Mark-Down (Fase Runtuh),Normal,Normal,Turun 1 Hari Beruntun,TP: 16 | CL: 14,Normal,Di Area Support,Netral / Sideways,Netral / Sepi Berita,Normal / Sedang Transisi,Mendekati Fibo 78.6%,1,WAIT & SEE,SELL,-2.0,MA20 di bawah MA50 (Downtrend) | RSI Rebound Area Murah (42.0) | Harga di bawah VWAP Intraday,TIDAK ADA,2026-09-10 13:41:26,Biasa / Mengikuti Pasar
