Waktu Update,Ticker,Broksum,Kategori,Valuasi,PER (x),PBV (x),Harga (Rp),Harga MA20,Support,Resistance,Change (%),Volume,Vol Breakout,RSI (14D),Momentum,MA Signal,MA Cross,MACD,"Trend MA (5,20,50)",Status Bandar,OBV Trend,Status Gap,Tekanan Bandar,Status BB,Risiko,Pola Candle,Posisi Entry,Likuiditas,Posisi VWAP,Kekuatan A/D,Kelas Transaksi,RVOL (Anomali Vol),Fase Siklus Bandar,Karakter Gorengan,Sinyal Cuci Barang,Streak Harian,Auto Trading Plan,Status Open,Risk/Reward Ratio,Status Stochastic,Status Sentimen,Kondisi Supply,Status Fibonacci,Total Score,Rekomendasi,Signal Quant,Score Quant,Alasan Sinyal,Status Akuisisi,Terakhir Update,Prediksi Machine Learning
15:24,AALI,Token Mati (Perlu Update),Big Cap (Lapis 1),Undervalued (Murah),8.653906,0.67369455,8400.0,7708,7050,8450,0.2985074626865672,1703600,Tembus MA20,78,Positif,Uptrend,Bullish,Strong Bullish,Perfect Uptrend (5>20>50),Normal,Akumulasi (Naik),Normal,Dominan Beli (Hajar Kanan),Normal,Tinggi,Doji (Ragu-ragu),Rawan Pucuk (High Risk),> 1 Miliar,Di Atas VWAP (Kuat),Akumulasi Pro (Smart Money),Ritel Aktif (5M - 50M),Normal (50-150%),Mark-Up (Fase Pesta),Normal,Jarum Bawah (Sinyal Pantulan Kuat),Naik 1 Hari Beruntun,TP: 8732 | CL: 8178,Normal,Tidak Ideal (< 1:1),Overbought (Jenuh Beli - Rawan),Netral / Sepi Berita,Normal / Sedang Transisi,Mengambang (Jauh dari Fibo),8,BELI,HOLD / NEUTRAL,0.0,Kondisi pasar normal,TIDAK ADA,2026-09-03 15:24:34,Biasa / Mengikuti Pasar
15:24,ABDA,Transaksi Sepi (Skip Broksum),Mid Cap (Lapis 2),Fair Value (Wajar),21.779476,1.3767741,3990.0,3839,3520,4340,-0.25,2500,Normal,86,Negatif,Uptrend,Bullish,Strong Bullish,Perfect Uptrend (5>20>50),Normal,Akumulasi (Naik),Normal,Dominan Jual (Guyur),Normal,Sedang,Normal,Rawan Pucuk (High Risk),< 1 Miliar,Persis di VWAP,Distribusi Pro (Guyuran),Gorengan Sepi (< 5M),Normal (50-150%),Mark-Up (Fase Pesta),Normal,Normal,Turun 1 Hari Beruntun,TP: 4057 | CL: 3945,Open = High (Tekanan Jual),Tidak Ideal (< 1:1),Netral / Sideways,Netral / Sepi Berita,Normal / Sedang Transisi,Dekat Support Fibo 23.6%,5,WAIT & SEE,HOLD / NEUTRAL,0.0,Kondisi pasar normal,TIDAK ADA,2026-09-03 15:24:34,Biasa / Mengikuti Pasar
15:24,ABMM,Token Mati (Perlu Update),Mid Cap (Lapis 2),Overvalued (Mahal),5.335395,8761.609,2830.0,2704,2620,2840,1.4336917562724014,647300,Tembus MA20,75,Positif,Uptrend,Bullish,Strong Bullish,Perfect Uptrend (5>20>50),Normal,Akumulasi (Naik),Normal,Dominan Beli (Hajar Kanan),Squeeze,Rendah,Normal,Area Tengah,> 1 Miliar,Di Atas VWAP (Kuat),Distribusi Pro (Guyuran),Gorengan Sepi (< 5M),Normal (50-150%),Mark-Up (Fase Pesta),Normal,Normal,Naik 3 Hari Beruntun,TP: 2921 | CL: 2769,Normal,Tidak Ideal (< 1:1),Overbought (Jenuh Beli - Rawan),Netral / Sepi Berita,Normal / Sedang Transisi,Mendekati Fibo 23.6%,8,BELI,HOLD / NEUTRAL,0.0,Kondisi pasar normal,TIDAK ADA,2026-09-03 15:24:34,Biasa / Mengikuti Pasar
15:24,ACES,Token Mati (Perlu Update),Mid Cap (Lapis 2),Undervalued (Murah),7.9318843,0.9523169,354.0,357,348,368,1.1428571428571428,22893200,Normal,50,Positif,Downtrend,Bearish,Bearish MACD,Konsolidasi / Transisi,Normal,Distribusi (Turun),Normal,Seimbang / Adu Mekanik,Squeeze,Rendah,Normal,Dekat Support (Low Risk),> 1 Miliar,Persis di VWAP,Akumulasi Pro (Smart Money),Ritel Aktif (5M - 50M),Normal (50-150%),Distribution (Fase Jualan),Solid (Jarang Dibanting),Normal,Naik 1 Hari Beruntun,TP: 365 | CL: 346,Normal,Ideal (1:2),Golden Cross (Awal Bullish),Netral / Sepi Berita,Normal / Sedang Transisi,Dekat Support Fibo 23.6%,1,WAIT & SEE,HOLD / NEUTRAL,0.0,Kondisi pasar normal,TIDAK ADA,2026-09-03 15:24:34,Biasa / Mengikuti Pasar
15:24,ACST,Transaksi Sepi (Skip Broksum),Mid Cap (Lapis 2),Fair Value (Wajar),0.0,-2.4757295,89.0,85,83,89,1.1363636363636365,485000,Tembus MA20,64,Positif,Uptrend,Bullish,Strong Bullish,Perfect Uptrend (5>20>50),Normal,Akumulasi (Naik),Normal,Dominan Beli (Hajar Kanan),Squeeze,Rendah,Marubozu (Strong Bullish),Area Tengah,< 1 Miliar,Di Atas VWAP (Kuat),Akumulasi Pro (Smart Money),Gorengan Sepi (< 5M),Anomali Tinggi (150-300%),Mark-Up (Fase Pesta),Normal,Normal,Naik 2 Hari Beruntun,TP: 90 | CL: 87,Open = Low (Bullish Kuat),Tidak Ideal (< 1:1),Overbought (Jenuh Beli - Rawan),Netral / Sepi Berita,Normal / Sedang Transisi,Mendekati Fibo 23.6%,8,BELI,HOLD / NEUTRAL,0.0,Kondisi pasar normal,TIDAK ADA,2026-09-03 15:24:34,Biasa / Mengikuti Pasar
15:24,ADES,Transaksi Sepi (Skip Broksum),Big Cap (Lapis 1),Overvalued (Mahal),19.677505,5.325217,31875.0,32881,31325,35500,-0.2347417840375587,8900,Normal,42,Negatif,Downtrend,Bearish,Strong Bearish,Strong Downtrend (5<20<50),Normal,Distribusi (Turun),Normal,Dominan Beli (Hajar Kanan),Normal,Sedang,Normal,Dekat Support (Low Risk),< 1 Miliar,Persis di VWAP,Distribusi Pro (Guyuran),Gorengan Sepi (< 5M),Normal (50-150%),Mark-Down (Fase Runtuh),Normal,Normal,Turun 7 Hari Beruntun,TP: 32183 | CL: 31669,Normal,Sangat Menarik (> 1:3),Netral / Sideways,Netral / Sepi Berita,Normal / Sedang Transisi,Mengambang (Jauh dari Fibo),1,WAIT & SEE,HOLD / NEUTRAL,0.0,Kondisi pasar normal,TIDAK ADA,2026-09-03 15:24:34,Biasa / Mengikuti Pasar
15:24,AISA,Transaksi Sepi (Skip Broksum),Small Cap (Lapis 3),Undervalued (Murah),12.632696,0.93287235,119.0,118,111,127,-0.8333333333333334,2650100,Normal,54,Negatif,Uptrend,Golden Cross,Bearish MACD,Perfect Uptrend (5>20>50),Normal,Akumulasi (Naik),Normal,Dominan Jual (Guyur),Squeeze,Rendah,Normal,Area Tengah,< 1 Miliar,Persis di VWAP,Distribusi Pro (Guyuran),Gorengan Sepi (< 5M),Sepi (< 50%),Mark-Up (Fase Pesta),Spesialis Tiang Jemuran (Banting Pucuk),Normal,Turun 1 Hari Beruntun,TP: 125 | CL: 114,Open = High (Tekanan Jual),Menengah (1:1),Netral / Sideways,Netral / Sepi Berita,Normal / Sedang Transisi,Mendekati Fibo 50.0%,4,WAIT & SEE,HOLD / NEUTRAL,0.0,Kondisi pasar normal,TIDAK ADA,2026-09-03 15:24:34,Biasa / Mengikuti Pasar
15:24,AKPI,Transaksi Sepi (Skip Broksum),Small Cap (Lapis 3),Undervalued (Murah),3.7321317,0.16761024,530.0,508,490,545,0.9523809523809524,519000,Tembus MA20,66,Positif,Uptrend,Bullish,Strong Bullish,Perfect Uptrend (5>20>50),Normal,Akumulasi (Naik),Normal,Dominan Jual (Guyur),Squeeze,Rendah,Doji (Ragu-ragu),Area Tengah,< 1 Miliar,Di Atas VWAP (Kuat),Akumulasi Pro (Smart Money),Gorengan Sepi (< 5M),Normal (50-150%),Mark-Up (Fase Pesta),Spesialis Tiang Jemuran (Banting Pucuk),Normal,Naik 2 Hari Beruntun,TP: 551 | CL: 515,Normal,Tidak Ideal (< 1:1),Death Cross (Awal Bearish),Netral / Sepi Berita,Normal / Sedang Transisi,Dekat Support Fibo 50.0%,7,BELI,HOLD / NEUTRAL,0.0,Kondisi pasar normal,TIDAK ADA,2026-09-03 15:24:34,Biasa / Mengikuti Pasar
15:24,AKRA,Token Mati (Perlu Update),Big Cap (Lapis 1),Fair Value (Wajar),10.131454,2.1314924,1395.0,1401,1350,1455,0.0,20438300,Tembus MA20,52,Negatif,Downtrend,Golden Cross,Bearish MACD,Perfect Uptrend (5>20>50),Normal,Distribusi (Turun),Normal,Seimbang / Adu Mekanik,Squeeze,Rendah,Normal,Area Tengah,> 1 Miliar,Persis di VWAP,Distribusi Pro (Guyuran),Ritel Aktif (5M - 50M),Anomali Tinggi (150-300%),Distribution (Fase Jualan),Normal,Normal,Sideways / Stagnan,TP: 1450 | CL: 1358,Normal,Menengah (1:1),Netral / Sideways,Netral / Sepi Berita,Normal / Sedang Transisi,Dekat Support Fibo 23.6%,3,WAIT & SEE,HOLD / NEUTRAL,0.0,Kondisi pasar normal,TIDAK ADA,2026-09-03 15:24:34,Biasa / Mengikuti Pasar
15:24,AKSI,Transaksi Sepi (Skip Broksum),Small Cap (Lapis 3),Undervalued (Murah),9.81547,1.1278839,250.0,236,218,280,0.0,605700,Tembus MA20,66,Negatif,Uptrend,Bullish,Strong Bullish,Perfect Uptrend (5>20>50),Normal,Akumulasi (Naik),Normal,Dominan Jual (Guyur),Normal,Sedang,Normal,Rawan Pucuk (High Risk),< 1 Miliar,Persis di VWAP,Distribusi Pro (Guyuran),Gorengan Sepi (< 5M),Normal (50-150%),Mark-Up (Fase Pesta),Spesialis Tiang Jemuran (Banting Pucuk),Normal,Sideways / Stagnan,TP: 280 | CL: 229,Normal,Tidak Ideal (< 1:1),Death Cross (Awal Bearish),Netral / Sepi Berita,Normal / Sedang Transisi,Mengambang (Jauh dari Fibo),6,WAIT & SEE,HOLD / NEUTRAL,0.0,Kondisi pasar normal,TIDAK ADA,2026-09-03 15:24:34,Biasa / Mengikuti Pasar
15:24,ALDO,Transaksi Sepi (Skip Broksum),Mid Cap (Lapis 2),Overvalued (Mahal),28.468685,2.310272,950.0,900,800,1035,1.0638297872340425,62600,Normal,65,Positif,Uptrend,Bullish,Bearish MACD,Perfect Uptrend (5>20>50),Normal,Akumulasi (Naik),Normal,Dominan Beli (Hajar Kanan),Normal,Tinggi,Normal,Rawan Pucuk (High Risk),< 1 Miliar,Di Atas VWAP (Kuat),Akumulasi Pro (Smart Money),Gorengan Sepi (< 5M),Normal (50-150%),Mark-Up (Fase Pesta),Normal,Normal,Naik 1 Hari Beruntun,TP: 1034 | CL: 893,Normal,Tidak Ideal (< 1:1),Netral / Sideways,Netral / Sepi Berita,Normal / Sedang Transisi,Mengambang (Jauh dari Fibo),6,WAIT & SEE,HOLD / NEUTRAL,0.0,Kondisi pasar normal,TIDAK ADA,2026-09-03 15:24:34,Biasa / Mengikuti Pasar
15:24,ALKA,Transaksi Sepi (Skip Broksum),Mid Cap (Lapis 2),Overvalued (Mahal),108.93362,8.958085,4130.0,3619,2070,5025,-9.82532751091703,123700,Normal,72,Negatif,Uptrend,Bullish,Bearish MACD,Perfect Uptrend (5>20>50),Normal,Distribusi (Turun),Gap Down (-6.1%),Dominan Jual (Guyur),Normal,Tinggi,Normal,Rawan Pucuk (High Risk),< 1 Miliar,Di Bawah VWAP (Lemah),Distribusi Pro (Guyuran),Gorengan Sepi (< 5M),Anomali Tinggi (150-300%),Mark-Up (Fase Pesta),Solid (Jarang Dibanting),Normal,Turun 1 Hari Beruntun,TP: 4515 | CL: 3873,Open = High (Tekanan Jual),Tidak Ideal (< 1:1),Death Cross (Awal Bearish),Netral / Sepi Berita,Normal / Sedang Transisi,Mendekati Fibo 23.6%,3,WAIT & SEE,HOLD / NEUTRAL,0.0,Kondisi pasar normal,TIDAK ADA,2026-09-03 15:24:34,Biasa / Mengikuti Pasar
15:24,AMAG,Transaksi Sepi (Skip Broksum),Mid Cap (Lapis 2),Undervalued (Murah),8.695652,0.9027945,390.0,389,376,390,0.5154639175257731,62200,Normal,53,Positif,Uptrend,Bullish,Strong Bullish,Awal Reversal (5>20),Normal,Akumulasi (Naik),Normal,Dominan Beli (Hajar Kanan),Squeeze,Rendah,Marubozu (Strong Bullish),Area Tengah,< 1 Miliar,Persis di VWAP,Akumulasi Pro (Smart Money),Gorengan Sepi (< 5M),Normal (50-150%),Accumulation (Kumpul Barang),Solid (Jarang Dibanting),Normal,Naik 1 Hari Beruntun,TP: 395 | CL: 386,Open = Low (Bullish Kuat),Tidak Ideal (< 1:1),Overbought (Jenuh Beli - Rawan),Netral / Sepi Berita,Supply Kering (Siap Pump) 🏜️,Golden Rebound Fibo 23.6% 🎯,7,BELI,HOLD / NEUTRAL,0.0,Kondisi pasar normal,TIDAK ADA,2026-09-03 15:24:34,Biasa / Mengikuti Pasar
15:24,AMFG,Transaksi Sepi (Skip Broksum),Mid Cap (Lapis 2),Undervalued (Murah),12.804245,0.30211645,3330.0,3332,3260,3400,0.0,1700,Normal,61,Negatif,Downtrend,Bearish,Bearish MACD,Konsolidasi / Transisi,Normal,Netral,Normal,Dominan Beli (Hajar Kanan),Squeeze,Rendah,Doji (Ragu-ragu),Dekat Support (Low Risk),< 1 Miliar,Persis di VWAP,Akumulasi Pro (Smart Money),Gorengan Sepi (< 5M),Sepi (< 50%),Distribution (Fase Jualan),Solid (Jarang Dibanting),Jarum Bawah (Sinyal Pantulan Kuat),Sideways / Stagnan,TP: 3380 | CL: 3296,Normal,Menengah (1:1),Overbought (Jenuh Beli - Rawan),Netral / Sepi Berita,Supply Kering (Siap Pump) 🏜️,Mendekati Fibo 23.6%,2,WAIT & SEE,HOLD / NEUTRAL,0.0,Kondisi pasar normal,TIDAK ADA,2026-09-03 15:24:34,Biasa / Mengikuti Pasar
15:24,AMIN,Transaksi Sepi (Skip Broksum),Small Cap (Lapis 3),Fair Value (Wajar),0.0,1.3163813,240.0,243,230,300,0.8403361344537815,109500,Normal,46,Positif,Downtrend,Bearish,Bullish MACD,Konsolidasi / Transisi,Normal,Akumulasi (Naik),Normal,Dominan Beli (Hajar Kanan),Squeeze,Rendah,Normal,Area Tengah,< 1 Miliar,Di Bawah VWAP (Lemah),Distribusi Pro (Guyuran),Gorengan Sepi (< 5M),Sepi (< 50%),Distribution (Fase Jualan),Spesialis Tiang Jemuran (Banting Pucuk),Normal,Naik 1 Hari Beruntun,TP: 260 | CL: 226,Normal,Sangat Menarik (> 1:3),Oversold (Jenuh Jual - Peluang),Netral / Sepi Berita,Normal / Sedang Transisi,Mendekati Fibo 78.6%,4,WAIT & SEE,HOLD / NEUTRAL,0.0,Kondisi pasar normal,TIDAK ADA,2026-09-03 15:24:34,Biasa / Mengikuti Pasar
15:24,AMRT,Token Mati (Perlu Update),Big Cap (Lapis 1),Overvalued (Mahal),15.406977,3.0586686,1320.0,1375,1305,1455,1.1494252873563218,26513600,Normal,43,Positif,Downtrend,Bearish,Strong Bearish,Strong Downtrend (5<20<50),Normal,Distribusi (Turun),Normal,Seimbang / Adu Mekanik,Bottom Rebound,Sedang,Normal,Dekat Support (Low Risk),> 1 Miliar,Di Bawah VWAP (Lemah),Distribusi Pro (Guyuran),Sultan (> 50M/hari),Normal (50-150%),Mark-Down (Fase Runtuh),Normal,Normal,Naik 1 Hari Beruntun,TP: 1391 | CL: 1272,Open = Low (Bullish Kuat),Sangat Menarik (> 1:3),Oversold (Jenuh Jual - Peluang),Netral / Sepi Berita,Normal / Sedang Transisi,Mendekati Fibo 61.8% (Golden Ratio),1,WAIT & SEE,HOLD / NEUTRAL,0.0,Kondisi pasar normal,TIDAK ADA,2026-09-03 15:24:34,Biasa / Mengikuti Pasar
15:24,ANJT,Transaksi Sepi (Skip Broksum),Mid Cap (Lapis 2),Fair Value (Wajar),0.0,1.2582645,1595.0,1546,1465,1645,-0.3125,194500,Tembus MA20,62,Negatif,Uptrend,Bullish,Strong Bullish,Perfect Uptrend (5>20>50),Distribusi Kuat,Distribusi (Turun),Normal,Seimbang / Adu Mekanik,Normal,Sedang,Normal,Area Tengah,< 1 Miliar,Persis di VWAP,Distribusi Pro (Guyuran),Gorengan Sepi (< 5M),Normal (50-150%),Mark-Up (Fase Pesta),Spesialis Tiang Jemuran (Banting Pucuk),Normal,Turun 1 Hari Beruntun,TP: 1668 | CL: 1546,Normal,Tidak Ideal (< 1:1),Death Cross (Awal Bearish),Netral / Sepi Berita,Normal / Sedang Transisi,Mendekati Fibo 23.6%,5,WAIT & SEE,HOLD / NEUTRAL,0.0,Kondisi pasar normal,TIDAK ADA,2026-09-03 15:24:34,Biasa / Mengikuti Pasar
15:24,ANTM,Token Mati (Perlu Update),Big Cap (Lapis 1),Fair Value (Wajar),8.453291,2.0181453,3140.0,3109,2920,3290,3.6303630363036308,97751400,Normal,56,Positif,Uptrend,Death Cross,Bearish MACD,Konsolidasi / Transisi,Normal,Distribusi (Turun),Normal,Dominan Beli (Hajar Kanan),Squeeze,Rendah,Marubozu (Strong Bullish),Area Tengah,> 1 Miliar,Di Atas VWAP (Kuat),Distribusi Pro (Guyuran),Sultan (> 50M/hari),Normal (50-150%),Mark-Up (Fase Pesta),Normal,Normal,Naik 1 Hari Beruntun,TP: 3283 | CL: 3044,Open = Low (Bullish Kuat),Tidak Ideal (< 1:1),Netral / Sideways,Netral / Sepi Berita,Normal / Sedang Transisi,Mendekati Fibo 23.6%,4,WAIT & SEE,HOLD / NEUTRAL,0.0,Kondisi pasar normal,TIDAK ADA,2026-09-03 15:24:34,Biasa / Mengikuti Pasar
15:24,APEX,Token Mati (Perlu Update),Small Cap (Lapis 3),Overvalued (Mahal),6.8563595,10000.0,200.0,183,165,218,-0.9900990099009901,8006300,Normal,69,Negatif,Uptrend,Bullish,Strong Bullish,Perfect Uptrend (5>20>50),Normal,Akumulasi (Naik),Normal,Dominan Jual (Guyur),Normal,Tinggi,Normal,Rawan Pucuk (High Risk),> 1 Miliar,Di Bawah VWAP (Lemah),Distribusi Pro (Guyuran),Ritel Aktif (5M - 50M),Sepi (< 50%),Mark-Up (Fase Pesta),Normal,Normal,Turun 1 Hari Beruntun,TP: 215 | CL: 189,Normal,Tidak Ideal (< 1:1),Death Cross (Awal Bearish),Netral / Sepi Berita,Normal / Sedang Transisi,Mendekati Fibo 23.6%,5,WAIT & SEE,HOLD / NEUTRAL,0.0,Kondisi pasar normal,TIDAK ADA,2026-09-03 15:24:34,Biasa / Mengikuti Pasar
15:24,APIC,Transaksi Sepi (Skip Broksum),Mid Cap (Lapis 2),Overvalued (Mahal),57.256237,1.8330175,505.0,545,480,660,-0.9803921568627451,519100,Normal,35,Negatif,Downtrend,Bearish,Strong Bearish,Strong Downtrend (5<20<50),Normal,Distribusi (Turun),Normal,Seimbang / Adu Mekanik,Normal,Tinggi,Normal,Area Tengah,< 1 Miliar,Di Bawah VWAP (Lemah),Distribusi Pro (Guyuran),Gorengan Sepi (< 5M),Sepi (< 50%),Mark-Down (Fase Runtuh),Normal,Normal,Turun 2 Hari Beruntun,TP: 554 | CL: 471,Normal,Sangat Menarik (> 1:3),Netral / Sideways,Netral / Sepi Berita,Normal / Sedang Transisi,Mengambang (Jauh dari Fibo),0,WAIT & SEE,HOLD / NEUTRAL,0.0,Kondisi pasar normal,TIDAK ADA,2026-09-03 15:24:34,Biasa / Mengikuti Pasar
15:24,APII,Transaksi Sepi (Skip Broksum),Small Cap (Lapis 3),Undervalued (Murah),10.222554,0.5082767,192.0,190,184,199,0.0,8500,Normal,58,Negatif,Uptrend,Bullish,Bearish MACD,Perfect Uptrend (5>20>50),Normal,Akumulasi (Naik),Normal,Dominan Beli (Hajar Kanan),Squeeze,Rendah,Marubozu (Strong Bullish),Area Tengah,< 1 Miliar,Persis di VWAP,Akumulasi Pro (Smart Money),Gorengan Sepi (< 5M),Sepi (< 50%),Mark-Up (Fase Pesta),Normal,Normal,Sideways / Stagnan,TP: 197 | CL: 188,Open = Low (Bullish Kuat),Tidak Ideal (< 1:1),Overbought (Jenuh Beli - Rawan),Netral / Sepi Berita,Supply Kering (Siap Pump) 🏜️,Golden Rebound Fibo 23.6% 🎯,5,WAIT & SEE,HOLD / NEUTRAL,0.0,Kondisi pasar normal,TIDAK ADA,2026-09-03 15:24:34,Biasa / Mengikuti Pasar
15:24,APLI,Transaksi Sepi (Skip Broksum),Small Cap (Lapis 3),Overvalued (Mahal),25.981308,1.2905802,278.0,265,248,320,-0.7142857142857143,314700,Normal,67,Negatif,Uptrend,Bullish,Strong Bullish,Perfect Uptrend (5>20>50),Normal,Distribusi (Turun),Normal,Seimbang / Adu Mekanik,Normal,Sedang,Normal,Rawan Pucuk (High Risk),< 1 Miliar,Persis di VWAP,Distribusi Pro (Guyuran),Gorengan Sepi (< 5M),Normal (50-150%),Mark-Up (Fase Pesta),Spesialis Tiang Jemuran (Banting Pucuk),Normal,Turun 1 Hari Beruntun,TP: 302 | CL: 261,Normal,Menengah (1:1),Golden Cross (Awal Bullish),Netral / Sepi Berita,Normal / Sedang Transisi,Mendekati Fibo 50.0%,4,WAIT & SEE,HOLD / NEUTRAL,0.0,Kondisi pasar normal,TIDAK ADA,2026-09-03 15:24:34,Biasa / Mengikuti Pasar
15:24,APLN,Token Mati (Perlu Update),Mid Cap (Lapis 2),Undervalued (Murah),7.653631,0.26523092,137.0,134,123,163,0.7352941176470588,18467500,Normal,54,Positif,Uptrend,Bullish,Bearish MACD,Perfect Uptrend (5>20>50),Normal,Akumulasi (Naik),Normal,Seimbang / Adu Mekanik,Normal,Tinggi,Doji (Ragu-ragu),Rawan Pucuk (High Risk),> 1 Miliar,Persis di VWAP,Distribusi Pro (Guyuran),Gorengan Sepi (< 5M),Sepi (< 50%),Mark-Up (Fase Pesta),Spesialis Tiang Jemuran (Banting Pucuk),Jarum Bawah (Sinyal Pantulan Kuat),Naik 1 Hari Beruntun,TP: 149 | CL: 128,Normal,Ideal (1:2),Golden Cross (Awal Bullish),Netral / Sepi Berita,Normal / Sedang Transisi,Mendekati Fibo 50.0%,5,WAIT & SEE,HOLD / NEUTRAL,0.0,Kondisi pasar normal,TIDAK ADA,2026-09-03 15:24:34,Biasa / Mengikuti Pasar
15:24,ARGO,Transaksi Sepi (Skip Broksum),Mid Cap (Lapis 2),Overvalued (Mahal),140.41515,22.88102,1150.0,1159,1075,1255,-1.7094017094017095,224400,Normal,55,Negatif,Downtrend,Bearish,Bearish MACD,Konsolidasi / Transisi,Normal,Akumulasi (Naik),Normal,Dominan Jual (Guyur),Squeeze,Rendah,Normal,Area Tengah,< 1 Miliar,Persis di VWAP,Distribusi Pro (Guyuran),Gorengan Sepi (< 5M),Normal (50-150%),Distribution (Fase Jualan),Normal,Normal,Turun 1 Hari Beruntun,TP: 1210 | CL: 1109,Normal,Menengah (1:1),Netral / Sideways,Netral / Sepi Berita,Normal / Sedang Transisi,Mendekati Fibo 23.6%,2,WAIT & SEE,HOLD / NEUTRAL,0.0,Kondisi pasar normal,TIDAK ADA,2026-09-03 15:24:34,Biasa / Mengikuti Pasar
15:24,ARII,Transaksi Sepi (Skip Broksum),Mid Cap (Lapis 2),Overvalued (Mahal),13.303965,14380.952,302.0,287,268,318,2.027027027027027,354800,Tembus MA20,69,Positif,Uptrend,Bullish,Strong Bullish,Perfect Uptrend (5>20>50),Akumulasi Kuat,Akumulasi (Naik),Normal,Seimbang / Adu Mekanik,Normal,Sedang,Doji (Ragu-ragu),Rawan Pucuk (High Risk),< 1 Miliar,Di Atas VWAP (Kuat),Akumulasi Pro (Smart Money),Gorengan Sepi (< 5M),Ledakan Ekstrem (> 300%),Mark-Up (Fase Pesta),Spesialis Tiang Jemuran (Banting Pucuk),Normal,Naik 1 Hari Beruntun,TP: 322 | CL: 288,Normal,Tidak Ideal (< 1:1),Netral / Sideways,Netral / Sepi Berita,Normal / Sedang Transisi,Dekat Support Fibo 23.6%,8,BELI,HOLD / NEUTRAL,0.0,Kondisi pasar normal,TIDAK ADA,2026-09-03 15:24:34,Biasa / Mengikuti Pasar
15:24,ARNA,Transaksi Sepi (Skip Broksum),Mid Cap (Lapis 2),Fair Value (Wajar),8.546286,1.953586,505.0,496,484,510,0.0,696800,Normal,79,Negatif,Uptrend,Bullish,Bearish MACD,Perfect Uptrend (5>20>50),Normal,Akumulasi (Naik),Normal,Seimbang / Adu Mekanik,Squeeze,Rendah,Doji (Ragu-ragu),Area Tengah,< 1 Miliar,Di Atas VWAP (Kuat),Akumulasi Pro (Smart Money),Gorengan Sepi (< 5M),Sepi (< 50%),Mark-Up (Fase Pesta),Normal,Normal,Sideways / Stagnan,TP: 516 | CL: 497,Normal,Tidak Ideal (< 1:1),Overbought (Jenuh Beli - Rawan),Netral / Sepi Berita,Normal / Sedang Transisi,Mendekati Fibo 23.6%,4,WAIT & SEE,HOLD / NEUTRAL,0.0,Kondisi pasar normal,TIDAK ADA,2026-09-03 15:24:34,Biasa / Mengikuti Pasar
15:24,ARTA,Transaksi Sepi (Skip Broksum),Mid Cap (Lapis 2),Overvalued (Mahal),0.0,7.087589,2290.0,2315,2210,2620,2.690582959641256,1400,Normal,46,Positif,Downtrend,Bearish,Strong Bearish,Strong Downtrend (5<20<50),Normal,Akumulasi (Naik),Normal,Dominan Beli (Hajar Kanan),Normal,Sedang,Marubozu (Strong Bullish),Area Tengah,< 1 Miliar,Persis di VWAP,Akumulasi Pro (Smart Money),Gorengan Sepi (< 5M),Normal (50-150%),Mark-Down (Fase Runtuh),Normal,Normal,Naik 1 Hari Beruntun,TP: 2397 | CL: 2218,Normal,Sangat Menarik (> 1:3),Golden Cross (Awal Bullish),Netral / Sepi Berita,Supply Kering (Siap Pump) 🏜️,Mendekati Fibo 78.6%,3,WAIT & SEE,HOLD / NEUTRAL,0.0,Kondisi pasar normal,TIDAK ADA,2026-09-03 15:24:34,Biasa / Mengikuti Pasar
15:24,ARTO,Token Mati (Perlu Update),Big Cap (Lapis 1),Overvalued (Mahal),43.72385,1.6047397,1040.0,1122,940,1355,0.9708737864077669,31672500,Tembus MA20,42,Positif,Downtrend,Bearish,Strong Bearish,Strong Downtrend (5<20<50),Normal,Akumulasi (Naik),Normal,Seimbang / Adu Mekanik,Normal,Tinggi,Doji (Ragu-ragu),Rawan Pucuk (High Risk),> 1 Miliar,Di Atas VWAP (Kuat),Distribusi Pro (Guyuran),Sultan (> 50M/hari),Normal (50-150%),Mark-Down (Fase Runtuh),Normal,Normal,Naik 3 Hari Beruntun,TP: 1123 | CL: 984,Normal,Sangat Menarik (> 1:3),Golden Cross (Awal Bullish),Netral / Sepi Berita,Supply Banjir (Distribusi) 🌊,Mendekati Fibo 61.8% (Golden Ratio),3,WAIT & SEE,HOLD / NEUTRAL,0.0,Kondisi pasar normal,TIDAK ADA,2026-09-03 15:24:34,Biasa / Mengikuti Pasar
15:24,ASBI,Transaksi Sepi (Skip Broksum),Small Cap (Lapis 3),Undervalued (Murah),8.295043,0.30566058,408.0,413,390,525,-0.4878048780487805,11000,Normal,47,Negatif,Downtrend,Bearish,Strong Bearish,Strong Downtrend (5<20<50),Normal,Distribusi (Turun),Gap Up (+2.4%),Dominan Jual (Guyur),Normal,Sedang,Normal,Area Tengah,< 1 Miliar,Di Bawah VWAP (Lemah),Distribusi Pro (Guyuran),Gorengan Sepi (< 5M),Sepi (< 50%),Mark-Down (Fase Runtuh),Spesialis Tiang Jemuran (Banting Pucuk),Normal,Turun 1 Hari Beruntun,TP: 444 | CL: 383,Open = High (Tekanan Jual),Sangat Menarik (> 1:3),Oversold (Jenuh Jual - Peluang),Netral / Sepi Berita,Normal / Sedang Transisi,Mengambang (Jauh dari Fibo),1,WAIT & SEE,HOLD / NEUTRAL,0.0,Kondisi pasar normal,TIDAK ADA,2026-09-03 15:24:34,Biasa / Mengikuti Pasar
15:24,ASDM,Transaksi Sepi (Skip Broksum),Small Cap (Lapis 3),Undervalued (Murah),10.514496,0.54733026,515.0,512,498,555,0.0,3200,Normal,52,Negatif,Uptrend,Bullish,Strong Bullish,Perfect Uptrend (5>20>50),Normal,Distribusi (Turun),Normal,Tidak Ada Transaksi,Squeeze,Rendah,Doji (Ragu-ragu),Area Tengah,< 1 Miliar,Persis di VWAP,Akumulasi Pro (Smart Money),Gorengan Sepi (< 5M),Sepi (< 50%),Mark-Up (Fase Pesta),Normal,Normal,Sideways / Stagnan,TP: 532 | CL: 503,Normal,Ideal (1:2),Netral / Sideways,Netral / Sepi Berita,Normal / Sedang Transisi,Dekat Support Fibo 50.0%,4,WAIT & SEE,HOLD / NEUTRAL,0.0,Kondisi pasar normal,TIDAK ADA,2026-09-03 15:24:34,Biasa / Mengikuti Pasar
15:24,ASGR,Token Mati (Perlu Update),Mid Cap (Lapis 2),Undervalued (Murah),9.572574,1.490189,2150.0,1909,1740,2410,-0.9216589861751152,1843200,Tembus MA20,68,Negatif,Uptrend,Bullish,Strong Bullish,Perfect Uptrend (5>20>50),Normal,Akumulasi (Naik),Gap Up (+5.5%),Dominan Jual (Guyur),Normal,Tinggi,Normal,Rawan Pucuk (High Risk),> 1 Miliar,Di Bawah VWAP (Lemah),Distribusi Pro (Guyuran),Ritel Aktif (5M - 50M),Normal (50-150%),Mark-Up (Fase Pesta),Spesialis Tiang Jemuran (Banting Pucuk),Normal,Turun 2 Hari Beruntun,TP: 2321 | CL: 2035,Open = High (Tekanan Jual),Tidak Ideal (< 1:1),Death Cross (Awal Bearish),Netral / Sepi Berita,Normal / Sedang Transisi,Mengambang (Jauh dari Fibo),7,BELI,HOLD / NEUTRAL,0.0,Kondisi pasar normal,TIDAK ADA,2026-09-03 15:24:34,Biasa / Mengikuti Pasar
15:24,ASII,Token Mati (Perlu Update),Big Cap (Lapis 1),Undervalued (Murah),6.7293663,0.86410064,4990.0,4866,4720,5175,3.0991735537190084,69722300,Tembus MA20,58,Positif,Uptrend,Golden Cross,Bullish MACD,Awal Reversal (5>20),Normal,Akumulasi (Naik),Normal,Dominan Beli (Hajar Kanan),Normal,Sedang,Marubozu (Strong Bullish),Area Tengah,> 1 Miliar,Di Atas VWAP (Kuat),Akumulasi Pro (Smart Money),Sultan (> 50M/hari),Normal (50-150%),Accumulation (Kumpul Barang),Normal,Normal,Naik 1 Hari Beruntun,TP: 5120 | CL: 4902,Normal,Tidak Ideal (< 1:1),Netral / Sideways,Netral / Sepi Berita,Normal / Sedang Transisi,Dekat Support Fibo 38.2%,8,BELI,HOLD / NEUTRAL,0.0,Kondisi pasar normal,TIDAK ADA,2026-09-03 15:24:34,Biasa / Mengikuti Pasar
15:24,ASJT,Transaksi Sepi (Skip Broksum),Small Cap (Lapis 3),Fair Value (Wajar),0.0,0.74565727,162.0,158,150,168,0.0,1140400,Tembus MA20,55,Negatif,Uptrend,Bullish,Strong Bullish,Awal Reversal (5>20),Normal,Distribusi (Turun),Normal,Seimbang / Adu Mekanik,Normal,Sedang,Doji (Ragu-ragu),Area Tengah,< 1 Miliar,Persis di VWAP,Distribusi Pro (Guyuran),Gorengan Sepi (< 5M),Ledakan Ekstrem (> 300%),Accumulation (Kumpul Barang),Normal,Normal,Sideways / Stagnan,TP: 168 | CL: 157,Normal,Tidak Ideal (< 1:1),Death Cross (Awal Bearish),Netral / Sepi Berita,Normal / Sedang Transisi,Mengambang (Jauh dari Fibo),5,WAIT & SEE,HOLD / NEUTRAL,0.0,Kondisi pasar normal,TIDAK ADA,2026-09-03 15:24:34,Biasa / Mengikuti Pasar
15:24,ASMI,Transaksi Sepi (Skip Broksum),Small Cap (Lapis 3),Fair Value (Wajar),0.0,0.51888746,15.0,16,15,18,0.0,16482100,Tembus MA20,43,Negatif,Downtrend,Bearish,Strong Bearish,Strong Downtrend (5<20<50),Normal,Distribusi (Turun),Normal,Tidak Ada Transaksi,Normal,Tinggi,Doji (Ragu-ragu),Dekat Support (Low Risk),< 1 Miliar,Di Bawah VWAP (Lemah),Akumulasi Pro (Smart Money),Gorengan Sepi (< 5M),Anomali Tinggi (150-300%),Mark-Down (Fase Runtuh),Normal,Normal,Sideways / Stagnan,TP: 16 | CL: 14,Normal,Di Area Support,Oversold (Jenuh Jual - Peluang),Netral / Sepi Berita,Normal / Sedang Transisi,Golden Rebound Fibo 78.6% 🎯,1,WAIT & SEE,HOLD / NEUTRAL,0.0,Kondisi pasar normal,TIDAK ADA,2026-09-03 15:24:34,Biasa / Mengikuti Pasar
15:24,ASRI,Token Mati (Perlu Update),Mid Cap (Lapis 2),Undervalued (Murah),8.921162,0.22018874,129.0,124,119,141,2.380952380952381,11344600,Normal,60,Positif,Uptrend,Bullish,Strong Bullish,Perfect Uptrend (5>20>50),Normal,Akumulasi (Naik),Normal,Dominan Beli (Hajar Kanan),Normal,Sedang,Normal,Area Tengah,> 1 Miliar,Di Atas VWAP (Kuat),Akumulasi Pro (Smart Money),Gorengan Sepi (< 5M),Normal (50-150%),Mark-Up (Fase Pesta),Normal,Normal,Naik 1 Hari Beruntun,TP: 136 | CL: 123,Open = Low (Bullish Kuat),Menengah (1:1),Golden Cross (Awal Bullish),Netral / Sepi Berita,Normal / Sedang Transisi,Mendekati Fibo 38.2%,7,BELI,HOLD / NEUTRAL,0.0,Kondisi pasar normal,TIDAK ADA,2026-09-03 15:24:34,Biasa / Mengikuti Pasar
15:24,ASRM,Transaksi Sepi (Skip Broksum),Small Cap (Lapis 3),Overvalued (Mahal),66.350716,0.46117255,280.0,272,250,288,1.4492753623188406,26400,Normal,65,Positif,Uptrend,Bullish,Strong Bullish,Perfect Uptrend (5>20>50),Normal,Distribusi (Turun),Normal,Seimbang / Adu Mekanik,Squeeze,Rendah,Normal,Rawan Pucuk (High Risk),< 1 Miliar,Di Atas VWAP (Kuat),Akumulasi Pro (Smart Money),Gorengan Sepi (< 5M),Sepi (< 50%),Mark-Up (Fase Pesta),Normal,Normal,Naik 1 Hari Beruntun,TP: 291 | CL: 272,Open = Low (Bullish Kuat),Tidak Ideal (< 1:1),Netral / Sideways,Netral / Sepi Berita,Normal / Sedang Transisi,Mendekati Fibo 23.6%,5,WAIT & SEE,HOLD / NEUTRAL,0.0,Kondisi pasar normal,TIDAK ADA,2026-09-03 15:24:34,Biasa / Mengikuti Pasar
15:24,ASSA,Token Mati (Perlu Update),Mid Cap (Lapis 2),Undervalued (Murah),5.6691365,1.0367093,635.0,633,610,685,0.0,19407000,Tembus MA20,54,Negatif,Uptrend,Bullish,Bearish MACD,Perfect Uptrend (5>20>50),Distribusi Kuat,Akumulasi (Naik),Normal,Seimbang / Adu Mekanik,Squeeze,Rendah,Normal,Area Tengah,> 1 Miliar,Persis di VWAP,Distribusi Pro (Guyuran),Ritel Aktif (5M - 50M),Anomali Tinggi (150-300%),Mark-Up (Fase Pesta),Spesialis Tiang Jemuran (Banting Pucuk),Normal,Sideways / Stagnan,TP: 671 | CL: 610,Normal,Ideal (1:2),Netral / Sideways,Netral / Sepi Berita,Normal / Sedang Transisi,Mendekati Fibo 38.2%,5,WAIT & SEE,HOLD / NEUTRAL,0.0,Kondisi pasar normal,TIDAK ADA,2026-09-03 15:24:34,Biasa / Mengikuti Pasar
15:24,ATIC,Transaksi Sepi (Skip Broksum),Mid Cap (Lapis 2),Fair Value (Wajar),7.4026804,1.7231776,464.0,465,450,474,-0.4291845493562232,34900,Normal,47,Negatif,Downtrend,Bullish,Bullish MACD,Awal Reversal (5>20),Normal,Akumulasi (Naik),Normal,Dominan Jual (Guyur),Squeeze,Rendah,Normal,Area Tengah,< 1 Miliar,Persis di VWAP,Akumulasi Pro (Smart Money),Gorengan Sepi (< 5M),Normal (50-150%),Mark-Down (Fase Runtuh),Normal,Normal,Turun 2 Hari Beruntun,TP: 477 | CL: 454,Open = High (Tekanan Jual),Tidak Ideal (< 1:1),Death Cross (Awal Bearish),Netral / Sepi Berita,Normal / Sedang Transisi,Mendekati Fibo Bottom / 100%,3,WAIT & SEE,HOLD / NEUTRAL,0.0,Kondisi pasar normal,TIDAK ADA,2026-09-03 15:24:34,Biasa / Mengikuti Pasar
15:24,AUTO,Token Mati (Perlu Update),Big Cap (Lapis 1),Undervalued (Murah),6.8258023,1.0308157,3410.0,3046,2770,3520,0.5899705014749262,2251500,Normal,88,Positif,Uptrend,Bullish,Strong Bullish,Perfect Uptrend (5>20>50),Normal,Akumulasi (Naik),Normal,Seimbang / Adu Mekanik,Normal,Tinggi,Normal,Rawan Pucuk (High Risk),> 1 Miliar,Persis di VWAP,Distribusi Pro (Guyuran),Ritel Aktif (5M - 50M),Sepi (< 50%),Mark-Up (Fase Pesta),Spesialis Tiang Jemuran (Banting Pucuk),Normal,Naik 1 Hari Beruntun,TP: 3572 | CL: 3301,Normal,Tidak Ideal (< 1:1),Overbought (Jenuh Beli - Rawan),Netral / Sepi Berita,Normal / Sedang Transisi,Mengambang (Jauh dari Fibo),6,WAIT & SEE,HOLD / NEUTRAL,0.0,Kondisi pasar normal,TIDAK ADA,2026-09-03 15:24:34,Biasa / Mengikuti Pasar
15:24,BABP,Transaksi Sepi (Skip Broksum),Mid Cap (Lapis 2),Overvalued (Mahal),26.88172,0.58640707,50.0,50,50,50,0.0,1462300,Tembus MA20,0,Negatif,Downtrend,Bearish,Bearish MACD,Konsolidasi / Transisi,Normal,Netral,Normal,Tidak Ada Transaksi,Squeeze,Rendah,Doji (Ragu-ragu),Dekat Support (Low Risk),< 1 Miliar,Persis di VWAP,Netral,Gorengan Sepi (< 5M),Ledakan Ekstrem (> 300%),Sideways,Solid (Jarang Dibanting),Normal,Sideways / Stagnan,TP: 51 | CL: 49,Normal,Di Area Support,Oversold (Jenuh Jual - Peluang),Netral / Sepi Berita,Normal / Sedang Transisi,Golden Rebound Fibo Bottom / 100% 🎯,1,WAIT & SEE,HOLD / NEUTRAL,0.0,Kondisi pasar normal,TIDAK ADA,2026-09-03 15:24:34,🔥 ANOMALI BANDAR (Siap Ledakan)
15:24,BACA,Transaksi Sepi (Skip Broksum),Mid Cap (Lapis 2),Fair Value (Wajar),17.25105,0.36036563,123.0,117,114,127,0.0,1643700,Normal,66,Negatif,Uptrend,Bullish,Strong Bullish,Perfect Uptrend (5>20>50),Normal,Akumulasi (Naik),Normal,Seimbang / Adu Mekanik,Squeeze,Rendah,Doji (Ragu-ragu),Area Tengah,< 1 Miliar,Di Atas VWAP (Kuat),Distribusi Pro (Guyuran),Gorengan Sepi (< 5M),Normal (50-150%),Mark-Up (Fase Pesta),Normal,Jarum Bawah (Sinyal Pantulan Kuat),Sideways / Stagnan,TP: 128 | CL: 119,Normal,Tidak Ideal (< 1:1),Netral / Sideways,Netral / Sepi Berita,Normal / Sedang Transisi,Mendekati Fibo 38.2%,5,WAIT & SEE,HOLD / NEUTRAL,0.0,Kondisi pasar normal,TIDAK ADA,2026-09-03 15:24:34,Biasa / Mengikuti Pasar
15:24,BAJA,Token Mati (Perlu Update),Small Cap (Lapis 3),Overvalued (Mahal),335.0,11.302771,268.0,317,244,376,-6.293706293706294,7898200,Tembus MA20,47,Negatif,Downtrend,Bearish,Bearish MACD,Konsolidasi / Transisi,Normal,Akumulasi (Naik),Normal,Dominan Jual (Guyur),Normal,Tinggi,Normal,Area Tengah,> 1 Miliar,Di Bawah VWAP (Lemah),Akumulasi Pro (Smart Money),Gorengan Sepi (< 5M),Normal (50-150%),Distribution (Fase Jualan),Solid (Jarang Dibanting),Normal,Turun 3 Hari Beruntun,TP: 300 | CL: 246,Normal,Sangat Menarik (> 1:3),Netral / Sideways,Netral / Sepi Berita,Normal / Sedang Transisi,Mengambang (Jauh dari Fibo),2,WAIT & SEE,HOLD / NEUTRAL,0.0,Kondisi pasar normal,TIDAK ADA,2026-09-03 15:24:34,Biasa / Mengikuti Pasar
15:24,BALI,Transaksi Sepi (Skip Broksum),Mid Cap (Lapis 2),Overvalued (Mahal),30.837004,2.265761,1400.0,1274,1200,1575,-3.7800687285223367,66300,Tembus MA20,64,Negatif,Uptrend,Bullish,Strong Bullish,Perfect Uptrend (5>20>50),Normal,Akumulasi (Naik),Normal,Dominan Jual (Guyur),Normal,Tinggi,Normal,Rawan Pucuk (High Risk),< 1 Miliar,Di Bawah VWAP (Lemah),Distribusi Pro (Guyuran),Gorengan Sepi (< 5M),Normal (50-150%),Mark-Up (Fase Pesta),Spesialis Tiang Jemuran (Banting Pucuk),Normal,Turun 1 Hari Beruntun,TP: 1550 | CL: 1299,Normal,Tidak Ideal (< 1:1),Death Cross (Awal Bearish),Netral / Sepi Berita,Normal / Sedang Transisi,Dekat Support Fibo 38.2%,6,WAIT & SEE,HOLD / NEUTRAL,0.0,Kondisi pasar normal,TIDAK ADA,2026-09-03 15:24:34,Biasa / Mengikuti Pasar
15:24,BAPA,Token Mati (Perlu Update),Small Cap (Lapis 3),Fair Value (Wajar),0.0,0.8161492,139.0,151,135,179,-11.464968152866243,144921400,Tembus MA20,38,Negatif,Downtrend,Bullish,Bullish MACD,Awal Reversal (5>20),Distribusi Kuat,Akumulasi (Naik),Normal,Dominan Jual (Guyur),Normal,Tinggi,Normal,Dekat Support (Low Risk),> 1 Miliar,Di Bawah VWAP (Lemah),Distribusi Pro (Guyuran),Ritel Aktif (5M - 50M),Anomali Tinggi (150-300%),Mark-Down (Fase Runtuh),Normal,Normal,Turun 2 Hari Beruntun,TP: 158 | CL: 126,Open = High (Tekanan Jual),Sangat Menarik (> 1:3),Netral / Sideways,Netral / Sepi Berita,Normal / Sedang Transisi,Mendekati Fibo Bottom / 100%,4,WAIT & SEE,HOLD / NEUTRAL,0.0,Kondisi pasar normal,TIDAK ADA,2026-09-03 15:24:34,🔥 ANOMALI BANDAR (Siap Ledakan)
15:24,BAYU,Transaksi Sepi (Skip Broksum),Small Cap (Lapis 3),Overvalued (Mahal),57.35894,0.8031828,1350.0,1251,1155,1395,1.1235955056179776,619700,Tembus MA20,76,Positif,Uptrend,Bullish,Strong Bullish,Perfect Uptrend (5>20>50),Akumulasi Kuat,Akumulasi (Naik),Normal,Seimbang / Adu Mekanik,Normal,Tinggi,Normal,Rawan Pucuk (High Risk),< 1 Miliar,Persis di VWAP,Akumulasi Pro (Smart Money),Gorengan Sepi (< 5M),Anomali Tinggi (150-300%),Mark-Up (Fase Pesta),Spesialis Tiang Jemuran (Banting Pucuk),Normal,Naik 1 Hari Beruntun,TP: 1415 | CL: 1306,Normal,Tidak Ideal (< 1:1),Death Cross (Awal Bearish),Netral / Sepi Berita,Normal / Sedang Transisi,Mendekati Fibo 23.6%,8,BELI,HOLD / NEUTRAL,0.0,Kondisi pasar normal,TIDAK ADA,2026-09-03 15:24:34,Biasa / Mengikuti Pasar
15:24,BBCA,Token Mati (Perlu Update),Big Cap (Lapis 1),Overvalued (Mahal),14.409222,3.0887864,6800.0,6407,6176,6800,1.8726591760299627,84912400,Normal,72,Positif,Uptrend,Bullish,Strong Bullish,Perfect Uptrend (5>20>50),Normal,Akumulasi (Naik),Normal,Dominan Beli (Hajar Kanan),Breakout Upper,Sedang,Normal,Rawan Pucuk (High Risk),> 1 Miliar,Di Atas VWAP (Kuat),Akumulasi Pro (Smart Money),Sultan (> 50M/hari),Normal (50-150%),Mark-Up (Fase Pesta),Normal,Normal,Naik 6 Hari Beruntun,TP: 6981 | CL: 6678,Normal,Tidak Ideal (< 1:1),Overbought (Jenuh Beli - Rawan),Netral / Sepi Berita,Normal / Sedang Transisi,Mengambang (Jauh dari Fibo),7,BELI,HOLD / NEUTRAL,0.0,Kondisi pasar normal,TIDAK ADA,2026-09-03 15:24:34,Biasa / Mengikuti Pasar
15:24,BBHI,Token Mati (Perlu Update),Big Cap (Lapis 1),Overvalued (Mahal),33.112583,2.649576,900.0,902,855,990,0.0,43750800,Tembus MA20,48,Negatif,Downtrend,Bearish,Strong Bearish,Strong Downtrend (5<20<50),Distribusi Kuat,Akumulasi (Naik),Gap Up (+4.4%),Dominan Jual (Guyur),Squeeze,Rendah,Normal,Area Tengah,> 1 Miliar,Di Bawah VWAP (Lemah),Distribusi Pro (Guyuran),Ritel Aktif (5M - 50M),Ledakan Ekstrem (> 300%),Mark-Down (Fase Runtuh),Normal,Normal,Sideways / Stagnan,TP: 934 | CL: 877,Normal,Ideal (1:2),Netral / Sideways,Netral / Sepi Berita,Normal / Sedang Transisi,Mendekati Fibo 61.8% (Golden Ratio),3,WAIT & SEE,HOLD / NEUTRAL,0.0,Kondisi pasar normal,TIDAK ADA,2026-09-03 15:24:34,Biasa / Mengikuti Pasar
15:24,BBKP,Token Mati (Perlu Update),Big Cap (Lapis 1),Fair Value (Wajar),0.0,1.2805885,55.0,55,53,57,0.0,117608400,Tembus MA20,54,Negatif,Downtrend,Bearish,Bearish MACD,Konsolidasi / Transisi,Normal,Akumulasi (Naik),Normal,Dominan Beli (Hajar Kanan),Squeeze,Rendah,Doji (Ragu-ragu),Area Tengah,> 1 Miliar,Persis di VWAP,Akumulasi Pro (Smart Money),Gorengan Sepi (< 5M),Normal (50-150%),Sideways,Normal,Jarum Bawah (Sinyal Pantulan Kuat),Sideways / Stagnan,TP: 57 | CL: 53,Normal,Menengah (1:1),Netral / Sideways,Netral / Sepi Berita,Normal / Sedang Transisi,Golden Rebound Fibo 38.2% 🎯,4,WAIT & SEE,HOLD / NEUTRAL,0.0,Kondisi pasar normal,TIDAK ADA,2026-09-03 15:24:34,Biasa / Mengikuti Pasar
15:24,BBLD,Transaksi Sepi (Skip Broksum),Mid Cap (Lapis 2),Overvalued (Mahal),339.10892,0.78959715,685.0,649,580,825,-0.7246376811594203,104300,Normal,59,Negatif,Uptrend,Bullish,Strong Bullish,Perfect Uptrend (5>20>50),Normal,Distribusi (Turun),Normal,Dominan Jual (Guyur),Normal,Tinggi,Doji (Ragu-ragu),Rawan Pucuk (High Risk),< 1 Miliar,Di Bawah VWAP (Lemah),Distribusi Pro (Guyuran),Gorengan Sepi (< 5M),Sepi (< 50%),Mark-Up (Fase Pesta),Spesialis Tiang Jemuran (Banting Pucuk),Normal,Turun 2 Hari Beruntun,TP: 790 | CL: 615,Normal,Menengah (1:1),Netral / Sideways,Netral / Sepi Berita,Normal / Sedang Transisi,Mendekati Fibo 50.0%,4,WAIT & SEE,HOLD / NEUTRAL,0.0,Kondisi pasar normal,TIDAK ADA,2026-09-03 15:24:34,Biasa / Mengikuti Pasar
15:24,BBMD,Transaksi Sepi (Skip Broksum),Mid Cap (Lapis 2),Overvalued (Mahal),26.157347,1.4708737,1955.0,1997,1940,2060,-3.217821782178218,100,Normal,44,Negatif,Downtrend,Bullish,Bearish MACD,Perfect Uptrend (5>20>50),Normal,Akumulasi (Naik),Gap Down (-3.2%),Tidak Ada Transaksi,Squeeze,Rendah,Doji (Ragu-ragu),Dekat Support (Low Risk),< 1 Miliar,Di Bawah VWAP (Lemah),Akumulasi Pro (Smart Money),Gorengan Sepi (< 5M),Sepi (< 50%),Distribution (Fase Jualan),Normal,Normal,Turun 1 Hari Beruntun,TP: 1998 | CL: 1926,Normal,Sangat Menarik (> 1:3),Netral / Sideways,Netral / Sepi Berita,Supply Kering (Siap Pump) 🏜️,Golden Rebound Fibo 61.8% (Golden Ratio) 🎯,2,WAIT & SEE,HOLD / NEUTRAL,0.0,Kondisi pasar normal,TIDAK ADA,2026-09-03 15:24:34,Biasa / Mengikuti Pasar
15:24,BBNI,Token Mati (Perlu Update),Big Cap (Lapis 1),Undervalued (Murah),7.189578,0.9043805,3980.0,3691,3550,4000,2.051282051282051,34358400,Normal,74,Positif,Uptrend,Bullish,Strong Bullish,Perfect Uptrend (5>20>50),Normal,Akumulasi (Naik),Normal,Dominan Beli (Hajar Kanan),Breakout Upper,Sedang,Normal,Rawan Pucuk (High Risk),> 1 Miliar,Di Atas VWAP (Kuat),Akumulasi Pro (Smart Money),Sultan (> 50M/hari),Normal (50-150%),Mark-Up (Fase Pesta),Normal,Normal,Naik 6 Hari Beruntun,TP: 4102 | CL: 3898,Normal,Tidak Ideal (< 1:1),Overbought (Jenuh Beli - Rawan),Netral / Sepi Berita,Normal / Sedang Transisi,Mendekati Fibo 23.6%,7,BELI,HOLD / NEUTRAL,0.0,Kondisi pasar normal,TIDAK ADA,2026-09-03 15:24:34,Biasa / Mengikuti Pasar
15:24,BBRI,Token Mati (Perlu Update),Big Cap (Lapis 1),Fair Value (Wajar),8.375497,1.6046742,3410.0,3167,3020,3430,0.5899705014749262,189329200,Normal,73,Positif,Uptrend,Bullish,Strong Bullish,Perfect Uptrend (5>20>50),Normal,Akumulasi (Naik),Normal,Seimbang / Adu Mekanik,Breakout Upper,Sedang,Normal,Rawan Pucuk (High Risk),> 1 Miliar,Di Atas VWAP (Kuat),Akumulasi Pro (Smart Money),Sultan (> 50M/hari),Normal (50-150%),Mark-Up (Fase Pesta),Normal,Normal,Naik 6 Hari Beruntun,TP: 3516 | CL: 3339,Normal,Tidak Ideal (< 1:1),Overbought (Jenuh Beli - Rawan),Netral / Sepi Berita,Normal / Sedang Transisi,Mendekati Fibo 23.6%,6,WAIT & SEE,HOLD / NEUTRAL,0.0,Kondisi pasar normal,TIDAK ADA,2026-09-03 15:24:34,Biasa / Mengikuti Pasar
15:24,BBRM,Transaksi Sepi (Skip Broksum),Mid Cap (Lapis 2),Overvalued (Mahal),8.600583,19666.666,118.0,115,109,124,1.7241379310344827,5248600,Tembus MA20,55,Positif,Uptrend,Golden Cross,Strong Bullish,Perfect Uptrend (5>20>50),Normal,Akumulasi (Naik),Normal,Seimbang / Adu Mekanik,Squeeze,Rendah,Normal,Area Tengah,< 1 Miliar,Di Atas VWAP (Kuat),Akumulasi Pro (Smart Money),Gorengan Sepi (< 5M),Normal (50-150%),Mark-Up (Fase Pesta),Solid (Jarang Dibanting),Normal,Naik 1 Hari Beruntun,TP: 124 | CL: 113,Normal,Tidak Ideal (< 1:1),Netral / Sideways,Netral / Sepi Berita,Normal / Sedang Transisi,Mendekati Fibo 50.0%,7,BELI,HOLD / NEUTRAL,0.0,Kondisi pasar normal,TIDAK ADA,2026-09-03 15:24:34,Biasa / Mengikuti Pasar
15:24,BBTN,Token Mati (Perlu Update),Big Cap (Lapis 1),Undervalued (Murah),4.210844,0.46896356,1255.0,1222,1190,1255,2.4489795918367347,17355500,Tembus MA20,60,Positif,Uptrend,Bullish,Strong Bullish,Perfect Uptrend (5>20>50),Normal,Akumulasi (Naik),Normal,Dominan Beli (Hajar Kanan),Squeeze,Rendah,Marubozu (Strong Bullish),Area Tengah,> 1 Miliar,Di Atas VWAP (Kuat),Akumulasi Pro (Smart Money),Ritel Aktif (5M - 50M),Normal (50-150%),Mark-Up (Fase Pesta),Spesialis Tiang Jemuran (Banting Pucuk),Normal,Naik 1 Hari Beruntun,TP: 1290 | CL: 1231,Open = Low (Bullish Kuat),Tidak Ideal (< 1:1),Netral / Sideways,Netral / Sepi Berita,Normal / Sedang Transisi,Mendekati Fibo 38.2%,8,BELI,HOLD / NEUTRAL,0.0,Kondisi pasar normal,TIDAK ADA,2026-09-03 15:24:34,Biasa / Mengikuti Pasar
15:24,BBYB,Token Mati (Perlu Update),Mid Cap (Lapis 2),Undervalued (Murah),6.2114635,0.8216629,272.0,257,240,294,-2.158273381294964,49165000,Tembus MA20,61,Negatif,Uptrend,Bullish,Strong Bullish,Perfect Uptrend (5>20>50),Normal,Akumulasi (Naik),Normal,Dominan Jual (Guyur),Normal,Sedang,Normal,Rawan Pucuk (High Risk),> 1 Miliar,Persis di VWAP,Distribusi Pro (Guyuran),Ritel Aktif (5M - 50M),Normal (50-150%),Mark-Up (Fase Pesta),Spesialis Tiang Jemuran (Banting Pucuk),Normal,Turun 1 Hari Beruntun,TP: 290 | CL: 259,Normal,Tidak Ideal (< 1:1),Death Cross (Awal Bearish),Netral / Sepi Berita,Supply Banjir (Distribusi) 🌊,Dekat Support Fibo 23.6%,6,WAIT & SEE,HOLD / NEUTRAL,0.0,Kondisi pasar normal,TIDAK ADA,2026-09-03 15:24:34,Biasa / Mengikuti Pasar
15:24,BCAP,Transaksi Sepi (Skip Broksum),Mid Cap (Lapis 2),Undervalued (Murah),7.374631,0.46965998,50.0,50,50,50,0.0,80200,Normal,46,Negatif,Downtrend,Bearish,Bullish MACD,Konsolidasi / Transisi,Normal,Netral,Normal,Tidak Ada Transaksi,Squeeze,Rendah,Doji (Ragu-ragu),Dekat Support (Low Risk),< 1 Miliar,Persis di VWAP,Netral,Gorengan Sepi (< 5M),Sepi (< 50%),Sideways,Solid (Jarang Dibanting),Normal,Sideways / Stagnan,TP: 51 | CL: 49,Normal,Di Area Support,Oversold (Jenuh Jual - Peluang),Netral / Sepi Berita,Supply Kering (Siap Pump) 🏜️,Golden Rebound Fibo Bottom / 100% 🎯,1,WAIT & SEE,HOLD / NEUTRAL,0.0,Kondisi pasar normal,TIDAK ADA,2026-09-03 15:24:34,Biasa / Mengikuti Pasar
15:24,BCIC,Transaksi Sepi (Skip Broksum),Mid Cap (Lapis 2),Fair Value (Wajar),0.0,0.62816393,136.0,130,124,151,0.0,931500,Normal,60,Negatif,Uptrend,Bullish,Strong Bullish,Perfect Uptrend (5>20>50),Normal,Akumulasi (Naik),Gap Up (+2.9%),Seimbang / Adu Mekanik,Normal,Sedang,Normal,Area Tengah,< 1 Miliar,Di Bawah VWAP (Lemah),Distribusi Pro (Guyuran),Gorengan Sepi (< 5M),Sepi (< 50%),Mark-Up (Fase Pesta),Spesialis Tiang Jemuran (Banting Pucuk),Normal,Sideways / Stagnan,TP: 147 | CL: 128,Open = High (Tekanan Jual),Menengah (1:1),Netral / Sideways,Netral / Sepi Berita,Normal / Sedang Transisi,Mengambang (Jauh dari Fibo),6,WAIT & SEE,HOLD / NEUTRAL,0.0,Kondisi pasar normal,TIDAK ADA,2026-09-03 15:24:34,Biasa / Mengikuti Pasar
15:24,BCIP,Transaksi Sepi (Skip Broksum),Small Cap (Lapis 3),Undervalued (Murah),4.6043167,0.1803391,64.0,63,61,65,1.5873015873015872,4803000,Normal,57,Positif,Uptrend,Bearish,Bearish MACD,Konsolidasi / Transisi,Normal,Akumulasi (Naik),Normal,Dominan Beli (Hajar Kanan),Squeeze,Rendah,Normal,Area Tengah,< 1 Miliar,Di Atas VWAP (Kuat),Akumulasi Pro (Smart Money),Gorengan Sepi (< 5M),Normal (50-150%),Mark-Up (Fase Pesta),Normal,Normal,Naik 2 Hari Beruntun,TP: 67 | CL: 61,Normal,Tidak Ideal (< 1:1),Netral / Sideways,Netral / Sepi Berita,Normal / Sedang Transisi,Dekat Support Fibo 23.6%,5,WAIT & SEE,HOLD / NEUTRAL,0.0,Kondisi pasar normal,TIDAK ADA,2026-09-03 15:24:34,Biasa / Mengikuti Pasar
15:24,BDMN,Token Mati (Perlu Update),Big Cap (Lapis 1),Undervalued (Murah),9.405061,0.78988063,4390.0,4300,4150,4680,1.3856812933025404,4301200,Tembus MA20,58,Positif,Uptrend,Bullish,Strong Bullish,Perfect Uptrend (5>20>50),Normal,Akumulasi (Naik),Normal,Dominan Beli (Hajar Kanan),Normal,Sedang,Normal,Area Tengah,> 1 Miliar,Di Atas VWAP (Kuat),Akumulasi Pro (Smart Money),Ritel Aktif (5M - 50M),Anomali Tinggi (150-300%),Mark-Up (Fase Pesta),Spesialis Tiang Jemuran (Banting Pucuk),Normal,Naik 1 Hari Beruntun,TP: 4544 | CL: 4287,Normal,Menengah (1:1),Netral / Sideways,Netral / Sepi Berita,Normal / Sedang Transisi,Dekat Support Fibo 38.2%,8,BELI,HOLD / NEUTRAL,0.0,Kondisi pasar normal,TIDAK ADA,2026-09-03 15:24:34,Biasa / Mengikuti Pasar
15:24,BEKS,Transaksi Sepi (Skip Broksum),Mid Cap (Lapis 2),Fair Value (Wajar),17.692308,0.6303615,23.0,23,22,24,0.0,14237700,Tembus MA20,54,Negatif,Downtrend,Bearish,Bearish MACD,Konsolidasi / Transisi,Normal,Netral,Normal,Tidak Ada Transaksi,Normal,Sedang,Doji (Ragu-ragu),Area Tengah,< 1 Miliar,Persis di VWAP,Distribusi Pro (Guyuran),Gorengan Sepi (< 5M),Normal (50-150%),Sideways,Normal,Normal,Sideways / Stagnan,TP: 23 | CL: 22,Normal,Menengah (1:1),Netral / Sideways,Netral / Sepi Berita,Normal / Sedang Transisi,Dekat Support Fibo 23.6%,2,WAIT & SEE,HOLD / NEUTRAL,0.0,Kondisi pasar normal,TIDAK ADA,2026-09-03 15:24:34,Biasa / Mengikuti Pasar
15:24,BEST,Token Mati (Perlu Update),Mid Cap (Lapis 2),Undervalued (Murah),5.714286,0.28943378,138.0,120,107,144,3.7593984962406015,84766500,Tembus MA20,68,Positif,Uptrend,Bullish,Strong Bullish,Perfect Uptrend (5>20>50),Normal,Akumulasi (Naik),Normal,Dominan Beli (Hajar Kanan),Normal,Tinggi,Normal,Rawan Pucuk (High Risk),> 1 Miliar,Di Atas VWAP (Kuat),Akumulasi Pro (Smart Money),Ritel Aktif (5M - 50M),Normal (50-150%),Mark-Up (Fase Pesta),Normal,Normal,Naik 1 Hari Beruntun,TP: 150 | CL: 129,Normal,Tidak Ideal (< 1:1),Netral / Sideways,Netral / Sepi Berita,Normal / Sedang Transisi,Mengambang (Jauh dari Fibo),8,BELI,HOLD / NEUTRAL,0.0,Kondisi pasar normal,TIDAK ADA,2026-09-03 15:24:34,Biasa / Mengikuti Pasar
15:24,BFIN,Token Mati (Perlu Update),Big Cap (Lapis 1),Undervalued (Murah),8.840956,1.2869544,955.0,912,835,990,0.5263157894736842,6112600,Normal,63,Positif,Uptrend,Bullish,Strong Bullish,Perfect Uptrend (5>20>50),Normal,Akumulasi (Naik),Normal,Dominan Jual (Guyur),Normal,Sedang,Doji (Ragu-ragu),Rawan Pucuk (High Risk),> 1 Miliar,Di Atas VWAP (Kuat),Akumulasi Pro (Smart Money),Ritel Aktif (5M - 50M),Sepi (< 50%),Mark-Up (Fase Pesta),Spesialis Tiang Jemuran (Banting Pucuk),Normal,Naik 1 Hari Beruntun,TP: 1007 | CL: 920,Normal,Tidak Ideal (< 1:1),Death Cross (Awal Bearish),Netral / Sepi Berita,Normal / Sedang Transisi,Mengambang (Jauh dari Fibo),6,WAIT & SEE,HOLD / NEUTRAL,0.0,Kondisi pasar normal,TIDAK ADA,2026-09-03 15:24:34,Biasa / Mengikuti Pasar
15:24,BGTG,Token Mati (Perlu Update),Mid Cap (Lapis 2),Undervalued (Murah),12.719751,0.783729,123.0,113,108,135,-1.6,17171200,Tembus MA20,64,Negatif,Uptrend,Bullish,Strong Bullish,Perfect Uptrend (5>20>50),Normal,Akumulasi (Naik),Normal,Seimbang / Adu Mekanik,Normal,Tinggi,Normal,Rawan Pucuk (High Risk),> 1 Miliar,Persis di VWAP,Distribusi Pro (Guyuran),Ritel Aktif (5M - 50M),Normal (50-150%),Mark-Up (Fase Pesta),Spesialis Tiang Jemuran (Banting Pucuk),Normal,Turun 1 Hari Beruntun,TP: 132 | CL: 116,Normal,Tidak Ideal (< 1:1),Death Cross (Awal Bearish),Netral / Sepi Berita,Supply Banjir (Distribusi) 🌊,Mengambang (Jauh dari Fibo),6,WAIT & SEE,HOLD / NEUTRAL,0.0,Kondisi pasar normal,TIDAK ADA,2026-09-03 15:24:34,Biasa / Mengikuti Pasar
15:24,BHIT,Transaksi Sepi (Skip Broksum),Mid Cap (Lapis 2),Undervalued (Murah),5.5309734,0.12685269,25.0,25,24,27,0.0,16323100,Tembus MA20,46,Negatif,Downtrend,Bearish,Strong Bearish,Strong Downtrend (5<20<50),Normal,Akumulasi (Naik),Normal,Tidak Ada Transaksi,Normal,Sedang,Doji (Ragu-ragu),Area Tengah,< 1 Miliar,Di Bawah VWAP (Lemah),Akumulasi Pro (Smart Money),Gorengan Sepi (< 5M),Normal (50-150%),Mark-Down (Fase Runtuh),Normal,Normal,Sideways / Stagnan,TP: 26 | CL: 24,Normal,Ideal (1:2),Netral / Sideways,Netral / Sepi Berita,Normal / Sedang Transisi,Dekat Support Fibo 78.6%,2,WAIT & SEE,HOLD / NEUTRAL,0.0,Kondisi pasar normal,TIDAK ADA,2026-09-03 15:24:34,Biasa / Mengikuti Pasar
15:24,BINA,Transaksi Sepi (Skip Broksum),Big Cap (Lapis 1),Overvalued (Mahal),0.0,8.610027,4170.0,4132,3970,4380,-2.112676056338028,164500,Normal,51,Negatif,Uptrend,Bullish,Bearish MACD,Perfect Uptrend (5>20>50),Normal,Akumulasi (Naik),Normal,Dominan Jual (Guyur),Normal,Sedang,Normal,Area Tengah,< 1 Miliar,Di Bawah VWAP (Lemah),Akumulasi Pro (Smart Money),Gorengan Sepi (< 5M),Sepi (< 50%),Mark-Up (Fase Pesta),Spesialis Tiang Jemuran (Banting Pucuk),Normal,Turun 1 Hari Beruntun,TP: 4392 | CL: 4021,Open = High (Tekanan Jual),Menengah (1:1),Netral / Sideways,Netral / Sepi Berita,Normal / Sedang Transisi,Dekat Support Fibo 23.6%,4,WAIT & SEE,HOLD / NEUTRAL,0.0,Kondisi pasar normal,TIDAK ADA,2026-09-03 15:24:34,Biasa / Mengikuti Pasar
15:24,BIPI,Token Mati (Perlu Update),Mid Cap (Lapis 2),Overvalued (Mahal),34.731934,21285.713,148.0,150,134,164,-0.6711409395973155,263542600,Normal,50,Negatif,Downtrend,Bearish,Bearish MACD,Konsolidasi / Transisi,Normal,Distribusi (Turun),Normal,Dominan Jual (Guyur),Normal,Sedang,Normal,Rawan Pucuk (High Risk),> 1 Miliar,Di Bawah VWAP (Lemah),Distribusi Pro (Guyuran),Sultan (> 50M/hari),Normal (50-150%),Distribution (Fase Jualan),Spesialis Tiang Jemuran (Banting Pucuk),Normal,Turun 2 Hari Beruntun,TP: 160 | CL: 140,Normal,Menengah (1:1),Death Cross (Awal Bearish),Netral / Sepi Berita,Normal / Sedang Transisi,Dekat Support Fibo 50.0%,0,WAIT & SEE,HOLD / NEUTRAL,0.0,Kondisi pasar normal,TIDAK ADA,2026-09-03 15:24:34,🔥 ANOMALI BANDAR (Siap Ledakan)
15:24,BIPP,Transaksi Sepi (Skip Broksum),Small Cap (Lapis 3),Fair Value (Wajar),0.0,0.43381137,67.0,67,61,79,1.5151515151515151,10248700,Normal,51,Positif,Downtrend,Bearish,Bearish MACD,Konsolidasi / Transisi,Normal,Distribusi (Turun),Normal,Seimbang / Adu Mekanik,Normal,Tinggi,Doji (Ragu-ragu),Area Tengah,< 1 Miliar,Persis di VWAP,Distribusi Pro (Guyuran),Gorengan Sepi (< 5M),Sepi (< 50%),Distribution (Fase Jualan),Spesialis Tiang Jemuran (Banting Pucuk),Jarum Bawah (Sinyal Pantulan Kuat),Naik 1 Hari Beruntun,TP: 74 | CL: 62,Normal,Ideal (1:2),Golden Cross (Awal Bullish),Netral / Sepi Berita,Normal / Sedang Transisi,Mendekati Fibo 50.0%,2,WAIT & SEE,HOLD / NEUTRAL,0.0,Kondisi pasar normal,TIDAK ADA,2026-09-03 15:24:34,Biasa / Mengikuti Pasar
15:24,BIRD,Transaksi Sepi (Skip Broksum),Mid Cap (Lapis 2),Undervalued (Murah),6.5720506,0.667106,1630.0,1630,1600,1670,0.6172839506172839,606900,Normal,55,Positif,Downtrend,Bearish,Bearish MACD,Konsolidasi / Transisi,Normal,Akumulasi (Naik),Normal,Dominan Beli (Hajar Kanan),Squeeze,Rendah,Normal,Dekat Support (Low Risk),< 1 Miliar,Persis di VWAP,Distribusi Pro (Guyuran),Gorengan Sepi (< 5M),Normal (50-150%),Distribution (Fase Jualan),Normal,Normal,Naik 1 Hari Beruntun,TP: 1661 | CL: 1609,Normal,Menengah (1:1),Golden Cross (Awal Bullish),Netral / Sepi Berita,Normal / Sedang Transisi,Mendekati Fibo 23.6%,4,WAIT & SEE,HOLD / NEUTRAL,0.0,Kondisi pasar normal,TIDAK ADA,2026-09-03 15:24:34,Biasa / Mengikuti Pasar
15:24,BISI,Transaksi Sepi (Skip Broksum),Mid Cap (Lapis 2),Undervalued (Murah),8.964755,0.61864984,730.0,698,660,730,1.3888888888888888,295600,Normal,69,Positif,Uptrend,Bullish,Strong Bullish,Perfect Uptrend (5>20>50),Normal,Akumulasi (Naik),Normal,Dominan Beli (Hajar Kanan),Normal,Sedang,Marubozu (Strong Bullish),Rawan Pucuk (High Risk),< 1 Miliar,Persis di VWAP,Akumulasi Pro (Smart Money),Gorengan Sepi (< 5M),Normal (50-150%),Mark-Up (Fase Pesta),Spesialis Tiang Jemuran (Banting Pucuk),Normal,Naik 1 Hari Beruntun,TP: 753 | CL: 714,Open = Low (Bullish Kuat),Tidak Ideal (< 1:1),Overbought (Jenuh Beli - Rawan),Netral / Sepi Berita,Normal / Sedang Transisi,Mendekati Fibo 23.6%,7,BELI,HOLD / NEUTRAL,0.0,Kondisi pasar normal,TIDAK ADA,2026-09-03 15:24:34,Biasa / Mengikuti Pasar
15:24,BJBR,Token Mati (Perlu Update),Mid Cap (Lapis 2),Undervalued (Murah),5.833455,0.5206591,800.0,790,780,810,0.628930817610063,3535700,Tembus MA20,61,Positif,Uptrend,Bullish,Strong Bullish,Perfect Uptrend (5>20>50),Normal,Akumulasi (Naik),Normal,Seimbang / Adu Mekanik,Squeeze,Rendah,Normal,Dekat Support (Low Risk),> 1 Miliar,Persis di VWAP,Distribusi Pro (Guyuran),Gorengan Sepi (< 5M),Anomali Tinggi (150-300%),Mark-Up (Fase Pesta),Normal,Normal,Naik 1 Hari Beruntun,TP: 815 | CL: 790,Open = Low (Bullish Kuat),Tidak Ideal (< 1:1),Death Cross (Awal Bearish),Netral / Sepi Berita,Normal / Sedang Transisi,Dekat Support Fibo 23.6%,7,BELI,HOLD / NEUTRAL,0.0,Kondisi pasar normal,TIDAK ADA,2026-09-03 15:24:34,Biasa / Mengikuti Pasar
15:24,BJTM,Token Mati (Perlu Update),Mid Cap (Lapis 2),Undervalued (Murah),5.0780873,0.61067224,530.0,519,510,530,0.9523809523809524,3525400,Normal,64,Positif,Uptrend,Bullish,Strong Bullish,Perfect Uptrend (5>20>50),Normal,Akumulasi (Naik),Normal,Dominan Beli (Hajar Kanan),Squeeze,Rendah,Doji (Ragu-ragu),Area Tengah,> 1 Miliar,Persis di VWAP,Akumulasi Pro (Smart Money),Gorengan Sepi (< 5M),Normal (50-150%),Mark-Up (Fase Pesta),Normal,Jarum Bawah (Sinyal Pantulan Kuat),Naik 1 Hari Beruntun,TP: 539 | CL: 523,Normal,Tidak Ideal (< 1:1),Overbought (Jenuh Beli - Rawan),Netral / Sepi Berita,Normal / Sedang Transisi,Golden Rebound Fibo 23.6% 🎯,7,BELI,HOLD / NEUTRAL,0.0,Kondisi pasar normal,TIDAK ADA,2026-09-03 15:24:34,Biasa / Mengikuti Pasar
15:24,BKDP,Transaksi Sepi (Skip Broksum),Mid Cap (Lapis 2),Overvalued (Mahal),0.0,3.9375176,152.0,163,132,169,5.555555555555555,1859800,Tembus MA20,45,Positif,Downtrend,Bearish,Strong Bearish,Konsolidasi / Transisi,Akumulasi Kuat,Akumulasi (Naik),Normal,Dominan Beli (Hajar Kanan),Normal,Tinggi,Marubozu (Strong Bullish),Rawan Pucuk (High Risk),< 1 Miliar,Di Atas VWAP (Kuat),Akumulasi Pro (Smart Money),Gorengan Sepi (< 5M),Normal (50-150%),Distribution (Fase Jualan),Solid (Jarang Dibanting),Normal,Naik 1 Hari Beruntun,TP: 159 | CL: 146,Open = Low (Bullish Kuat),Tidak Ideal (< 1:1),Netral / Sideways,Netral / Sepi Berita,Normal / Sedang Transisi,Mengambang (Jauh dari Fibo),5,WAIT & SEE,HOLD / NEUTRAL,0.0,Kondisi pasar normal,TIDAK ADA,2026-09-03 15:24:34,Biasa / Mengikuti Pasar
15:24,BKSL,Token Mati (Perlu Update),Big Cap (Lapis 1),Undervalued (Murah),14.074074,0.83151895,76.0,75,69,82,0.0,84496800,Normal,57,Negatif,Uptrend,Bearish,Bearish MACD,Konsolidasi / Transisi,Normal,Akumulasi (Naik),Normal,Seimbang / Adu Mekanik,Normal,Sedang,Doji (Ragu-ragu),Rawan Pucuk (High Risk),> 1 Miliar,Di Atas VWAP (Kuat),Distribusi Pro (Guyuran),Ritel Aktif (5M - 50M),Sepi (< 50%),Mark-Up (Fase Pesta),Normal,Normal,Sideways / Stagnan,TP: 81 | CL: 72,Normal,Tidak Ideal (< 1:1),Netral / Sideways,Netral / Sepi Berita,Normal / Sedang Transisi,Dekat Support Fibo 23.6%,3,WAIT & SEE,HOLD / NEUTRAL,0.0,Kondisi pasar normal,TIDAK ADA,2026-09-03 15:24:34,Biasa / Mengikuti Pasar
15:24,BKSW,Transaksi Sepi (Skip Broksum),Mid Cap (Lapis 2),Fair Value (Wajar),0.0,0.411803,55.0,52,51,57,-1.7857142857142856,7228500,Tembus MA20,62,Negatif,Uptrend,Bullish,Strong Bullish,Perfect Uptrend (5>20>50),Normal,Akumulasi (Naik),Normal,Dominan Jual (Guyur),Breakout Upper,Sedang,Normal,Area Tengah,< 1 Miliar,Persis di VWAP,Akumulasi Pro (Smart Money),Gorengan Sepi (< 5M),Normal (50-150%),Mark-Up (Fase Pesta),Normal,Normal,Turun 1 Hari Beruntun,TP: 57 | CL: 53,Open = High (Tekanan Jual),Tidak Ideal (< 1:1),Death Cross (Awal Bearish),Netral / Sepi Berita,Supply Banjir (Distribusi) 🌊,Dekat Support Fibo 38.2%,6,WAIT & SEE,HOLD / NEUTRAL,0.0,Kondisi pasar normal,TIDAK ADA,2026-09-03 15:24:34,Biasa / Mengikuti Pasar
15:24,BLTA,Transaksi Sepi (Skip Broksum),Small Cap (Lapis 3),Overvalued (Mahal),29.62963,10666.667,32.0,32,31,34,-3.0303030303030303,3588500,Normal,45,Negatif,Downtrend,Bullish,Bullish MACD,Perfect Uptrend (5>20>50),Normal,Distribusi (Turun),Normal,Dominan Jual (Guyur),Bottom Rebound,Sedang,Normal,Area Tengah,< 1 Miliar,Di Bawah VWAP (Lemah),Akumulasi Pro (Smart Money),Gorengan Sepi (< 5M),Normal (50-150%),Distribution (Fase Jualan),Spesialis Tiang Jemuran (Banting Pucuk),Normal,Turun 2 Hari Beruntun,TP: 33 | CL: 31,Open = High (Tekanan Jual),Ideal (1:2),Netral / Sideways,Netral / Sepi Berita,Normal / Sedang Transisi,Mendekati Fibo 78.6%,2,WAIT & SEE,HOLD / NEUTRAL,0.0,Kondisi pasar normal,TIDAK ADA,2026-09-03 15:24:34,Biasa / Mengikuti Pasar
15:24,BMAS,Transaksi Sepi (Skip Broksum),Mid Cap (Lapis 2),Overvalued (Mahal),711.26764,1.4060116,505.0,500,464,610,0.0,70200,Normal,53,Negatif,Uptrend,Bullish,Bearish MACD,Perfect Uptrend (5>20>50),Normal,Akumulasi (Naik),Normal,Seimbang / Adu Mekanik,Normal,Sedang,Doji (Ragu-ragu),Area Tengah,< 1 Miliar,Persis di VWAP,Akumulasi Pro (Smart Money),Gorengan Sepi (< 5M),Sepi (< 50%),Mark-Up (Fase Pesta),Spesialis Tiang Jemuran (Banting Pucuk),Normal,Sideways / Stagnan,TP: 539 | CL: 482,Normal,Ideal (1:2),Netral / Sideways,Netral / Sepi Berita,Supply Kering (Siap Pump) 🏜️,Mendekati Fibo 78.6%,4,WAIT & SEE,HOLD / NEUTRAL,0.0,Kondisi pasar normal,TIDAK ADA,2026-09-03 15:24:34,Biasa / Mengikuti Pasar
15:24,BMRI,Token Mati (Perlu Update),Big Cap (Lapis 1),Undervalued (Murah),6.651486,1.4561124,4440.0,4211,4080,4440,1.834862385321101,169679300,Tembus MA20,67,Positif,Uptrend,Bullish,Strong Bullish,Perfect Uptrend (5>20>50),Normal,Akumulasi (Naik),Normal,Dominan Beli (Hajar Kanan),Squeeze,Rendah,Normal,Area Tengah,> 1 Miliar,Di Atas VWAP (Kuat),Akumulasi Pro (Smart Money),Sultan (> 50M/hari),Normal (50-150%),Mark-Up (Fase Pesta),Normal,Normal,Naik 3 Hari Beruntun,TP: 4540 | CL: 4372,Normal,Tidak Ideal (< 1:1),Overbought (Jenuh Beli - Rawan),Netral / Sepi Berita,Normal / Sedang Transisi,Dekat Support Fibo 23.6%,8,BELI,HOLD / NEUTRAL,0.0,Kondisi pasar normal,TIDAK ADA,2026-09-03 15:24:34,Biasa / Mengikuti Pasar
15:24,BMSR,Transaksi Sepi (Skip Broksum),Small Cap (Lapis 3),Undervalued (Murah),3.2310178,0.43100488,320.0,309,300,326,1.910828025477707,19300,Normal,61,Positif,Uptrend,Bullish,Strong Bullish,Perfect Uptrend (5>20>50),Normal,Distribusi (Turun),Normal,Dominan Beli (Hajar Kanan),Squeeze,Rendah,Normal,Area Tengah,< 1 Miliar,Di Atas VWAP (Kuat),Distribusi Pro (Guyuran),Gorengan Sepi (< 5M),Normal (50-150%),Mark-Up (Fase Pesta),Solid (Jarang Dibanting),Normal,Naik 2 Hari Beruntun,TP: 332 | CL: 311,Normal,Tidak Ideal (< 1:1),Netral / Sideways,Netral / Sepi Berita,Normal / Sedang Transisi,Dekat Support Fibo 38.2%,6,WAIT & SEE,HOLD / NEUTRAL,0.0,Kondisi pasar normal,TIDAK ADA,2026-09-03 15:24:34,Biasa / Mengikuti Pasar
15:24,BMTR,Token Mati (Perlu Update),Mid Cap (Lapis 2),Undervalued (Murah),2.9552917,0.11909791,117.0,115,111,119,1.7391304347826086,98188800,Tembus MA20,54,Positif,Uptrend,Bearish,Bullish MACD,Strong Downtrend (5<20<50),Normal,Akumulasi (Naik),Normal,Seimbang / Adu Mekanik,Squeeze,Rendah,Normal,Area Tengah,> 1 Miliar,Di Atas VWAP (Kuat),Akumulasi Pro (Smart Money),Ritel Aktif (5M - 50M),Normal (50-150%),Accumulation (Kumpul Barang),Solid (Jarang Dibanting),Normal,Naik 3 Hari Beruntun,TP: 121 | CL: 114,Normal,Tidak Ideal (< 1:1),Netral / Sideways,Netral / Sepi Berita,Normal / Sedang Transisi,Dekat Support Fibo 38.2%,6,WAIT & SEE,HOLD / NEUTRAL,0.0,Kondisi pasar normal,TIDAK ADA,2026-09-03 15:24:34,Biasa / Mengikuti Pasar
15:24,BNBA,Transaksi Sepi (Skip Broksum),Mid Cap (Lapis 2),Overvalued (Mahal),147.32965,0.83241504,800.0,740,690,820,3.225806451612903,1072200,Tembus MA20,66,Positif,Uptrend,Bullish,Strong Bullish,Perfect Uptrend (5>20>50),Akumulasi Kuat,Akumulasi (Naik),Gap Up (+2.6%),Seimbang / Adu Mekanik,Breakout Upper,Sedang,Normal,Rawan Pucuk (High Risk),< 1 Miliar,Di Atas VWAP (Kuat),Distribusi Pro (Guyuran),Gorengan Sepi (< 5M),Normal (50-150%),Mark-Up (Fase Pesta),Normal,Normal,Naik 1 Hari Beruntun,TP: 853 | CL: 764,Normal,Tidak Ideal (< 1:1),Netral / Sideways,Netral / Sepi Berita,Normal / Sedang Transisi,Mendekati Fibo 38.2%,9,BELI,HOLD / NEUTRAL,0.0,Kondisi pasar normal,TIDAK ADA,2026-09-03 15:24:34,Biasa / Mengikuti Pasar
15:24,BNBR,Token Mati (Perlu Update),Big Cap (Lapis 1),Overvalued (Mahal),82.11382,4.52793,101.0,100,92,111,0.0,1646105600,Tembus MA20,52,Negatif,Uptrend,Bearish,Bearish MACD,Konsolidasi / Transisi,Normal,Akumulasi (Naik),Normal,Dominan Jual (Guyur),Normal,Sedang,Doji (Ragu-ragu),Area Tengah,> 1 Miliar,Persis di VWAP,Distribusi Pro (Guyuran),Sultan (> 50M/hari),Normal (50-150%),Mark-Up (Fase Pesta),Normal,Normal,Sideways / Stagnan,TP: 107 | CL: 96,Normal,Menengah (1:1),Netral / Sideways,Netral / Sepi Berita,Normal / Sedang Transisi,Dekat Support Fibo 50.0%,4,WAIT & SEE,HOLD / NEUTRAL,0.0,Kondisi pasar normal,TIDAK ADA,2026-09-03 15:24:34,🔥 ANOMALI BANDAR (Siap Ledakan)
15:24,BNGA,Token Mati (Perlu Update),Big Cap (Lapis 1),Undervalued (Murah),6.2500005,0.7639656,1710.0,1669,1635,1720,0.2932551319648094,1562800,Normal,68,Positif,Uptrend,Bullish,Strong Bullish,Perfect Uptrend (5>20>50),Normal,Akumulasi (Naik),Normal,Dominan Beli (Hajar Kanan),Squeeze,Rendah,Normal,Area Tengah,> 1 Miliar,Persis di VWAP,Distribusi Pro (Guyuran),Gorengan Sepi (< 5M),Normal (50-150%),Mark-Up (Fase Pesta),Spesialis Tiang Jemuran (Banting Pucuk),Normal,Naik 3 Hari Beruntun,TP: 1741 | CL: 1688,Open = Low (Bullish Kuat),Tidak Ideal (< 1:1),Overbought (Jenuh Beli - Rawan),Netral / Sepi Berita,Normal / Sedang Transisi,Mendekati Fibo 23.6%,7,BELI,HOLD / NEUTRAL,0.0,Kondisi pasar normal,TIDAK ADA,2026-09-03 15:24:34,Biasa / Mengikuti Pasar
15:24,BNII,Transaksi Sepi (Skip Broksum),Big Cap (Lapis 1),Undervalued (Murah),8.269066,0.46520597,193.0,193,189,197,-1.530612244897959,1648200,Tembus MA20,51,Negatif,Downtrend,Bullish,Bearish MACD,Perfect Uptrend (5>20>50),Normal,Akumulasi (Naik),Normal,Dominan Jual (Guyur),Squeeze,Rendah,Normal,Dekat Support (Low Risk),< 1 Miliar,Persis di VWAP,Akumulasi Pro (Smart Money),Gorengan Sepi (< 5M),Normal (50-150%),Distribution (Fase Jualan),Normal,Normal,Turun 1 Hari Beruntun,TP: 197 | CL: 189,Normal,Menengah (1:1),Netral / Sideways,Netral / Sepi Berita,Normal / Sedang Transisi,Dekat Support Fibo 23.6%,4,WAIT & SEE,HOLD / NEUTRAL,0.0,Kondisi pasar normal,TIDAK ADA,2026-09-03 15:24:34,Biasa / Mengikuti Pasar
15:24,BNLI,Transaksi Sepi (Skip Broksum),Big Cap (Lapis 1),Fair Value (Wajar),21.17232,1.730937,2160.0,2162,2000,2210,-0.9174311926605505,149000,Tembus MA20,40,Negatif,Downtrend,Bullish,Bullish MACD,Awal Reversal (5>20),Distribusi Kuat,Distribusi (Turun),Normal,Seimbang / Adu Mekanik,Squeeze,Rendah,Normal,Area Tengah,< 1 Miliar,Persis di VWAP,Distribusi Pro (Guyuran),Gorengan Sepi (< 5M),Anomali Tinggi (150-300%),Mark-Down (Fase Runtuh),Solid (Jarang Dibanting),Normal,Turun 1 Hari Beruntun,TP: 2222 | CL: 2118,Open = High (Tekanan Jual),Tidak Ideal (< 1:1),Overbought (Jenuh Beli - Rawan),Netral / Sepi Berita,Normal / Sedang Transisi,Mengambang (Jauh dari Fibo),3,WAIT & SEE,HOLD / NEUTRAL,0.0,Kondisi pasar normal,TIDAK ADA,2026-09-03 15:24:34,Biasa / Mengikuti Pasar
15:24,BOLT,Transaksi Sepi (Skip Broksum),Mid Cap (Lapis 2),Fair Value (Wajar),12.70389,2.2488132,810.0,797,770,1010,1.25,15900,Normal,57,Positif,Uptrend,Bearish,Strong Bullish,Konsolidasi / Transisi,Normal,Distribusi (Turun),Normal,Dominan Beli (Hajar Kanan),Squeeze,Rendah,Normal,Area Tengah,< 1 Miliar,Di Bawah VWAP (Lemah),Distribusi Pro (Guyuran),Gorengan Sepi (< 5M),Sepi (< 50%),Mark-Up (Fase Pesta),Normal,Normal,Naik 2 Hari Beruntun,TP: 854 | CL: 780,Normal,Sangat Menarik (> 1:3),Oversold (Jenuh Jual - Peluang),Netral / Sepi Berita,Normal / Sedang Transisi,Golden Rebound Fibo 78.6% 🎯,5,WAIT & SEE,HOLD / NEUTRAL,0.0,Kondisi pasar normal,TIDAK ADA,2026-09-03 15:24:34,Biasa / Mengikuti Pasar
15:24,BPFI,Transaksi Sepi (Skip Broksum),Small Cap (Lapis 3),Undervalued (Murah),6.4701276,0.5374597,248.0,252,232,286,0.8130081300813009,303000,Normal,47,Positif,Downtrend,Bearish,Strong Bearish,Konsolidasi / Transisi,Normal,Akumulasi (Naik),Normal,Dominan Beli (Hajar Kanan),Normal,Sedang,Normal,Area Tengah,< 1 Miliar,Di Atas VWAP (Kuat),Akumulasi Pro (Smart Money),Gorengan Sepi (< 5M),Normal (50-150%),Distribution (Fase Jualan),Normal,Normal,Naik 4 Hari Beruntun,TP: 264 | CL: 237,Normal,Ideal (1:2),Golden Cross (Awal Bullish),Netral / Sepi Berita,Normal / Sedang Transisi,Dekat Support Fibo 61.8% (Golden Ratio),3,WAIT & SEE,HOLD / NEUTRAL,0.0,Kondisi pasar normal,TIDAK ADA,2026-09-03 15:24:34,Biasa / Mengikuti Pasar
15:24,BPII,Transaksi Sepi (Skip Broksum),Mid Cap (Lapis 2),Overvalued (Mahal),55.504585,3.383243,484.0,473,430,615,-1.2244897959183674,13900,Normal,56,Negatif,Uptrend,Bullish,Bearish MACD,Perfect Uptrend (5>20>50),Normal,Distribusi (Turun),Normal,Seimbang / Adu Mekanik,Normal,Tinggi,Normal,Rawan Pucuk (High Risk),< 1 Miliar,Persis di VWAP,Akumulasi Pro (Smart Money),Gorengan Sepi (< 5M),Sepi (< 50%),Mark-Up (Fase Pesta),Spesialis Tiang Jemuran (Banting Pucuk),Normal,Turun 2 Hari Beruntun,TP: 536 | CL: 448,Open = High (Tekanan Jual),Ideal (1:2),Netral / Sideways,Netral / Sepi Berita,Normal / Sedang Transisi,Mendekati Fibo 78.6%,3,WAIT & SEE,HOLD / NEUTRAL,0.0,Kondisi pasar normal,TIDAK ADA,2026-09-03 15:24:34,Biasa / Mengikuti Pasar
15:24,BRAM,Transaksi Sepi (Skip Broksum),Mid Cap (Lapis 2),Overvalued (Mahal),19.535915,9642.105,4580.0,4582,4490,4790,0.2188183807439825,1000,Tembus MA20,51,Positif,Downtrend,Bullish,Bearish MACD,Perfect Uptrend (5>20>50),Normal,Akumulasi (Naik),Normal,Dominan Beli (Hajar Kanan),Squeeze,Rendah,Marubozu (Strong Bullish),Dekat Support (Low Risk),< 1 Miliar,Persis di VWAP,Akumulasi Pro (Smart Money),Gorengan Sepi (< 5M),Anomali Tinggi (150-300%),Distribution (Fase Jualan),Solid (Jarang Dibanting),Normal,Naik 1 Hari Beruntun,TP: 4746 | CL: 4469,Open = Low (Bullish Kuat),Ideal (1:2),Netral / Sideways,Netral / Sepi Berita,Normal / Sedang Transisi,Dekat Support Fibo 38.2%,6,WAIT & SEE,HOLD / NEUTRAL,0.0,Kondisi pasar normal,TIDAK ADA,2026-09-03 15:24:34,Biasa / Mengikuti Pasar
15:24,BRMS,Token Mati (Perlu Update),Big Cap (Lapis 1),Overvalued (Mahal),146.88129,81111.12,730.0,673,585,785,1.3888888888888888,226027500,Normal,64,Positif,Uptrend,Bullish,Strong Bullish,Perfect Uptrend (5>20>50),Normal,Distribusi (Turun),Normal,Seimbang / Adu Mekanik,Normal,Tinggi,Doji (Ragu-ragu),Rawan Pucuk (High Risk),> 1 Miliar,Di Bawah VWAP (Lemah),Akumulasi Pro (Smart Money),Sultan (> 50M/hari),Normal (50-150%),Mark-Up (Fase Pesta),Normal,Normal,Naik 1 Hari Beruntun,TP: 786 | CL: 692,Normal,Tidak Ideal (< 1:1),Netral / Sideways,Netral / Sepi Berita,Normal / Sedang Transisi,Mendekati Fibo 23.6%,5,WAIT & SEE,HOLD / NEUTRAL,0.0,Kondisi pasar normal,TIDAK ADA,2026-09-03 15:24:34,Biasa / Mengikuti Pasar
15:24,BRNA,Transaksi Sepi (Skip Broksum),Small Cap (Lapis 3),Fair Value (Wajar),0.0,0.6342497,620.0,628,590,750,1.639344262295082,410600,Tembus MA20,51,Positif,Downtrend,Bearish,Strong Bearish,Konsolidasi / Transisi,Normal,Akumulasi (Naik),Normal,Seimbang / Adu Mekanik,Normal,Tinggi,Doji (Ragu-ragu),Area Tengah,< 1 Miliar,Di Atas VWAP (Kuat),Distribusi Pro (Guyuran),Gorengan Sepi (< 5M),Normal (50-150%),Distribution (Fase Jualan),Spesialis Tiang Jemuran (Banting Pucuk),Normal,Naik 4 Hari Beruntun,TP: 690 | CL: 573,Normal,Sangat Menarik (> 1:3),Oversold (Jenuh Jual - Peluang),Netral / Sepi Berita,Normal / Sedang Transisi,Golden Rebound Fibo 61.8% (Golden Ratio) 🎯,4,WAIT & SEE,HOLD / NEUTRAL,0.0,Kondisi pasar normal,TIDAK ADA,2026-09-03 15:24:34,Biasa / Mengikuti Pasar
15:24,BRPT,Token Mati (Perlu Update),Big Cap (Lapis 1),Overvalued (Mahal),68.12194,69615.38,1810.0,1851,1710,1965,-0.5494505494505495,70705200,Normal,50,Negatif,Downtrend,Bearish,Bearish MACD,Konsolidasi / Transisi,Normal,Distribusi (Turun),Normal,Dominan Jual (Guyur),Normal,Sedang,Normal,Area Tengah,> 1 Miliar,Persis di VWAP,Distribusi Pro (Guyuran),Sultan (> 50M/hari),Normal (50-150%),Distribution (Fase Jualan),Normal,Normal,Turun 2 Hari Beruntun,TP: 1909 | CL: 1743,Normal,Ideal (1:2),Netral / Sideways,Netral / Sepi Berita,Normal / Sedang Transisi,Dekat Support Fibo 23.6%,0,WAIT & SEE,HOLD / NEUTRAL,0.0,Kondisi pasar normal,TIDAK ADA,2026-09-03 15:24:34,Biasa / Mengikuti Pasar
15:24,BSDE,Token Mati (Perlu Update),Big Cap (Lapis 1),Undervalued (Murah),7.527244,0.31263268,665.0,622,575,705,1.5267175572519083,20468000,Normal,68,Positif,Uptrend,Bullish,Strong Bullish,Perfect Uptrend (5>20>50),Normal,Akumulasi (Naik),Normal,Seimbang / Adu Mekanik,Normal,Tinggi,Doji (Ragu-ragu),Rawan Pucuk (High Risk),> 1 Miliar,Di Atas VWAP (Kuat),Distribusi Pro (Guyuran),Ritel Aktif (5M - 50M),Normal (50-150%),Mark-Up (Fase Pesta),Normal,Jarum Bawah (Sinyal Pantulan Kuat),Naik 2 Hari Beruntun,TP: 708 | CL: 636,Normal,Tidak Ideal (< 1:1),Netral / Sideways,Netral / Sepi Berita,Normal / Sedang Transisi,Golden Rebound Fibo 23.6% 🎯,6,WAIT & SEE,HOLD / NEUTRAL,0.0,Kondisi pasar normal,TIDAK ADA,2026-09-03 15:24:34,Biasa / Mengikuti Pasar
15:24,BSIM,Token Mati (Perlu Update),Big Cap (Lapis 1),Overvalued (Mahal),89.259796,2.910065,1230.0,784,685,1375,0.0,971500,Tembus MA20,91,Negatif,Uptrend,Bullish,Strong Bullish,Perfect Uptrend (5>20>50),Normal,Akumulasi (Naik),Normal,Seimbang / Adu Mekanik,Breakout Upper,Tinggi,Doji (Ragu-ragu),Rawan Pucuk (High Risk),> 1 Miliar,Di Atas VWAP (Kuat),Akumulasi Pro (Smart Money),Gorengan Sepi (< 5M),Normal (50-150%),Mark-Up (Fase Pesta),Normal,Jarum Bawah (Sinyal Pantulan Kuat),Sideways / Stagnan,TP: 1360 | CL: 1142,Normal,Tidak Ideal (< 1:1),Death Cross (Awal Bearish),Netral / Sepi Berita,Normal / Sedang Transisi,Golden Rebound Fibo 23.6% 🎯,6,WAIT & SEE,HOLD / NEUTRAL,0.0,Kondisi pasar normal,TIDAK ADA,2026-09-03 15:24:34,Biasa / Mengikuti Pasar
15:24,BSSR,Token Mati (Perlu Update),Big Cap (Lapis 1),Overvalued (Mahal),7.4203076,48039.215,4900.0,4476,4300,4920,4.477611940298507,2969700,Tembus MA20,85,Positif,Uptrend,Bullish,Strong Bullish,Perfect Uptrend (5>20>50),Akumulasi Kuat,Akumulasi (Naik),Normal,Dominan Beli (Hajar Kanan),Breakout Upper,Tinggi,Marubozu (Strong Bullish),Rawan Pucuk (High Risk),> 1 Miliar,Di Atas VWAP (Kuat),Akumulasi Pro (Smart Money),Ritel Aktif (5M - 50M),Anomali Tinggi (150-300%),Mark-Up (Fase Pesta),Solid (Jarang Dibanting),Normal,Naik 1 Hari Beruntun,TP: 5021 | CL: 4819,Open = Low (Bullish Kuat),Tidak Ideal (< 1:1),Overbought (Jenuh Beli - Rawan),Netral / Sepi Berita,Normal / Sedang Transisi,Mengambang (Jauh dari Fibo),9,BELI,HOLD / NEUTRAL,0.0,Kondisi pasar normal,TIDAK ADA,2026-09-03 15:24:34,Biasa / Mengikuti Pasar
15:24,BTEK,Transaksi Sepi (Skip Broksum),Small Cap (Lapis 3),Fair Value (Wajar),0.0,2.0300446,10.0,10,9,11,0.0,70449300,Normal,47,Negatif,Downtrend,Bearish,Strong Bearish,Strong Downtrend (5<20<50),Normal,Distribusi (Turun),Gap Down (-10.0%),Dominan Beli (Hajar Kanan),Normal,Tinggi,Marubozu (Strong Bullish),Rawan Pucuk (High Risk),< 1 Miliar,Di Atas VWAP (Kuat),Akumulasi Pro (Smart Money),Gorengan Sepi (< 5M),Normal (50-150%),Mark-Down (Fase Runtuh),Spesialis Tiang Jemuran (Banting Pucuk),Normal,Sideways / Stagnan,TP: 11 | CL: 9,Open = Low (Bullish Kuat),Menengah (1:1),Netral / Sideways,Netral / Sepi Berita,Normal / Sedang Transisi,Dekat Support Fibo 78.6%,1,WAIT & SEE,HOLD / NEUTRAL,0.0,Kondisi pasar normal,TIDAK ADA,2026-09-03 15:24:34,Biasa / Mengikuti Pasar
15:24,BTON,Transaksi Sepi (Skip Broksum),Small Cap (Lapis 3),Overvalued (Mahal),27.198685,0.78748846,364.0,363,342,372,0.0,24300,Normal,52,Negatif,Uptrend,Bearish,Bearish MACD,Konsolidasi / Transisi,Normal,Akumulasi (Naik),Normal,Dominan Jual (Guyur),Squeeze,Rendah,Doji (Ragu-ragu),Area Tengah,< 1 Miliar,Persis di VWAP,Distribusi Pro (Guyuran),Gorengan Sepi (< 5M),Normal (50-150%),Mark-Up (Fase Pesta),Normal,Normal,Sideways / Stagnan,TP: 383 | CL: 351,Normal,Tidak Ideal (< 1:1),Death Cross (Awal Bearish),Netral / Sepi Berita,Normal / Sedang Transisi,Mendekati Fibo 61.8% (Golden Ratio),3,WAIT & SEE,HOLD / NEUTRAL,0.0,Kondisi pasar normal,TIDAK ADA,2026-09-03 15:24:34,Biasa / Mengikuti Pasar
15:24,BTPN,Transaksi Sepi (Skip Broksum),Big Cap (Lapis 1),Overvalued (Mahal),60.252438,0.55274284,2530.0,2207,2100,2590,9.051724137931034,278500,Tembus MA20,83,Positif,Uptrend,Bullish,Strong Bullish,Perfect Uptrend (5>20>50),Akumulasi Kuat,Akumulasi (Naik),Normal,Dominan Beli (Hajar Kanan),Breakout Upper,Tinggi,Normal,Rawan Pucuk (High Risk),< 1 Miliar,Di Atas VWAP (Kuat),Akumulasi Pro (Smart Money),Gorengan Sepi (< 5M),Ledakan Ekstrem (> 300%),Mark-Up (Fase Pesta),Normal,Normal,Naik 3 Hari Beruntun,TP: 2650 | CL: 2450,Open = Low (Bullish Kuat),Tidak Ideal (< 1:1),Overbought (Jenuh Beli - Rawan),Netral / Sepi Berita,Normal / Sedang Transisi,Mendekati Fibo 23.6%,9,BELI,HOLD / NEUTRAL,0.0,Kondisi pasar normal,TIDAK ADA,2026-09-03 15:24:34,Biasa / Mengikuti Pasar
15:24,BUDI,Transaksi Sepi (Skip Broksum),Mid Cap (Lapis 2),Undervalued (Murah),6.3474693,0.64077777,232.0,224,214,264,0.8695652173913043,294800,Normal,63,Positif,Uptrend,Bullish,Strong Bullish,Perfect Uptrend (5>20>50),Normal,Distribusi (Turun),Normal,Seimbang / Adu Mekanik,Normal,Sedang,Normal,Area Tengah,< 1 Miliar,Di Bawah VWAP (Lemah),Distribusi Pro (Guyuran),Gorengan Sepi (< 5M),Sepi (< 50%),Mark-Up (Fase Pesta),Spesialis Tiang Jemuran (Banting Pucuk),Normal,Naik 1 Hari Beruntun,TP: 249 | CL: 220,Open = Low (Bullish Kuat),Ideal (1:2),Netral / Sideways,Netral / Sepi Berita,Normal / Sedang Transisi,Dekat Support Fibo 50.0%,5,WAIT & SEE,HOLD / NEUTRAL,0.0,Kondisi pasar normal,TIDAK ADA,2026-09-03 15:24:34,Biasa / Mengikuti Pasar
15:24,BUKK,Transaksi Sepi (Skip Broksum),Mid Cap (Lapis 2),Undervalued (Murah),12.659831,0.3585247,1000.0,1005,950,1080,2.0408163265306123,18100,Normal,47,Positif,Downtrend,Bearish,Strong Bearish,Strong Downtrend (5<20<50),Normal,Akumulasi (Naik),Normal,Dominan Beli (Hajar Kanan),Squeeze,Rendah,Marubozu (Strong Bullish),Area Tengah,< 1 Miliar,Persis di VWAP,Distribusi Pro (Guyuran),Gorengan Sepi (< 5M),Sepi (< 50%),Mark-Down (Fase Runtuh),Normal,Normal,Naik 1 Hari Beruntun,TP: 1053 | CL: 964,Open = Low (Bullish Kuat),Ideal (1:2),Golden Cross (Awal Bullish),Netral / Sepi Berita,Normal / Sedang Transisi,Dekat Support Fibo 61.8% (Golden Ratio),3,WAIT & SEE,HOLD / NEUTRAL,0.0,Kondisi pasar normal,TIDAK ADA,2026-09-03 15:24:34,Biasa / Mengikuti Pasar
15:24,BULL,Token Mati (Perlu Update),Mid Cap (Lapis 2),Overvalued (Mahal),12.785131,32428.57,454.0,443,404,482,-1.3043478260869565,703376900,Tembus MA20,56,Negatif,Uptrend,Bullish,Bearish MACD,Perfect Uptrend (5>20>50),Normal,Akumulasi (Naik),Normal,Dominan Jual (Guyur),Normal,Sedang,Normal,Rawan Pucuk (High Risk),> 1 Miliar,Persis di VWAP,Distribusi Pro (Guyuran),Sultan (> 50M/hari),Anomali Tinggi (150-300%),Mark-Up (Fase Pesta),Spesialis Tiang Jemuran (Banting Pucuk),Normal,Turun 1 Hari Beruntun,TP: 490 | CL: 430,Normal,Tidak Ideal (< 1:1),Death Cross (Awal Bearish),Netral / Sepi Berita,Normal / Sedang Transisi,Mendekati Fibo 23.6%,5,WAIT & SEE,HOLD / NEUTRAL,0.0,Kondisi pasar normal,TIDAK ADA,2026-09-03 15:24:34,🔥 ANOMALI BANDAR (Siap Ledakan)
15:24,BUMI,Token Mati (Perlu Update),Big Cap (Lapis 1),Overvalued (Mahal),36.020584,52499.996,210.0,189,169,216,1.9417475728155338,4079556600,Tembus MA20,69,Positif,Uptrend,Bullish,Strong Bullish,Perfect Uptrend (5>20>50),Normal,Akumulasi (Naik),Normal,Seimbang / Adu Mekanik,Breakout Upper,Tinggi,Normal,Rawan Pucuk (High Risk),> 1 Miliar,Di Atas VWAP (Kuat),Akumulasi Pro (Smart Money),Sultan (> 50M/hari),Normal (50-150%),Mark-Up (Fase Pesta),Normal,Normal,Naik 1 Hari Beruntun,TP: 224 | CL: 200,Normal,Tidak Ideal (< 1:1),Overbought (Jenuh Beli - Rawan),Netral / Sepi Berita,Normal / Sedang Transisi,Mengambang (Jauh dari Fibo),7,BELI,HOLD / NEUTRAL,0.0,Kondisi pasar normal,TIDAK ADA,2026-09-03 15:24:34,🔥 ANOMALI BANDAR (Siap Ledakan)
15:24,BUVA,Token Mati (Perlu Update),Big Cap (Lapis 1),Overvalued (Mahal),853.26086,8.967944,790.0,749,695,810,2.5974025974025974,114988200,Tembus MA20,53,Positif,Uptrend,Bullish,Bullish MACD,Awal Reversal (5>20),Normal,Akumulasi (Naik),Normal,Seimbang / Adu Mekanik,Normal,Sedang,Normal,Rawan Pucuk (High Risk),> 1 Miliar,Di Atas VWAP (Kuat),Akumulasi Pro (Smart Money),Sultan (> 50M/hari),Normal (50-150%),Accumulation (Kumpul Barang),Normal,Normal,Naik 1 Hari Beruntun,TP: 847 | CL: 751,Normal,Tidak Ideal (< 1:1),Overbought (Jenuh Beli - Rawan),Netral / Sepi Berita,Normal / Sedang Transisi,Dekat Support Fibo 50.0%,7,BELI,HOLD / NEUTRAL,0.0,Kondisi pasar normal,TIDAK ADA,2026-09-03 15:24:34,Biasa / Mengikuti Pasar
15:24,BVIC,Transaksi Sepi (Skip Broksum),Mid Cap (Lapis 2),Overvalued (Mahal),33.21799,0.40848458,96.0,93,90,100,0.0,877100,Normal,64,Negatif,Uptrend,Bullish,Strong Bullish,Perfect Uptrend (5>20>50),Normal,Akumulasi (Naik),Normal,Seimbang / Adu Mekanik,Squeeze,Rendah,Doji (Ragu-ragu),Area Tengah,< 1 Miliar,Persis di VWAP,Distribusi Pro (Guyuran),Gorengan Sepi (< 5M),Sepi (< 50%),Mark-Up (Fase Pesta),Spesialis Tiang Jemuran (Banting Pucuk),Normal,Sideways / Stagnan,TP: 100 | CL: 93,Normal,Tidak Ideal (< 1:1),Death Cross (Awal Bearish),Netral / Sepi Berita,Normal / Sedang Transisi,Mendekati Fibo 38.2%,5,WAIT & SEE,HOLD / NEUTRAL,0.0,Kondisi pasar normal,TIDAK ADA,2026-09-03 15:24:34,Biasa / Mengikuti Pasar
15:24,BWPT,Token Mati (Perlu Update),Mid Cap (Lapis 2),Undervalued (Murah),9.922481,1.3279936,128.0,101,88,142,-3.0303030303030303,943447000,Tembus MA20,71,Negatif,Uptrend,Bullish,Strong Bullish,Perfect Uptrend (5>20>50),Normal,Akumulasi (Naik),Gap Up (+2.3%),Dominan Jual (Guyur),Breakout Upper,Tinggi,Normal,Rawan Pucuk (High Risk),> 1 Miliar,Di Atas VWAP (Kuat),Akumulasi Pro (Smart Money),Sultan (> 50M/hari),Normal (50-150%),Mark-Up (Fase Pesta),Spesialis Tiang Jemuran (Banting Pucuk),Normal,Turun 1 Hari Beruntun,TP: 143 | CL: 117,Normal,Tidak Ideal (< 1:1),Death Cross (Awal Bearish),Netral / Sepi Berita,Supply Banjir (Distribusi) 🌊,Mendekati Fibo 23.6%,7,BELI,HOLD / NEUTRAL,0.0,Kondisi pasar normal,TIDAK ADA,2026-09-03 15:24:34,🔥 ANOMALI BANDAR (Siap Ledakan)
15:24,BYAN,Token Mati (Perlu Update),Big Cap (Lapis 1),Overvalued (Mahal),31.202126,187162.16,13850.0,13956,11100,18650,1.094890510948905,561100,Normal,52,Positif,Downtrend,Bullish,Bearish MACD,Perfect Uptrend (5>20>50),Normal,Distribusi (Turun),Gap Up (+2.2%),Seimbang / Adu Mekanik,Normal,Tinggi,Normal,Rawan Pucuk (High Risk),> 1 Miliar,Di Bawah VWAP (Lemah),Distribusi Pro (Guyuran),Ritel Aktif (5M - 50M),Sepi (< 50%),Distribution (Fase Jualan),Spesialis Tiang Jemuran (Banting Pucuk),Normal,Naik 1 Hari Beruntun,TP: 15821 | CL: 12535,Open = High (Tekanan Jual),Ideal (1:2),Netral / Sideways,Netral / Sepi Berita,Normal / Sedang Transisi,Dekat Support Fibo 50.0%,4,WAIT & SEE,HOLD / NEUTRAL,0.0,Kondisi pasar normal,TIDAK ADA,2026-09-03 15:24:34,Biasa / Mengikuti Pasar
15:24,CASS,Token Mati (Perlu Update),Mid Cap (Lapis 2),Fair Value (Wajar),8.027772,2.19057,1850.0,1876,1840,1985,-0.5376344086021506,731900,Tembus MA20,46,Negatif,Downtrend,Bearish,Strong Bearish,Konsolidasi / Transisi,Normal,Distribusi (Turun),Normal,Dominan Jual (Guyur),Squeeze,Rendah,Normal,Dekat Support (Low Risk),> 1 Miliar,Persis di VWAP,Distribusi Pro (Guyuran),Gorengan Sepi (< 5M),Ledakan Ekstrem (> 300%),Distribution (Fase Jualan),Spesialis Tiang Jemuran (Banting Pucuk),Normal,Turun 1 Hari Beruntun,TP: 1900 | CL: 1816,Normal,Sangat Menarik (> 1:3),Oversold (Jenuh Jual - Peluang),Netral / Sepi Berita,Normal / Sedang Transisi,Golden Rebound Fibo 50.0% 🎯,1,WAIT & SEE,HOLD / NEUTRAL,0.0,Kondisi pasar normal,TIDAK ADA,2026-09-03 15:24:34,Biasa / Mengikuti Pasar
15:24,CEKA,Transaksi Sepi (Skip Broksum),Mid Cap (Lapis 2),Undervalued (Murah),5.9690914,0.6293031,2190.0,2199,2140,2240,0.45871559633027525,79600,Tembus MA20,50,Positif,Downtrend,Bearish,Bearish MACD,Konsolidasi / Transisi,Akumulasi Kuat,Akumulasi (Naik),Normal,Seimbang / Adu Mekanik,Squeeze,Rendah,Normal,Dekat Support (Low Risk),< 1 Miliar,Persis di VWAP,Distribusi Pro (Guyuran),Gorengan Sepi (< 5M),Anomali Tinggi (150-300%),Distribution (Fase Jualan),Normal,Normal,Naik 1 Hari Beruntun,TP: 2243 | CL: 2154,Normal,Menengah (1:1),Netral / Sideways,Netral / Sepi Berita,Normal / Sedang Transisi,Dekat Support Fibo 50.0%,4,WAIT & SEE,HOLD / NEUTRAL,0.0,Kondisi pasar normal,TIDAK ADA,2026-09-03 15:24:34,Biasa / Mengikuti Pasar
15:24,CENT,Transaksi Sepi (Skip Broksum),Mid Cap (Lapis 2),Fair Value (Wajar),0.0,1.2869192,100.0,91,79,129,-0.9900990099009901,8682800,Normal,60,Negatif,Uptrend,Bullish,Strong Bullish,Perfect Uptrend (5>20>50),Normal,Distribusi (Turun),Normal,Seimbang / Adu Mekanik,Normal,Tinggi,Normal,Rawan Pucuk (High Risk),< 1 Miliar,Di Bawah VWAP (Lemah),Akumulasi Pro (Smart Money),Gorengan Sepi (< 5M),Sepi (< 50%),Mark-Up (Fase Pesta),Spesialis Tiang Jemuran (Banting Pucuk),Normal,Turun 2 Hari Beruntun,TP: 113 | CL: 90,Normal,Menengah (1:1),Netral / Sideways,Netral / Sepi Berita,Normal / Sedang Transisi,Mengambang (Jauh dari Fibo),4,WAIT & SEE,HOLD / NEUTRAL,0.0,Kondisi pasar normal,TIDAK ADA,2026-09-03 15:24:34,Biasa / Mengikuti Pasar
15:24,CFIN,Transaksi Sepi (Skip Broksum),Mid Cap (Lapis 2),Undervalued (Murah),6.16485,0.25348186,362.0,353,340,364,0.5555555555555556,1433100,Normal,68,Positif,Uptrend,Bullish,Bearish MACD,Perfect Uptrend (5>20>50),Normal,Akumulasi (Naik),Normal,Seimbang / Adu Mekanik,Squeeze,Rendah,Doji (Ragu-ragu),Area Tengah,< 1 Miliar,Di Atas VWAP (Kuat),Akumulasi Pro (Smart Money),Gorengan Sepi (< 5M),Normal (50-150%),Mark-Up (Fase Pesta),Normal,Normal,Naik 1 Hari Beruntun,TP: 372 | CL: 354,Normal,Tidak Ideal (< 1:1),Overbought (Jenuh Beli - Rawan),Netral / Sepi Berita,Normal / Sedang Transisi,Mengambang (Jauh dari Fibo),5,WAIT & SEE,HOLD / NEUTRAL,0.0,Kondisi pasar normal,TIDAK ADA,2026-09-03 15:24:34,Biasa / Mengikuti Pasar
15:24,CINT,Transaksi Sepi (Skip Broksum),Small Cap (Lapis 3),Fair Value (Wajar),0.0,0.61135745,186.0,179,170,194,1.0869565217391304,287600,Normal,66,Positif,Uptrend,Bullish,Strong Bullish,Perfect Uptrend (5>20>50),Normal,Akumulasi (Naik),Normal,Seimbang / Adu Mekanik,Squeeze,Rendah,Normal,Area Tengah,< 1 Miliar,Di Atas VWAP (Kuat),Distribusi Pro (Guyuran),Gorengan Sepi (< 5M),Sepi (< 50%),Mark-Up (Fase Pesta),Spesialis Tiang Jemuran (Banting Pucuk),Normal,Naik 1 Hari Beruntun,TP: 195 | CL: 179,Normal,Tidak Ideal (< 1:1),Netral / Sideways,Netral / Sepi Berita,Normal / Sedang Transisi,Mendekati Fibo 38.2%,6,WAIT & SEE,HOLD / NEUTRAL,0.0,Kondisi pasar normal,TIDAK ADA,2026-09-03 15:24:34,Biasa / Mengikuti Pasar
15:24,CITA,Transaksi Sepi (Skip Broksum),Big Cap (Lapis 1),Fair Value (Wajar),9.825391,1.6665592,3410.0,3251,3140,3410,1.791044776119403,139900,Tembus MA20,72,Positif,Uptrend,Bullish,Strong Bullish,Perfect Uptrend (5>20>50),Normal,Akumulasi (Naik),Normal,Dominan Beli (Hajar Kanan),Squeeze,Rendah,Normal,Area Tengah,< 1 Miliar,Di Atas VWAP (Kuat),Akumulasi Pro (Smart Money),Gorengan Sepi (< 5M),Normal (50-150%),Mark-Up (Fase Pesta),Spesialis Tiang Jemuran (Banting Pucuk),Normal,Naik 5 Hari Beruntun,TP: 3497 | CL: 3351,Normal,Tidak Ideal (< 1:1),Overbought (Jenuh Beli - Rawan),Netral / Sepi Berita,Normal / Sedang Transisi,Mendekati Fibo 23.6%,8,BELI,HOLD / NEUTRAL,0.0,Kondisi pasar normal,TIDAK ADA,2026-09-03 15:24:34,Biasa / Mengikuti Pasar
15:24,CLPI,Transaksi Sepi (Skip Broksum),Small Cap (Lapis 3),Undervalued (Murah),6.6518393,0.84921026,1615.0,1600,1565,1620,0.3105590062111801,71300,Normal,68,Positif,Uptrend,Bullish,Bearish MACD,Perfect Uptrend (5>20>50),Normal,Akumulasi (Naik),Normal,Dominan Beli (Hajar Kanan),Squeeze,Rendah,Normal,Area Tengah,< 1 Miliar,Persis di VWAP,Akumulasi Pro (Smart Money),Gorengan Sepi (< 5M),Normal (50-150%),Mark-Up (Fase Pesta),Spesialis Tiang Jemuran (Banting Pucuk),Normal,Naik 1 Hari Beruntun,TP: 1643 | CL: 1596,Normal,Tidak Ideal (< 1:1),Overbought (Jenuh Beli - Rawan),Netral / Sepi Berita,Normal / Sedang Transisi,Mendekati Fibo 23.6%,6,WAIT & SEE,HOLD / NEUTRAL,0.0,Kondisi pasar normal,TIDAK ADA,2026-09-03 15:24:34,Biasa / Mengikuti Pasar
15:24,CMNP,Transaksi Sepi (Skip Broksum),Mid Cap (Lapis 2),Undervalued (Murah),7.871301,0.60611475,1370.0,1376,1305,1425,-3.180212014134275,201600,Tembus MA20,49,Negatif,Downtrend,Bullish,Strong Bullish,Perfect Uptrend (5>20>50),Distribusi Kuat,Distribusi (Turun),Normal,Dominan Jual (Guyur),Squeeze,Rendah,Normal,Area Tengah,< 1 Miliar,Di Bawah VWAP (Lemah),Distribusi Pro (Guyuran),Gorengan Sepi (< 5M),Anomali Tinggi (150-300%),Distribution (Fase Jualan),Solid (Jarang Dibanting),Normal,Turun 1 Hari Beruntun,TP: 1424 | CL: 1333,Normal,Tidak Ideal (< 1:1),Netral / Sideways,Netral / Sepi Berita,Normal / Sedang Transisi,Dekat Support Fibo 38.2%,3,WAIT & SEE,HOLD / NEUTRAL,0.0,Kondisi pasar normal,TIDAK ADA,2026-09-03 15:24:34,Biasa / Mengikuti Pasar
15:24,CPIN,Token Mati (Perlu Update),Big Cap (Lapis 1),Fair Value (Wajar),7.2925158,1.5553517,3300.0,3067,2900,3310,8.91089108910891,109950700,Tembus MA20,62,Positif,Uptrend,Golden Cross,Bullish MACD,Awal Reversal (5>20),Akumulasi Kuat,Distribusi (Turun),Normal,Dominan Beli (Hajar Kanan),Breakout Upper,Sedang,Marubozu (Strong Bullish),Rawan Pucuk (High Risk),> 1 Miliar,Di Atas VWAP (Kuat),Distribusi Pro (Guyuran),Sultan (> 50M/hari),Normal (50-150%),Accumulation (Kumpul Barang),Normal,Normal,Naik 1 Hari Beruntun,TP: 3439 | CL: 3207,Open = Low (Bullish Kuat),Tidak Ideal (< 1:1),Netral / Sideways,Netral / Sepi Berita,Normal / Sedang Transisi,Mendekati Fibo 78.6%,8,BELI,HOLD / NEUTRAL,0.0,Kondisi pasar normal,TIDAK ADA,2026-09-03 15:24:34,Biasa / Mengikuti Pasar
15:24,CPRO,Transaksi Sepi (Skip Broksum),Mid Cap (Lapis 2),Undervalued (Murah),9.259259,0.7482902,50.0,50,50,54,0.0,4815900,Normal,45,Negatif,Downtrend,Bearish,Strong Bearish,Konsolidasi / Transisi,Normal,Netral,Normal,Tidak Ada Transaksi,Squeeze,Rendah,Doji (Ragu-ragu),Dekat Support (Low Risk),< 1 Miliar,Persis di VWAP,Netral,Gorengan Sepi (< 5M),Sepi (< 50%),Distribution (Fase Jualan),Spesialis Tiang Jemuran (Banting Pucuk),Normal,Sideways / Stagnan,TP: 50 | CL: 49,Normal,Di Area Support,Oversold (Jenuh Jual - Peluang),Netral / Sepi Berita,Supply Kering (Siap Pump) 🏜️,Golden Rebound Fibo Bottom / 100% 🎯,0,WAIT & SEE,HOLD / NEUTRAL,0.0,Kondisi pasar normal,TIDAK ADA,2026-09-03 15:24:34,Biasa / Mengikuti Pasar
15:24,CSAP,Transaksi Sepi (Skip Broksum),Mid Cap (Lapis 2),Undervalued (Murah),9.257534,0.46519834,298.0,291,276,360,1.3605442176870748,327400,Normal,57,Positif,Uptrend,Bullish,Strong Bullish,Perfect Uptrend (5>20>50),Normal,Akumulasi (Naik),Gap Up (+3.4%),Dominan Jual (Guyur),Squeeze,Rendah,Normal,Area Tengah,< 1 Miliar,Persis di VWAP,Distribusi Pro (Guyuran),Gorengan Sepi (< 5M),Normal (50-150%),Mark-Up (Fase Pesta),Spesialis Tiang Jemuran (Banting Pucuk),Normal,Naik 1 Hari Beruntun,TP: 322 | CL: 282,Open = High (Tekanan Jual),Ideal (1:2),Netral / Sideways,Netral / Sepi Berita,Normal / Sedang Transisi,Dekat Support Fibo 61.8% (Golden Ratio),7,BELI,HOLD / NEUTRAL,0.0,Kondisi pasar normal,TIDAK ADA,2026-09-03 15:24:34,Biasa / Mengikuti Pasar
15:24,CTBN,Transaksi Sepi (Skip Broksum),Mid Cap (Lapis 2),Overvalued (Mahal),35.08574,24296.873,3110.0,3605,3100,4200,0.0,42900,Normal,12,Negatif,Downtrend,Bearish,Strong Bearish,Strong Downtrend (5<20<50),Normal,Distribusi (Turun),Normal,Dominan Beli (Hajar Kanan),Normal,Tinggi,Doji (Ragu-ragu),Dekat Support (Low Risk),< 1 Miliar,Persis di VWAP,Distribusi Pro (Guyuran),Gorengan Sepi (< 5M),Sepi (< 50%),Mark-Down (Fase Runtuh),Spesialis Tiang Jemuran (Banting Pucuk),Jarum Bawah (Sinyal Pantulan Kuat),Sideways / Stagnan,TP: 3268 | CL: 3004,Normal,Sangat Menarik (> 1:3),Oversold (Jenuh Jual - Peluang),Netral / Sepi Berita,Normal / Sedang Transisi,Golden Rebound Fibo Bottom / 100% 🎯,1,WAIT & SEE,HOLD / NEUTRAL,0.0,Kondisi pasar normal,TIDAK ADA,2026-09-03 15:24:34,🔥 ANOMALI BANDAR (Siap Ledakan)
15:24,CTRA,Token Mati (Perlu Update),Big Cap (Lapis 1),Undervalued (Murah),4.6691175,0.48044404,635.0,619,590,655,1.6,17646300,Tembus MA20,60,Positif,Uptrend,Bullish,Bearish MACD,Perfect Uptrend (5>20>50),Normal,Akumulasi (Naik),Normal,Seimbang / Adu Mekanik,Normal,Sedang,Normal,Area Tengah,> 1 Miliar,Persis di VWAP,Akumulasi Pro (Smart Money),Ritel Aktif (5M - 50M),Anomali Tinggi (150-300%),Mark-Up (Fase Pesta),Normal,Normal,Naik 1 Hari Beruntun,TP: 662 | CL: 616,Open = Low (Bullish Kuat),Tidak Ideal (< 1:1),Netral / Sideways,Netral / Sepi Berita,Normal / Sedang Transisi,Mendekati Fibo 23.6%,6,WAIT & SEE,HOLD / NEUTRAL,0.0,Kondisi pasar normal,TIDAK ADA,2026-09-03 15:24:34,Biasa / Mengikuti Pasar
15:24,CTTH,Token Mati (Perlu Update),Small Cap (Lapis 3),Fair Value (Wajar),0.0,1.062971,133.0,129,119,149,2.307692307692308,104473700,Tembus MA20,55,Positif,Uptrend,Bearish,Strong Bullish,Konsolidasi / Transisi,Distribusi Kuat,Akumulasi (Naik),Gap Up (+7.7%),Dominan Jual (Guyur),Normal,Sedang,Normal,Rawan Pucuk (High Risk),> 1 Miliar,Di Bawah VWAP (Lemah),Distribusi Pro (Guyuran),Gorengan Sepi (< 5M),Ledakan Ekstrem (> 300%),Mark-Up (Fase Pesta),Spesialis Tiang Jemuran (Banting Pucuk),Normal,Naik 3 Hari Beruntun,TP: 146 | CL: 124,Normal,Menengah (1:1),Golden Cross (Awal Bullish),Netral / Sepi Berita,Supply Banjir (Distribusi) 🌊,Mendekati Fibo 50.0%,7,BELI,HOLD / NEUTRAL,0.0,Kondisi pasar normal,TIDAK ADA,2026-09-03 15:24:34,Biasa / Mengikuti Pasar
15:24,DART,Transaksi Sepi (Skip Broksum),Small Cap (Lapis 3),Fair Value (Wajar),0.0,0.48789287,165.0,162,127,214,1.2269938650306749,914300,Normal,58,Positif,Uptrend,Bullish,Bearish MACD,Perfect Uptrend (5>20>50),Normal,Distribusi (Turun),Normal,Seimbang / Adu Mekanik,Normal,Tinggi,Normal,Rawan Pucuk (High Risk),< 1 Miliar,Persis di VWAP,Distribusi Pro (Guyuran),Gorengan Sepi (< 5M),Normal (50-150%),Mark-Up (Fase Pesta),Spesialis Tiang Jemuran (Banting Pucuk),Normal,Naik 1 Hari Beruntun,TP: 181 | CL: 153,Normal,Menengah (1:1),Golden Cross (Awal Bullish),Netral / Sepi Berita,Normal / Sedang Transisi,Mendekati Fibo 50.0%,4,WAIT & SEE,HOLD / NEUTRAL,0.0,Kondisi pasar normal,TIDAK ADA,2026-09-03 15:24:34,Biasa / Mengikuti Pasar
15:24,DEFI,Token Mati (Perlu Update),Small Cap (Lapis 3),Fair Value (Wajar),0.0,2.6910114,107.0,106,99,126,0.9433962264150944,16509600,Normal,51,Positif,Uptrend,Bearish,Bullish MACD,Konsolidasi / Transisi,Normal,Akumulasi (Naik),Normal,Dominan Jual (Guyur),Normal,Sedang,Normal,Area Tengah,> 1 Miliar,Persis di VWAP,Distribusi Pro (Guyuran),Gorengan Sepi (< 5M),Normal (50-150%),Mark-Up (Fase Pesta),Spesialis Tiang Jemuran (Banting Pucuk),Normal,Naik 1 Hari Beruntun,TP: 115 | CL: 101,Normal,Ideal (1:2),Netral / Sideways,Netral / Sepi Berita,Normal / Sedang Transisi,Mengambang (Jauh dari Fibo),5,WAIT & SEE,HOLD / NEUTRAL,0.0,Kondisi pasar normal,TIDAK ADA,2026-09-03 15:24:34,Biasa / Mengikuti Pasar
15:24,DEWA,Token Mati (Perlu Update),Big Cap (Lapis 1),Fair Value (Wajar),3.9093583,2.1800992,452.0,453,414,496,0.0,272424500,Normal,54,Negatif,Downtrend,Bearish,Bearish MACD,Konsolidasi / Transisi,Normal,Akumulasi (Naik),Normal,Dominan Jual (Guyur),Normal,Sedang,Normal,Area Tengah,> 1 Miliar,Persis di VWAP,Akumulasi Pro (Smart Money),Sultan (> 50M/hari),Normal (50-150%),Distribution (Fase Jualan),Normal,Normal,Sideways / Stagnan,TP: 480 | CL: 432,Normal,Menengah (1:1),Death Cross (Awal Bearish),Netral / Sepi Berita,Normal / Sedang Transisi,Mendekati Fibo 23.6%,2,WAIT & SEE,HOLD / NEUTRAL,0.0,Kondisi pasar normal,TIDAK ADA,2026-09-03 15:24:34,Biasa / Mengikuti Pasar
15:24,DGIK,Token Mati (Perlu Update),Small Cap (Lapis 3),Undervalued (Murah),12.947658,0.95360476,141.0,133,121,147,-2.083333333333333,10270400,Tembus MA20,59,Negatif,Uptrend,Bullish,Strong Bullish,Perfect Uptrend (5>20>50),Normal,Distribusi (Turun),Normal,Dominan Jual (Guyur),Normal,Tinggi,Normal,Rawan Pucuk (High Risk),> 1 Miliar,Persis di VWAP,Akumulasi Pro (Smart Money),Gorengan Sepi (< 5M),Normal (50-150%),Mark-Up (Fase Pesta),Spesialis Tiang Jemuran (Banting Pucuk),Normal,Turun 2 Hari Beruntun,TP: 151 | CL: 133,Normal,Tidak Ideal (< 1:1),Death Cross (Awal Bearish),Netral / Sepi Berita,Normal / Sedang Transisi,Dekat Support Fibo 23.6%,5,WAIT & SEE,HOLD / NEUTRAL,0.0,Kondisi pasar normal,TIDAK ADA,2026-09-03 15:24:34,Biasa / Mengikuti Pasar
15:24,DILD,Token Mati (Perlu Update),Mid Cap (Lapis 2),Fair Value (Wajar),20.748299,0.22359514,122.0,118,113,127,-1.6129032258064515,38607500,Tembus MA20,58,Negatif,Uptrend,Bullish,Strong Bullish,Perfect Uptrend (5>20>50),Normal,Distribusi (Turun),Normal,Seimbang / Adu Mekanik,Normal,Sedang,Normal,Area Tengah,> 1 Miliar,Persis di VWAP,Akumulasi Pro (Smart Money),Gorengan Sepi (< 5M),Anomali Tinggi (150-300%),Mark-Up (Fase Pesta),Spesialis Tiang Jemuran (Banting Pucuk),Normal,Turun 2 Hari Beruntun,TP: 128 | CL: 117,Normal,Tidak Ideal (< 1:1),Death Cross (Awal Bearish),Netral / Sepi Berita,Normal / Sedang Transisi,Dekat Support Fibo 23.6%,5,WAIT & SEE,HOLD / NEUTRAL,0.0,Kondisi pasar normal,TIDAK ADA,2026-09-03 15:24:34,Biasa / Mengikuti Pasar
15:24,DKFT,Token Mati (Perlu Update),Mid Cap (Lapis 2),Fair Value (Wajar),5.9260497,2.5449672,710.0,669,635,720,5.185185185185185,21638000,Tembus MA20,64,Positif,Uptrend,Bullish,Strong Bullish,Perfect Uptrend (5>20>50),Akumulasi Kuat,Akumulasi (Naik),Normal,Dominan Beli (Hajar Kanan),Breakout Upper,Sedang,Normal,Rawan Pucuk (High Risk),> 1 Miliar,Di Atas VWAP (Kuat),Akumulasi Pro (Smart Money),Ritel Aktif (5M - 50M),Ledakan Ekstrem (> 300%),Mark-Up (Fase Pesta),Solid (Jarang Dibanting),Normal,Naik 1 Hari Beruntun,TP: 742 | CL: 688,Normal,Tidak Ideal (< 1:1),Overbought (Jenuh Beli - Rawan),Netral / Sepi Berita,Normal / Sedang Transisi,Mendekati Fibo 23.6%,9,BELI,HOLD / NEUTRAL,0.0,Kondisi pasar normal,TIDAK ADA,2026-09-03 15:24:34,Biasa / Mengikuti Pasar
15:24,DLTA,Transaksi Sepi (Skip Broksum),Mid Cap (Lapis 2),Fair Value (Wajar),9.697985,2.1339884,1795.0,1786,1775,1815,0.27932960893854747,141700,Tembus MA20,58,Positif,Uptrend,Bullish,Bearish MACD,Perfect Uptrend (5>20>50),Normal,Akumulasi (Naik),Normal,Dominan Jual (Guyur),Squeeze,Rendah,Normal,Dekat Support (Low Risk),< 1 Miliar,Persis di VWAP,Distribusi Pro (Guyuran),Gorengan Sepi (< 5M),Anomali Tinggi (150-300%),Mark-Up (Fase Pesta),Normal,Normal,Naik 1 Hari Beruntun,TP: 1820 | CL: 1778,Open = High (Tekanan Jual),Menengah (1:1),Netral / Sideways,Netral / Sepi Berita,Normal / Sedang Transisi,Dekat Support Fibo 23.6%,6,WAIT & SEE,HOLD / NEUTRAL,0.0,Kondisi pasar normal,TIDAK ADA,2026-09-03 15:24:34,Biasa / Mengikuti Pasar
15:24,DMAS,Token Mati (Perlu Update),Mid Cap (Lapis 2),Undervalued (Murah),6.1804695,1.3757523,202.0,168,145,214,0.0,327467700,Normal,74,Negatif,Uptrend,Bullish,Strong Bullish,Perfect Uptrend (5>20>50),Normal,Akumulasi (Naik),Normal,Seimbang / Adu Mekanik,Normal,Tinggi,Doji (Ragu-ragu),Rawan Pucuk (High Risk),> 1 Miliar,Di Atas VWAP (Kuat),Akumulasi Pro (Smart Money),Sultan (> 50M/hari),Normal (50-150%),Mark-Up (Fase Pesta),Normal,Jarum Bawah (Sinyal Pantulan Kuat),Sideways / Stagnan,TP: 220 | CL: 189,Normal,Tidak Ideal (< 1:1),Overbought (Jenuh Beli - Rawan),Netral / Sepi Berita,Normal / Sedang Transisi,Mendekati Fibo 23.6%,5,WAIT & SEE,HOLD / NEUTRAL,0.0,Kondisi pasar normal,TIDAK ADA,2026-09-03 15:24:34,Biasa / Mengikuti Pasar
15:24,DNAR,Transaksi Sepi (Skip Broksum),Mid Cap (Lapis 2),Undervalued (Murah),10.250569,0.5832844,135.0,127,120,140,0.7462686567164178,720200,Normal,70,Positif,Uptrend,Bullish,Strong Bullish,Perfect Uptrend (5>20>50),Normal,Akumulasi (Naik),Normal,Dominan Jual (Guyur),Breakout Upper,Sedang,Doji (Ragu-ragu),Rawan Pucuk (High Risk),< 1 Miliar,Di Atas VWAP (Kuat),Distribusi Pro (Guyuran),Gorengan Sepi (< 5M),Sepi (< 50%),Mark-Up (Fase Pesta),Normal,Normal,Naik 6 Hari Beruntun,TP: 142 | CL: 129,Normal,Tidak Ideal (< 1:1),Netral / Sideways,Netral / Sepi Berita,Normal / Sedang Transisi,Mendekati Fibo 23.6%,6,WAIT & SEE,HOLD / NEUTRAL,0.0,Kondisi pasar normal,TIDAK ADA,2026-09-03 15:24:34,Biasa / Mengikuti Pasar
15:24,DNET,Transaksi Sepi (Skip Broksum),Big Cap (Lapis 1),Overvalued (Mahal),126.89225,9.062695,9975.0,9882,9500,10625,0.25125628140703515,4200,Normal,53,Positif,Uptrend,Bullish,Strong Bullish,Perfect Uptrend (5>20>50),Normal,Akumulasi (Naik),Normal,Seimbang / Adu Mekanik,Squeeze,Rendah,Normal,Area Tengah,< 1 Miliar,Persis di VWAP,Akumulasi Pro (Smart Money),Gorengan Sepi (< 5M),Sepi (< 50%),Mark-Up (Fase Pesta),Normal,Normal,Naik 1 Hari Beruntun,TP: 10350 | CL: 9725,Open = Low (Bullish Kuat),Menengah (1:1),Golden Cross (Awal Bullish),Netral / Sepi Berita,Supply Kering (Siap Pump) 🏜️,Golden Rebound Fibo 61.8% (Golden Ratio) 🎯,6,WAIT & SEE,HOLD / NEUTRAL,0.0,Kondisi pasar normal,TIDAK ADA,2026-09-03 15:24:34,Biasa / Mengikuti Pasar
15:24,DOID,Transaksi Sepi (Skip Broksum),Mid Cap (Lapis 2),Overvalued (Mahal),0.0,239999.98,240.0,223,200,248,0.0,2352300,Normal,63,Negatif,Uptrend,Bullish,Strong Bullish,Perfect Uptrend (5>20>50),Normal,Akumulasi (Naik),Normal,Seimbang / Adu Mekanik,Normal,Tinggi,Doji (Ragu-ragu),Rawan Pucuk (High Risk),< 1 Miliar,Persis di VWAP,Akumulasi Pro (Smart Money),Gorengan Sepi (< 5M),Sepi (< 50%),Mark-Up (Fase Pesta),Normal,Normal,Sideways / Stagnan,TP: 259 | CL: 226,Normal,Tidak Ideal (< 1:1),Overbought (Jenuh Beli - Rawan),Netral / Sepi Berita,Normal / Sedang Transisi,Dekat Support Fibo 23.6%,5,WAIT & SEE,HOLD / NEUTRAL,0.0,Kondisi pasar normal,TIDAK ADA,2026-09-03 15:24:34,Biasa / Mengikuti Pasar
15:24,DSFI,Transaksi Sepi (Skip Broksum),Small Cap (Lapis 3),Undervalued (Murah),9.374667,0.56216383,88.0,84,80,95,0.0,2708400,Normal,65,Negatif,Uptrend,Bullish,Strong Bullish,Perfect Uptrend (5>20>50),Normal,Distribusi (Turun),Normal,Seimbang / Adu Mekanik,Normal,Sedang,Doji (Ragu-ragu),Rawan Pucuk (High Risk),< 1 Miliar,Persis di VWAP,Distribusi Pro (Guyuran),Gorengan Sepi (< 5M),Sepi (< 50%),Mark-Up (Fase Pesta),Spesialis Tiang Jemuran (Banting Pucuk),Normal,Sideways / Stagnan,TP: 93 | CL: 84,Normal,Tidak Ideal (< 1:1),Netral / Sideways,Netral / Sepi Berita,Normal / Sedang Transisi,Mendekati Fibo 23.6%,4,WAIT & SEE,HOLD / NEUTRAL,0.0,Kondisi pasar normal,TIDAK ADA,2026-09-03 15:24:34,Biasa / Mengikuti Pasar
15:24,DSNG,Token Mati (Perlu Update),Big Cap (Lapis 1),Undervalued (Murah),9.05189,1.4549913,1645.0,1446,1255,1730,-3.2352941176470593,10700600,Tembus MA20,70,Negatif,Uptrend,Bullish,Strong Bullish,Perfect Uptrend (5>20>50),Normal,Distribusi (Turun),Normal,Dominan Jual (Guyur),Normal,Tinggi,Normal,Rawan Pucuk (High Risk),> 1 Miliar,Persis di VWAP,Akumulasi Pro (Smart Money),Ritel Aktif (5M - 50M),Normal (50-150%),Mark-Up (Fase Pesta),Normal,Normal,Turun 2 Hari Beruntun,TP: 1743 | CL: 1579,Open = High (Tekanan Jual),Tidak Ideal (< 1:1),Overbought (Jenuh Beli - Rawan),Netral / Sepi Berita,Normal / Sedang Transisi,Mendekati Fibo 23.6%,5,WAIT & SEE,HOLD / NEUTRAL,0.0,Kondisi pasar normal,TIDAK ADA,2026-09-03 15:24:34,Biasa / Mengikuti Pasar
15:24,DSSA,Token Mati (Perlu Update),Big Cap (Lapis 1),Overvalued (Mahal),47.96453,99166.664,1190.0,1042,845,1290,2.1459227467811157,394508700,Normal,74,Positif,Uptrend,Bullish,Strong Bullish,Perfect Uptrend (5>20>50),Normal,Akumulasi (Naik),Normal,Dominan Beli (Hajar Kanan),Normal,Tinggi,Normal,Rawan Pucuk (High Risk),> 1 Miliar,Di Atas VWAP (Kuat),Distribusi Pro (Guyuran),Sultan (> 50M/hari),Normal (50-150%),Mark-Up (Fase Pesta),Spesialis Tiang Jemuran (Banting Pucuk),Normal,Naik 3 Hari Beruntun,TP: 1292 | CL: 1121,Normal,Tidak Ideal (< 1:1),Netral / Sideways,Netral / Sepi Berita,Normal / Sedang Transisi,Mengambang (Jauh dari Fibo),7,BELI,HOLD / NEUTRAL,0.0,Kondisi pasar normal,TIDAK ADA,2026-09-03 15:24:34,🔥 ANOMALI BANDAR (Siap Ledakan)
15:24,DUTI,Transaksi Sepi (Skip Broksum),Mid Cap (Lapis 2),Undervalued (Murah),14.084508,0.86294293,4800.0,4593,4290,4820,0.0,500,Normal,90,Negatif,Uptrend,Bullish,Strong Bullish,Perfect Uptrend (5>20>50),Normal,Distribusi (Turun),Normal,Tidak Ada Transaksi,Normal,Tinggi,Doji (Ragu-ragu),Rawan Pucuk (High Risk),< 1 Miliar,Persis di VWAP,Akumulasi Pro (Smart Money),Gorengan Sepi (< 5M),Sepi (< 50%),Mark-Up (Fase Pesta),Solid (Jarang Dibanting),Normal,Sideways / Stagnan,TP: 4864 | CL: 4757,Normal,Tidak Ideal (< 1:1),Overbought (Jenuh Beli - Rawan),Netral / Sepi Berita,Normal / Sedang Transisi,Mengambang (Jauh dari Fibo),4,WAIT & SEE,HOLD / NEUTRAL,0.0,Kondisi pasar normal,TIDAK ADA,2026-09-03 15:24:34,Biasa / Mengikuti Pasar
15:24,DVLA,Transaksi Sepi (Skip Broksum),Mid Cap (Lapis 2),Undervalued (Murah),13.065203,1.1908681,1600.0,1584,1565,1605,0.0,64000,Tembus MA20,66,Negatif,Uptrend,Bullish,Strong Bullish,Perfect Uptrend (5>20>50),Normal,Akumulasi (Naik),Normal,Dominan Beli (Hajar Kanan),Squeeze,Rendah,Doji (Ragu-ragu),Dekat Support (Low Risk),< 1 Miliar,Persis di VWAP,Akumulasi Pro (Smart Money),Gorengan Sepi (< 5M),Anomali Tinggi (150-300%),Mark-Up (Fase Pesta),Normal,Jarum Bawah (Sinyal Pantulan Kuat),Sideways / Stagnan,TP: 1615 | CL: 1590,Normal,Tidak Ideal (< 1:1),Overbought (Jenuh Beli - Rawan),Netral / Sepi Berita,Normal / Sedang Transisi,Mendekati Fibo 23.6%,7,BELI,HOLD / NEUTRAL,0.0,Kondisi pasar normal,TIDAK ADA,2026-09-03 15:24:34,Biasa / Mengikuti Pasar
15:24,DYAN,Transaksi Sepi (Skip Broksum),Small Cap (Lapis 3),Undervalued (Murah),8.372093,0.5186333,90.0,87,82,98,1.1235955056179776,10397300,Tembus MA20,60,Positif,Uptrend,Bullish,Bearish MACD,Perfect Uptrend (5>20>50),Normal,Akumulasi (Naik),Normal,Dominan Jual (Guyur),Normal,Sedang,Doji (Ragu-ragu),Area Tengah,< 1 Miliar,Persis di VWAP,Distribusi Pro (Guyuran),Gorengan Sepi (< 5M),Normal (50-150%),Mark-Up (Fase Pesta),Spesialis Tiang Jemuran (Banting Pucuk),Normal,Naik 1 Hari Beruntun,TP: 96 | CL: 85,Normal,Menengah (1:1),Golden Cross (Awal Bullish),Netral / Sepi Berita,Normal / Sedang Transisi,Mendekati Fibo 38.2%,6,WAIT & SEE,HOLD / NEUTRAL,0.0,Kondisi pasar normal,TIDAK ADA,2026-09-03 15:24:34,Biasa / Mengikuti Pasar
15:24,ECII,Token Mati (Perlu Update),Small Cap (Lapis 3),Fair Value (Wajar),0.0,0.22302954,180.0,158,149,204,11.801242236024844,42321500,Tembus MA20,73,Positif,Uptrend,Bullish,Strong Bullish,Perfect Uptrend (5>20>50),Akumulasi Kuat,Akumulasi (Naik),Normal,Seimbang / Adu Mekanik,Breakout Upper,Sedang,Normal,Rawan Pucuk (High Risk),> 1 Miliar,Di Atas VWAP (Kuat),Distribusi Pro (Guyuran),Gorengan Sepi (< 5M),Ledakan Ekstrem (> 300%),Mark-Up (Fase Pesta),Spesialis Tiang Jemuran (Banting Pucuk),Normal,Naik 4 Hari Beruntun,TP: 194 | CL: 170,Normal,Tidak Ideal (< 1:1),Netral / Sideways,Netral / Sepi Berita,Normal / Sedang Transisi,Mengambang (Jauh dari Fibo),8,BELI,HOLD / NEUTRAL,0.0,Kondisi pasar normal,TIDAK ADA,2026-09-03 15:24:34,Biasa / Mengikuti Pasar
15:24,EKAD,Token Mati (Perlu Update),Mid Cap (Lapis 2),Undervalued (Murah),2.7619588,1.144865,404.0,312,170,466,-2.4154589371980677,12415600,Normal,82,Negatif,Uptrend,Bullish,Strong Bullish,Perfect Uptrend (5>20>50),Normal,Distribusi (Turun),Normal,Seimbang / Adu Mekanik,Normal,Tinggi,Normal,Rawan Pucuk (High Risk),> 1 Miliar,Di Bawah VWAP (Lemah),Akumulasi Pro (Smart Money),Ritel Aktif (5M - 50M),Sepi (< 50%),Mark-Up (Fase Pesta),Normal,Normal,Turun 1 Hari Beruntun,TP: 459 | CL: 367,Normal,Tidak Ideal (< 1:1),Death Cross (Awal Bearish),Netral / Sepi Berita,Normal / Sedang Transisi,Mendekati Fibo 23.6%,4,WAIT & SEE,HOLD / NEUTRAL,0.0,Kondisi pasar normal,TIDAK ADA,2026-09-03 15:24:34,Biasa / Mengikuti Pasar
15:24,ELSA,Token Mati (Perlu Update),Mid Cap (Lapis 2),Undervalued (Murah),6.65773,1.0024638,745.0,705,660,755,4.195804195804196,40592400,Tembus MA20,62,Positif,Uptrend,Bullish,Strong Bullish,Perfect Uptrend (5>20>50),Normal,Akumulasi (Naik),Normal,Dominan Beli (Hajar Kanan),Breakout Upper,Sedang,Normal,Rawan Pucuk (High Risk),> 1 Miliar,Di Atas VWAP (Kuat),Akumulasi Pro (Smart Money),Ritel Aktif (5M - 50M),Anomali Tinggi (150-300%),Mark-Up (Fase Pesta),Solid (Jarang Dibanting),Normal,Naik 1 Hari Beruntun,TP: 786 | CL: 717,Normal,Tidak Ideal (< 1:1),Overbought (Jenuh Beli - Rawan),Netral / Sepi Berita,Normal / Sedang Transisi,Mengambang (Jauh dari Fibo),8,BELI,HOLD / NEUTRAL,0.0,Kondisi pasar normal,TIDAK ADA,2026-09-03 15:24:34,Biasa / Mengikuti Pasar
15:24,ELTY,Token Mati (Perlu Update),Mid Cap (Lapis 2),Fair Value (Wajar),0.0,0.29855907,38.0,38,34,46,0.0,56478400,Normal,55,Negatif,Downtrend,Death Cross,Bearish MACD,Konsolidasi / Transisi,Normal,Distribusi (Turun),Gap Up (+2.6%),Dominan Jual (Guyur),Normal,Tinggi,Normal,Rawan Pucuk (High Risk),> 1 Miliar,Di Bawah VWAP (Lemah),Akumulasi Pro (Smart Money),Gorengan Sepi (< 5M),Normal (50-150%),Distribution (Fase Jualan),Solid (Jarang Dibanting),Normal,Sideways / Stagnan,TP: 40 | CL: 36,Open = High (Tekanan Jual),Ideal (1:2),Netral / Sideways,Netral / Sepi Berita,Normal / Sedang Transisi,Mendekati Fibo 38.2%,2,WAIT & SEE,HOLD / NEUTRAL,0.0,Kondisi pasar normal,TIDAK ADA,2026-09-03 15:24:34,Biasa / Mengikuti Pasar
15:24,EMDE,Transaksi Sepi (Skip Broksum),Small Cap (Lapis 3),Fair Value (Wajar),0.0,0.145664,79.0,77,72,94,1.282051282051282,6599800,Normal,60,Positif,Uptrend,Golden Cross,Bearish MACD,Perfect Uptrend (5>20>50),Normal,Akumulasi (Naik),Normal,Seimbang / Adu Mekanik,Normal,Sedang,Doji (Ragu-ragu),Area Tengah,< 1 Miliar,Persis di VWAP,Akumulasi Pro (Smart Money),Gorengan Sepi (< 5M),Sepi (< 50%),Mark-Up (Fase Pesta),Spesialis Tiang Jemuran (Banting Pucuk),Normal,Naik 1 Hari Beruntun,TP: 84 | CL: 75,Normal,Ideal (1:2),Netral / Sideways,Netral / Sepi Berita,Normal / Sedang Transisi,Dekat Support Fibo 38.2%,5,WAIT & SEE,HOLD / NEUTRAL,0.0,Kondisi pasar normal,TIDAK ADA,2026-09-03 15:24:34,Biasa / Mengikuti Pasar
15:24,EMTK,Token Mati (Perlu Update),Big Cap (Lapis 1),Undervalued (Murah),14.301281,0.87698203,525.0,520,492,565,0.9615384615384616,37228100,Normal,51,Positif,Uptrend,Golden Cross,Bullish MACD,Perfect Uptrend (5>20>50),Normal,Akumulasi (Naik),Normal,Seimbang / Adu Mekanik,Normal,Sedang,Normal,Area Tengah,> 1 Miliar,Persis di VWAP,Akumulasi Pro (Smart Money),Ritel Aktif (5M - 50M),Normal (50-150%),Mark-Up (Fase Pesta),Normal,Normal,Naik 1 Hari Beruntun,TP: 561 | CL: 500,Normal,Menengah (1:1),Netral / Sideways,Netral / Sepi Berita,Normal / Sedang Transisi,Mendekati Fibo 78.6%,6,WAIT & SEE,HOLD / NEUTRAL,0.0,Kondisi pasar normal,TIDAK ADA,2026-09-03 15:24:34,Biasa / Mengikuti Pasar
15:24,ENRG,Token Mati (Perlu Update),Big Cap (Lapis 1),Overvalued (Mahal),31.43508,38333.336,1375.0,1242,927,1395,1.4760147601476015,63489800,Normal,58,Positif,Uptrend,Bullish,Strong Bullish,Awal Reversal (5>20),Normal,Akumulasi (Naik),Normal,Dominan Beli (Hajar Kanan),Normal,Tinggi,Normal,Rawan Pucuk (High Risk),> 1 Miliar,Di Atas VWAP (Kuat),Akumulasi Pro (Smart Money),Sultan (> 50M/hari),Normal (50-150%),Accumulation (Kumpul Barang),Normal,Normal,Naik 6 Hari Beruntun,TP: 1484 | CL: 1302,Normal,Tidak Ideal (< 1:1),Overbought (Jenuh Beli - Rawan),Netral / Sepi Berita,Normal / Sedang Transisi,Dekat Support Fibo 38.2%,7,BELI,HOLD / NEUTRAL,0.0,Kondisi pasar normal,TIDAK ADA,2026-09-03 15:24:34,Biasa / Mengikuti Pasar
15:24,EPMT,Transaksi Sepi (Skip Broksum),Mid Cap (Lapis 2),Undervalued (Murah),7.8431373,0.7872934,2400.0,2370,2290,2470,0.0,10300,Normal,56,Negatif,Uptrend,Bullish,Strong Bullish,Perfect Uptrend (5>20>50),Normal,Akumulasi (Naik),Normal,Seimbang / Adu Mekanik,Squeeze,Rendah,Doji (Ragu-ragu),Area Tengah,< 1 Miliar,Persis di VWAP,Akumulasi Pro (Smart Money),Gorengan Sepi (< 5M),Sepi (< 50%),Mark-Up (Fase Pesta),Normal,Normal,Sideways / Stagnan,TP: 2479 | CL: 2347,Normal,Tidak Ideal (< 1:1),Netral / Sideways,Netral / Sepi Berita,Normal / Sedang Transisi,Dekat Support Fibo 23.6%,5,WAIT & SEE,HOLD / NEUTRAL,0.0,Kondisi pasar normal,TIDAK ADA,2026-09-03 15:24:34,Biasa / Mengikuti Pasar
15:24,ERAA,Token Mati (Perlu Update),Mid Cap (Lapis 2),Undervalued (Murah),6.5738163,0.9735219,595.0,478,446,610,14.423076923076922,584996600,Tembus MA20,88,Positif,Uptrend,Bullish,Strong Bullish,Perfect Uptrend (5>20>50),Akumulasi Kuat,Akumulasi (Naik),Normal,Dominan Beli (Hajar Kanan),Breakout Upper,Tinggi,Marubozu (Strong Bullish),Rawan Pucuk (High Risk),> 1 Miliar,Di Atas VWAP (Kuat),Akumulasi Pro (Smart Money),Sultan (> 50M/hari),Ledakan Ekstrem (> 300%),Mark-Up (Fase Pesta),Spesialis Tiang Jemuran (Banting Pucuk),Normal,Naik 4 Hari Beruntun,TP: 632 | CL: 570,Open = Low (Bullish Kuat),Tidak Ideal (< 1:1),Overbought (Jenuh Beli - Rawan),Netral / Sepi Berita,Normal / Sedang Transisi,Mengambang (Jauh dari Fibo),9,BELI,HOLD / NEUTRAL,0.0,Kondisi pasar normal,TIDAK ADA,2026-09-03 15:24:34,⚠️ Anomali (Sudah Terbang)
15:24,ERTX,Transaksi Sepi (Skip Broksum),Small Cap (Lapis 3),Overvalued (Mahal),182999.98,7956.5215,183.0,186,175,206,-1.0810810810810811,653800,Normal,55,Negatif,Downtrend,Bearish,Bearish MACD,Konsolidasi / Transisi,Normal,Distribusi (Turun),Normal,Dominan Jual (Guyur),Normal,Sedang,Normal,Area Tengah,< 1 Miliar,Persis di VWAP,Akumulasi Pro (Smart Money),Gorengan Sepi (< 5M),Normal (50-150%),Distribution (Fase Jualan),Normal,Normal,Turun 1 Hari Beruntun,TP: 193 | CL: 176,Normal,Ideal (1:2),Netral / Sideways,Netral / Sepi Berita,Normal / Sedang Transisi,Mengambang (Jauh dari Fibo),1,WAIT & SEE,HOLD / NEUTRAL,0.0,Kondisi pasar normal,TIDAK ADA,2026-09-03 15:24:34,Biasa / Mengikuti Pasar
15:24,ESSA,Token Mati (Perlu Update),Big Cap (Lapis 1),Overvalued (Mahal),13.624238,28600.0,715.0,652,590,735,0.0,78791600,Normal,67,Negatif,Uptrend,Bullish,Strong Bullish,Perfect Uptrend (5>20>50),Normal,Akumulasi (Naik),Normal,Dominan Beli (Hajar Kanan),Normal,Tinggi,Doji (Ragu-ragu),Rawan Pucuk (High Risk),> 1 Miliar,Di Atas VWAP (Kuat),Akumulasi Pro (Smart Money),Sultan (> 50M/hari),Normal (50-150%),Mark-Up (Fase Pesta),Normal,Jarum Bawah (Sinyal Pantulan Kuat),Sideways / Stagnan,TP: 760 | CL: 684,Normal,Tidak Ideal (< 1:1),Overbought (Jenuh Beli - Rawan),Netral / Sepi Berita,Normal / Sedang Transisi,Mendekati Fibo 23.6%,6,WAIT & SEE,HOLD / NEUTRAL,0.0,Kondisi pasar normal,TIDAK ADA,2026-09-03 15:24:34,Biasa / Mengikuti Pasar
15:24,ESTI,Token Mati (Perlu Update),Small Cap (Lapis 3),Overvalued (Mahal),163000.0,1.8320782,163.0,164,152,208,1.2422360248447204,18020100,Tembus MA20,55,Positif,Downtrend,Bearish,Bearish MACD,Konsolidasi / Transisi,Normal,Akumulasi (Naik),Normal,Dominan Jual (Guyur),Normal,Tinggi,Normal,Area Tengah,> 1 Miliar,Persis di VWAP,Distribusi Pro (Guyuran),Gorengan Sepi (< 5M),Ledakan Ekstrem (> 300%),Distribution (Fase Jualan),Spesialis Tiang Jemuran (Banting Pucuk),Normal,Naik 1 Hari Beruntun,TP: 174 | CL: 155,Open = Low (Bullish Kuat),Sangat Menarik (> 1:3),Netral / Sideways,Netral / Sepi Berita,Normal / Sedang Transisi,Mendekati Fibo 50.0%,4,WAIT & SEE,HOLD / NEUTRAL,0.0,Kondisi pasar normal,TIDAK ADA,2026-09-03 15:24:34,Biasa / Mengikuti Pasar
15:24,EXCL,Token Mati (Perlu Update),Big Cap (Lapis 1),Fair Value (Wajar),0.0,1.7111524,2740.0,2696,2410,2930,1.107011070110701,4062800,Normal,54,Positif,Uptrend,Bullish,Bearish MACD,Perfect Uptrend (5>20>50),Normal,Akumulasi (Naik),Normal,Seimbang / Adu Mekanik,Normal,Tinggi,Normal,Rawan Pucuk (High Risk),> 1 Miliar,Di Bawah VWAP (Lemah),Distribusi Pro (Guyuran),Ritel Aktif (5M - 50M),Normal (50-150%),Mark-Up (Fase Pesta),Normal,Normal,Naik 1 Hari Beruntun,TP: 2912 | CL: 2625,Open = Low (Bullish Kuat),Tidak Ideal (< 1:1),Death Cross (Awal Bearish),Netral / Sepi Berita,Normal / Sedang Transisi,Dekat Support Fibo 38.2%,5,WAIT & SEE,HOLD / NEUTRAL,0.0,Kondisi pasar normal,TIDAK ADA,2026-09-03 15:24:34,Biasa / Mengikuti Pasar
15:24,FAST,Token Mati (Perlu Update),Mid Cap (Lapis 2),Overvalued (Mahal),0.0,8.769802,470.0,444,312,565,-0.423728813559322,8293700,Normal,61,Negatif,Uptrend,Bullish,Bearish MACD,Perfect Uptrend (5>20>50),Normal,Distribusi (Turun),Normal,Dominan Jual (Guyur),Normal,Tinggi,Normal,Rawan Pucuk (High Risk),> 1 Miliar,Persis di VWAP,Distribusi Pro (Guyuran),Ritel Aktif (5M - 50M),Sepi (< 50%),Mark-Up (Fase Pesta),Spesialis Tiang Jemuran (Banting Pucuk),Normal,Turun 1 Hari Beruntun,TP: 539 | CL: 423,Normal,Tidak Ideal (< 1:1),Netral / Sideways,Netral / Sepi Berita,Normal / Sedang Transisi,Mengambang (Jauh dari Fibo),3,WAIT & SEE,HOLD / NEUTRAL,0.0,Kondisi pasar normal,TIDAK ADA,2026-09-03 15:24:34,Biasa / Mengikuti Pasar
15:24,FISH,Transaksi Sepi (Skip Broksum),Mid Cap (Lapis 2),Overvalued (Mahal),56.8609,17285.715,605.0,605,570,620,-1.6260162601626018,34800,Tembus MA20,46,Negatif,Downtrend,Bullish,Bullish MACD,Awal Reversal (5>20),Normal,Distribusi (Turun),Normal,Seimbang / Adu Mekanik,Squeeze,Rendah,Normal,Area Tengah,< 1 Miliar,Persis di VWAP,Akumulasi Pro (Smart Money),Gorengan Sepi (< 5M),Normal (50-150%),Mark-Down (Fase Runtuh),Normal,Normal,Turun 2 Hari Beruntun,TP: 629 | CL: 588,Open = High (Tekanan Jual),Tidak Ideal (< 1:1),Death Cross (Awal Bearish),Netral / Sepi Berita,Normal / Sedang Transisi,Dekat Support Fibo 50.0%,3,WAIT & SEE,HOLD / NEUTRAL,0.0,Kondisi pasar normal,TIDAK ADA,2026-09-03 15:24:34,Biasa / Mengikuti Pasar
15:24,FMII,Transaksi Sepi (Skip Broksum),Mid Cap (Lapis 2),Fair Value (Wajar),0.0,2.308296,250.0,252,240,260,-1.574803149606299,1000,Normal,48,Negatif,Downtrend,Bullish,Bearish MACD,Perfect Uptrend (5>20>50),Normal,Distribusi (Turun),Normal,Dominan Jual (Guyur),Squeeze,Rendah,Normal,Area Tengah,< 1 Miliar,Persis di VWAP,Akumulasi Pro (Smart Money),Gorengan Sepi (< 5M),Sepi (< 50%),Distribution (Fase Jualan),Solid (Jarang Dibanting),Normal,Turun 1 Hari Beruntun,TP: 266 | CL: 238,Open = High (Tekanan Jual),Menengah (1:1),Netral / Sideways,Netral / Sepi Berita,Supply Kering (Siap Pump) 🏜️,Golden Rebound Fibo 38.2% 🎯,1,WAIT & SEE,HOLD / NEUTRAL,0.0,Kondisi pasar normal,TIDAK ADA,2026-09-03 15:24:34,Biasa / Mengikuti Pasar
15:24,FORU,Token Mati (Perlu Update),Mid Cap (Lapis 2),Overvalued (Mahal),0.0,87.252426,2990.0,2307,1865,3210,15.891472868217054,2638500,Tembus MA20,63,Positif,Uptrend,Bullish,Bullish MACD,Awal Reversal (5>20),Normal,Akumulasi (Naik),Normal,Seimbang / Adu Mekanik,Breakout Upper,Tinggi,Normal,Rawan Pucuk (High Risk),> 1 Miliar,Di Atas VWAP (Kuat),Akumulasi Pro (Smart Money),Ritel Aktif (5M - 50M),Anomali Tinggi (150-300%),Accumulation (Kumpul Barang),Normal,Normal,Naik 1 Hari Beruntun,TP: 3354 | CL: 2747,Normal,Tidak Ideal (< 1:1),Netral / Sideways,Netral / Sepi Berita,Normal / Sedang Transisi,Mengambang (Jauh dari Fibo),7,BELI,HOLD / NEUTRAL,0.0,Kondisi pasar normal,TIDAK ADA,2026-09-03 15:24:34,Biasa / Mengikuti Pasar
15:24,FPNI,Token Mati (Perlu Update),Mid Cap (Lapis 2),Overvalued (Mahal),11.734886,31250.0,625.0,520,408,670,0.8064516129032258,12271300,Normal,74,Positif,Uptrend,Bullish,Strong Bullish,Perfect Uptrend (5>20>50),Normal,Akumulasi (Naik),Normal,Dominan Jual (Guyur),Normal,Tinggi,Normal,Rawan Pucuk (High Risk),> 1 Miliar,Persis di VWAP,Distribusi Pro (Guyuran),Ritel Aktif (5M - 50M),Sepi (< 50%),Mark-Up (Fase Pesta),Spesialis Tiang Jemuran (Banting Pucuk),Normal,Naik 2 Hari Beruntun,TP: 709 | CL: 568,Open = Low (Bullish Kuat),Tidak Ideal (< 1:1),Overbought (Jenuh Beli - Rawan),Netral / Sepi Berita,Normal / Sedang Transisi,Mengambang (Jauh dari Fibo),6,WAIT & SEE,HOLD / NEUTRAL,0.0,Kondisi pasar normal,TIDAK ADA,2026-09-03 15:24:34,Biasa / Mengikuti Pasar
15:24,GDST,Transaksi Sepi (Skip Broksum),Mid Cap (Lapis 2),Undervalued (Murah),10.584958,0.7107764,114.0,115,100,150,1.7857142857142856,3148900,Normal,57,Positif,Downtrend,Bearish,Bearish MACD,Konsolidasi / Transisi,Normal,Akumulasi (Naik),Normal,Dominan Beli (Hajar Kanan),Normal,Tinggi,Normal,Rawan Pucuk (High Risk),< 1 Miliar,Persis di VWAP,Distribusi Pro (Guyuran),Gorengan Sepi (< 5M),Sepi (< 50%),Distribution (Fase Jualan),Spesialis Tiang Jemuran (Banting Pucuk),Normal,Naik 1 Hari Beruntun,TP: 120 | CL: 109,Normal,Ideal (1:2),Netral / Sideways,Netral / Sepi Berita,Normal / Sedang Transisi,Mendekati Fibo 50.0%,4,WAIT & SEE,HOLD / NEUTRAL,0.0,Kondisi pasar normal,TIDAK ADA,2026-09-03 15:24:34,Biasa / Mengikuti Pasar
15:24,GDYR,Transaksi Sepi (Skip Broksum),Small Cap (Lapis 3),Overvalued (Mahal),185833.33,7483.221,1115.0,1106,1060,1130,1.3636363636363635,3800,Normal,54,Positif,Uptrend,Bullish,Strong Bullish,Perfect Uptrend (5>20>50),Normal,Akumulasi (Naik),Normal,Seimbang / Adu Mekanik,Squeeze,Rendah,Normal,Area Tengah,< 1 Miliar,Persis di VWAP,Akumulasi Pro (Smart Money),Gorengan Sepi (< 5M),Normal (50-150%),Mark-Up (Fase Pesta),Normal,Normal,Naik 1 Hari Beruntun,TP: 1143 | CL: 1095,Open = High (Tekanan Jual),Tidak Ideal (< 1:1),Netral / Sideways,Netral / Sepi Berita,Supply Kering (Siap Pump) 🏜️,Golden Rebound Fibo 50.0% 🎯,6,WAIT & SEE,HOLD / NEUTRAL,0.0,Kondisi pasar normal,TIDAK ADA,2026-09-03 15:24:34,Biasa / Mengikuti Pasar
15:24,GEMA,Transaksi Sepi (Skip Broksum),Small Cap (Lapis 3),Fair Value (Wajar),0.0,0.34668052,94.0,83,79,98,4.444444444444445,6341900,Normal,73,Positif,Uptrend,Bullish,Strong Bullish,Perfect Uptrend (5>20>50),Normal,Akumulasi (Naik),Normal,Dominan Beli (Hajar Kanan),Breakout Upper,Tinggi,Marubozu (Strong Bullish),Rawan Pucuk (High Risk),< 1 Miliar,Di Atas VWAP (Kuat),Akumulasi Pro (Smart Money),Gorengan Sepi (< 5M),Normal (50-150%),Mark-Up (Fase Pesta),Spesialis Tiang Jemuran (Banting Pucuk),Normal,Naik 1 Hari Beruntun,TP: 100 | CL: 89,Open = Low (Bullish Kuat),Tidak Ideal (< 1:1),Netral / Sideways,Netral / Sepi Berita,Normal / Sedang Transisi,Mendekati Fibo 23.6%,7,BELI,HOLD / NEUTRAL,0.0,Kondisi pasar normal,TIDAK ADA,2026-09-03 15:24:34,Biasa / Mengikuti Pasar
15:24,GEMS,Token Mati (Perlu Update),Big Cap (Lapis 1),Overvalued (Mahal),10.73225,55827.066,7425.0,6755,6450,7450,4.2105263157894735,388100,Tembus MA20,81,Positif,Uptrend,Bullish,Strong Bullish,Perfect Uptrend (5>20>50),Akumulasi Kuat,Akumulasi (Naik),Normal,Dominan Beli (Hajar Kanan),Breakout Upper,Sedang,Marubozu (Strong Bullish),Rawan Pucuk (High Risk),> 1 Miliar,Di Atas VWAP (Kuat),Akumulasi Pro (Smart Money),Gorengan Sepi (< 5M),Anomali Tinggi (150-300%),Mark-Up (Fase Pesta),Normal,Normal,Naik 1 Hari Beruntun,TP: 7666 | CL: 7264,Normal,Tidak Ideal (< 1:1),Overbought (Jenuh Beli - Rawan),Netral / Sepi Berita,Normal / Sedang Transisi,Mendekati Fibo 23.6%,9,BELI,HOLD / NEUTRAL,0.0,Kondisi pasar normal,TIDAK ADA,2026-09-03 15:24:34,Biasa / Mengikuti Pasar
15:24,GGRM,Token Mati (Perlu Update),Big Cap (Lapis 1),Undervalued (Murah),8.832807,0.6095011,20275.0,20316,19125,21825,0.8706467661691543,423600,Normal,56,Positif,Downtrend,Bearish,Bearish MACD,Konsolidasi / Transisi,Normal,Akumulasi (Naik),Normal,Seimbang / Adu Mekanik,Normal,Sedang,Normal,Area Tengah,> 1 Miliar,Persis di VWAP,Akumulasi Pro (Smart Money),Ritel Aktif (5M - 50M),Sepi (< 50%),Distribution (Fase Jualan),Normal,Normal,Naik 1 Hari Beruntun,TP: 21164 | CL: 19682,Normal,Menengah (1:1),Netral / Sideways,Netral / Sepi Berita,Normal / Sedang Transisi,Dekat Support Fibo 23.6%,3,WAIT & SEE,HOLD / NEUTRAL,0.0,Kondisi pasar normal,TIDAK ADA,2026-09-03 15:24:34,Biasa / Mengikuti Pasar
15:24,GIAA,Token Mati (Perlu Update),Big Cap (Lapis 1),Fair Value (Wajar),0.0,0.0,69.0,67,53,84,4.545454545454546,260708200,Normal,58,Positif,Uptrend,Bearish,Bearish MACD,Konsolidasi / Transisi,Normal,Akumulasi (Naik),Normal,Seimbang / Adu Mekanik,Normal,Tinggi,Normal,Rawan Pucuk (High Risk),> 1 Miliar,Di Atas VWAP (Kuat),Distribusi Pro (Guyuran),Ritel Aktif (5M - 50M),Anomali Tinggi (150-300%),Mark-Up (Fase Pesta),Normal,Normal,Naik 1 Hari Beruntun,TP: 75 | CL: 64,Open = Low (Bullish Kuat),Tidak Ideal (< 1:1),Golden Cross (Awal Bullish),Netral / Sepi Berita,Normal / Sedang Transisi,Mendekati Fibo 50.0%,4,WAIT & SEE,HOLD / NEUTRAL,0.0,Kondisi pasar normal,TIDAK ADA,2026-09-03 15:24:34,🔥 ANOMALI BANDAR (Siap Ledakan)
15:24,GJTL,Token Mati (Perlu Update),Mid Cap (Lapis 2),Undervalued (Murah),3.0630553,0.443159,1400.0,1352,1280,1455,1.4492753623188406,3769800,Normal,65,Positif,Uptrend,Bullish,Bearish MACD,Perfect Uptrend (5>20>50),Normal,Distribusi (Turun),Normal,Dominan Beli (Hajar Kanan),Normal,Sedang,Normal,Area Tengah,> 1 Miliar,Persis di VWAP,Distribusi Pro (Guyuran),Ritel Aktif (5M - 50M),Sepi (< 50%),Mark-Up (Fase Pesta),Normal,Normal,Naik 1 Hari Beruntun,TP: 1456 | CL: 1362,Normal,Tidak Ideal (< 1:1),Netral / Sideways,Netral / Sepi Berita,Normal / Sedang Transisi,Mendekati Fibo 23.6%,5,WAIT & SEE,HOLD / NEUTRAL,0.0,Kondisi pasar normal,TIDAK ADA,2026-09-03 15:24:34,Biasa / Mengikuti Pasar
15:24,GMTD,Transaksi Sepi (Skip Broksum),Mid Cap (Lapis 2),Overvalued (Mahal),50.853245,1.7276545,1490.0,1337,1220,1515,0.6756756756756757,52800,Tembus MA20,68,Positif,Uptrend,Bullish,Strong Bullish,Perfect Uptrend (5>20>50),Akumulasi Kuat,Distribusi (Turun),Normal,Dominan Beli (Hajar Kanan),Normal,Tinggi,Normal,Rawan Pucuk (High Risk),< 1 Miliar,Di Atas VWAP (Kuat),Akumulasi Pro (Smart Money),Gorengan Sepi (< 5M),Normal (50-150%),Mark-Up (Fase Pesta),Normal,Jarum Bawah (Sinyal Pantulan Kuat),Naik 1 Hari Beruntun,TP: 1619 | CL: 1403,Normal,Tidak Ideal (< 1:1),Overbought (Jenuh Beli - Rawan),Netral / Sepi Berita,Normal / Sedang Transisi,Golden Rebound Fibo 61.8% (Golden Ratio) 🎯,8,BELI,HOLD / NEUTRAL,0.0,Kondisi pasar normal,TIDAK ADA,2026-09-03 15:24:34,Biasa / Mengikuti Pasar
15:24,GOLD,Transaksi Sepi (Skip Broksum),Small Cap (Lapis 3),Fair Value (Wajar),23.747368,0.8100539,282.0,273,264,306,3.6764705882352944,340300,Tembus MA20,58,Positif,Uptrend,Bullish,Bearish MACD,Perfect Uptrend (5>20>50),Normal,Akumulasi (Naik),Gap Up (+2.2%),Seimbang / Adu Mekanik,Normal,Sedang,Normal,Area Tengah,< 1 Miliar,Persis di VWAP,Distribusi Pro (Guyuran),Gorengan Sepi (< 5M),Normal (50-150%),Mark-Up (Fase Pesta),Spesialis Tiang Jemuran (Banting Pucuk),Normal,Naik 2 Hari Beruntun,TP: 305 | CL: 266,Normal,Menengah (1:1),Golden Cross (Awal Bullish),Netral / Sepi Berita,Normal / Sedang Transisi,Mendekati Fibo 50.0%,7,BELI,HOLD / NEUTRAL,0.0,Kondisi pasar normal,TIDAK ADA,2026-09-03 15:24:34,Biasa / Mengikuti Pasar
15:24,GPRA,Token Mati (Perlu Update),Small Cap (Lapis 3),Undervalued (Murah),6.926952,0.35079217,110.0,109,102,115,-2.6548672566371683,151873400,Tembus MA20,54,Negatif,Uptrend,Bullish,Bearish MACD,Perfect Uptrend (5>20>50),Normal,Akumulasi (Naik),Normal,Dominan Jual (Guyur),Squeeze,Rendah,Normal,Area Tengah,> 1 Miliar,Di Bawah VWAP (Lemah),Distribusi Pro (Guyuran),Ritel Aktif (5M - 50M),Normal (50-150%),Mark-Up (Fase Pesta),Spesialis Tiang Jemuran (Banting Pucuk),Normal,Turun 1 Hari Beruntun,TP: 116 | CL: 105,Normal,Tidak Ideal (< 1:1),Netral / Sideways,Netral / Sepi Berita,Normal / Sedang Transisi,Mendekati Fibo 38.2%,5,WAIT & SEE,HOLD / NEUTRAL,0.0,Kondisi pasar normal,TIDAK ADA,2026-09-03 15:24:34,Biasa / Mengikuti Pasar
15:24,GSMF,Transaksi Sepi (Skip Broksum),Mid Cap (Lapis 2),Overvalued (Mahal),56.725143,0.5950336,97.0,92,83,113,-1.0204081632653061,2595100,Normal,59,Negatif,Uptrend,Bullish,Strong Bullish,Perfect Uptrend (5>20>50),Normal,Akumulasi (Naik),Normal,Dominan Jual (Guyur),Normal,Tinggi,Normal,Rawan Pucuk (High Risk),< 1 Miliar,Di Bawah VWAP (Lemah),Distribusi Pro (Guyuran),Gorengan Sepi (< 5M),Sepi (< 50%),Mark-Up (Fase Pesta),Spesialis Tiang Jemuran (Banting Pucuk),Normal,Turun 1 Hari Beruntun,TP: 107 | CL: 90,Open = High (Tekanan Jual),Menengah (1:1),Netral / Sideways,Netral / Sepi Berita,Normal / Sedang Transisi,Mendekati Fibo 38.2%,5,WAIT & SEE,HOLD / NEUTRAL,0.0,Kondisi pasar normal,TIDAK ADA,2026-09-03 15:24:34,Biasa / Mengikuti Pasar
15:24,GTBO,Transaksi Sepi (Skip Broksum),Small Cap (Lapis 3),Overvalued (Mahal),0.0,19111.111,172.0,170,170,180,1.1764705882352942,65300,Tembus MA20,81,Positif,Uptrend,Golden Cross,Bullish MACD,Perfect Uptrend (5>20>50),Akumulasi Kuat,Akumulasi (Naik),Normal,Dominan Jual (Guyur),Squeeze,Rendah,Normal,Dekat Support (Low Risk),< 1 Miliar,Di Bawah VWAP (Lemah),Distribusi Pro (Guyuran),Gorengan Sepi (< 5M),Ledakan Ekstrem (> 300%),Mark-Up (Fase Pesta),Normal,Normal,Naik 1 Hari Beruntun,TP: 173 | CL: 171,Open = Low (Bullish Kuat),Sangat Menarik (> 1:3),Golden Cross (Awal Bullish),Netral / Sepi Berita,Normal / Sedang Transisi,Dekat Support Fibo 78.6%,8,BELI,HOLD / NEUTRAL,0.0,Kondisi pasar normal,TIDAK ADA,2026-09-03 15:24:34,Biasa / Mengikuti Pasar
15:24,GWSA,Transaksi Sepi (Skip Broksum),Mid Cap (Lapis 2),Undervalued (Murah),9.854228,0.18080842,169.0,153,132,184,-0.5882352941176471,582000,Normal,73,Negatif,Uptrend,Bullish,Strong Bullish,Perfect Uptrend (5>20>50),Normal,Distribusi (Turun),Normal,Seimbang / Adu Mekanik,Normal,Tinggi,Normal,Rawan Pucuk (High Risk),< 1 Miliar,Di Bawah VWAP (Lemah),Distribusi Pro (Guyuran),Gorengan Sepi (< 5M),Sepi (< 50%),Mark-Up (Fase Pesta),Spesialis Tiang Jemuran (Banting Pucuk),Normal,Turun 1 Hari Beruntun,TP: 182 | CL: 159,Normal,Tidak Ideal (< 1:1),Death Cross (Awal Bearish),Netral / Sepi Berita,Normal / Sedang Transisi,Dekat Support Fibo 23.6%,4,WAIT & SEE,HOLD / NEUTRAL,0.0,Kondisi pasar normal,TIDAK ADA,2026-09-03 15:24:34,Biasa / Mengikuti Pasar
15:24,GZCO,Token Mati (Perlu Update),Mid Cap (Lapis 2),Undervalued (Murah),10.343061,0.9679661,200.0,178,162,218,-2.912621359223301,63757000,Tembus MA20,67,Negatif,Uptrend,Bullish,Strong Bullish,Perfect Uptrend (5>20>50),Normal,Akumulasi (Naik),Normal,Dominan Jual (Guyur),Breakout Upper,Tinggi,Normal,Rawan Pucuk (High Risk),> 1 Miliar,Persis di VWAP,Akumulasi Pro (Smart Money),Ritel Aktif (5M - 50M),Normal (50-150%),Mark-Up (Fase Pesta),Spesialis Tiang Jemuran (Banting Pucuk),Normal,Turun 1 Hari Beruntun,TP: 216 | CL: 188,Normal,Tidak Ideal (< 1:1),Death Cross (Awal Bearish),Netral / Sepi Berita,Supply Banjir (Distribusi) 🌊,Mendekati Fibo 23.6%,6,WAIT & SEE,HOLD / NEUTRAL,0.0,Kondisi pasar normal,TIDAK ADA,2026-09-03 15:24:34,Biasa / Mengikuti Pasar
15:24,HADE,Transaksi Sepi (Skip Broksum),Small Cap (Lapis 3),Overvalued (Mahal),0.0,9.109312,18.0,17,16,20,5.88235294117647,4750100,Tembus MA20,53,Positif,Uptrend,Bearish,Strong Bearish,Konsolidasi / Transisi,Normal,Akumulasi (Naik),Gap Up (+5.9%),Tidak Ada Transaksi,Normal,Tinggi,Doji (Ragu-ragu),Rawan Pucuk (High Risk),< 1 Miliar,Di Atas VWAP (Kuat),Akumulasi Pro (Smart Money),Gorengan Sepi (< 5M),Anomali Tinggi (150-300%),Mark-Up (Fase Pesta),Normal,Normal,Naik 2 Hari Beruntun,TP: 19 | CL: 17,Normal,Menengah (1:1),Netral / Sideways,Netral / Sepi Berita,Normal / Sedang Transisi,Mendekati Fibo 38.2%,6,WAIT & SEE,HOLD / NEUTRAL,0.0,Kondisi pasar normal,TIDAK ADA,2026-09-03 15:24:34,Biasa / Mengikuti Pasar
15:24,HDFA,Token Mati (Perlu Update),Small Cap (Lapis 3),Fair Value (Wajar),0.0,1.4212092,106.0,99,92,130,4.9504950495049505,12587800,Tembus MA20,65,Positif,Uptrend,Bullish,Strong Bullish,Perfect Uptrend (5>20>50),Akumulasi Kuat,Akumulasi (Naik),Normal,Seimbang / Adu Mekanik,Breakout Upper,Sedang,Normal,Rawan Pucuk (High Risk),> 1 Miliar,Persis di VWAP,Distribusi Pro (Guyuran),Gorengan Sepi (< 5M),Ledakan Ekstrem (> 300%),Mark-Up (Fase Pesta),Spesialis Tiang Jemuran (Banting Pucuk),Normal,Naik 1 Hari Beruntun,TP: 114 | CL: 100,Normal,Ideal (1:2),Netral / Sideways,Netral / Sepi Berita,Normal / Sedang Transisi,Mendekati Fibo 50.0%,8,BELI,HOLD / NEUTRAL,0.0,Kondisi pasar normal,TIDAK ADA,2026-09-03 15:24:34,Biasa / Mengikuti Pasar
15:24,HERO,Transaksi Sepi (Skip Broksum),Mid Cap (Lapis 2),Overvalued (Mahal),111.70569,0.81170607,334.0,336,322,362,-0.5952380952380952,253900,Normal,49,Negatif,Downtrend,Bearish,Strong Bearish,Konsolidasi / Transisi,Normal,Distribusi (Turun),Normal,Seimbang / Adu Mekanik,Squeeze,Rendah,Normal,Area Tengah,< 1 Miliar,Persis di VWAP,Akumulasi Pro (Smart Money),Gorengan Sepi (< 5M),Normal (50-150%),Distribution (Fase Jualan),Normal,Normal,Turun 1 Hari Beruntun,TP: 352 | CL: 321,Normal,Ideal (1:2),Netral / Sideways,Netral / Sepi Berita,Normal / Sedang Transisi,Dekat Support Fibo 78.6%,0,WAIT & SEE,HOLD / NEUTRAL,0.0,Kondisi pasar normal,TIDAK ADA,2026-09-03 15:24:34,Biasa / Mengikuti Pasar
15:24,HEXA,Token Mati (Perlu Update),Mid Cap (Lapis 2),Overvalued (Mahal),14.913996,22277.227,4500.0,4424,4280,4520,0.22271714922048996,663300,Tembus MA20,61,Positif,Uptrend,Bullish,Strong Bullish,Awal Reversal (5>20),Normal,Akumulasi (Naik),Normal,Dominan Beli (Hajar Kanan),Squeeze,Rendah,Hammer (Potensi Reversal),Area Tengah,> 1 Miliar,Persis di VWAP,Akumulasi Pro (Smart Money),Gorengan Sepi (< 5M),Normal (50-150%),Accumulation (Kumpul Barang),Normal,Jarum Bawah (Sinyal Pantulan Kuat),Naik 1 Hari Beruntun,TP: 4571 | CL: 4452,Normal,Tidak Ideal (< 1:1),Overbought (Jenuh Beli - Rawan),Netral / Sepi Berita,Normal / Sedang Transisi,Golden Rebound Fibo 23.6% 🎯,8,BELI,HOLD / NEUTRAL,0.0,Kondisi pasar normal,TIDAK ADA,2026-09-03 15:24:34,Biasa / Mengikuti Pasar
15:24,HMSP,Token Mati (Perlu Update),Big Cap (Lapis 1),Overvalued (Mahal),9.937308,3.3282108,745.0,745,715,790,2.054794520547945,9554100,Normal,55,Positif,Downtrend,Bearish,Bearish MACD,Konsolidasi / Transisi,Normal,Distribusi (Turun),Normal,Dominan Beli (Hajar Kanan),Squeeze,Rendah,Normal,Area Tengah,> 1 Miliar,Di Atas VWAP (Kuat),Distribusi Pro (Guyuran),Ritel Aktif (5M - 50M),Normal (50-150%),Distribution (Fase Jualan),Normal,Normal,Naik 1 Hari Beruntun,TP: 772 | CL: 726,Open = Low (Bullish Kuat),Ideal (1:2),Netral / Sideways,Netral / Sepi Berita,Normal / Sedang Transisi,Dekat Support Fibo 23.6%,3,WAIT & SEE,HOLD / NEUTRAL,0.0,Kondisi pasar normal,TIDAK ADA,2026-09-03 15:24:34,Biasa / Mengikuti Pasar
15:24,HRUM,Token Mati (Perlu Update),Big Cap (Lapis 1),Overvalued (Mahal),16.058884,13150.686,960.0,886,805,975,2.127659574468085,27980800,Tembus MA20,67,Positif,Uptrend,Bullish,Strong Bullish,Perfect Uptrend (5>20>50),Normal,Akumulasi (Naik),Normal,Seimbang / Adu Mekanik,Normal,Tinggi,Normal,Rawan Pucuk (High Risk),> 1 Miliar,Di Atas VWAP (Kuat),Akumulasi Pro (Smart Money),Ritel Aktif (5M - 50M),Normal (50-150%),Mark-Up (Fase Pesta),Normal,Normal,Naik 6 Hari Beruntun,TP: 1018 | CL: 920,Normal,Tidak Ideal (< 1:1),Overbought (Jenuh Beli - Rawan),Netral / Sepi Berita,Normal / Sedang Transisi,Mengambang (Jauh dari Fibo),7,BELI,HOLD / NEUTRAL,0.0,Kondisi pasar normal,TIDAK ADA,2026-09-03 15:24:34,Biasa / Mengikuti Pasar
15:24,IATA,Token Mati (Perlu Update),Mid Cap (Lapis 2),Overvalued (Mahal),76.83616,34000.0,135.0,119,87,142,9.75609756097561,2545587600,Tembus MA20,67,Positif,Uptrend,Bullish,Bearish MACD,Perfect Uptrend (5>20>50),Normal,Akumulasi (Naik),Normal,Seimbang / Adu Mekanik,Normal,Tinggi,Normal,Rawan Pucuk (High Risk),> 1 Miliar,Di Atas VWAP (Kuat),Akumulasi Pro (Smart Money),Sultan (> 50M/hari),Anomali Tinggi (150-300%),Mark-Up (Fase Pesta),Normal,Normal,Naik 1 Hari Beruntun,TP: 152 | CL: 123,Normal,Tidak Ideal (< 1:1),Netral / Sideways,Netral / Sepi Berita,Normal / Sedang Transisi,Mengambang (Jauh dari Fibo),6,WAIT & SEE,HOLD / NEUTRAL,0.0,Kondisi pasar normal,TIDAK ADA,2026-09-03 15:24:34,⚠️ Anomali (Sudah Terbang)
15:24,ICBP,Token Mati (Perlu Update),Big Cap (Lapis 1),Fair Value (Wajar),11.654919,1.6299614,7375.0,7611,7225,8000,0.0,4146900,Normal,47,Negatif,Downtrend,Death Cross,Bearish MACD,Konsolidasi / Transisi,Normal,Distribusi (Turun),Normal,Dominan Beli (Hajar Kanan),Bottom Rebound,Sedang,Normal,Dekat Support (Low Risk),> 1 Miliar,Di Bawah VWAP (Lemah),Distribusi Pro (Guyuran),Sultan (> 50M/hari),Normal (50-150%),Distribution (Fase Jualan),Normal,Normal,Sideways / Stagnan,TP: 7672 | CL: 7176,Normal,Sangat Menarik (> 1:3),Oversold (Jenuh Jual - Peluang),Netral / Sepi Berita,Normal / Sedang Transisi,Mendekati Fibo 38.2%,1,WAIT & SEE,HOLD / NEUTRAL,0.0,Kondisi pasar normal,TIDAK ADA,2026-09-03 15:24:34,Biasa / Mengikuti Pasar
15:24,ICON,Token Mati (Perlu Update),Small Cap (Lapis 3),Fair Value (Wajar),0.0,0.9745006,137.0,127,106,167,2.2388059701492535,349537700,Tembus MA20,62,Positif,Uptrend,Bullish,Strong Bullish,Perfect Uptrend (5>20>50),Akumulasi Kuat,Akumulasi (Naik),Normal,Dominan Jual (Guyur),Normal,Tinggi,Doji (Ragu-ragu),Rawan Pucuk (High Risk),> 1 Miliar,Di Bawah VWAP (Lemah),Distribusi Pro (Guyuran),Ritel Aktif (5M - 50M),Ledakan Ekstrem (> 300%),Mark-Up (Fase Pesta),Spesialis Tiang Jemuran (Banting Pucuk),Normal,Naik 1 Hari Beruntun,TP: 159 | CL: 121,Open = Low (Bullish Kuat),Tidak Ideal (< 1:1),Netral / Sideways,Netral / Sepi Berita,Normal / Sedang Transisi,Mendekati Fibo 50.0%,8,BELI,HOLD / NEUTRAL,0.0,Kondisi pasar normal,TIDAK ADA,2026-09-03 15:24:34,Biasa / Mengikuti Pasar
15:24,IGAR,Transaksi Sepi (Skip Broksum),Small Cap (Lapis 3),Undervalued (Murah),6.6077495,0.63008296,486.0,460,438,492,0.8298755186721992,699700,Tembus MA20,78,Positif,Uptrend,Bullish,Strong Bullish,Perfect Uptrend (5>20>50),Akumulasi Kuat,Akumulasi (Naik),Gap Down (-2.9%),Dominan Beli (Hajar Kanan),Normal,Sedang,Marubozu (Strong Bullish),Rawan Pucuk (High Risk),< 1 Miliar,Di Atas VWAP (Kuat),Akumulasi Pro (Smart Money),Gorengan Sepi (< 5M),Ledakan Ekstrem (> 300%),Mark-Up (Fase Pesta),Spesialis Tiang Jemuran (Banting Pucuk),Normal,Naik 1 Hari Beruntun,TP: 504 | CL: 473,Open = Low (Bullish Kuat),Tidak Ideal (< 1:1),Overbought (Jenuh Beli - Rawan),Netral / Sepi Berita,Normal / Sedang Transisi,Dekat Support Fibo 23.6%,9,BELI,HOLD / NEUTRAL,0.0,Kondisi pasar normal,TIDAK ADA,2026-09-03 15:24:34,Biasa / Mengikuti Pasar
15:24,IKAI,Transaksi Sepi (Skip Broksum),Small Cap (Lapis 3),Fair Value (Wajar),0.0,0.4101457,19.0,20,19,23,-5.0,12219600,Tembus MA20,44,Negatif,Downtrend,Bearish,Strong Bearish,Konsolidasi / Transisi,Normal,Distribusi (Turun),Gap Down (-5.0%),Tidak Ada Transaksi,Normal,Tinggi,Doji (Ragu-ragu),Dekat Support (Low Risk),< 1 Miliar,Di Bawah VWAP (Lemah),Distribusi Pro (Guyuran),Gorengan Sepi (< 5M),Normal (50-150%),Distribution (Fase Jualan),Spesialis Tiang Jemuran (Banting Pucuk),Normal,Turun 1 Hari Beruntun,TP: 20 | CL: 18,Normal,Di Area Support,Netral / Sideways,Netral / Sepi Berita,Normal / Sedang Transisi,Mendekati Fibo 61.8% (Golden Ratio),1,WAIT & SEE,HOLD / NEUTRAL,0.0,Kondisi pasar normal,TIDAK ADA,2026-09-03 15:24:34,Biasa / Mengikuti Pasar
15:24,IKBI,Transaksi Sepi (Skip Broksum),Small Cap (Lapis 3),Overvalued (Mahal),4.835681,7152.7783,515.0,554,505,753,0.0,334900,Normal,44,Negatif,Downtrend,Bearish,Strong Bearish,Konsolidasi / Transisi,Normal,Distribusi (Turun),Normal,Dominan Beli (Hajar Kanan),Normal,Tinggi,Doji (Ragu-ragu),Dekat Support (Low Risk),< 1 Miliar,Persis di VWAP,Akumulasi Pro (Smart Money),Gorengan Sepi (< 5M),Normal (50-150%),Distribution (Fase Jualan),Normal,Jarum Bawah (Sinyal Pantulan Kuat),Sideways / Stagnan,TP: 553 | CL: 489,Normal,Sangat Menarik (> 1:3),Oversold (Jenuh Jual - Peluang),Netral / Sepi Berita,Normal / Sedang Transisi,Mendekati Fibo 78.6%,1,WAIT & SEE,HOLD / NEUTRAL,0.0,Kondisi pasar normal,TIDAK ADA,2026-09-03 15:24:34,Biasa / Mengikuti Pasar
15:24,IMAS,Token Mati (Perlu Update),Mid Cap (Lapis 2),Overvalued (Mahal),39.07496,0.27627477,980.0,877,840,1100,11.363636363636363,5248800,Tembus MA20,77,Positif,Uptrend,Bullish,Strong Bullish,Perfect Uptrend (5>20>50),Akumulasi Kuat,Akumulasi (Naik),Gap Up (+6.8%),Dominan Jual (Guyur),Breakout Upper,Sedang,Normal,Rawan Pucuk (High Risk),> 1 Miliar,Persis di VWAP,Distribusi Pro (Guyuran),Gorengan Sepi (< 5M),Ledakan Ekstrem (> 300%),Mark-Up (Fase Pesta),Spesialis Tiang Jemuran (Banting Pucuk),Normal,Naik 2 Hari Beruntun,TP: 1039 | CL: 940,Open = Low (Bullish Kuat),Tidak Ideal (< 1:1),Netral / Sideways,Netral / Sepi Berita,Normal / Sedang Transisi,Dekat Support Fibo 38.2%,9,BELI,HOLD / NEUTRAL,0.0,Kondisi pasar normal,TIDAK ADA,2026-09-03 15:24:34,Biasa / Mengikuti Pasar
15:24,IMJS,Token Mati (Perlu Update),Mid Cap (Lapis 2),Undervalued (Murah),11.043285,0.39246544,199.0,167,156,212,17.75147928994083,98629900,Tembus MA20,76,Positif,Uptrend,Bullish,Strong Bullish,Perfect Uptrend (5>20>50),Distribusi Kuat,Akumulasi (Naik),Gap Up (+18.3%),Seimbang / Adu Mekanik,Breakout Upper,Tinggi,Doji (Ragu-ragu),Rawan Pucuk (High Risk),> 1 Miliar,Persis di VWAP,Distribusi Pro (Guyuran),Gorengan Sepi (< 5M),Ledakan Ekstrem (> 300%),Mark-Up (Fase Pesta),Spesialis Tiang Jemuran (Banting Pucuk),Normal,Naik 1 Hari Beruntun,TP: 212 | CL: 190,Normal,Tidak Ideal (< 1:1),Netral / Sideways,Netral / Sepi Berita,Supply Banjir (Distribusi) 🌊,Mendekati Fibo 23.6%,8,BELI,HOLD / NEUTRAL,0.0,Kondisi pasar normal,TIDAK ADA,2026-09-03 15:24:34,⚠️ Anomali (Sudah Terbang)
15:24,IMPC,Token Mati (Perlu Update),Big Cap (Lapis 1),Overvalued (Mahal),99.57326,24.258808,1400.0,1435,1290,1610,-1.4084507042253522,9218600,Normal,46,Negatif,Downtrend,Bearish,Bullish MACD,Strong Downtrend (5<20<50),Normal,Distribusi (Turun),Normal,Dominan Jual (Guyur),Normal,Tinggi,Normal,Area Tengah,> 1 Miliar,Persis di VWAP,Distribusi Pro (Guyuran),Ritel Aktif (5M - 50M),Normal (50-150%),Mark-Down (Fase Runtuh),Solid (Jarang Dibanting),Normal,Turun 2 Hari Beruntun,TP: 1496 | CL: 1335,Normal,Ideal (1:2),Netral / Sideways,Netral / Sepi Berita,Normal / Sedang Transisi,Mengambang (Jauh dari Fibo),1,WAIT & SEE,HOLD / NEUTRAL,0.0,Kondisi pasar normal,TIDAK ADA,2026-09-03 15:24:34,Biasa / Mengikuti Pasar
15:24,INAI,Transaksi Sepi (Skip Broksum),Small Cap (Lapis 3),Fair Value (Wajar),0.0,1.7307673,176.0,177,168,198,0.0,314300,Normal,54,Negatif,Downtrend,Death Cross,Bearish MACD,Konsolidasi / Transisi,Normal,Distribusi (Turun),Normal,Seimbang / Adu Mekanik,Squeeze,Rendah,Doji (Ragu-ragu),Area Tengah,< 1 Miliar,Persis di VWAP,Distribusi Pro (Guyuran),Gorengan Sepi (< 5M),Sepi (< 50%),Distribution (Fase Jualan),Spesialis Tiang Jemuran (Banting Pucuk),Normal,Sideways / Stagnan,TP: 188 | CL: 167,Normal,Ideal (1:2),Netral / Sideways,Netral / Sepi Berita,Supply Kering (Siap Pump) 🏜️,Mendekati Fibo 50.0%,1,WAIT & SEE,HOLD / NEUTRAL,0.0,Kondisi pasar normal,TIDAK ADA,2026-09-03 15:24:34,Biasa / Mengikuti Pasar
15:24,INCI,Token Mati (Perlu Update),Small Cap (Lapis 3),Undervalued (Murah),9.68382,0.34968546,815.0,689,645,850,5.161290322580645,1262200,Tembus MA20,81,Positif,Uptrend,Bullish,Strong Bullish,Perfect Uptrend (5>20>50),Akumulasi Kuat,Akumulasi (Naik),Normal,Dominan Beli (Hajar Kanan),Breakout Upper,Tinggi,Normal,Rawan Pucuk (High Risk),> 1 Miliar,Di Atas VWAP (Kuat),Akumulasi Pro (Smart Money),Gorengan Sepi (< 5M),Anomali Tinggi (150-300%),Mark-Up (Fase Pesta),Normal,Normal,Naik 1 Hari Beruntun,TP: 864 | CL: 781,Open = Low (Bullish Kuat),Tidak Ideal (< 1:1),Netral / Sideways,Netral / Sepi Berita,Normal / Sedang Transisi,Mendekati Fibo 23.6%,9,BELI,HOLD / NEUTRAL,0.0,Kondisi pasar normal,TIDAK ADA,2026-09-03 15:24:34,Biasa / Mengikuti Pasar
15:24,INCO,Token Mati (Perlu Update),Big Cap (Lapis 1),Overvalued (Mahal),18.906273,18327.139,4920.0,5210,4790,5700,2.0746887966804977,11126600,Normal,44,Positif,Downtrend,Bearish,Bearish MACD,Konsolidasi / Transisi,Normal,Distribusi (Turun),Normal,Dominan Beli (Hajar Kanan),Bottom Rebound,Sedang,Normal,Dekat Support (Low Risk),> 1 Miliar,Di Bawah VWAP (Lemah),Distribusi Pro (Guyuran),Sultan (> 50M/hari),Normal (50-150%),Distribution (Fase Jualan),Normal,Normal,Naik 1 Hari Beruntun,TP: 5217 | CL: 4721,Open = Low (Bullish Kuat),Sangat Menarik (> 1:3),Golden Cross (Awal Bullish),Netral / Sepi Berita,Normal / Sedang Transisi,Mendekati Fibo 50.0%,2,WAIT & SEE,HOLD / NEUTRAL,0.0,Kondisi pasar normal,TIDAK ADA,2026-09-03 15:24:34,Biasa / Mengikuti Pasar
15:24,INDF,Token Mati (Perlu Update),Big Cap (Lapis 1),Undervalued (Murah),6.62917,0.8275158,7225.0,7321,7075,7500,0.6968641114982579,3384600,Normal,52,Positif,Downtrend,Bearish,Bearish MACD,Konsolidasi / Transisi,Normal,Akumulasi (Naik),Normal,Seimbang / Adu Mekanik,Squeeze,Rendah,Normal,Dekat Support (Low Risk),> 1 Miliar,Di Bawah VWAP (Lemah),Akumulasi Pro (Smart Money),Sultan (> 50M/hari),Normal (50-150%),Distribution (Fase Jualan),Solid (Jarang Dibanting),Normal,Naik 1 Hari Beruntun,TP: 7439 | CL: 7082,Normal,Ideal (1:2),Golden Cross (Awal Bullish),Netral / Sepi Berita,Normal / Sedang Transisi,Dekat Support Fibo 23.6%,3,WAIT & SEE,HOLD / NEUTRAL,0.0,Kondisi pasar normal,TIDAK ADA,2026-09-03 15:24:34,Biasa / Mengikuti Pasar
15:24,INDR,Transaksi Sepi (Skip Broksum),Mid Cap (Lapis 2),Overvalued (Mahal),9.609827,4602.076,2660.0,2449,2250,2700,-1.1152416356877324,108000,Tembus MA20,71,Negatif,Uptrend,Bullish,Strong Bullish,Perfect Uptrend (5>20>50),Distribusi Kuat,Akumulasi (Naik),Normal,Dominan Beli (Hajar Kanan),Breakout Upper,Tinggi,Hammer (Potensi Reversal),Rawan Pucuk (High Risk),< 1 Miliar,Di Atas VWAP (Kuat),Akumulasi Pro (Smart Money),Gorengan Sepi (< 5M),Anomali Tinggi (150-300%),Mark-Up (Fase Pesta),Normal,Jarum Bawah (Sinyal Pantulan Kuat),Turun 1 Hari Beruntun,TP: 2842 | CL: 2538,Open = High (Tekanan Jual),Tidak Ideal (< 1:1),Overbought (Jenuh Beli - Rawan),Netral / Sepi Berita,Supply Banjir (Distribusi) 🌊,Mengambang (Jauh dari Fibo),7,BELI,HOLD / NEUTRAL,0.0,Kondisi pasar normal,TIDAK ADA,2026-09-03 15:24:34,Biasa / Mengikuti Pasar
15:24,INDS,Transaksi Sepi (Skip Broksum),Mid Cap (Lapis 2),Overvalued (Mahal),27.72074,0.5176658,270.0,268,258,288,2.272727272727273,1105200,Normal,52,Positif,Uptrend,Bearish,Strong Bearish,Konsolidasi / Transisi,Normal,Distribusi (Turun),Normal,Seimbang / Adu Mekanik,Normal,Sedang,Normal,Area Tengah,< 1 Miliar,Di Atas VWAP (Kuat),Distribusi Pro (Guyuran),Gorengan Sepi (< 5M),Normal (50-150%),Mark-Up (Fase Pesta),Normal,Normal,Naik 1 Hari Beruntun,TP: 283 | CL: 261,Normal,Ideal (1:2),Netral / Sideways,Netral / Sepi Berita,Normal / Sedang Transisi,Dekat Support Fibo 50.0%,3,WAIT & SEE,HOLD / NEUTRAL,0.0,Kondisi pasar normal,TIDAK ADA,2026-09-03 15:24:34,Biasa / Mengikuti Pasar
15:24,INDY,Token Mati (Perlu Update),Big Cap (Lapis 1),Overvalued (Mahal),55.443954,11948.052,2760.0,2657,2430,2870,1.4705882352941175,12750600,Normal,58,Positif,Uptrend,Bullish,Bearish MACD,Perfect Uptrend (5>20>50),Normal,Distribusi (Turun),Normal,Dominan Beli (Hajar Kanan),Normal,Tinggi,Normal,Rawan Pucuk (High Risk),> 1 Miliar,Persis di VWAP,Distribusi Pro (Guyuran),Sultan (> 50M/hari),Normal (50-150%),Mark-Up (Fase Pesta),Normal,Normal,Naik 1 Hari Beruntun,TP: 2952 | CL: 2631,Normal,Tidak Ideal (< 1:1),Netral / Sideways,Netral / Sepi Berita,Normal / Sedang Transisi,Mendekati Fibo 23.6%,5,WAIT & SEE,HOLD / NEUTRAL,0.0,Kondisi pasar normal,TIDAK ADA,2026-09-03 15:24:34,Biasa / Mengikuti Pasar
15:24,INKP,Token Mati (Perlu Update),Big Cap (Lapis 1),Overvalued (Mahal),4.1450872,6768.0605,8925.0,8623,8150,9000,1.13314447592068,3160500,Normal,67,Positif,Uptrend,Bullish,Bearish MACD,Perfect Uptrend (5>20>50),Normal,Distribusi (Turun),Normal,Dominan Beli (Hajar Kanan),Normal,Sedang,Normal,Area Tengah,> 1 Miliar,Di Atas VWAP (Kuat),Akumulasi Pro (Smart Money),Ritel Aktif (5M - 50M),Normal (50-150%),Mark-Up (Fase Pesta),Normal,Normal,Naik 1 Hari Beruntun,TP: 9270 | CL: 8694,Normal,Tidak Ideal (< 1:1),Overbought (Jenuh Beli - Rawan),Netral / Sepi Berita,Normal / Sedang Transisi,Mengambang (Jauh dari Fibo),5,WAIT & SEE,HOLD / NEUTRAL,0.0,Kondisi pasar normal,TIDAK ADA,2026-09-03 15:24:34,Biasa / Mengikuti Pasar
15:24,INPC,Token Mati (Perlu Update),Mid Cap (Lapis 2),Fair Value (Wajar),0.0,0.8827508,168.0,145,136,172,8.38709677419355,69154000,Tembus MA20,77,Positif,Uptrend,Bullish,Strong Bullish,Perfect Uptrend (5>20>50),Akumulasi Kuat,Akumulasi (Naik),Normal,Dominan Beli (Hajar Kanan),Breakout Upper,Tinggi,Normal,Rawan Pucuk (High Risk),> 1 Miliar,Di Atas VWAP (Kuat),Akumulasi Pro (Smart Money),Ritel Aktif (5M - 50M),Ledakan Ekstrem (> 300%),Mark-Up (Fase Pesta),Spesialis Tiang Jemuran (Banting Pucuk),Normal,Naik 3 Hari Beruntun,TP: 180 | CL: 159,Normal,Tidak Ideal (< 1:1),Netral / Sideways,Netral / Sepi Berita,Normal / Sedang Transisi,Mengambang (Jauh dari Fibo),9,BELI,HOLD / NEUTRAL,0.0,Kondisi pasar normal,TIDAK ADA,2026-09-03 15:24:34,Biasa / Mengikuti Pasar
15:24,INPP,Transaksi Sepi (Skip Broksum),Mid Cap (Lapis 2),Overvalued (Mahal),280.303,1.4427538,740.0,733,665,844,-1.9867549668874174,22600,Normal,53,Negatif,Uptrend,Bullish,Strong Bullish,Perfect Uptrend (5>20>50),Normal,Akumulasi (Naik),Normal,Dominan Jual (Guyur),Normal,Sedang,Normal,Rawan Pucuk (High Risk),< 1 Miliar,Persis di VWAP,Akumulasi Pro (Smart Money),Gorengan Sepi (< 5M),Sepi (< 50%),Mark-Up (Fase Pesta),Normal,Normal,Turun 1 Hari Beruntun,TP: 797 | CL: 701,Open = High (Tekanan Jual),Menengah (1:1),Netral / Sideways,Netral / Sepi Berita,Normal / Sedang Transisi,Dekat Support Fibo 50.0%,5,WAIT & SEE,HOLD / NEUTRAL,0.0,Kondisi pasar normal,TIDAK ADA,2026-09-03 15:24:34,Biasa / Mengikuti Pasar
15:24,INTD,Transaksi Sepi (Skip Broksum),Small Cap (Lapis 3),Overvalued (Mahal),54.119545,4.6342726,268.0,281,248,342,-7.586206896551724,2880300,Tembus MA20,47,Negatif,Downtrend,Bullish,Bearish MACD,Perfect Uptrend (5>20>50),Distribusi Kuat,Distribusi (Turun),Normal,Seimbang / Adu Mekanik,Normal,Tinggi,Normal,Area Tengah,< 1 Miliar,Di Bawah VWAP (Lemah),Distribusi Pro (Guyuran),Gorengan Sepi (< 5M),Ledakan Ekstrem (> 300%),Distribution (Fase Jualan),Spesialis Tiang Jemuran (Banting Pucuk),Normal,Turun 1 Hari Beruntun,TP: 307 | CL: 242,Normal,Sangat Menarik (> 1:3),Netral / Sideways,Netral / Sepi Berita,Supply Banjir (Distribusi) 🌊,Mendekati Fibo 61.8% (Golden Ratio),2,WAIT & SEE,HOLD / NEUTRAL,0.0,Kondisi pasar normal,TIDAK ADA,2026-09-03 15:24:34,Biasa / Mengikuti Pasar
15:24,INTP,Token Mati (Perlu Update),Big Cap (Lapis 1),Undervalued (Murah),7.8580728,0.8296912,5525.0,5446,4970,5675,0.91324200913242,742200,Normal,63,Positif,Uptrend,Bullish,Bearish MACD,Perfect Uptrend (5>20>50),Normal,Distribusi (Turun),Normal,Seimbang / Adu Mekanik,Normal,Sedang,Normal,Rawan Pucuk (High Risk),> 1 Miliar,Persis di VWAP,Akumulasi Pro (Smart Money),Ritel Aktif (5M - 50M),Sepi (< 50%),Mark-Up (Fase Pesta),Normal,Normal,Naik 1 Hari Beruntun,TP: 5760 | CL: 5367,Normal,Tidak Ideal (< 1:1),Netral / Sideways,Netral / Sepi Berita,Normal / Sedang Transisi,Mendekati Fibo 23.6%,4,WAIT & SEE,HOLD / NEUTRAL,0.0,Kondisi pasar normal,TIDAK ADA,2026-09-03 15:24:34,Biasa / Mengikuti Pasar
15:24,IPOL,Transaksi Sepi (Skip Broksum),Small Cap (Lapis 3),Overvalued (Mahal),20.774649,4370.37,118.0,113,108,136,1.7241379310344827,6277800,Tembus MA20,71,Positif,Uptrend,Bullish,Strong Bullish,Perfect Uptrend (5>20>50),Normal,Akumulasi (Naik),Normal,Dominan Jual (Guyur),Squeeze,Rendah,Normal,Area Tengah,< 1 Miliar,Persis di VWAP,Distribusi Pro (Guyuran),Gorengan Sepi (< 5M),Ledakan Ekstrem (> 300%),Mark-Up (Fase Pesta),Spesialis Tiang Jemuran (Banting Pucuk),Normal,Naik 2 Hari Beruntun,TP: 124 | CL: 113,Open = Low (Bullish Kuat),Ideal (1:2),Netral / Sideways,Netral / Sepi Berita,Normal / Sedang Transisi,Dekat Support Fibo 50.0%,7,BELI,HOLD / NEUTRAL,0.0,Kondisi pasar normal,TIDAK ADA,2026-09-03 15:24:34,Biasa / Mengikuti Pasar
15:24,ISAT,Token Mati (Perlu Update),Big Cap (Lapis 1),Fair Value (Wajar),10.388378,2.097834,2410.0,2419,1865,2850,2.11864406779661,49957100,Normal,54,Positif,Downtrend,Bullish,Bearish MACD,Perfect Uptrend (5>20>50),Normal,Distribusi (Turun),Normal,Seimbang / Adu Mekanik,Normal,Tinggi,Normal,Rawan Pucuk (High Risk),> 1 Miliar,Di Bawah VWAP (Lemah),Distribusi Pro (Guyuran),Sultan (> 50M/hari),Normal (50-150%),Distribution (Fase Jualan),Spesialis Tiang Jemuran (Banting Pucuk),Normal,Naik 1 Hari Beruntun,TP: 2620 | CL: 2270,Normal,Tidak Ideal (< 1:1),Netral / Sideways,Netral / Sepi Berita,Normal / Sedang Transisi,Dekat Support Fibo 38.2%,3,WAIT & SEE,HOLD / NEUTRAL,0.0,Kondisi pasar normal,TIDAK ADA,2026-09-03 15:24:34,Biasa / Mengikuti Pasar
15:24,ISSP,Token Mati (Perlu Update),Mid Cap (Lapis 2),Undervalued (Murah),5.654687,0.5493372,450.0,430,408,468,5.633802816901409,5228500,Tembus MA20,66,Positif,Uptrend,Bearish,Bearish MACD,Konsolidasi / Transisi,Akumulasi Kuat,Akumulasi (Naik),Normal,Seimbang / Adu Mekanik,Squeeze,Rendah,Normal,Rawan Pucuk (High Risk),> 1 Miliar,Di Atas VWAP (Kuat),Akumulasi Pro (Smart Money),Gorengan Sepi (< 5M),Ledakan Ekstrem (> 300%),Mark-Up (Fase Pesta),Solid (Jarang Dibanting),Normal,Naik 1 Hari Beruntun,TP: 470 | CL: 436,Normal,Tidak Ideal (< 1:1),Netral / Sideways,Netral / Sepi Berita,Normal / Sedang Transisi,Dekat Support Fibo 23.6%,6,WAIT & SEE,HOLD / NEUTRAL,0.0,Kondisi pasar normal,TIDAK ADA,2026-09-03 15:24:34,Biasa / Mengikuti Pasar
15:24,ITMA,Transaksi Sepi (Skip Broksum),Mid Cap (Lapis 2),Overvalued (Mahal),45.4688,6682.028,1450.0,1404,1295,1650,1.3986013986013985,9400,Normal,55,Positif,Uptrend,Bullish,Strong Bullish,Perfect Uptrend (5>20>50),Normal,Akumulasi (Naik),Normal,Dominan Beli (Hajar Kanan),Normal,Tinggi,Normal,Rawan Pucuk (High Risk),< 1 Miliar,Persis di VWAP,Distribusi Pro (Guyuran),Gorengan Sepi (< 5M),Sepi (< 50%),Mark-Up (Fase Pesta),Normal,Normal,Naik 2 Hari Beruntun,TP: 1593 | CL: 1354,Normal,Menengah (1:1),Golden Cross (Awal Bullish),Netral / Sepi Berita,Normal / Sedang Transisi,Mendekati Fibo 61.8% (Golden Ratio),7,BELI,HOLD / NEUTRAL,0.0,Kondisi pasar normal,TIDAK ADA,2026-09-03 15:24:34,Biasa / Mengikuti Pasar
15:24,ITMG,Token Mati (Perlu Update),Big Cap (Lapis 1),Overvalued (Mahal),7.739938,15147.997,26100.0,25228,24200,26775,0.0,1297300,Normal,69,Negatif,Uptrend,Bullish,Strong Bullish,Perfect Uptrend (5>20>50),Normal,Akumulasi (Naik),Normal,Dominan Jual (Guyur),Normal,Sedang,Doji (Ragu-ragu),Area Tengah,> 1 Miliar,Persis di VWAP,Distribusi Pro (Guyuran),Sultan (> 50M/hari),Normal (50-150%),Mark-Up (Fase Pesta),Spesialis Tiang Jemuran (Banting Pucuk),Normal,Sideways / Stagnan,TP: 26874 | CL: 25583,Normal,Tidak Ideal (< 1:1),Death Cross (Awal Bearish),Netral / Sepi Berita,Normal / Sedang Transisi,Dekat Support Fibo 23.6%,5,WAIT & SEE,HOLD / NEUTRAL,0.0,Kondisi pasar normal,TIDAK ADA,2026-09-03 15:24:34,Biasa / Mengikuti Pasar
15:24,JAWA,Token Mati (Perlu Update),Mid Cap (Lapis 2),Fair Value (Wajar),0.0,1.7236869,144.0,132,125,159,0.0,7077700,Tembus MA20,65,Negatif,Uptrend,Bullish,Strong Bullish,Perfect Uptrend (5>20>50),Normal,Akumulasi (Naik),Gap Up (+2.8%),Dominan Jual (Guyur),Breakout Upper,Tinggi,Normal,Rawan Pucuk (High Risk),> 1 Miliar,Persis di VWAP,Distribusi Pro (Guyuran),Gorengan Sepi (< 5M),Normal (50-150%),Mark-Up (Fase Pesta),Normal,Normal,Sideways / Stagnan,TP: 155 | CL: 136,Normal,Tidak Ideal (< 1:1),Netral / Sideways,Netral / Sepi Berita,Supply Banjir (Distribusi) 🌊,Mendekati Fibo 38.2%,7,BELI,HOLD / NEUTRAL,0.0,Kondisi pasar normal,TIDAK ADA,2026-09-03 15:24:34,Biasa / Mengikuti Pasar
15:24,JECC,Transaksi Sepi (Skip Broksum),Small Cap (Lapis 3),Undervalued (Murah),5.5464787,0.53759855,645.0,639,615,670,0.0,42400,Normal,54,Negatif,Uptrend,Bullish,Strong Bullish,Perfect Uptrend (5>20>50),Normal,Akumulasi (Naik),Normal,Seimbang / Adu Mekanik,Squeeze,Rendah,Doji (Ragu-ragu),Area Tengah,< 1 Miliar,Persis di VWAP,Akumulasi Pro (Smart Money),Gorengan Sepi (< 5M),Normal (50-150%),Mark-Up (Fase Pesta),Normal,Normal,Sideways / Stagnan,TP: 678 | CL: 622,Normal,Tidak Ideal (< 1:1),Death Cross (Awal Bearish),Netral / Sepi Berita,Normal / Sedang Transisi,Dekat Support Fibo 50.0%,5,WAIT & SEE,HOLD / NEUTRAL,0.0,Kondisi pasar normal,TIDAK ADA,2026-09-03 15:24:34,Biasa / Mengikuti Pasar
15:24,JIHD,Token Mati (Perlu Update),Mid Cap (Lapis 2),Fair Value (Wajar),0.0,0.30566266,460.0,439,400,490,0.0,3472600,Tembus MA20,61,Negatif,Uptrend,Bullish,Strong Bullish,Perfect Uptrend (5>20>50),Distribusi Kuat,Akumulasi (Naik),Normal,Seimbang / Adu Mekanik,Normal,Sedang,Doji (Ragu-ragu),Rawan Pucuk (High Risk),> 1 Miliar,Persis di VWAP,Akumulasi Pro (Smart Money),Gorengan Sepi (< 5M),Ledakan Ekstrem (> 300%),Mark-Up (Fase Pesta),Spesialis Tiang Jemuran (Banting Pucuk),Normal,Sideways / Stagnan,TP: 492 | CL: 438,Normal,Tidak Ideal (< 1:1),Death Cross (Awal Bearish),Netral / Sepi Berita,Supply Banjir (Distribusi) 🌊,Dekat Support Fibo 23.6%,6,WAIT & SEE,HOLD / NEUTRAL,0.0,Kondisi pasar normal,TIDAK ADA,2026-09-03 15:24:34,Biasa / Mengikuti Pasar
15:24,JKON,Token Mati (Perlu Update),Mid Cap (Lapis 2),Undervalued (Murah),5.046948,0.41821676,86.0,86,84,94,1.1764705882352942,12594000,Normal,59,Positif,Downtrend,Bearish,Bearish MACD,Konsolidasi / Transisi,Normal,Distribusi (Turun),Normal,Seimbang / Adu Mekanik,Squeeze,Rendah,Doji (Ragu-ragu),Dekat Support (Low Risk),> 1 Miliar,Persis di VWAP,Distribusi Pro (Guyuran),Gorengan Sepi (< 5M),Sepi (< 50%),Distribution (Fase Jualan),Normal,Normal,Naik 1 Hari Beruntun,TP: 90 | CL: 82,Normal,Sangat Menarik (> 1:3),Netral / Sideways,Netral / Sepi Berita,Normal / Sedang Transisi,Dekat Support Fibo 38.2%,2,WAIT & SEE,HOLD / NEUTRAL,0.0,Kondisi pasar normal,TIDAK ADA,2026-09-03 15:24:34,Biasa / Mengikuti Pasar
15:24,JPFA,Token Mati (Perlu Update),Big Cap (Lapis 1),Undervalued (Murah),5.2572956,1.393529,2360.0,2237,2110,2450,5.357142857142857,21992800,Tembus MA20,66,Positif,Uptrend,Golden Cross,Strong Bullish,Perfect Uptrend (5>20>50),Normal,Akumulasi (Naik),Normal,Dominan Beli (Hajar Kanan),Breakout Upper,Sedang,Marubozu (Strong Bullish),Rawan Pucuk (High Risk),> 1 Miliar,Di Atas VWAP (Kuat),Akumulasi Pro (Smart Money),Ritel Aktif (5M - 50M),Normal (50-150%),Mark-Up (Fase Pesta),Normal,Normal,Naik 1 Hari Beruntun,TP: 2492 | CL: 2271,Open = Low (Bullish Kuat),Tidak Ideal (< 1:1),Netral / Sideways,Netral / Sepi Berita,Normal / Sedang Transisi,Mendekati Fibo 23.6%,8,BELI,HOLD / NEUTRAL,0.0,Kondisi pasar normal,TIDAK ADA,2026-09-03 15:24:34,Biasa / Mengikuti Pasar
15:24,JRPT,Transaksi Sepi (Skip Broksum),Big Cap (Lapis 1),Undervalued (Murah),10.069606,1.2719961,1085.0,1081,1070,1135,-0.91324200913242,531800,Normal,54,Negatif,Uptrend,Bullish,Strong Bullish,Perfect Uptrend (5>20>50),Normal,Akumulasi (Naik),Normal,Dominan Jual (Guyur),Squeeze,Rendah,Normal,Dekat Support (Low Risk),< 1 Miliar,Persis di VWAP,Akumulasi Pro (Smart Money),Gorengan Sepi (< 5M),Normal (50-150%),Mark-Up (Fase Pesta),Normal,Normal,Turun 1 Hari Beruntun,TP: 1103 | CL: 1072,Open = High (Tekanan Jual),Sangat Menarik (> 1:3),Netral / Sideways,Netral / Sepi Berita,Normal / Sedang Transisi,Dekat Support Fibo 50.0%,5,WAIT & SEE,HOLD / NEUTRAL,0.0,Kondisi pasar normal,TIDAK ADA,2026-09-03 15:24:34,Biasa / Mengikuti Pasar
15:24,JSMR,Token Mati (Perlu Update),Big Cap (Lapis 1),Undervalued (Murah),5.9717913,0.59415793,3040.0,2813,2710,3050,2.356902356902357,2990600,Tembus MA20,74,Positif,Uptrend,Bullish,Strong Bullish,Perfect Uptrend (5>20>50),Normal,Akumulasi (Naik),Normal,Dominan Beli (Hajar Kanan),Breakout Upper,Sedang,Normal,Rawan Pucuk (High Risk),> 1 Miliar,Di Atas VWAP (Kuat),Akumulasi Pro (Smart Money),Ritel Aktif (5M - 50M),Normal (50-150%),Mark-Up (Fase Pesta),Spesialis Tiang Jemuran (Banting Pucuk),Normal,Naik 1 Hari Beruntun,TP: 3138 | CL: 2974,Normal,Tidak Ideal (< 1:1),Overbought (Jenuh Beli - Rawan),Netral / Sepi Berita,Normal / Sedang Transisi,Dekat Support Fibo 23.6%,8,BELI,HOLD / NEUTRAL,0.0,Kondisi pasar normal,TIDAK ADA,2026-09-03 15:24:34,Biasa / Mengikuti Pasar
15:24,JSPT,Transaksi Sepi (Skip Broksum),Mid Cap (Lapis 2),Undervalued (Murah),7.256038,1.2368665,1415.0,1394,1325,1480,0.7117437722419928,2500,Normal,53,Positif,Uptrend,Bullish,Bearish MACD,Perfect Uptrend (5>20>50),Normal,Akumulasi (Naik),Gap Up (+2.1%),Seimbang / Adu Mekanik,Squeeze,Rendah,Normal,Area Tengah,< 1 Miliar,Persis di VWAP,Distribusi Pro (Guyuran),Gorengan Sepi (< 5M),Sepi (< 50%),Mark-Up (Fase Pesta),Spesialis Tiang Jemuran (Banting Pucuk),Normal,Naik 2 Hari Beruntun,TP: 1511 | CL: 1350,Open = High (Tekanan Jual),Tidak Ideal (< 1:1),Netral / Sideways,Netral / Sepi Berita,Normal / Sedang Transisi,Mendekati Fibo 38.2%,6,WAIT & SEE,HOLD / NEUTRAL,0.0,Kondisi pasar normal,TIDAK ADA,2026-09-03 15:24:34,Biasa / Mengikuti Pasar
15:24,JTPE,Transaksi Sepi (Skip Broksum),Mid Cap (Lapis 2),Overvalued (Mahal),11.918718,3.363717,610.0,613,590,630,0.0,650600,Normal,49,Negatif,Downtrend,Bearish,Bearish MACD,Konsolidasi / Transisi,Normal,Netral,Normal,Seimbang / Adu Mekanik,Squeeze,Rendah,Doji (Ragu-ragu),Area Tengah,< 1 Miliar,Persis di VWAP,Distribusi Pro (Guyuran),Gorengan Sepi (< 5M),Normal (50-150%),Distribution (Fase Jualan),Spesialis Tiang Jemuran (Banting Pucuk),Normal,Sideways / Stagnan,TP: 629 | CL: 596,Normal,Menengah (1:1),Netral / Sideways,Netral / Sepi Berita,Normal / Sedang Transisi,Dekat Support Fibo 23.6%,0,WAIT & SEE,HOLD / NEUTRAL,0.0,Kondisi pasar normal,TIDAK ADA,2026-09-03 15:24:34,Biasa / Mengikuti Pasar
15:24,KAEF,Transaksi Sepi (Skip Broksum),Mid Cap (Lapis 2),Fair Value (Wajar),0.0,0.8380634,436.0,443,420,488,0.9259259259259258,705600,Normal,43,Positif,Downtrend,Bearish,Strong Bearish,Strong Downtrend (5<20<50),Normal,Distribusi (Turun),Normal,Seimbang / Adu Mekanik,Normal,Sedang,Normal,Area Tengah,< 1 Miliar,Persis di VWAP,Distribusi Pro (Guyuran),Gorengan Sepi (< 5M),Normal (50-150%),Mark-Down (Fase Runtuh),Spesialis Tiang Jemuran (Banting Pucuk),Normal,Naik 1 Hari Beruntun,TP: 460 | CL: 419,Normal,Sangat Menarik (> 1:3),Golden Cross (Awal Bullish),Netral / Sepi Berita,Normal / Sedang Transisi,Dekat Support Fibo 61.8% (Golden Ratio),1,WAIT & SEE,HOLD / NEUTRAL,0.0,Kondisi pasar normal,TIDAK ADA,2026-09-03 15:24:34,Biasa / Mengikuti Pasar
15:24,KBLI,Transaksi Sepi (Skip Broksum),Mid Cap (Lapis 2),Undervalued (Murah),6.186331,0.46116102,334.0,328,310,340,1.2121212121212122,493700,Normal,61,Positif,Uptrend,Bullish,Strong Bullish,Perfect Uptrend (5>20>50),Normal,Akumulasi (Naik),Normal,Dominan Beli (Hajar Kanan),Squeeze,Rendah,Normal,Area Tengah,< 1 Miliar,Di Atas VWAP (Kuat),Akumulasi Pro (Smart Money),Gorengan Sepi (< 5M),Normal (50-150%),Mark-Up (Fase Pesta),Spesialis Tiang Jemuran (Banting Pucuk),Normal,Naik 1 Hari Beruntun,TP: 347 | CL: 324,Normal,Tidak Ideal (< 1:1),Overbought (Jenuh Beli - Rawan),Netral / Sepi Berita,Normal / Sedang Transisi,Dekat Support Fibo 38.2%,7,BELI,HOLD / NEUTRAL,0.0,Kondisi pasar normal,TIDAK ADA,2026-09-03 15:24:34,Biasa / Mengikuti Pasar
15:24,KBLM,Transaksi Sepi (Skip Broksum),Small Cap (Lapis 3),Overvalued (Mahal),102.18509,0.24653839,318.0,306,294,334,1.9230769230769231,251600,Tembus MA20,69,Positif,Uptrend,Bullish,Strong Bullish,Perfect Uptrend (5>20>50),Akumulasi Kuat,Akumulasi (Naik),Normal,Seimbang / Adu Mekanik,Squeeze,Rendah,Normal,Area Tengah,< 1 Miliar,Persis di VWAP,Akumulasi Pro (Smart Money),Gorengan Sepi (< 5M),Ledakan Ekstrem (> 300%),Mark-Up (Fase Pesta),Normal,Normal,Naik 2 Hari Beruntun,TP: 330 | CL: 309,Normal,Tidak Ideal (< 1:1),Death Cross (Awal Bearish),Netral / Sepi Berita,Normal / Sedang Transisi,Dekat Support Fibo 23.6%,8,BELI,HOLD / NEUTRAL,0.0,Kondisi pasar normal,TIDAK ADA,2026-09-03 15:24:34,Biasa / Mengikuti Pasar
15:24,KBLV,Token Mati (Perlu Update),Small Cap (Lapis 3),Fair Value (Wajar),0.0,0.15567182,135.0,142,123,172,-2.877697841726619,18269100,Normal,50,Negatif,Downtrend,Bearish,Bearish MACD,Konsolidasi / Transisi,Normal,Distribusi (Turun),Normal,Dominan Jual (Guyur),Normal,Tinggi,Normal,Area Tengah,> 1 Miliar,Di Bawah VWAP (Lemah),Distribusi Pro (Guyuran),Gorengan Sepi (< 5M),Normal (50-150%),Distribution (Fase Jualan),Normal,Normal,Turun 2 Hari Beruntun,TP: 148 | CL: 125,Open = High (Tekanan Jual),Sangat Menarik (> 1:3),Netral / Sideways,Netral / Sepi Berita,Normal / Sedang Transisi,Mendekati Fibo 38.2%,0,WAIT & SEE,HOLD / NEUTRAL,0.0,Kondisi pasar normal,TIDAK ADA,2026-09-03 15:24:34,Biasa / Mengikuti Pasar
15:24,KDSI,Transaksi Sepi (Skip Broksum),Small Cap (Lapis 3),Undervalued (Murah),2.5983586,0.94634086,466.0,460,440,468,1.3043478260869565,27900,Tembus MA20,61,Positif,Uptrend,Bullish,Bearish MACD,Perfect Uptrend (5>20>50),Normal,Distribusi (Turun),Normal,Seimbang / Adu Mekanik,Squeeze,Rendah,Doji (Ragu-ragu),Area Tengah,< 1 Miliar,Persis di VWAP,Akumulasi Pro (Smart Money),Gorengan Sepi (< 5M),Anomali Tinggi (150-300%),Mark-Up (Fase Pesta),Normal,Normal,Naik 1 Hari Beruntun,TP: 484 | CL: 454,Normal,Tidak Ideal (< 1:1),Netral / Sideways,Netral / Sepi Berita,Normal / Sedang Transisi,Dekat Support Fibo 23.6%,5,WAIT & SEE,HOLD / NEUTRAL,0.0,Kondisi pasar normal,TIDAK ADA,2026-09-03 15:24:34,Biasa / Mengikuti Pasar
15:24,KICI,Transaksi Sepi (Skip Broksum),Small Cap (Lapis 3),Undervalued (Murah),3.4081686,0.6314745,252.0,214,189,326,-3.816793893129771,1782100,Normal,64,Negatif,Uptrend,Bullish,Strong Bullish,Perfect Uptrend (5>20>50),Normal,Akumulasi (Naik),Normal,Dominan Jual (Guyur),Normal,Tinggi,Normal,Rawan Pucuk (High Risk),< 1 Miliar,Di Bawah VWAP (Lemah),Akumulasi Pro (Smart Money),Ritel Aktif (5M - 50M),Sepi (< 50%),Mark-Up (Fase Pesta),Spesialis Tiang Jemuran (Banting Pucuk),Normal,Turun 3 Hari Beruntun,TP: 290 | CL: 226,Open = High (Tekanan Jual),Menengah (1:1),Netral / Sideways,Netral / Sepi Berita,Supply Banjir (Distribusi) 🌊,Mendekati Fibo 50.0%,5,WAIT & SEE,HOLD / NEUTRAL,0.0,Kondisi pasar normal,TIDAK ADA,2026-09-03 15:24:34,Biasa / Mengikuti Pasar
15:24,KIJA,Token Mati (Perlu Update),Mid Cap (Lapis 2),Fair Value (Wajar),0.0,0.7008768,202.0,169,119,228,-2.8846153846153846,339600100,Normal,64,Negatif,Uptrend,Bullish,Strong Bullish,Perfect Uptrend (5>20>50),Normal,Distribusi (Turun),Normal,Dominan Jual (Guyur),Normal,Tinggi,Normal,Rawan Pucuk (High Risk),> 1 Miliar,Di Bawah VWAP (Lemah),Distribusi Pro (Guyuran),Sultan (> 50M/hari),Sepi (< 50%),Mark-Up (Fase Pesta),Normal,Normal,Turun 1 Hari Beruntun,TP: 238 | CL: 177,Normal,Tidak Ideal (< 1:1),Death Cross (Awal Bearish),Netral / Sepi Berita,Normal / Sedang Transisi,Dekat Support Fibo 23.6%,4,WAIT & SEE,HOLD / NEUTRAL,0.0,Kondisi pasar normal,TIDAK ADA,2026-09-03 15:24:34,🔥 ANOMALI BANDAR (Siap Ledakan)
15:24,KKGI,Transaksi Sepi (Skip Broksum),Mid Cap (Lapis 2),Overvalued (Mahal),20.985916,9933.334,298.0,280,266,306,1.3605442176870748,3331300,Tembus MA20,69,Positif,Uptrend,Bullish,Strong Bullish,Perfect Uptrend (5>20>50),Normal,Akumulasi (Naik),Normal,Seimbang / Adu Mekanik,Breakout Upper,Sedang,Normal,Rawan Pucuk (High Risk),< 1 Miliar,Di Atas VWAP (Kuat),Distribusi Pro (Guyuran),Gorengan Sepi (< 5M),Normal (50-150%),Mark-Up (Fase Pesta),Spesialis Tiang Jemuran (Banting Pucuk),Normal,Naik 4 Hari Beruntun,TP: 310 | CL: 289,Normal,Tidak Ideal (< 1:1),Netral / Sideways,Netral / Sepi Berita,Normal / Sedang Transisi,Mengambang (Jauh dari Fibo),7,BELI,HOLD / NEUTRAL,0.0,Kondisi pasar normal,TIDAK ADA,2026-09-03 15:24:34,Biasa / Mengikuti Pasar
15:24,KLBF,Token Mati (Perlu Update),Big Cap (Lapis 1),Undervalued (Murah),9.864287,1.4599953,785.0,794,730,835,3.9735099337748347,66455600,Normal,52,Positif,Downtrend,Bearish,Bearish MACD,Konsolidasi / Transisi,Normal,Distribusi (Turun),Normal,Dominan Beli (Hajar Kanan),Squeeze,Rendah,Normal,Area Tengah,> 1 Miliar,Persis di VWAP,Distribusi Pro (Guyuran),Ritel Aktif (5M - 50M),Normal (50-150%),Distribution (Fase Jualan),Normal,Normal,Naik 1 Hari Beruntun,TP: 826 | CL: 757,Normal,Tidak Ideal (< 1:1),Golden Cross (Awal Bullish),Netral / Sepi Berita,Normal / Sedang Transisi,Mendekati Fibo 38.2%,3,WAIT & SEE,HOLD / NEUTRAL,0.0,Kondisi pasar normal,TIDAK ADA,2026-09-03 15:24:34,Biasa / Mengikuti Pasar
15:24,KOBX,Transaksi Sepi (Skip Broksum),Small Cap (Lapis 3),Overvalued (Mahal),29500.0,0.8328667,177.0,170,161,200,0.5681818181818182,2297600,Normal,60,Positif,Uptrend,Bullish,Bearish MACD,Perfect Uptrend (5>20>50),Normal,Akumulasi (Naik),Normal,Seimbang / Adu Mekanik,Normal,Sedang,Normal,Area Tengah,< 1 Miliar,Di Bawah VWAP (Lemah),Distribusi Pro (Guyuran),Gorengan Sepi (< 5M),Sepi (< 50%),Mark-Up (Fase Pesta),Spesialis Tiang Jemuran (Banting Pucuk),Normal,Naik 1 Hari Beruntun,TP: 191 | CL: 167,Normal,Menengah (1:1),Golden Cross (Awal Bullish),Netral / Sepi Berita,Normal / Sedang Transisi,Mendekati Fibo 50.0%,5,WAIT & SEE,HOLD / NEUTRAL,0.0,Kondisi pasar normal,TIDAK ADA,2026-09-03 15:24:34,Biasa / Mengikuti Pasar
15:24,KONI,Transaksi Sepi (Skip Broksum),Small Cap (Lapis 3),Overvalued (Mahal),30.973452,3.7126892,2170.0,2283,1930,2550,-1.809954751131222,18700,Normal,37,Negatif,Downtrend,Bearish,Strong Bearish,Strong Downtrend (5<20<50),Normal,Distribusi (Turun),Normal,Dominan Jual (Guyur),Normal,Tinggi,Normal,Rawan Pucuk (High Risk),< 1 Miliar,Di Bawah VWAP (Lemah),Distribusi Pro (Guyuran),Gorengan Sepi (< 5M),Sepi (< 50%),Mark-Down (Fase Runtuh),Spesialis Tiang Jemuran (Banting Pucuk),Normal,Turun 1 Hari Beruntun,TP: 2401 | CL: 2015,Normal,Ideal (1:2),Netral / Sideways,Netral / Sepi Berita,Normal / Sedang Transisi,Mengambang (Jauh dari Fibo),0,WAIT & SEE,HOLD / NEUTRAL,0.0,Kondisi pasar normal,TIDAK ADA,2026-09-03 15:24:34,Biasa / Mengikuti Pasar
15:24,KOPI,Transaksi Sepi (Skip Broksum),Small Cap (Lapis 3),Overvalued (Mahal),87.284935,1.967759,208.0,205,199,224,-0.9523809523809524,320300,Normal,55,Negatif,Uptrend,Bullish,Bearish MACD,Perfect Uptrend (5>20>50),Normal,Akumulasi (Naik),Normal,Dominan Jual (Guyur),Squeeze,Rendah,Normal,Area Tengah,< 1 Miliar,Persis di VWAP,Distribusi Pro (Guyuran),Gorengan Sepi (< 5M),Normal (50-150%),Mark-Up (Fase Pesta),Spesialis Tiang Jemuran (Banting Pucuk),Normal,Turun 1 Hari Beruntun,TP: 220 | CL: 200,Normal,Ideal (1:2),Golden Cross (Awal Bullish),Netral / Sepi Berita,Normal / Sedang Transisi,Mengambang (Jauh dari Fibo),4,WAIT & SEE,HOLD / NEUTRAL,0.0,Kondisi pasar normal,TIDAK ADA,2026-09-03 15:24:34,Biasa / Mengikuti Pasar
15:24,KPIG,Token Mati (Perlu Update),Mid Cap (Lapis 2),Undervalued (Murah),10.328639,0.23986654,67.0,70,62,84,1.5151515151515151,96786600,Normal,38,Positif,Downtrend,Bearish,Bullish MACD,Strong Downtrend (5<20<50),Normal,Distribusi (Turun),Normal,Seimbang / Adu Mekanik,Normal,Tinggi,Normal,Area Tengah,> 1 Miliar,Persis di VWAP,Distribusi Pro (Guyuran),Ritel Aktif (5M - 50M),Sepi (< 50%),Mark-Down (Fase Runtuh),Normal,Normal,Naik 1 Hari Beruntun,TP: 73 | CL: 62,Normal,Sangat Menarik (> 1:3),Netral / Sideways,Netral / Sepi Berita,Normal / Sedang Transisi,Mengambang (Jauh dari Fibo),2,WAIT & SEE,HOLD / NEUTRAL,0.0,Kondisi pasar normal,TIDAK ADA,2026-09-03 15:24:34,Biasa / Mengikuti Pasar
15:24,KRAS,Token Mati (Perlu Update),Mid Cap (Lapis 2),Overvalued (Mahal),0.61864567,7371.4287,258.0,229,216,264,6.6115702479338845,25074800,Tembus MA20,71,Positif,Uptrend,Bullish,Strong Bullish,Perfect Uptrend (5>20>50),Akumulasi Kuat,Akumulasi (Naik),Normal,Dominan Beli (Hajar Kanan),Breakout Upper,Tinggi,Normal,Rawan Pucuk (High Risk),> 1 Miliar,Di Atas VWAP (Kuat),Akumulasi Pro (Smart Money),Gorengan Sepi (< 5M),Ledakan Ekstrem (> 300%),Mark-Up (Fase Pesta),Normal,Normal,Naik 1 Hari Beruntun,TP: 272 | CL: 248,Normal,Tidak Ideal (< 1:1),Overbought (Jenuh Beli - Rawan),Netral / Sepi Berita,Normal / Sedang Transisi,Mengambang (Jauh dari Fibo),9,BELI,HOLD / NEUTRAL,0.0,Kondisi pasar normal,TIDAK ADA,2026-09-03 15:24:34,Biasa / Mengikuti Pasar
15:24,KREN,Transaksi Sepi (Skip Broksum),Small Cap (Lapis 3),Fair Value (Wajar),0.0,-13999.999,14.0,13,12,14,0.0,7939600,Normal,56,Negatif,Uptrend,Bullish,Strong Bullish,Perfect Uptrend (5>20>50),Normal,Distribusi (Turun),Normal,Tidak Ada Transaksi,Normal,Tinggi,Doji (Ragu-ragu),Rawan Pucuk (High Risk),< 1 Miliar,Di Atas VWAP (Kuat),Distribusi Pro (Guyuran),Gorengan Sepi (< 5M),Normal (50-150%),Mark-Up (Fase Pesta),Normal,Normal,Sideways / Stagnan,TP: 15 | CL: 13,Normal,Tidak Ideal (< 1:1),Overbought (Jenuh Beli - Rawan),Netral / Sepi Berita,Normal / Sedang Transisi,Mendekati Fibo 38.2%,4,WAIT & SEE,HOLD / NEUTRAL,0.0,Kondisi pasar normal,TIDAK ADA,2026-09-03 15:24:34,Biasa / Mengikuti Pasar
15:24,LAPD,Token Mati (Perlu Update),Small Cap (Lapis 3),Fair Value (Wajar),0.0,-12.133468,72.0,67,63,82,0.0,18010100,Normal,62,Negatif,Uptrend,Bullish,Strong Bullish,Perfect Uptrend (5>20>50),Normal,Akumulasi (Naik),Normal,Seimbang / Adu Mekanik,Normal,Tinggi,Doji (Ragu-ragu),Rawan Pucuk (High Risk),> 1 Miliar,Di Bawah VWAP (Lemah),Distribusi Pro (Guyuran),Gorengan Sepi (< 5M),Sepi (< 50%),Mark-Up (Fase Pesta),Spesialis Tiang Jemuran (Banting Pucuk),Normal,Sideways / Stagnan,TP: 78 | CL: 67,Normal,Menengah (1:1),Netral / Sideways,Netral / Sepi Berita,Normal / Sedang Transisi,Dekat Support Fibo 38.2%,5,WAIT & SEE,HOLD / NEUTRAL,0.0,Kondisi pasar normal,TIDAK ADA,2026-09-03 15:24:34,Biasa / Mengikuti Pasar
15:24,LEAD,Token Mati (Perlu Update),Small Cap (Lapis 3),Overvalued (Mahal),0.0,12777.778,115.0,109,96,121,-1.7094017094017095,31530700,Tembus MA20,56,Negatif,Uptrend,Bullish,Strong Bullish,Perfect Uptrend (5>20>50),Normal,Akumulasi (Naik),Normal,Seimbang / Adu Mekanik,Normal,Tinggi,Normal,Rawan Pucuk (High Risk),> 1 Miliar,Di Atas VWAP (Kuat),Akumulasi Pro (Smart Money),Ritel Aktif (5M - 50M),Normal (50-150%),Mark-Up (Fase Pesta),Normal,Normal,Turun 1 Hari Beruntun,TP: 124 | CL: 108,Open = High (Tekanan Jual),Tidak Ideal (< 1:1),Netral / Sideways,Netral / Sepi Berita,Normal / Sedang Transisi,Mengambang (Jauh dari Fibo),6,WAIT & SEE,HOLD / NEUTRAL,0.0,Kondisi pasar normal,TIDAK ADA,2026-09-03 15:24:34,Biasa / Mengikuti Pasar
15:24,LINK,Transaksi Sepi (Skip Broksum),Mid Cap (Lapis 2),Fair Value (Wajar),0.0,1.2404418,1600.0,1478,1340,1865,4.57516339869281,56200,Tembus MA20,62,Positif,Uptrend,Bullish,Strong Bullish,Perfect Uptrend (5>20>50),Normal,Akumulasi (Naik),Normal,Dominan Beli (Hajar Kanan),Normal,Tinggi,Normal,Rawan Pucuk (High Risk),< 1 Miliar,Di Atas VWAP (Kuat),Distribusi Pro (Guyuran),Gorengan Sepi (< 5M),Normal (50-150%),Mark-Up (Fase Pesta),Spesialis Tiang Jemuran (Banting Pucuk),Normal,Naik 2 Hari Beruntun,TP: 1797 | CL: 1468,Normal,Menengah (1:1),Golden Cross (Awal Bullish),Netral / Sepi Berita,Normal / Sedang Transisi,Mendekati Fibo 38.2%,8,BELI,HOLD / NEUTRAL,0.0,Kondisi pasar normal,TIDAK ADA,2026-09-03 15:24:34,Biasa / Mengikuti Pasar
15:24,LION,Transaksi Sepi (Skip Broksum),Small Cap (Lapis 3),Fair Value (Wajar),0.0,0.44997627,384.0,354,326,442,-4.0,203500,Normal,64,Negatif,Uptrend,Bullish,Strong Bullish,Perfect Uptrend (5>20>50),Normal,Akumulasi (Naik),Normal,Dominan Jual (Guyur),Breakout Upper,Tinggi,Normal,Rawan Pucuk (High Risk),< 1 Miliar,Di Bawah VWAP (Lemah),Akumulasi Pro (Smart Money),Gorengan Sepi (< 5M),Sepi (< 50%),Mark-Up (Fase Pesta),Normal,Normal,Turun 1 Hari Beruntun,TP: 413 | CL: 364,Open = High (Tekanan Jual),Menengah (1:1),Netral / Sideways,Netral / Sepi Berita,Supply Banjir (Distribusi) 🌊,Dekat Support Fibo 38.2%,5,WAIT & SEE,HOLD / NEUTRAL,0.0,Kondisi pasar normal,TIDAK ADA,2026-09-03 15:24:34,Biasa / Mengikuti Pasar
15:24,LMPI,Transaksi Sepi (Skip Broksum),Small Cap (Lapis 3),Fair Value (Wajar),0.0,-4.2982225,162.0,154,139,183,-2.4096385542168677,645300,Normal,61,Negatif,Uptrend,Bullish,Strong Bullish,Perfect Uptrend (5>20>50),Normal,Distribusi (Turun),Normal,Seimbang / Adu Mekanik,Normal,Tinggi,Normal,Rawan Pucuk (High Risk),< 1 Miliar,Di Bawah VWAP (Lemah),Akumulasi Pro (Smart Money),Gorengan Sepi (< 5M),Normal (50-150%),Mark-Up (Fase Pesta),Spesialis Tiang Jemuran (Banting Pucuk),Normal,Turun 2 Hari Beruntun,TP: 175 | CL: 153,Open = High (Tekanan Jual),Tidak Ideal (< 1:1),Death Cross (Awal Bearish),Netral / Sepi Berita,Normal / Sedang Transisi,Dekat Support Fibo 38.2%,4,WAIT & SEE,HOLD / NEUTRAL,0.0,Kondisi pasar normal,TIDAK ADA,2026-09-03 15:24:34,Biasa / Mengikuti Pasar
15:24,LPCK,Transaksi Sepi (Skip Broksum),Mid Cap (Lapis 2),Undervalued (Murah),11.666667,0.44438538,595.0,602,565,670,-0.8333333333333334,223700,Normal,54,Negatif,Downtrend,Bearish,Bearish MACD,Konsolidasi / Transisi,Normal,Distribusi (Turun),Normal,Dominan Jual (Guyur),Normal,Sedang,Doji (Ragu-ragu),Area Tengah,< 1 Miliar,Di Bawah VWAP (Lemah),Distribusi Pro (Guyuran),Gorengan Sepi (< 5M),Sepi (< 50%),Distribution (Fase Jualan),Spesialis Tiang Jemuran (Banting Pucuk),Normal,Turun 3 Hari Beruntun,TP: 633 | CL: 569,Normal,Ideal (1:2),Netral / Sideways,Netral / Sepi Berita,Normal / Sedang Transisi,Dekat Support Fibo 38.2%,1,WAIT & SEE,HOLD / NEUTRAL,0.0,Kondisi pasar normal,TIDAK ADA,2026-09-03 15:24:34,Biasa / Mengikuti Pasar
15:24,LPGI,Transaksi Sepi (Skip Broksum),Mid Cap (Lapis 2),Fair Value (Wajar),12.070916,1.7198384,640.0,636,585,665,-0.7751937984496124,5800,Normal,50,Negatif,Uptrend,Bullish,Bullish MACD,Awal Reversal (5>20),Normal,Akumulasi (Naik),Normal,Seimbang / Adu Mekanik,Squeeze,Rendah,Normal,Area Tengah,< 1 Miliar,Di Bawah VWAP (Lemah),Distribusi Pro (Guyuran),Gorengan Sepi (< 5M),Sepi (< 50%),Accumulation (Kumpul Barang),Normal,Normal,Turun 1 Hari Beruntun,TP: 676 | CL: 615,Open = High (Tekanan Jual),Tidak Ideal (< 1:1),Death Cross (Awal Bearish),Netral / Sepi Berita,Normal / Sedang Transisi,Dekat Support Fibo 61.8% (Golden Ratio),4,WAIT & SEE,HOLD / NEUTRAL,0.0,Kondisi pasar normal,TIDAK ADA,2026-09-03 15:24:34,Biasa / Mengikuti Pasar
15:24,LPIN,Transaksi Sepi (Skip Broksum),Small Cap (Lapis 3),Undervalued (Murah),7.0284405,0.5293963,430.0,422,410,432,0.46728971962616817,108800,Tembus MA20,67,Positif,Uptrend,Bullish,Strong Bullish,Perfect Uptrend (5>20>50),Normal,Akumulasi (Naik),Normal,Seimbang / Adu Mekanik,Squeeze,Rendah,Doji (Ragu-ragu),Area Tengah,< 1 Miliar,Persis di VWAP,Akumulasi Pro (Smart Money),Gorengan Sepi (< 5M),Normal (50-150%),Mark-Up (Fase Pesta),Normal,Normal,Naik 1 Hari Beruntun,TP: 437 | CL: 425,Normal,Tidak Ideal (< 1:1),Overbought (Jenuh Beli - Rawan),Netral / Sepi Berita,Normal / Sedang Transisi,Dekat Support Fibo 23.6%,7,BELI,HOLD / NEUTRAL,0.0,Kondisi pasar normal,TIDAK ADA,2026-09-03 15:24:34,Biasa / Mengikuti Pasar
15:24,LPKR,Token Mati (Perlu Update),Mid Cap (Lapis 2),Undervalued (Murah),6.132542,0.14440635,62.0,63,60,74,0.0,220191400,Normal,48,Negatif,Downtrend,Bearish,Bearish MACD,Konsolidasi / Transisi,Normal,Distribusi (Turun),Normal,Dominan Jual (Guyur),Normal,Sedang,Normal,Area Tengah,> 1 Miliar,Di Bawah VWAP (Lemah),Distribusi Pro (Guyuran),Ritel Aktif (5M - 50M),Anomali Tinggi (150-300%),Distribution (Fase Jualan),Normal,Normal,Sideways / Stagnan,TP: 66 | CL: 59,Normal,Sangat Menarik (> 1:3),Netral / Sideways,Netral / Sepi Berita,Normal / Sedang Transisi,Dekat Support Fibo 61.8% (Golden Ratio),0,WAIT & SEE,HOLD / NEUTRAL,0.0,Kondisi pasar normal,TIDAK ADA,2026-09-03 15:24:34,🔥 ANOMALI BANDAR (Siap Ledakan)
15:24,LPLI,Transaksi Sepi (Skip Broksum),Small Cap (Lapis 3),Undervalued (Murah),0.51610154,0.1640638,242.0,244,236,276,0.0,62800,Normal,45,Negatif,Downtrend,Bearish,Strong Bearish,Konsolidasi / Transisi,Normal,Netral,Normal,Seimbang / Adu Mekanik,Squeeze,Rendah,Doji (Ragu-ragu),Dekat Support (Low Risk),< 1 Miliar,Persis di VWAP,Akumulasi Pro (Smart Money),Gorengan Sepi (< 5M),Normal (50-150%),Distribution (Fase Jualan),Normal,Normal,Sideways / Stagnan,TP: 255 | CL: 233,Normal,Sangat Menarik (> 1:3),Oversold (Jenuh Jual - Peluang),Netral / Sepi Berita,Normal / Sedang Transisi,Golden Rebound Fibo 61.8% (Golden Ratio) 🎯,0,WAIT & SEE,HOLD / NEUTRAL,0.0,Kondisi pasar normal,TIDAK ADA,2026-09-03 15:24:34,Biasa / Mengikuti Pasar
15:24,LPPF,Token Mati (Perlu Update),Mid Cap (Lapis 2),Overvalued (Mahal),4.624827,11.896909,1605.0,1599,1565,1650,0.3125,884200,Normal,56,Positif,Uptrend,Bullish,Bearish MACD,Perfect Uptrend (5>20>50),Normal,Distribusi (Turun),Normal,Dominan Beli (Hajar Kanan),Squeeze,Rendah,Normal,Dekat Support (Low Risk),> 1 Miliar,Persis di VWAP,Distribusi Pro (Guyuran),Gorengan Sepi (< 5M),Normal (50-150%),Mark-Up (Fase Pesta),Normal,Normal,Naik 1 Hari Beruntun,TP: 1638 | CL: 1582,Normal,Menengah (1:1),Golden Cross (Awal Bullish),Netral / Sepi Berita,Normal / Sedang Transisi,Dekat Support Fibo 23.6%,5,WAIT & SEE,HOLD / NEUTRAL,0.0,Kondisi pasar normal,TIDAK ADA,2026-09-03 15:24:34,Biasa / Mengikuti Pasar
15:24,LPPS,Transaksi Sepi (Skip Broksum),Small Cap (Lapis 3),Fair Value (Wajar),0.0,0.30267572,82.0,81,79,88,0.0,3021200,Tembus MA20,54,Negatif,Uptrend,Bullish,Bearish MACD,Perfect Uptrend (5>20>50),Normal,Akumulasi (Naik),Normal,Dominan Jual (Guyur),Squeeze,Rendah,Doji (Ragu-ragu),Area Tengah,< 1 Miliar,Persis di VWAP,Distribusi Pro (Guyuran),Gorengan Sepi (< 5M),Normal (50-150%),Mark-Up (Fase Pesta),Spesialis Tiang Jemuran (Banting Pucuk),Normal,Sideways / Stagnan,TP: 87 | CL: 78,Normal,Ideal (1:2),Netral / Sideways,Netral / Sepi Berita,Normal / Sedang Transisi,Mengambang (Jauh dari Fibo),5,WAIT & SEE,HOLD / NEUTRAL,0.0,Kondisi pasar normal,TIDAK ADA,2026-09-03 15:24:34,Biasa / Mengikuti Pasar
15:24,LRNA,Transaksi Sepi (Skip Broksum),Small Cap (Lapis 3),Fair Value (Wajar),0.0,0.27897623,200.0,189,182,256,0.5025125628140703,958600,Normal,69,Positif,Uptrend,Bullish,Strong Bullish,Perfect Uptrend (5>20>50),Normal,Akumulasi (Naik),Normal,Seimbang / Adu Mekanik,Breakout Upper,Sedang,Normal,Area Tengah,< 1 Miliar,Di Bawah VWAP (Lemah),Distribusi Pro (Guyuran),Gorengan Sepi (< 5M),Sepi (< 50%),Mark-Up (Fase Pesta),Spesialis Tiang Jemuran (Banting Pucuk),Normal,Naik 4 Hari Beruntun,TP: 218 | CL: 187,Normal,Sangat Menarik (> 1:3),Golden Cross (Awal Bullish),Netral / Sepi Berita,Supply Banjir (Distribusi) 🌊,Dekat Support Fibo 61.8% (Golden Ratio),6,WAIT & SEE,HOLD / NEUTRAL,0.0,Kondisi pasar normal,TIDAK ADA,2026-09-03 15:24:34,Biasa / Mengikuti Pasar
15:24,LSIP,Token Mati (Perlu Update),Big Cap (Lapis 1),Undervalued (Murah),5.4125414,0.78090626,1645.0,1464,1375,1665,2.1739130434782608,24705100,Tembus MA20,80,Positif,Uptrend,Bullish,Strong Bullish,Perfect Uptrend (5>20>50),Akumulasi Kuat,Akumulasi (Naik),Normal,Dominan Beli (Hajar Kanan),Breakout Upper,Tinggi,Normal,Rawan Pucuk (High Risk),> 1 Miliar,Di Atas VWAP (Kuat),Akumulasi Pro (Smart Money),Ritel Aktif (5M - 50M),Anomali Tinggi (150-300%),Mark-Up (Fase Pesta),Normal,Jarum Bawah (Sinyal Pantulan Kuat),Naik 6 Hari Beruntun,TP: 1713 | CL: 1599,Normal,Tidak Ideal (< 1:1),Overbought (Jenuh Beli - Rawan),Netral / Sepi Berita,Normal / Sedang Transisi,Mengambang (Jauh dari Fibo),9,BELI,HOLD / NEUTRAL,0.0,Kondisi pasar normal,TIDAK ADA,2026-09-03 15:24:34,Biasa / Mengikuti Pasar
15:24,LTLS,Transaksi Sepi (Skip Broksum),Mid Cap (Lapis 2),Undervalued (Murah),6.983458,0.39636603,895.0,846,810,900,4.678362573099415,145700,Tembus MA20,77,Positif,Uptrend,Bullish,Strong Bullish,Perfect Uptrend (5>20>50),Akumulasi Kuat,Akumulasi (Naik),Normal,Dominan Beli (Hajar Kanan),Squeeze,Rendah,Normal,Rawan Pucuk (High Risk),< 1 Miliar,Di Atas VWAP (Kuat),Akumulasi Pro (Smart Money),Gorengan Sepi (< 5M),Anomali Tinggi (150-300%),Mark-Up (Fase Pesta),Normal,Normal,Naik 2 Hari Beruntun,TP: 931 | CL: 870,Normal,Tidak Ideal (< 1:1),Netral / Sideways,Netral / Sepi Berita,Normal / Sedang Transisi,Mendekati Fibo 23.6%,9,BELI,HOLD / NEUTRAL,0.0,Kondisi pasar normal,TIDAK ADA,2026-09-03 15:24:34,Biasa / Mengikuti Pasar
15:24,MAIN,Token Mati (Perlu Update),Mid Cap (Lapis 2),Undervalued (Murah),3.3177862,0.5372957,690.0,671,650,700,2.9850746268656714,6410200,Tembus MA20,57,Positif,Uptrend,Golden Cross,Bullish MACD,Awal Reversal (5>20),Akumulasi Kuat,Akumulasi (Naik),Normal,Dominan Beli (Hajar Kanan),Squeeze,Rendah,Normal,Area Tengah,> 1 Miliar,Di Atas VWAP (Kuat),Akumulasi Pro (Smart Money),Gorengan Sepi (< 5M),Ledakan Ekstrem (> 300%),Accumulation (Kumpul Barang),Normal,Normal,Naik 1 Hari Beruntun,TP: 714 | CL: 673,Normal,Tidak Ideal (< 1:1),Netral / Sideways,Netral / Sepi Berita,Normal / Sedang Transisi,Dekat Support Fibo 50.0%,9,BELI,HOLD / NEUTRAL,0.0,Kondisi pasar normal,TIDAK ADA,2026-09-03 15:24:34,Biasa / Mengikuti Pasar
15:24,MAPI,Token Mati (Perlu Update),Big Cap (Lapis 1),Fair Value (Wajar),9.596672,1.5522691,1430.0,1518,1400,1780,0.0,3397700,Normal,42,Negatif,Downtrend,Bearish,Strong Bearish,Strong Downtrend (5<20<50),Normal,Distribusi (Turun),Normal,Seimbang / Adu Mekanik,Normal,Tinggi,Normal,Dekat Support (Low Risk),> 1 Miliar,Persis di VWAP,Distribusi Pro (Guyuran),Ritel Aktif (5M - 50M),Normal (50-150%),Mark-Down (Fase Runtuh),Normal,Normal,Sideways / Stagnan,TP: 1505 | CL: 1379,Normal,Sangat Menarik (> 1:3),Netral / Sideways,Netral / Sepi Berita,Normal / Sedang Transisi,Mendekati Fibo Bottom / 100%,0,WAIT & SEE,HOLD / NEUTRAL,0.0,Kondisi pasar normal,TIDAK ADA,2026-09-03 15:24:34,Biasa / Mengikuti Pasar
15:24,MAYA,Transaksi Sepi (Skip Broksum),Mid Cap (Lapis 2),Overvalued (Mahal),76.74419,0.26671264,198.0,200,192,208,-1.0,2686400,Tembus MA20,49,Negatif,Downtrend,Bearish,Bearish MACD,Konsolidasi / Transisi,Distribusi Kuat,Distribusi (Turun),Normal,Seimbang / Adu Mekanik,Squeeze,Rendah,Normal,Area Tengah,< 1 Miliar,Persis di VWAP,Akumulasi Pro (Smart Money),Gorengan Sepi (< 5M),Anomali Tinggi (150-300%),Distribution (Fase Jualan),Spesialis Tiang Jemuran (Banting Pucuk),Normal,Turun 1 Hari Beruntun,TP: 205 | CL: 193,Open = High (Tekanan Jual),Ideal (1:2),Netral / Sideways,Netral / Sepi Berita,Normal / Sedang Transisi,Dekat Support Fibo 23.6%,1,WAIT & SEE,HOLD / NEUTRAL,0.0,Kondisi pasar normal,TIDAK ADA,2026-09-03 15:24:34,Biasa / Mengikuti Pasar
15:24,MBAP,Transaksi Sepi (Skip Broksum),Mid Cap (Lapis 2),Overvalued (Mahal),32.27017,11315.79,1720.0,1506,1405,1860,4.5592705167173255,94000,Normal,77,Positif,Uptrend,Bullish,Strong Bullish,Perfect Uptrend (5>20>50),Normal,Akumulasi (Naik),Normal,Seimbang / Adu Mekanik,Breakout Upper,Tinggi,Normal,Rawan Pucuk (High Risk),< 1 Miliar,Di Atas VWAP (Kuat),Distribusi Pro (Guyuran),Gorengan Sepi (< 5M),Sepi (< 50%),Mark-Up (Fase Pesta),Spesialis Tiang Jemuran (Banting Pucuk),Normal,Naik 1 Hari Beruntun,TP: 1829 | CL: 1646,Normal,Tidak Ideal (< 1:1),Netral / Sideways,Netral / Sepi Berita,Normal / Sedang Transisi,Dekat Support Fibo 23.6%,6,WAIT & SEE,HOLD / NEUTRAL,0.0,Kondisi pasar normal,TIDAK ADA,2026-09-03 15:24:34,Biasa / Mengikuti Pasar
15:24,MBSS,Token Mati (Perlu Update),Mid Cap (Lapis 2),Undervalued (Murah),13.445299,1.2143406,2850.0,2833,2780,2920,-1.0416666666666665,2897800,Tembus MA20,60,Negatif,Uptrend,Bullish,Bearish MACD,Perfect Uptrend (5>20>50),Normal,Distribusi (Turun),Normal,Seimbang / Adu Mekanik,Squeeze,Rendah,Normal,Dekat Support (Low Risk),> 1 Miliar,Persis di VWAP,Akumulasi Pro (Smart Money),Ritel Aktif (5M - 50M),Normal (50-150%),Mark-Up (Fase Pesta),Normal,Normal,Turun 1 Hari Beruntun,TP: 2893 | CL: 2820,Open = High (Tekanan Jual),Menengah (1:1),Netral / Sideways,Netral / Sepi Berita,Supply Banjir (Distribusi) 🌊,Mendekati Fibo 23.6%,4,WAIT & SEE,HOLD / NEUTRAL,0.0,Kondisi pasar normal,TIDAK ADA,2026-09-03 15:24:34,Biasa / Mengikuti Pasar
15:24,MBTO,Transaksi Sepi (Skip Broksum),Small Cap (Lapis 3),Fair Value (Wajar),0.0,0.38541725,127.0,128,121,167,-0.78125,1677700,Normal,53,Negatif,Downtrend,Bearish,Bearish MACD,Konsolidasi / Transisi,Normal,Akumulasi (Naik),Normal,Seimbang / Adu Mekanik,Squeeze,Rendah,Normal,Area Tengah,< 1 Miliar,Persis di VWAP,Akumulasi Pro (Smart Money),Gorengan Sepi (< 5M),Normal (50-150%),Distribution (Fase Jualan),Normal,Normal,Turun 1 Hari Beruntun,TP: 133 | CL: 123,Open = High (Tekanan Jual),Sangat Menarik (> 1:3),Death Cross (Awal Bearish),Netral / Sepi Berita,Supply Kering (Siap Pump) 🏜️,Mengambang (Jauh dari Fibo),2,WAIT & SEE,HOLD / NEUTRAL,0.0,Kondisi pasar normal,TIDAK ADA,2026-09-03 15:24:34,Biasa / Mengikuti Pasar
15:24,MCOR,Transaksi Sepi (Skip Broksum),Mid Cap (Lapis 2),Undervalued (Murah),8.886107,0.370048,71.0,69,67,73,1.4285714285714286,6591700,Tembus MA20,59,Positif,Uptrend,Bullish,Strong Bullish,Perfect Uptrend (5>20>50),Normal,Akumulasi (Naik),Normal,Seimbang / Adu Mekanik,Squeeze,Rendah,Doji (Ragu-ragu),Area Tengah,< 1 Miliar,Persis di VWAP,Distribusi Pro (Guyuran),Gorengan Sepi (< 5M),Normal (50-150%),Mark-Up (Fase Pesta),Normal,Jarum Bawah (Sinyal Pantulan Kuat),Naik 1 Hari Beruntun,TP: 73 | CL: 69,Normal,Tidak Ideal (< 1:1),Netral / Sideways,Netral / Sepi Berita,Normal / Sedang Transisi,Golden Rebound Fibo 23.6% 🎯,7,BELI,HOLD / NEUTRAL,0.0,Kondisi pasar normal,TIDAK ADA,2026-09-03 15:24:34,Biasa / Mengikuti Pasar
15:24,MDIA,Token Mati (Perlu Update),Big Cap (Lapis 1),Overvalued (Mahal),3300.0,11.275787,264.0,262,212,304,-5.0359712230215825,869626100,Tembus MA20,61,Negatif,Uptrend,Golden Cross,Bearish MACD,Perfect Uptrend (5>20>50),Distribusi Kuat,Distribusi (Turun),Gap Up (+2.9%),Dominan Jual (Guyur),Normal,Tinggi,Normal,Rawan Pucuk (High Risk),> 1 Miliar,Di Bawah VWAP (Lemah),Distribusi Pro (Guyuran),Sultan (> 50M/hari),Ledakan Ekstrem (> 300%),Mark-Up (Fase Pesta),Normal,Normal,Turun 1 Hari Beruntun,TP: 285 | CL: 249,Normal,Tidak Ideal (< 1:1),Netral / Sideways,Netral / Sepi Berita,Normal / Sedang Transisi,Mengambang (Jauh dari Fibo),5,WAIT & SEE,HOLD / NEUTRAL,0.0,Kondisi pasar normal,TIDAK ADA,2026-09-03 15:24:34,🔥 ANOMALI BANDAR (Siap Ledakan)
15:24,MDKA,Token Mati (Perlu Update),Big Cap (Lapis 1),Overvalued (Mahal),1687.8612,83428.57,2920.0,2928,2740,3180,1.3888888888888888,13760400,Normal,53,Positif,Downtrend,Bullish,Bearish MACD,Perfect Uptrend (5>20>50),Normal,Distribusi (Turun),Normal,Seimbang / Adu Mekanik,Normal,Sedang,Normal,Area Tengah,> 1 Miliar,Di Bawah VWAP (Lemah),Distribusi Pro (Guyuran),Sultan (> 50M/hari),Sepi (< 50%),Distribution (Fase Jualan),Spesialis Tiang Jemuran (Banting Pucuk),Normal,Naik 1 Hari Beruntun,TP: 3082 | CL: 2811,Normal,Menengah (1:1),Golden Cross (Awal Bullish),Netral / Sepi Berita,Normal / Sedang Transisi,Dekat Support Fibo 23.6%,3,WAIT & SEE,HOLD / NEUTRAL,0.0,Kondisi pasar normal,TIDAK ADA,2026-09-03 15:24:34,Biasa / Mengikuti Pasar
15:24,MDLN,Transaksi Sepi (Skip Broksum),Small Cap (Lapis 3),Fair Value (Wajar),0.0,0.1902421,50.0,50,50,52,0.0,398600,Normal,48,Negatif,Downtrend,Bearish,Strong Bearish,Strong Downtrend (5<20<50),Normal,Netral,Normal,Tidak Ada Transaksi,Squeeze,Rendah,Doji (Ragu-ragu),Dekat Support (Low Risk),< 1 Miliar,Persis di VWAP,Netral,Gorengan Sepi (< 5M),Sepi (< 50%),Mark-Down (Fase Runtuh),Normal,Normal,Sideways / Stagnan,TP: 50 | CL: 49,Normal,Di Area Support,Oversold (Jenuh Jual - Peluang),Netral / Sepi Berita,Supply Kering (Siap Pump) 🏜️,Golden Rebound Fibo Bottom / 100% 🎯,0,WAIT & SEE,HOLD / NEUTRAL,0.0,Kondisi pasar normal,TIDAK ADA,2026-09-03 15:24:34,Biasa / Mengikuti Pasar
15:24,MEDC,Token Mati (Perlu Update),Big Cap (Lapis 1),Overvalued (Mahal),13.951769,16966.291,1515.0,1365,1265,1515,4.844290657439446,52024400,Tembus MA20,67,Positif,Uptrend,Bullish,Strong Bullish,Perfect Uptrend (5>20>50),Normal,Akumulasi (Naik),Normal,Dominan Beli (Hajar Kanan),Breakout Upper,Tinggi,Marubozu (Strong Bullish),Rawan Pucuk (High Risk),> 1 Miliar,Di Atas VWAP (Kuat),Akumulasi Pro (Smart Money),Sultan (> 50M/hari),Normal (50-150%),Mark-Up (Fase Pesta),Normal,Normal,Naik 1 Hari Beruntun,TP: 1607 | CL: 1453,Open = Low (Bullish Kuat),Tidak Ideal (< 1:1),Overbought (Jenuh Beli - Rawan),Netral / Sepi Berita,Normal / Sedang Transisi,Mengambang (Jauh dari Fibo),8,BELI,HOLD / NEUTRAL,0.0,Kondisi pasar normal,TIDAK ADA,2026-09-03 15:24:34,Biasa / Mengikuti Pasar
15:24,MEGA,Transaksi Sepi (Skip Broksum),Big Cap (Lapis 1),Fair Value (Wajar),14.052195,2.0577557,1960.0,1976,1900,1990,-0.5076142131979695,83300,Tembus MA20,40,Negatif,Downtrend,Bearish,Strong Bearish,Strong Downtrend (5<20<50),Distribusi Kuat,Distribusi (Turun),Normal,Seimbang / Adu Mekanik,Squeeze,Rendah,Normal,Area Tengah,< 1 Miliar,Persis di VWAP,Akumulasi Pro (Smart Money),Gorengan Sepi (< 5M),Anomali Tinggi (150-300%),Mark-Down (Fase Runtuh),Normal,Normal,Turun 1 Hari Beruntun,TP: 2011 | CL: 1925,Normal,Tidak Ideal (< 1:1),Death Cross (Awal Bearish),Netral / Sepi Berita,Normal / Sedang Transisi,Dekat Support Fibo 50.0%,1,WAIT & SEE,HOLD / NEUTRAL,0.0,Kondisi pasar normal,TIDAK ADA,2026-09-03 15:24:34,Biasa / Mengikuti Pasar
15:24,MERK,Transaksi Sepi (Skip Broksum),Mid Cap (Lapis 2),Fair Value (Wajar),5.23525,1.807257,3890.0,3926,3820,4020,0.516795865633075,84000,Tembus MA20,49,Positif,Downtrend,Bearish,Bearish MACD,Konsolidasi / Transisi,Akumulasi Kuat,Akumulasi (Naik),Normal,Seimbang / Adu Mekanik,Squeeze,Rendah,Normal,Dekat Support (Low Risk),< 1 Miliar,Persis di VWAP,Distribusi Pro (Guyuran),Gorengan Sepi (< 5M),Anomali Tinggi (150-300%),Distribution (Fase Jualan),Spesialis Tiang Jemuran (Banting Pucuk),Normal,Naik 1 Hari Beruntun,TP: 4014 | CL: 3807,Open = Low (Bullish Kuat),Ideal (1:2),Golden Cross (Awal Bullish),Netral / Sepi Berita,Normal / Sedang Transisi,Dekat Support Fibo 23.6%,4,WAIT & SEE,HOLD / NEUTRAL,0.0,Kondisi pasar normal,TIDAK ADA,2026-09-03 15:24:34,Biasa / Mengikuti Pasar
15:24,MGNA,Token Mati (Perlu Update),Small Cap (Lapis 3),Overvalued (Mahal),2.665038,11.947729,96.0,100,80,116,-1.0309278350515463,10739900,Tembus MA20,45,Negatif,Downtrend,Bearish,Strong Bearish,Konsolidasi / Transisi,Normal,Distribusi (Turun),Normal,Dominan Jual (Guyur),Normal,Tinggi,Doji (Ragu-ragu),Rawan Pucuk (High Risk),> 1 Miliar,Di Bawah VWAP (Lemah),Distribusi Pro (Guyuran),Gorengan Sepi (< 5M),Ledakan Ekstrem (> 300%),Distribution (Fase Jualan),Spesialis Tiang Jemuran (Banting Pucuk),Normal,Turun 2 Hari Beruntun,TP: 106 | CL: 88,Normal,Menengah (1:1),Netral / Sideways,Netral / Sepi Berita,Normal / Sedang Transisi,Mengambang (Jauh dari Fibo),1,WAIT & SEE,HOLD / NEUTRAL,0.0,Kondisi pasar normal,TIDAK ADA,2026-09-03 15:24:34,Biasa / Mengikuti Pasar
15:24,MICE,Transaksi Sepi (Skip Broksum),Small Cap (Lapis 3),Undervalued (Murah),7.8059664,0.33833382,560.0,531,510,570,0.0,12900,Normal,76,Negatif,Uptrend,Bullish,Strong Bullish,Perfect Uptrend (5>20>50),Normal,Akumulasi (Naik),Normal,Dominan Beli (Hajar Kanan),Breakout Upper,Sedang,Doji (Ragu-ragu),Area Tengah,< 1 Miliar,Di Atas VWAP (Kuat),Akumulasi Pro (Smart Money),Gorengan Sepi (< 5M),Sepi (< 50%),Mark-Up (Fase Pesta),Normal,Jarum Bawah (Sinyal Pantulan Kuat),Sideways / Stagnan,TP: 581 | CL: 545,Normal,Tidak Ideal (< 1:1),Netral / Sideways,Netral / Sepi Berita,Supply Kering (Siap Pump) 🏜️,Golden Rebound Fibo 23.6% 🎯,6,WAIT & SEE,HOLD / NEUTRAL,0.0,Kondisi pasar normal,TIDAK ADA,2026-09-03 15:24:34,Biasa / Mengikuti Pasar
15:24,MIDI,Token Mati (Perlu Update),Mid Cap (Lapis 2),Fair Value (Wajar),10.320151,1.977968,276.0,276,266,288,0.7299270072992701,7474200,Tembus MA20,48,Positif,Downtrend,Bearish,Strong Bearish,Strong Downtrend (5<20<50),Normal,Akumulasi (Naik),Normal,Seimbang / Adu Mekanik,Squeeze,Rendah,Normal,Area Tengah,> 1 Miliar,Persis di VWAP,Distribusi Pro (Guyuran),Gorengan Sepi (< 5M),Normal (50-150%),Mark-Down (Fase Runtuh),Normal,Normal,Naik 1 Hari Beruntun,TP: 286 | CL: 269,Normal,Menengah (1:1),Netral / Sideways,Netral / Sepi Berita,Normal / Sedang Transisi,Dekat Support Fibo 61.8% (Golden Ratio),3,WAIT & SEE,HOLD / NEUTRAL,0.0,Kondisi pasar normal,TIDAK ADA,2026-09-03 15:24:34,Biasa / Mengikuti Pasar
15:24,MIKA,Token Mati (Perlu Update),Big Cap (Lapis 1),Overvalued (Mahal),18.974865,3.6596262,1925.0,1836,1730,1960,0.0,2178000,Normal,67,Negatif,Uptrend,Bullish,Strong Bullish,Perfect Uptrend (5>20>50),Normal,Akumulasi (Naik),Normal,Seimbang / Adu Mekanik,Normal,Sedang,Normal,Rawan Pucuk (High Risk),> 1 Miliar,Di Atas VWAP (Kuat),Distribusi Pro (Guyuran),Ritel Aktif (5M - 50M),Sepi (< 50%),Mark-Up (Fase Pesta),Normal,Normal,Sideways / Stagnan,TP: 2009 | CL: 1868,Normal,Tidak Ideal (< 1:1),Netral / Sideways,Netral / Sepi Berita,Normal / Sedang Transisi,Mendekati Fibo 23.6%,5,WAIT & SEE,HOLD / NEUTRAL,0.0,Kondisi pasar normal,TIDAK ADA,2026-09-03 15:24:34,Biasa / Mengikuti Pasar
15:24,MIRA,Transaksi Sepi (Skip Broksum),Small Cap (Lapis 3),Fair Value (Wajar),0.0,0.6981095,25.0,27,23,31,8.695652173913043,7691500,Normal,50,Positif,Downtrend,Bearish,Bearish MACD,Konsolidasi / Transisi,Normal,Distribusi (Turun),Gap Up (+4.3%),Dominan Beli (Hajar Kanan),Normal,Tinggi,Marubozu (Strong Bullish),Area Tengah,< 1 Miliar,Di Atas VWAP (Kuat),Distribusi Pro (Guyuran),Gorengan Sepi (< 5M),Normal (50-150%),Distribution (Fase Jualan),Normal,Normal,Naik 1 Hari Beruntun,TP: 27 | CL: 23,Open = Low (Bullish Kuat),Sangat Menarik (> 1:3),Golden Cross (Awal Bullish),Netral / Sepi Berita,Normal / Sedang Transisi,Dekat Support Fibo 38.2%,3,WAIT & SEE,HOLD / NEUTRAL,0.0,Kondisi pasar normal,TIDAK ADA,2026-09-03 15:24:34,Biasa / Mengikuti Pasar
15:24,MITI,Transaksi Sepi (Skip Broksum),Small Cap (Lapis 3),Overvalued (Mahal),72.02573,1.8014251,226.0,213,185,264,-1.7391304347826086,3034600,Normal,59,Negatif,Uptrend,Bullish,Strong Bullish,Perfect Uptrend (5>20>50),Normal,Distribusi (Turun),Normal,Seimbang / Adu Mekanik,Normal,Tinggi,Normal,Rawan Pucuk (High Risk),< 1 Miliar,Di Bawah VWAP (Lemah),Distribusi Pro (Guyuran),Gorengan Sepi (< 5M),Sepi (< 50%),Mark-Up (Fase Pesta),Normal,Normal,Turun 3 Hari Beruntun,TP: 252 | CL: 208,Normal,Tidak Ideal (< 1:1),Death Cross (Awal Bearish),Netral / Sepi Berita,Normal / Sedang Transisi,Mendekati Fibo 38.2%,4,WAIT & SEE,HOLD / NEUTRAL,0.0,Kondisi pasar normal,TIDAK ADA,2026-09-03 15:24:34,Biasa / Mengikuti Pasar
15:24,MKPI,Transaksi Sepi (Skip Broksum),Big Cap (Lapis 1),Fair Value (Wajar),17.816513,2.7881987,21925.0,22001,21700,22175,-0.22753128555176336,41500,Tembus MA20,54,Negatif,Downtrend,Bearish,Bearish MACD,Konsolidasi / Transisi,Normal,Distribusi (Turun),Normal,Dominan Jual (Guyur),Squeeze,Rendah,Normal,Dekat Support (Low Risk),< 1 Miliar,Persis di VWAP,Akumulasi Pro (Smart Money),Gorengan Sepi (< 5M),Normal (50-150%),Distribution (Fase Jualan),Normal,Normal,Turun 1 Hari Beruntun,TP: 22123 | CL: 21792,Open = Low (Bullish Kuat),Menengah (1:1),Netral / Sideways,Netral / Sepi Berita,Normal / Sedang Transisi,Dekat Support Fibo 23.6%,2,WAIT & SEE,HOLD / NEUTRAL,0.0,Kondisi pasar normal,TIDAK ADA,2026-09-03 15:24:34,Biasa / Mengikuti Pasar
15:24,MLBI,Transaksi Sepi (Skip Broksum),Big Cap (Lapis 1),Overvalued (Mahal),11.330913,13.207457,6925.0,6910,6300,7200,4.924242424242424,58000,Normal,57,Positif,Uptrend,Bearish,Bearish MACD,Konsolidasi / Transisi,Normal,Distribusi (Turun),Gap Up (+3.0%),Dominan Beli (Hajar Kanan),Squeeze,Rendah,Marubozu (Strong Bullish),Area Tengah,< 1 Miliar,Di Atas VWAP (Kuat),Distribusi Pro (Guyuran),Gorengan Sepi (< 5M),Normal (50-150%),Mark-Up (Fase Pesta),Normal,Normal,Naik 1 Hari Beruntun,TP: 7141 | CL: 6780,Open = Low (Bullish Kuat),Tidak Ideal (< 1:1),Netral / Sideways,Netral / Sepi Berita,Normal / Sedang Transisi,Dekat Support Fibo 23.6%,5,WAIT & SEE,HOLD / NEUTRAL,0.0,Kondisi pasar normal,TIDAK ADA,2026-09-03 15:24:34,Biasa / Mengikuti Pasar
15:24,MLIA,Transaksi Sepi (Skip Broksum),Mid Cap (Lapis 2),Fair Value (Wajar),0.0,0.28787807,228.0,231,226,236,0.8849557522123894,53600,Tembus MA20,41,Positif,Downtrend,Bearish,Strong Bearish,Strong Downtrend (5<20<50),Normal,Distribusi (Turun),Normal,Dominan Beli (Hajar Kanan),Squeeze,Rendah,Marubozu (Strong Bullish),Dekat Support (Low Risk),< 1 Miliar,Persis di VWAP,Distribusi Pro (Guyuran),Gorengan Sepi (< 5M),Normal (50-150%),Mark-Down (Fase Runtuh),Normal,Normal,Naik 1 Hari Beruntun,TP: 231 | CL: 225,Open = Low (Bullish Kuat),Sangat Menarik (> 1:3),Golden Cross (Awal Bullish),Netral / Sepi Berita,Normal / Sedang Transisi,Dekat Support Fibo Bottom / 100%,3,WAIT & SEE,HOLD / NEUTRAL,0.0,Kondisi pasar normal,TIDAK ADA,2026-09-03 15:24:34,Biasa / Mengikuti Pasar
15:24,MLPL,Token Mati (Perlu Update),Mid Cap (Lapis 2),Fair Value (Wajar),0.0,0.23727486,91.0,95,90,107,-1.0869565217391304,26278500,Normal,45,Negatif,Downtrend,Bearish,Bearish MACD,Konsolidasi / Transisi,Normal,Distribusi (Turun),Normal,Dominan Jual (Guyur),Bottom Rebound,Sedang,Normal,Dekat Support (Low Risk),> 1 Miliar,Di Bawah VWAP (Lemah),Distribusi Pro (Guyuran),Gorengan Sepi (< 5M),Normal (50-150%),Distribution (Fase Jualan),Normal,Normal,Turun 2 Hari Beruntun,TP: 96 | CL: 87,Normal,Sangat Menarik (> 1:3),Oversold (Jenuh Jual - Peluang),Netral / Sepi Berita,Normal / Sedang Transisi,Mendekati Fibo 50.0%,0,WAIT & SEE,HOLD / NEUTRAL,0.0,Kondisi pasar normal,TIDAK ADA,2026-09-03 15:24:34,Biasa / Mengikuti Pasar
15:24,MLPT,Token Mati (Perlu Update),Big Cap (Lapis 1),Overvalued (Mahal),150.18315,77.73986,1230.0,1407,1225,1755,-2.380952380952381,2519200,Normal,43,Negatif,Downtrend,Bearish,Strong Bearish,Konsolidasi / Transisi,Normal,Distribusi (Turun),Normal,Dominan Jual (Guyur),Normal,Tinggi,Normal,Dekat Support (Low Risk),> 1 Miliar,Di Bawah VWAP (Lemah),Distribusi Pro (Guyuran),Gorengan Sepi (< 5M),Sepi (< 50%),Distribution (Fase Jualan),Normal,Normal,Turun 2 Hari Beruntun,TP: 1374 | CL: 1133,Open = High (Tekanan Jual),Sangat Menarik (> 1:3),Oversold (Jenuh Jual - Peluang),Netral / Sepi Berita,Normal / Sedang Transisi,Mengambang (Jauh dari Fibo),0,WAIT & SEE,HOLD / NEUTRAL,0.0,Kondisi pasar normal,TIDAK ADA,2026-09-03 15:24:34,Biasa / Mengikuti Pasar
15:24,MMLP,Transaksi Sepi (Skip Broksum),Mid Cap (Lapis 2),Fair Value (Wajar),20.253164,0.44259962,304.0,297,286,320,0.6622516556291391,287700,Normal,57,Positif,Uptrend,Bullish,Strong Bullish,Perfect Uptrend (5>20>50),Normal,Akumulasi (Naik),Normal,Dominan Jual (Guyur),Squeeze,Rendah,Normal,Area Tengah,< 1 Miliar,Persis di VWAP,Akumulasi Pro (Smart Money),Gorengan Sepi (< 5M),Sepi (< 50%),Mark-Up (Fase Pesta),Spesialis Tiang Jemuran (Banting Pucuk),Normal,Naik 1 Hari Beruntun,TP: 319 | CL: 293,Open = Low (Bullish Kuat),Tidak Ideal (< 1:1),Netral / Sideways,Netral / Sepi Berita,Normal / Sedang Transisi,Dekat Support Fibo 23.6%,6,WAIT & SEE,HOLD / NEUTRAL,0.0,Kondisi pasar normal,TIDAK ADA,2026-09-03 15:24:34,Biasa / Mengikuti Pasar
15:24,MNCN,Token Mati (Perlu Update),Mid Cap (Lapis 2),Undervalued (Murah),2.234019,0.1201805,202.0,201,198,208,1.0,48649600,Tembus MA20,49,Positif,Uptrend,Bearish,Bullish MACD,Strong Downtrend (5<20<50),Normal,Akumulasi (Naik),Normal,Seimbang / Adu Mekanik,Squeeze,Rendah,Doji (Ragu-ragu),Dekat Support (Low Risk),> 1 Miliar,Persis di VWAP,Akumulasi Pro (Smart Money),Ritel Aktif (5M - 50M),Normal (50-150%),Accumulation (Kumpul Barang),Normal,Jarum Bawah (Sinyal Pantulan Kuat),Naik 1 Hari Beruntun,TP: 206 | CL: 198,Normal,Ideal (1:2),Golden Cross (Awal Bullish),Netral / Sepi Berita,Normal / Sedang Transisi,Golden Rebound Fibo 78.6% 🎯,5,WAIT & SEE,HOLD / NEUTRAL,0.0,Kondisi pasar normal,TIDAK ADA,2026-09-03 15:24:34,Biasa / Mengikuti Pasar
15:24,MPMX,Token Mati (Perlu Update),Mid Cap (Lapis 2),Undervalued (Murah),8.687913,0.8077621,1030.0,1011,995,1035,0.4878048780487805,4110700,Tembus MA20,68,Positif,Uptrend,Bullish,Strong Bullish,Perfect Uptrend (5>20>50),Normal,Akumulasi (Naik),Normal,Seimbang / Adu Mekanik,Squeeze,Rendah,Doji (Ragu-ragu),Area Tengah,> 1 Miliar,Persis di VWAP,Akumulasi Pro (Smart Money),Gorengan Sepi (< 5M),Normal (50-150%),Mark-Up (Fase Pesta),Normal,Normal,Naik 3 Hari Beruntun,TP: 1047 | CL: 1018,Normal,Tidak Ideal (< 1:1),Overbought (Jenuh Beli - Rawan),Netral / Sepi Berita,Normal / Sedang Transisi,Mendekati Fibo 23.6%,7,BELI,HOLD / NEUTRAL,0.0,Kondisi pasar normal,TIDAK ADA,2026-09-03 15:24:34,Biasa / Mengikuti Pasar
15:24,MPPA,Transaksi Sepi (Skip Broksum),Mid Cap (Lapis 2),Fair Value (Wajar),0.0,-15.608742,45.0,47,43,52,0.0,11733900,Tembus MA20,44,Negatif,Downtrend,Bearish,Strong Bearish,Konsolidasi / Transisi,Normal,Akumulasi (Naik),Normal,Tidak Ada Transaksi,Normal,Tinggi,Doji (Ragu-ragu),Area Tengah,< 1 Miliar,Di Atas VWAP (Kuat),Akumulasi Pro (Smart Money),Gorengan Sepi (< 5M),Normal (50-150%),Distribution (Fase Jualan),Solid (Jarang Dibanting),Normal,Sideways / Stagnan,TP: 46 | CL: 44,Normal,Sangat Menarik (> 1:3),Golden Cross (Awal Bullish),Netral / Sepi Berita,Normal / Sedang Transisi,Dekat Support Fibo 61.8% (Golden Ratio),2,WAIT & SEE,HOLD / NEUTRAL,0.0,Kondisi pasar normal,TIDAK ADA,2026-09-03 15:24:34,Biasa / Mengikuti Pasar
15:24,MRAT,Transaksi Sepi (Skip Broksum),Small Cap (Lapis 3),Overvalued (Mahal),55.227882,0.3050706,412.0,425,404,550,0.0,75500,Normal,35,Negatif,Downtrend,Bearish,Strong Bearish,Strong Downtrend (5<20<50),Normal,Distribusi (Turun),Normal,Seimbang / Adu Mekanik,Normal,Sedang,Normal,Dekat Support (Low Risk),< 1 Miliar,Persis di VWAP,Distribusi Pro (Guyuran),Gorengan Sepi (< 5M),Sepi (< 50%),Mark-Down (Fase Runtuh),Spesialis Tiang Jemuran (Banting Pucuk),Normal,Sideways / Stagnan,TP: 439 | CL: 393,Open = High (Tekanan Jual),Sangat Menarik (> 1:3),Oversold (Jenuh Jual - Peluang),Netral / Sepi Berita,Normal / Sedang Transisi,Golden Rebound Fibo Bottom / 100% 🎯,0,WAIT & SEE,HOLD / NEUTRAL,0.0,Kondisi pasar normal,TIDAK ADA,2026-09-03 15:24:34,Biasa / Mengikuti Pasar
15:24,MSKY,Token Mati (Perlu Update),Small Cap (Lapis 3),Fair Value (Wajar),0.0,0.9293288,66.0,66,59,76,3.125,18207300,Normal,53,Positif,Downtrend,Bearish,Bearish MACD,Konsolidasi / Transisi,Normal,Akumulasi (Naik),Normal,Seimbang / Adu Mekanik,Normal,Tinggi,Normal,Rawan Pucuk (High Risk),> 1 Miliar,Persis di VWAP,Distribusi Pro (Guyuran),Gorengan Sepi (< 5M),Anomali Tinggi (150-300%),Distribution (Fase Jualan),Spesialis Tiang Jemuran (Banting Pucuk),Normal,Naik 1 Hari Beruntun,TP: 72 | CL: 61,Normal,Menengah (1:1),Netral / Sideways,Netral / Sepi Berita,Normal / Sedang Transisi,Dekat Support Fibo 50.0%,3,WAIT & SEE,HOLD / NEUTRAL,0.0,Kondisi pasar normal,TIDAK ADA,2026-09-03 15:24:34,Biasa / Mengikuti Pasar
15:24,MTDL,Token Mati (Perlu Update),Mid Cap (Lapis 2),Undervalued (Murah),7.575757,1.3467996,520.0,509,500,525,1.9607843137254901,2346700,Normal,59,Positif,Uptrend,Golden Cross,Strong Bullish,Perfect Uptrend (5>20>50),Normal,Akumulasi (Naik),Normal,Dominan Beli (Hajar Kanan),Squeeze,Rendah,Normal,Area Tengah,> 1 Miliar,Di Atas VWAP (Kuat),Akumulasi Pro (Smart Money),Gorengan Sepi (< 5M),Normal (50-150%),Mark-Up (Fase Pesta),Normal,Normal,Naik 1 Hari Beruntun,TP: 537 | CL: 508,Normal,Tidak Ideal (< 1:1),Netral / Sideways,Netral / Sepi Berita,Normal / Sedang Transisi,Dekat Support Fibo 23.6%,7,BELI,HOLD / NEUTRAL,0.0,Kondisi pasar normal,TIDAK ADA,2026-09-03 15:24:34,Biasa / Mengikuti Pasar
15:24,MTLA,Transaksi Sepi (Skip Broksum),Mid Cap (Lapis 2),Undervalued (Murah),10.869566,0.727137,530.0,519,500,545,0.0,11600,Normal,56,Negatif,Uptrend,Bullish,Strong Bullish,Awal Reversal (5>20),Normal,Distribusi (Turun),Normal,Dominan Beli (Hajar Kanan),Squeeze,Rendah,Doji (Ragu-ragu),Area Tengah,< 1 Miliar,Di Atas VWAP (Kuat),Distribusi Pro (Guyuran),Gorengan Sepi (< 5M),Normal (50-150%),Accumulation (Kumpul Barang),Normal,Jarum Bawah (Sinyal Pantulan Kuat),Sideways / Stagnan,TP: 547 | CL: 518,Normal,Tidak Ideal (< 1:1),Netral / Sideways,Netral / Sepi Berita,Supply Kering (Siap Pump) 🏜️,Mendekati Fibo 61.8% (Golden Ratio),5,WAIT & SEE,HOLD / NEUTRAL,0.0,Kondisi pasar normal,TIDAK ADA,2026-09-03 15:24:34,Biasa / Mengikuti Pasar
15:24,MYOH,Transaksi Sepi (Skip Broksum),Mid Cap (Lapis 2),Overvalued (Mahal),9.972251,14556.961,1150.0,1098,1015,1250,1.3215859030837005,65600,Normal,63,Positif,Uptrend,Bullish,Strong Bullish,Perfect Uptrend (5>20>50),Normal,Akumulasi (Naik),Normal,Dominan Beli (Hajar Kanan),Normal,Tinggi,Normal,Rawan Pucuk (High Risk),< 1 Miliar,Persis di VWAP,Distribusi Pro (Guyuran),Gorengan Sepi (< 5M),Sepi (< 50%),Mark-Up (Fase Pesta),Spesialis Tiang Jemuran (Banting Pucuk),Jarum Bawah (Sinyal Pantulan Kuat),Naik 1 Hari Beruntun,TP: 1245 | CL: 1086,Normal,Tidak Ideal (< 1:1),Netral / Sideways,Netral / Sepi Berita,Normal / Sedang Transisi,Mendekati Fibo 50.0%,7,BELI,HOLD / NEUTRAL,0.0,Kondisi pasar normal,TIDAK ADA,2026-09-03 15:24:34,Biasa / Mengikuti Pasar
15:24,MYOR,Token Mati (Perlu Update),Big Cap (Lapis 1),Fair Value (Wajar),10.229346,1.9036672,1570.0,1638,1530,1730,0.964630225080386,16830000,Tembus MA20,36,Positif,Downtrend,Bearish,Strong Bearish,Strong Downtrend (5<20<50),Normal,Distribusi (Turun),Normal,Seimbang / Adu Mekanik,Normal,Sedang,Normal,Dekat Support (Low Risk),> 1 Miliar,Persis di VWAP,Distribusi Pro (Guyuran),Ritel Aktif (5M - 50M),Normal (50-150%),Mark-Down (Fase Runtuh),Spesialis Tiang Jemuran (Banting Pucuk),Normal,Naik 1 Hari Beruntun,TP: 1625 | CL: 1533,Open = Low (Bullish Kuat),Sangat Menarik (> 1:3),Golden Cross (Awal Bullish),Netral / Sepi Berita,Normal / Sedang Transisi,Mendekati Fibo Bottom / 100%,2,WAIT & SEE,HOLD / NEUTRAL,0.0,Kondisi pasar normal,TIDAK ADA,2026-09-03 15:24:34,Biasa / Mengikuti Pasar
15:24,NELY,Transaksi Sepi (Skip Broksum),Small Cap (Lapis 3),Undervalued (Murah),7.8220305,0.5851705,218.0,204,195,228,0.9259259259259258,1965900,Tembus MA20,68,Positif,Uptrend,Bullish,Strong Bullish,Perfect Uptrend (5>20>50),Normal,Akumulasi (Naik),Normal,Seimbang / Adu Mekanik,Breakout Upper,Sedang,Doji (Ragu-ragu),Rawan Pucuk (High Risk),< 1 Miliar,Di Atas VWAP (Kuat),Akumulasi Pro (Smart Money),Gorengan Sepi (< 5M),Normal (50-150%),Mark-Up (Fase Pesta),Normal,Normal,Naik 2 Hari Beruntun,TP: 228 | CL: 210,Normal,Tidak Ideal (< 1:1),Netral / Sideways,Netral / Sepi Berita,Normal / Sedang Transisi,Dekat Support Fibo 23.6%,7,BELI,HOLD / NEUTRAL,0.0,Kondisi pasar normal,TIDAK ADA,2026-09-03 15:24:34,Biasa / Mengikuti Pasar
15:24,NIKL,Transaksi Sepi (Skip Broksum),Small Cap (Lapis 3),Overvalued (Mahal),15.818324,9181.818,202.0,198,187,208,-0.9803921568627451,2037600,Normal,56,Negatif,Uptrend,Bullish,Strong Bullish,Perfect Uptrend (5>20>50),Normal,Akumulasi (Naik),Normal,Seimbang / Adu Mekanik,Normal,Sedang,Normal,Area Tengah,< 1 Miliar,Persis di VWAP,Akumulasi Pro (Smart Money),Gorengan Sepi (< 5M),Normal (50-150%),Mark-Up (Fase Pesta),Normal,Normal,Turun 1 Hari Beruntun,TP: 211 | CL: 195,Open = High (Tekanan Jual),Tidak Ideal (< 1:1),Death Cross (Awal Bearish),Netral / Sepi Berita,Normal / Sedang Transisi,Dekat Support Fibo 61.8% (Golden Ratio),5,WAIT & SEE,HOLD / NEUTRAL,0.0,Kondisi pasar normal,TIDAK ADA,2026-09-03 15:24:34,Biasa / Mengikuti Pasar
15:24,NIRO,Transaksi Sepi (Skip Broksum),Mid Cap (Lapis 2),Fair Value (Wajar),0.0,2.190101,165.0,161,150,172,1.2269938650306749,203200,Normal,57,Positif,Uptrend,Bullish,Bearish MACD,Perfect Uptrend (5>20>50),Normal,Akumulasi (Naik),Normal,Dominan Jual (Guyur),Normal,Sedang,Normal,Rawan Pucuk (High Risk),< 1 Miliar,Di Atas VWAP (Kuat),Distribusi Pro (Guyuran),Gorengan Sepi (< 5M),Normal (50-150%),Mark-Up (Fase Pesta),Normal,Normal,Naik 2 Hari Beruntun,TP: 179 | CL: 155,Normal,Tidak Ideal (< 1:1),Netral / Sideways,Netral / Sepi Berita,Supply Kering (Siap Pump) 🏜️,Mendekati Fibo 50.0%,5,WAIT & SEE,HOLD / NEUTRAL,0.0,Kondisi pasar normal,TIDAK ADA,2026-09-03 15:24:34,Biasa / Mengikuti Pasar
15:24,NISP,Token Mati (Perlu Update),Big Cap (Lapis 1),Undervalued (Murah),5.5143023,0.6489615,1255.0,1258,1235,1295,0.8032128514056224,10937100,Tembus MA20,53,Positif,Downtrend,Bearish,Strong Bearish,Konsolidasi / Transisi,Akumulasi Kuat,Akumulasi (Naik),Normal,Dominan Beli (Hajar Kanan),Squeeze,Rendah,Normal,Dekat Support (Low Risk),> 1 Miliar,Persis di VWAP,Distribusi Pro (Guyuran),Ritel Aktif (5M - 50M),Anomali Tinggi (150-300%),Distribution (Fase Jualan),Spesialis Tiang Jemuran (Banting Pucuk),Normal,Naik 2 Hari Beruntun,TP: 1281 | CL: 1237,Normal,Ideal (1:2),Netral / Sideways,Netral / Sepi Berita,Normal / Sedang Transisi,Dekat Support Fibo 38.2%,6,WAIT & SEE,HOLD / NEUTRAL,0.0,Kondisi pasar normal,TIDAK ADA,2026-09-03 15:24:34,Biasa / Mengikuti Pasar
15:24,NOBU,Transaksi Sepi (Skip Broksum),Mid Cap (Lapis 2),Undervalued (Murah),6.874602,0.9071163,540.0,504,480,550,1.8867924528301887,1691600,Normal,70,Positif,Uptrend,Bullish,Strong Bullish,Perfect Uptrend (5>20>50),Normal,Akumulasi (Naik),Normal,Dominan Beli (Hajar Kanan),Breakout Upper,Sedang,Normal,Rawan Pucuk (High Risk),< 1 Miliar,Di Atas VWAP (Kuat),Akumulasi Pro (Smart Money),Gorengan Sepi (< 5M),Normal (50-150%),Mark-Up (Fase Pesta),Normal,Jarum Bawah (Sinyal Pantulan Kuat),Naik 4 Hari Beruntun,TP: 563 | CL: 524,Normal,Tidak Ideal (< 1:1),Netral / Sideways,Netral / Sepi Berita,Normal / Sedang Transisi,Mendekati Fibo 23.6%,7,BELI,HOLD / NEUTRAL,0.0,Kondisi pasar normal,TIDAK ADA,2026-09-03 15:24:34,Biasa / Mengikuti Pasar
15:24,NRCA,Token Mati (Perlu Update),Mid Cap (Lapis 2),Undervalued (Murah),7.5983896,1.073972,585.0,557,500,620,0.0,6789900,Normal,61,Negatif,Uptrend,Bullish,Strong Bullish,Perfect Uptrend (5>20>50),Normal,Distribusi (Turun),Normal,Dominan Jual (Guyur),Normal,Tinggi,Normal,Rawan Pucuk (High Risk),> 1 Miliar,Di Bawah VWAP (Lemah),Distribusi Pro (Guyuran),Ritel Aktif (5M - 50M),Normal (50-150%),Mark-Up (Fase Pesta),Normal,Normal,Sideways / Stagnan,TP: 635 | CL: 551,Normal,Tidak Ideal (< 1:1),Death Cross (Awal Bearish),Netral / Sepi Berita,Normal / Sedang Transisi,Mendekati Fibo 23.6%,4,WAIT & SEE,HOLD / NEUTRAL,0.0,Kondisi pasar normal,TIDAK ADA,2026-09-03 15:24:34,Biasa / Mengikuti Pasar
15:24,OKAS,Transaksi Sepi (Skip Broksum),Small Cap (Lapis 3),Overvalued (Mahal),0.0,17428.57,122.0,119,101,143,0.8264462809917356,3029900,Normal,60,Positif,Uptrend,Bullish,Bearish MACD,Perfect Uptrend (5>20>50),Normal,Akumulasi (Naik),Normal,Seimbang / Adu Mekanik,Normal,Tinggi,Normal,Rawan Pucuk (High Risk),< 1 Miliar,Persis di VWAP,Distribusi Pro (Guyuran),Gorengan Sepi (< 5M),Sepi (< 50%),Mark-Up (Fase Pesta),Spesialis Tiang Jemuran (Banting Pucuk),Normal,Naik 1 Hari Beruntun,TP: 134 | CL: 113,Normal,Menengah (1:1),Golden Cross (Awal Bullish),Netral / Sepi Berita,Normal / Sedang Transisi,Mendekati Fibo 38.2%,5,WAIT & SEE,HOLD / NEUTRAL,0.0,Kondisi pasar normal,TIDAK ADA,2026-09-03 15:24:34,Biasa / Mengikuti Pasar
15:24,OMRE,Transaksi Sepi (Skip Broksum),Mid Cap (Lapis 2),Fair Value (Wajar),0.0,0.9231083,1005.0,976,900,1025,5.7894736842105265,13400,Tembus MA20,52,Positif,Uptrend,Bearish,Bullish MACD,Strong Downtrend (5<20<50),Normal,Akumulasi (Naik),Gap Up (+7.4%),Dominan Beli (Hajar Kanan),Normal,Sedang,Hammer (Potensi Reversal),Rawan Pucuk (High Risk),< 1 Miliar,Di Atas VWAP (Kuat),Akumulasi Pro (Smart Money),Gorengan Sepi (< 5M),Normal (50-150%),Accumulation (Kumpul Barang),Normal,Jarum Bawah (Sinyal Pantulan Kuat),Naik 1 Hari Beruntun,TP: 1089 | CL: 948,Open = High (Tekanan Jual),Tidak Ideal (< 1:1),Netral / Sideways,Netral / Sepi Berita,Normal / Sedang Transisi,Golden Rebound Fibo 61.8% (Golden Ratio) 🎯,8,BELI,HOLD / NEUTRAL,0.0,Kondisi pasar normal,TIDAK ADA,2026-09-03 15:24:34,Biasa / Mengikuti Pasar
15:24,PADI,Token Mati (Perlu Update),Small Cap (Lapis 3),Overvalued (Mahal),0.0,5.776173,73.0,71,67,82,0.0,154430300,Normal,51,Negatif,Uptrend,Bullish,Strong Bullish,Awal Reversal (5>20),Normal,Akumulasi (Naik),Normal,Seimbang / Adu Mekanik,Normal,Sedang,Doji (Ragu-ragu),Area Tengah,> 1 Miliar,Persis di VWAP,Distribusi Pro (Guyuran),Ritel Aktif (5M - 50M),Sepi (< 50%),Accumulation (Kumpul Barang),Normal,Normal,Sideways / Stagnan,TP: 79 | CL: 68,Normal,Ideal (1:2),Netral / Sideways,Netral / Sepi Berita,Normal / Sedang Transisi,Dekat Support Fibo 50.0%,5,WAIT & SEE,HOLD / NEUTRAL,0.0,Kondisi pasar normal,TIDAK ADA,2026-09-03 15:24:34,Biasa / Mengikuti Pasar
15:24,PALM,Transaksi Sepi (Skip Broksum),Mid Cap (Lapis 2),Undervalued (Murah),8.291033,0.9236627,294.0,291,282,302,-0.6756756756756757,268200,Normal,50,Negatif,Uptrend,Bullish,Bullish MACD,Awal Reversal (5>20),Normal,Akumulasi (Naik),Normal,Dominan Jual (Guyur),Squeeze,Rendah,Normal,Area Tengah,< 1 Miliar,Persis di VWAP,Distribusi Pro (Guyuran),Gorengan Sepi (< 5M),Normal (50-150%),Accumulation (Kumpul Barang),Normal,Normal,Turun 2 Hari Beruntun,TP: 303 | CL: 287,Normal,Tidak Ideal (< 1:1),Death Cross (Awal Bearish),Netral / Sepi Berita,Normal / Sedang Transisi,Mendekati Fibo 50.0%,4,WAIT & SEE,HOLD / NEUTRAL,0.0,Kondisi pasar normal,TIDAK ADA,2026-09-03 15:24:34,Biasa / Mengikuti Pasar
15:24,PANR,Transaksi Sepi (Skip Broksum),Small Cap (Lapis 3),Fair Value (Wajar),0.0,0.64302593,426.0,425,412,448,-0.46728971962616817,54100,Normal,53,Negatif,Uptrend,Bullish,Strong Bullish,Perfect Uptrend (5>20>50),Normal,Distribusi (Turun),Normal,Seimbang / Adu Mekanik,Squeeze,Rendah,Normal,Area Tengah,< 1 Miliar,Persis di VWAP,Akumulasi Pro (Smart Money),Gorengan Sepi (< 5M),Normal (50-150%),Mark-Up (Fase Pesta),Spesialis Tiang Jemuran (Banting Pucuk),Normal,Turun 2 Hari Beruntun,TP: 445 | CL: 412,Open = Low (Bullish Kuat),Ideal (1:2),Netral / Sideways,Netral / Sepi Berita,Normal / Sedang Transisi,Dekat Support Fibo 61.8% (Golden Ratio),4,WAIT & SEE,HOLD / NEUTRAL,0.0,Kondisi pasar normal,TIDAK ADA,2026-09-03 15:24:34,Biasa / Mengikuti Pasar
15:24,PANS,Transaksi Sepi (Skip Broksum),Mid Cap (Lapis 2),Undervalued (Murah),6.6214204,0.8046727,1600.0,1562,1515,1610,0.3134796238244514,324000,Tembus MA20,65,Positif,Uptrend,Bullish,Strong Bullish,Perfect Uptrend (5>20>50),Akumulasi Kuat,Akumulasi (Naik),Normal,Seimbang / Adu Mekanik,Squeeze,Rendah,Normal,Area Tengah,< 1 Miliar,Persis di VWAP,Akumulasi Pro (Smart Money),Gorengan Sepi (< 5M),Anomali Tinggi (150-300%),Mark-Up (Fase Pesta),Normal,Normal,Naik 6 Hari Beruntun,TP: 1631 | CL: 1579,Normal,Tidak Ideal (< 1:1),Overbought (Jenuh Beli - Rawan),Netral / Sepi Berita,Normal / Sedang Transisi,Mendekati Fibo 23.6%,8,BELI,HOLD / NEUTRAL,0.0,Kondisi pasar normal,TIDAK ADA,2026-09-03 15:24:34,Biasa / Mengikuti Pasar
15:24,PBRX,Transaksi Sepi (Skip Broksum),Small Cap (Lapis 3),Overvalued (Mahal),0.0,9000.0,27.0,26,26,27,3.8461538461538463,9243500,Tembus MA20,54,Positif,Uptrend,Golden Cross,Bullish MACD,Awal Reversal (5>20),Normal,Akumulasi (Naik),Normal,Dominan Beli (Hajar Kanan),Squeeze,Rendah,Marubozu (Strong Bullish),Area Tengah,< 1 Miliar,Di Atas VWAP (Kuat),Akumulasi Pro (Smart Money),Gorengan Sepi (< 5M),Normal (50-150%),Accumulation (Kumpul Barang),Normal,Normal,Naik 1 Hari Beruntun,TP: 27 | CL: 26,Open = Low (Bullish Kuat),Tidak Ideal (< 1:1),Netral / Sideways,Netral / Sepi Berita,Normal / Sedang Transisi,Mendekati Fibo 50.0%,8,BELI,HOLD / NEUTRAL,0.0,Kondisi pasar normal,TIDAK ADA,2026-09-03 15:24:34,Biasa / Mengikuti Pasar
15:24,PDES,Transaksi Sepi (Skip Broksum),Small Cap (Lapis 3),Fair Value (Wajar),0.0,2.534553,384.0,396,356,590,-2.5380710659898478,212400,Normal,45,Negatif,Downtrend,Bearish,Bullish MACD,Strong Downtrend (5<20<50),Normal,Distribusi (Turun),Normal,Dominan Jual (Guyur),Normal,Tinggi,Normal,Area Tengah,< 1 Miliar,Di Bawah VWAP (Lemah),Akumulasi Pro (Smart Money),Gorengan Sepi (< 5M),Sepi (< 50%),Mark-Down (Fase Runtuh),Normal,Normal,Turun 2 Hari Beruntun,TP: 416 | CL: 362,Open = High (Tekanan Jual),Sangat Menarik (> 1:3),Death Cross (Awal Bearish),Netral / Sepi Berita,Normal / Sedang Transisi,Mengambang (Jauh dari Fibo),1,WAIT & SEE,HOLD / NEUTRAL,0.0,Kondisi pasar normal,TIDAK ADA,2026-09-03 15:24:34,Biasa / Mengikuti Pasar
15:24,PEGE,Token Mati (Perlu Update),Small Cap (Lapis 3),Fair Value (Wajar),0.0,2.6134028,127.0,110,95,132,2.4193548387096775,43739300,Tembus MA20,67,Positif,Uptrend,Bullish,Strong Bullish,Perfect Uptrend (5>20>50),Normal,Akumulasi (Naik),Normal,Seimbang / Adu Mekanik,Normal,Tinggi,Normal,Rawan Pucuk (High Risk),> 1 Miliar,Di Atas VWAP (Kuat),Akumulasi Pro (Smart Money),Gorengan Sepi (< 5M),Anomali Tinggi (150-300%),Mark-Up (Fase Pesta),Normal,Normal,Naik 3 Hari Beruntun,TP: 140 | CL: 118,Normal,Tidak Ideal (< 1:1),Overbought (Jenuh Beli - Rawan),Netral / Sepi Berita,Normal / Sedang Transisi,Dekat Support Fibo 50.0%,7,BELI,HOLD / NEUTRAL,0.0,Kondisi pasar normal,TIDAK ADA,2026-09-03 15:24:34,Biasa / Mengikuti Pasar
15:24,PGAS,Token Mati (Perlu Update),Big Cap (Lapis 1),Overvalued (Mahal),8.678501,13162.394,1540.0,1515,1470,1570,0.32573289902280134,58580300,Tembus MA20,55,Positif,Uptrend,Bullish,Strong Bullish,Perfect Uptrend (5>20>50),Normal,Akumulasi (Naik),Normal,Dominan Beli (Hajar Kanan),Squeeze,Rendah,Doji (Ragu-ragu),Area Tengah,> 1 Miliar,Persis di VWAP,Akumulasi Pro (Smart Money),Sultan (> 50M/hari),Anomali Tinggi (150-300%),Mark-Up (Fase Pesta),Normal,Jarum Bawah (Sinyal Pantulan Kuat),Naik 1 Hari Beruntun,TP: 1590 | CL: 1506,Normal,Tidak Ideal (< 1:1),Death Cross (Awal Bearish),Netral / Sepi Berita,Normal / Sedang Transisi,Golden Rebound Fibo 50.0% 🎯,8,BELI,HOLD / NEUTRAL,0.0,Kondisi pasar normal,TIDAK ADA,2026-09-03 15:24:34,Biasa / Mengikuti Pasar
15:24,PGLI,Transaksi Sepi (Skip Broksum),Small Cap (Lapis 3),Overvalued (Mahal),0.0,7.8139534,210.0,210,194,246,-1.8691588785046727,1176900,Tembus MA20,54,Negatif,Downtrend,Bullish,Bearish MACD,Perfect Uptrend (5>20>50),Distribusi Kuat,Distribusi (Turun),Normal,Dominan Jual (Guyur),Normal,Sedang,Normal,Area Tengah,< 1 Miliar,Persis di VWAP,Distribusi Pro (Guyuran),Gorengan Sepi (< 5M),Ledakan Ekstrem (> 300%),Distribution (Fase Jualan),Spesialis Tiang Jemuran (Banting Pucuk),Normal,Turun 1 Hari Beruntun,TP: 231 | CL: 195,Open = High (Tekanan Jual),Ideal (1:2),Netral / Sideways,Netral / Sepi Berita,Normal / Sedang Transisi,Mendekati Fibo 50.0%,3,WAIT & SEE,HOLD / NEUTRAL,0.0,Kondisi pasar normal,TIDAK ADA,2026-09-03 15:24:34,Biasa / Mengikuti Pasar
15:24,PICO,Transaksi Sepi (Skip Broksum),Small Cap (Lapis 3),Fair Value (Wajar),0.0,0.5025193,188.0,156,130,248,-2.5906735751295336,5218000,Normal,70,Negatif,Uptrend,Bullish,Strong Bullish,Perfect Uptrend (5>20>50),Normal,Akumulasi (Naik),Normal,Dominan Jual (Guyur),Normal,Tinggi,Normal,Rawan Pucuk (High Risk),< 1 Miliar,Di Bawah VWAP (Lemah),Distribusi Pro (Guyuran),Gorengan Sepi (< 5M),Sepi (< 50%),Mark-Up (Fase Pesta),Spesialis Tiang Jemuran (Banting Pucuk),Normal,Turun 1 Hari Beruntun,TP: 215 | CL: 169,Normal,Menengah (1:1),Netral / Sideways,Netral / Sepi Berita,Normal / Sedang Transisi,Mendekati Fibo 50.0%,5,WAIT & SEE,HOLD / NEUTRAL,0.0,Kondisi pasar normal,TIDAK ADA,2026-09-03 15:24:34,Biasa / Mengikuti Pasar
15:24,PJAA,Transaksi Sepi (Skip Broksum),Small Cap (Lapis 3),Undervalued (Murah),4.679532,0.4159874,468.0,460,452,472,0.0,61200,Normal,64,Negatif,Uptrend,Bullish,Strong Bullish,Perfect Uptrend (5>20>50),Normal,Akumulasi (Naik),Normal,Dominan Jual (Guyur),Squeeze,Rendah,Doji (Ragu-ragu),Area Tengah,< 1 Miliar,Persis di VWAP,Akumulasi Pro (Smart Money),Gorengan Sepi (< 5M),Normal (50-150%),Mark-Up (Fase Pesta),Normal,Normal,Sideways / Stagnan,TP: 474 | CL: 463,Normal,Tidak Ideal (< 1:1),Death Cross (Awal Bearish),Netral / Sepi Berita,Normal / Sedang Transisi,Dekat Support Fibo 38.2%,5,WAIT & SEE,HOLD / NEUTRAL,0.0,Kondisi pasar normal,TIDAK ADA,2026-09-03 15:24:34,Biasa / Mengikuti Pasar
15:24,PKPK,Token Mati (Perlu Update),Mid Cap (Lapis 2),Overvalued (Mahal),46.511627,13.703021,3720.0,3739,3500,3980,0.0,855600,Tembus MA20,54,Negatif,Downtrend,Bearish,Bearish MACD,Konsolidasi / Transisi,Normal,Akumulasi (Naik),Normal,Seimbang / Adu Mekanik,Normal,Sedang,Doji (Ragu-ragu),Area Tengah,> 1 Miliar,Persis di VWAP,Akumulasi Pro (Smart Money),Gorengan Sepi (< 5M),Normal (50-150%),Distribution (Fase Jualan),Normal,Jarum Bawah (Sinyal Pantulan Kuat),Sideways / Stagnan,TP: 3895 | CL: 3602,Normal,Menengah (1:1),Netral / Sideways,Netral / Sepi Berita,Normal / Sedang Transisi,Golden Rebound Fibo 23.6% 🎯,3,WAIT & SEE,HOLD / NEUTRAL,0.0,Kondisi pasar normal,TIDAK ADA,2026-09-03 15:24:34,Biasa / Mengikuti Pasar
15:24,PNBN,Token Mati (Perlu Update),Big Cap (Lapis 1),Undervalued (Murah),8.055996,0.41300437,915.0,901,885,925,2.2346368715083798,2472900,Tembus MA20,60,Positif,Uptrend,Bearish,Bearish MACD,Konsolidasi / Transisi,Normal,Akumulasi (Naik),Normal,Seimbang / Adu Mekanik,Squeeze,Rendah,Normal,Area Tengah,> 1 Miliar,Di Atas VWAP (Kuat),Distribusi Pro (Guyuran),Gorengan Sepi (< 5M),Normal (50-150%),Mark-Up (Fase Pesta),Normal,Normal,Naik 1 Hari Beruntun,TP: 940 | CL: 898,Normal,Tidak Ideal (< 1:1),Netral / Sideways,Netral / Sepi Berita,Normal / Sedang Transisi,Mendekati Fibo 23.6%,5,WAIT & SEE,HOLD / NEUTRAL,0.0,Kondisi pasar normal,TIDAK ADA,2026-09-03 15:24:34,Biasa / Mengikuti Pasar
15:24,PNBS,Transaksi Sepi (Skip Broksum),Mid Cap (Lapis 2),Overvalued (Mahal),25.906736,0.6449366,50.0,50,50,51,0.0,306700,Normal,47,Negatif,Downtrend,Bearish,Strong Bearish,Strong Downtrend (5<20<50),Normal,Netral,Normal,Tidak Ada Transaksi,Squeeze,Rendah,Doji (Ragu-ragu),Dekat Support (Low Risk),< 1 Miliar,Persis di VWAP,Netral,Gorengan Sepi (< 5M),Sepi (< 50%),Mark-Down (Fase Runtuh),Spesialis Tiang Jemuran (Banting Pucuk),Normal,Sideways / Stagnan,TP: 50 | CL: 49,Normal,Di Area Support,Oversold (Jenuh Jual - Peluang),Netral / Sepi Berita,Supply Kering (Siap Pump) 🏜️,Golden Rebound Fibo Bottom / 100% 🎯,0,WAIT & SEE,HOLD / NEUTRAL,0.0,Kondisi pasar normal,TIDAK ADA,2026-09-03 15:24:34,Biasa / Mengikuti Pasar
15:24,PNIN,Transaksi Sepi (Skip Broksum),Mid Cap (Lapis 2),Undervalued (Murah),2.7385361,0.13300285,725.0,717,700,750,0.6944444444444444,197400,Normal,53,Positif,Uptrend,Bullish,Strong Bullish,Awal Reversal (5>20),Normal,Akumulasi (Naik),Normal,Seimbang / Adu Mekanik,Squeeze,Rendah,Doji (Ragu-ragu),Area Tengah,< 1 Miliar,Persis di VWAP,Akumulasi Pro (Smart Money),Gorengan Sepi (< 5M),Normal (50-150%),Accumulation (Kumpul Barang),Normal,Normal,Naik 1 Hari Beruntun,TP: 752 | CL: 706,Normal,Menengah (1:1),Netral / Sideways,Netral / Sepi Berita,Normal / Sedang Transisi,Dekat Support Fibo 38.2%,6,WAIT & SEE,HOLD / NEUTRAL,0.0,Kondisi pasar normal,TIDAK ADA,2026-09-03 15:24:34,Biasa / Mengikuti Pasar
15:24,PNLF,Token Mati (Perlu Update),Mid Cap (Lapis 2),Undervalued (Murah),3.4190621,0.22930543,226.0,230,224,244,0.8928571428571428,9328800,Normal,47,Positif,Downtrend,Bearish,Bearish MACD,Konsolidasi / Transisi,Normal,Distribusi (Turun),Normal,Seimbang / Adu Mekanik,Normal,Sedang,Normal,Dekat Support (Low Risk),> 1 Miliar,Persis di VWAP,Distribusi Pro (Guyuran),Ritel Aktif (5M - 50M),Sepi (< 50%),Distribution (Fase Jualan),Normal,Normal,Naik 1 Hari Beruntun,TP: 234 | CL: 220,Open = Low (Bullish Kuat),Sangat Menarik (> 1:3),Oversold (Jenuh Jual - Peluang),Netral / Sepi Berita,Normal / Sedang Transisi,Golden Rebound Fibo 38.2% 🎯,1,WAIT & SEE,HOLD / NEUTRAL,0.0,Kondisi pasar normal,TIDAK ADA,2026-09-03 15:24:34,Biasa / Mengikuti Pasar
15:24,PSAB,Token Mati (Perlu Update),Big Cap (Lapis 1),Overvalued (Mahal),4.340873,35625.0,575.0,552,436,665,1.7699115044247788,55068100,Normal,59,Positif,Uptrend,Bullish,Bearish MACD,Perfect Uptrend (5>20>50),Normal,Distribusi (Turun),Gap Up (+3.5%),Seimbang / Adu Mekanik,Normal,Tinggi,Normal,Rawan Pucuk (High Risk),> 1 Miliar,Di Bawah VWAP (Lemah),Distribusi Pro (Guyuran),Ritel Aktif (5M - 50M),Sepi (< 50%),Mark-Up (Fase Pesta),Normal,Normal,Naik 1 Hari Beruntun,TP: 631 | CL: 537,Normal,Tidak Ideal (< 1:1),Netral / Sideways,Netral / Sepi Berita,Normal / Sedang Transisi,Mendekati Fibo 38.2%,5,WAIT & SEE,HOLD / NEUTRAL,0.0,Kondisi pasar normal,TIDAK ADA,2026-09-03 15:24:34,Biasa / Mengikuti Pasar
15:24,PSDN,Transaksi Sepi (Skip Broksum),Small Cap (Lapis 3),Overvalued (Mahal),23.11558,4.2378087,139.0,134,126,147,2.2058823529411766,5521900,Normal,60,Positif,Uptrend,Bullish,Bearish MACD,Perfect Uptrend (5>20>50),Normal,Akumulasi (Naik),Normal,Dominan Beli (Hajar Kanan),Normal,Sedang,Normal,Rawan Pucuk (High Risk),< 1 Miliar,Di Atas VWAP (Kuat),Distribusi Pro (Guyuran),Gorengan Sepi (< 5M),Normal (50-150%),Mark-Up (Fase Pesta),Spesialis Tiang Jemuran (Banting Pucuk),Normal,Naik 3 Hari Beruntun,TP: 150 | CL: 131,Normal,Tidak Ideal (< 1:1),Netral / Sideways,Netral / Sepi Berita,Normal / Sedang Transisi,Mendekati Fibo 38.2%,6,WAIT & SEE,HOLD / NEUTRAL,0.0,Kondisi pasar normal,TIDAK ADA,2026-09-03 15:24:34,Biasa / Mengikuti Pasar
15:24,PSKT,Token Mati (Perlu Update),Mid Cap (Lapis 2),Overvalued (Mahal),0.0,8.410483,258.0,231,208,270,5.737704918032787,47388800,Tembus MA20,62,Positif,Uptrend,Bullish,Strong Bullish,Perfect Uptrend (5>20>50),Akumulasi Kuat,Akumulasi (Naik),Normal,Seimbang / Adu Mekanik,Normal,Tinggi,Normal,Rawan Pucuk (High Risk),> 1 Miliar,Di Atas VWAP (Kuat),Akumulasi Pro (Smart Money),Ritel Aktif (5M - 50M),Normal (50-150%),Mark-Up (Fase Pesta),Normal,Normal,Naik 1 Hari Beruntun,TP: 287 | CL: 238,Normal,Tidak Ideal (< 1:1),Netral / Sideways,Netral / Sepi Berita,Normal / Sedang Transisi,Mengambang (Jauh dari Fibo),8,BELI,HOLD / NEUTRAL,0.0,Kondisi pasar normal,TIDAK ADA,2026-09-03 15:24:34,Biasa / Mengikuti Pasar
15:24,PTBA,Token Mati (Perlu Update),Big Cap (Lapis 1),Undervalued (Murah),7.0617356,1.4238107,2910.0,2460,2320,2930,6.985294117647059,78518500,Tembus MA20,85,Positif,Uptrend,Bullish,Strong Bullish,Perfect Uptrend (5>20>50),Akumulasi Kuat,Akumulasi (Naik),Normal,Dominan Beli (Hajar Kanan),Breakout Upper,Tinggi,Marubozu (Strong Bullish),Rawan Pucuk (High Risk),> 1 Miliar,Di Atas VWAP (Kuat),Distribusi Pro (Guyuran),Sultan (> 50M/hari),Anomali Tinggi (150-300%),Mark-Up (Fase Pesta),Spesialis Tiang Jemuran (Banting Pucuk),Normal,Naik 6 Hari Beruntun,TP: 3052 | CL: 2815,Open = Low (Bullish Kuat),Tidak Ideal (< 1:1),Overbought (Jenuh Beli - Rawan),Netral / Sepi Berita,Normal / Sedang Transisi,Mendekati Fibo 23.6%,9,BELI,HOLD / NEUTRAL,0.0,Kondisi pasar normal,TIDAK ADA,2026-09-03 15:24:34,⚠️ Anomali (Sudah Terbang)
15:24,PTIS,Transaksi Sepi (Skip Broksum),Small Cap (Lapis 3),Overvalued (Mahal),0.0,6756.757,250.0,260,242,280,-1.574803149606299,138500,Tembus MA20,38,Negatif,Downtrend,Bearish,Strong Bearish,Strong Downtrend (5<20<50),Normal,Distribusi (Turun),Normal,Seimbang / Adu Mekanik,Bottom Rebound,Sedang,Normal,Area Tengah,< 1 Miliar,Di Bawah VWAP (Lemah),Distribusi Pro (Guyuran),Gorengan Sepi (< 5M),Normal (50-150%),Mark-Down (Fase Runtuh),Normal,Normal,Turun 1 Hari Beruntun,TP: 268 | CL: 237,Normal,Sangat Menarik (> 1:3),Golden Cross (Awal Bullish),Netral / Sepi Berita,Normal / Sedang Transisi,Mendekati Fibo Bottom / 100%,1,WAIT & SEE,HOLD / NEUTRAL,0.0,Kondisi pasar normal,TIDAK ADA,2026-09-03 15:24:34,Biasa / Mengikuti Pasar
15:24,PTPP,Token Mati (Perlu Update),Mid Cap (Lapis 2),Fair Value (Wajar),0.0,0.38599423,212.0,204,195,222,2.912621359223301,38076200,Tembus MA20,57,Positif,Uptrend,Golden Cross,Strong Bullish,Perfect Uptrend (5>20>50),Akumulasi Kuat,Akumulasi (Naik),Normal,Seimbang / Adu Mekanik,Normal,Sedang,Normal,Area Tengah,> 1 Miliar,Di Atas VWAP (Kuat),Distribusi Pro (Guyuran),Gorengan Sepi (< 5M),Anomali Tinggi (150-300%),Mark-Up (Fase Pesta),Spesialis Tiang Jemuran (Banting Pucuk),Normal,Naik 1 Hari Beruntun,TP: 226 | CL: 202,Normal,Tidak Ideal (< 1:1),Netral / Sideways,Netral / Sepi Berita,Normal / Sedang Transisi,Mendekati Fibo 50.0%,8,BELI,HOLD / NEUTRAL,0.0,Kondisi pasar normal,TIDAK ADA,2026-09-03 15:24:34,Biasa / Mengikuti Pasar
15:24,PTRO,Token Mati (Perlu Update),Big Cap (Lapis 1),Overvalued (Mahal),102.21963,201923.08,5275.0,5159,4670,5600,-1.4018691588785046,38869500,Normal,58,Negatif,Uptrend,Bullish,Bearish MACD,Perfect Uptrend (5>20>50),Normal,Distribusi (Turun),Normal,Dominan Jual (Guyur),Normal,Sedang,Normal,Rawan Pucuk (High Risk),> 1 Miliar,Persis di VWAP,Akumulasi Pro (Smart Money),Sultan (> 50M/hari),Normal (50-150%),Mark-Up (Fase Pesta),Normal,Normal,Turun 2 Hari Beruntun,TP: 5640 | CL: 5031,Normal,Tidak Ideal (< 1:1),Death Cross (Awal Bearish),Netral / Sepi Berita,Normal / Sedang Transisi,Mendekati Fibo 23.6%,3,WAIT & SEE,HOLD / NEUTRAL,0.0,Kondisi pasar normal,TIDAK ADA,2026-09-03 15:24:34,Biasa / Mengikuti Pasar
15:24,PTSN,Transaksi Sepi (Skip Broksum),Mid Cap (Lapis 2),Overvalued (Mahal),7.70005,12750.0,308.0,291,272,320,-0.6451612903225806,216100,Normal,68,Negatif,Uptrend,Bullish,Strong Bullish,Perfect Uptrend (5>20>50),Normal,Akumulasi (Naik),Normal,Dominan Beli (Hajar Kanan),Normal,Sedang,Hammer (Potensi Reversal),Rawan Pucuk (High Risk),< 1 Miliar,Di Atas VWAP (Kuat),Akumulasi Pro (Smart Money),Gorengan Sepi (< 5M),Sepi (< 50%),Mark-Up (Fase Pesta),Normal,Jarum Bawah (Sinyal Pantulan Kuat),Turun 1 Hari Beruntun,TP: 324 | CL: 296,Open = High (Tekanan Jual),Tidak Ideal (< 1:1),Death Cross (Awal Bearish),Netral / Sepi Berita,Normal / Sedang Transisi,Golden Rebound Fibo 23.6% 🎯,6,WAIT & SEE,HOLD / NEUTRAL,0.0,Kondisi pasar normal,TIDAK ADA,2026-09-03 15:24:34,Biasa / Mengikuti Pasar
15:24,PTSP,Token Mati (Perlu Update),Small Cap (Lapis 3),Fair Value (Wajar),13.142221,1.9160925,1665.0,995,885,1700,17.6678445229682,1282900,Tembus MA20,91,Positif,Uptrend,Bullish,Strong Bullish,Perfect Uptrend (5>20>50),Akumulasi Kuat,Akumulasi (Naik),Gap Up (+6.0%),Dominan Beli (Hajar Kanan),Breakout Upper,Tinggi,Normal,Rawan Pucuk (High Risk),> 1 Miliar,Di Atas VWAP (Kuat),Akumulasi Pro (Smart Money),Gorengan Sepi (< 5M),Ledakan Ekstrem (> 300%),Mark-Up (Fase Pesta),Spesialis Tiang Jemuran (Banting Pucuk),Normal,Naik 4 Hari Beruntun,TP: 1818 | CL: 1562,Normal,Tidak Ideal (< 1:1),Overbought (Jenuh Beli - Rawan),Netral / Sepi Berita,Normal / Sedang Transisi,Mengambang (Jauh dari Fibo),10,BELI,HOLD / NEUTRAL,0.0,Kondisi pasar normal,TIDAK ADA,2026-09-03 15:24:34,⚠️ Anomali (Sudah Terbang)
15:24,PUDP,Transaksi Sepi (Skip Broksum),Small Cap (Lapis 3),Fair Value (Wajar),0.0,0.36754957,280.0,289,264,328,2.18978102189781,91800,Normal,42,Positif,Downtrend,Bearish,Strong Bearish,Strong Downtrend (5<20<50),Normal,Akumulasi (Naik),Normal,Dominan Beli (Hajar Kanan),Normal,Tinggi,Normal,Area Tengah,< 1 Miliar,Persis di VWAP,Distribusi Pro (Guyuran),Gorengan Sepi (< 5M),Sepi (< 50%),Mark-Down (Fase Runtuh),Spesialis Tiang Jemuran (Banting Pucuk),Normal,Naik 1 Hari Beruntun,TP: 304 | CL: 263,Normal,Sangat Menarik (> 1:3),Golden Cross (Awal Bullish),Netral / Sepi Berita,Normal / Sedang Transisi,Dekat Support Fibo 78.6%,3,WAIT & SEE,HOLD / NEUTRAL,0.0,Kondisi pasar normal,TIDAK ADA,2026-09-03 15:24:34,Biasa / Mengikuti Pasar
15:24,PWON,Token Mati (Perlu Update),Big Cap (Lapis 1),Undervalued (Murah),6.084311,0.5902976,282.0,265,252,284,3.6764705882352944,52187600,Normal,63,Positif,Uptrend,Bullish,Strong Bullish,Perfect Uptrend (5>20>50),Normal,Akumulasi (Naik),Normal,Dominan Beli (Hajar Kanan),Normal,Sedang,Marubozu (Strong Bullish),Rawan Pucuk (High Risk),> 1 Miliar,Di Atas VWAP (Kuat),Akumulasi Pro (Smart Money),Ritel Aktif (5M - 50M),Normal (50-150%),Mark-Up (Fase Pesta),Normal,Normal,Naik 1 Hari Beruntun,TP: 295 | CL: 273,Open = Low (Bullish Kuat),Tidak Ideal (< 1:1),Overbought (Jenuh Beli - Rawan),Netral / Sepi Berita,Normal / Sedang Transisi,Mendekati Fibo 23.6%,7,BELI,HOLD / NEUTRAL,0.0,Kondisi pasar normal,TIDAK ADA,2026-09-03 15:24:34,Biasa / Mengikuti Pasar
15:24,PYFA,Token Mati (Perlu Update),Mid Cap (Lapis 2),Overvalued (Mahal),0.0,4.401524,270.0,228,206,276,8.0,40319000,Tembus MA20,69,Positif,Uptrend,Bullish,Strong Bullish,Perfect Uptrend (5>20>50),Normal,Akumulasi (Naik),Normal,Dominan Beli (Hajar Kanan),Breakout Upper,Tinggi,Normal,Rawan Pucuk (High Risk),> 1 Miliar,Di Atas VWAP (Kuat),Akumulasi Pro (Smart Money),Ritel Aktif (5M - 50M),Normal (50-150%),Mark-Up (Fase Pesta),Normal,Normal,Naik 1 Hari Beruntun,TP: 295 | CL: 252,Normal,Tidak Ideal (< 1:1),Netral / Sideways,Netral / Sepi Berita,Normal / Sedang Transisi,Mengambang (Jauh dari Fibo),8,BELI,HOLD / NEUTRAL,0.0,Kondisi pasar normal,TIDAK ADA,2026-09-03 15:24:34,Biasa / Mengikuti Pasar
15:24,RAJA,Token Mati (Perlu Update),Big Cap (Lapis 1),Overvalued (Mahal),25.123306,81500.0,815.0,842,785,925,0.0,69507600,Normal,45,Negatif,Downtrend,Bearish,Strong Bearish,Strong Downtrend (5<20<50),Normal,Distribusi (Turun),Normal,Dominan Jual (Guyur),Normal,Tinggi,Doji (Ragu-ragu),Area Tengah,> 1 Miliar,Persis di VWAP,Distribusi Pro (Guyuran),Sultan (> 50M/hari),Normal (50-150%),Mark-Down (Fase Runtuh),Normal,Normal,Sideways / Stagnan,TP: 865 | CL: 781,Normal,Sangat Menarik (> 1:3),Netral / Sideways,Netral / Sepi Berita,Normal / Sedang Transisi,Dekat Support Fibo 38.2%,0,WAIT & SEE,HOLD / NEUTRAL,0.0,Kondisi pasar normal,TIDAK ADA,2026-09-03 15:24:34,Biasa / Mengikuti Pasar
15:24,RALS,Transaksi Sepi (Skip Broksum),Mid Cap (Lapis 2),Undervalued (Murah),9.643395,0.6793851,384.0,381,376,386,0.0,1938000,Normal,58,Negatif,Uptrend,Bullish,Strong Bullish,Perfect Uptrend (5>20>50),Normal,Akumulasi (Naik),Normal,Seimbang / Adu Mekanik,Squeeze,Rendah,Doji (Ragu-ragu),Dekat Support (Low Risk),< 1 Miliar,Persis di VWAP,Akumulasi Pro (Smart Money),Gorengan Sepi (< 5M),Normal (50-150%),Mark-Up (Fase Pesta),Solid (Jarang Dibanting),Normal,Sideways / Stagnan,TP: 390 | CL: 379,Normal,Tidak Ideal (< 1:1),Netral / Sideways,Netral / Sepi Berita,Normal / Sedang Transisi,Dekat Support Fibo 23.6%,5,WAIT & SEE,HOLD / NEUTRAL,0.0,Kondisi pasar normal,TIDAK ADA,2026-09-03 15:24:34,Biasa / Mengikuti Pasar
15:24,RANC,Transaksi Sepi (Skip Broksum),Small Cap (Lapis 3),Overvalued (Mahal),0.0,3.0940237,535.0,524,500,570,-0.9259259259259258,26100,Normal,56,Negatif,Uptrend,Bullish,Strong Bullish,Perfect Uptrend (5>20>50),Normal,Akumulasi (Naik),Normal,Seimbang / Adu Mekanik,Squeeze,Rendah,Normal,Area Tengah,< 1 Miliar,Di Bawah VWAP (Lemah),Distribusi Pro (Guyuran),Gorengan Sepi (< 5M),Sepi (< 50%),Mark-Up (Fase Pesta),Normal,Normal,Turun 2 Hari Beruntun,TP: 571 | CL: 510,Open = High (Tekanan Jual),Menengah (1:1),Netral / Sideways,Netral / Sepi Berita,Normal / Sedang Transisi,Dekat Support Fibo 50.0%,5,WAIT & SEE,HOLD / NEUTRAL,0.0,Kondisi pasar normal,TIDAK ADA,2026-09-03 15:24:34,Biasa / Mengikuti Pasar
15:24,RBMS,Transaksi Sepi (Skip Broksum),Small Cap (Lapis 3),Fair Value (Wajar),0.0,0.33078486,62.0,63,58,69,0.0,14876800,Normal,47,Negatif,Downtrend,Bearish,Strong Bearish,Konsolidasi / Transisi,Normal,Distribusi (Turun),Normal,Seimbang / Adu Mekanik,Normal,Sedang,Normal,Area Tengah,< 1 Miliar,Persis di VWAP,Distribusi Pro (Guyuran),Gorengan Sepi (< 5M),Normal (50-150%),Distribution (Fase Jualan),Normal,Normal,Sideways / Stagnan,TP: 66 | CL: 58,Open = High (Tekanan Jual),Ideal (1:2),Netral / Sideways,Netral / Sepi Berita,Normal / Sedang Transisi,Mengambang (Jauh dari Fibo),0,WAIT & SEE,HOLD / NEUTRAL,0.0,Kondisi pasar normal,TIDAK ADA,2026-09-03 15:24:34,Biasa / Mengikuti Pasar
15:24,RDTX,Transaksi Sepi (Skip Broksum),Mid Cap (Lapis 2),Undervalued (Murah),8.560874,1.0369817,13325.0,13581,13100,14000,-3.090909090909091,2800,Tembus MA20,43,Negatif,Downtrend,Bearish,Bullish MACD,Strong Downtrend (5<20<50),Distribusi Kuat,Distribusi (Turun),Normal,Dominan Jual (Guyur),Squeeze,Rendah,Normal,Dekat Support (Low Risk),< 1 Miliar,Di Bawah VWAP (Lemah),Distribusi Pro (Guyuran),Gorengan Sepi (< 5M),Ledakan Ekstrem (> 300%),Mark-Down (Fase Runtuh),Normal,Normal,Turun 2 Hari Beruntun,TP: 13603 | CL: 13139,Normal,Ideal (1:2),Netral / Sideways,Netral / Sepi Berita,Supply Banjir (Distribusi) 🌊,Dekat Support Fibo Bottom / 100%,2,WAIT & SEE,HOLD / NEUTRAL,0.0,Kondisi pasar normal,TIDAK ADA,2026-09-03 15:24:34,Biasa / Mengikuti Pasar
15:24,RELI,Transaksi Sepi (Skip Broksum),Small Cap (Lapis 3),Overvalued (Mahal),47.226517,1.8662477,550.0,510,468,605,0.0,2400,Normal,66,Negatif,Uptrend,Bullish,Strong Bullish,Perfect Uptrend (5>20>50),Normal,Akumulasi (Naik),Normal,Dominan Beli (Hajar Kanan),Normal,Tinggi,Hammer (Potensi Reversal),Rawan Pucuk (High Risk),< 1 Miliar,Di Atas VWAP (Kuat),Akumulasi Pro (Smart Money),Gorengan Sepi (< 5M),Sepi (< 50%),Mark-Up (Fase Pesta),Spesialis Tiang Jemuran (Banting Pucuk),Jarum Bawah (Sinyal Pantulan Kuat),Sideways / Stagnan,TP: 631 | CL: 495,Open = High (Tekanan Jual),Tidak Ideal (< 1:1),Death Cross (Awal Bearish),Netral / Sepi Berita,Normal / Sedang Transisi,Golden Rebound Fibo 38.2% 🎯,6,WAIT & SEE,HOLD / NEUTRAL,0.0,Kondisi pasar normal,TIDAK ADA,2026-09-03 15:24:34,Biasa / Mengikuti Pasar
15:24,RICY,Transaksi Sepi (Skip Broksum),Small Cap (Lapis 3),Fair Value (Wajar),0.0,0.23143198,79.0,79,72,97,0.0,1228000,Normal,50,Negatif,Downtrend,Bearish,Bearish MACD,Konsolidasi / Transisi,Normal,Akumulasi (Naik),Normal,Seimbang / Adu Mekanik,Squeeze,Rendah,Doji (Ragu-ragu),Area Tengah,< 1 Miliar,Di Bawah VWAP (Lemah),Distribusi Pro (Guyuran),Gorengan Sepi (< 5M),Sepi (< 50%),Distribution (Fase Jualan),Spesialis Tiang Jemuran (Banting Pucuk),Normal,Sideways / Stagnan,TP: 85 | CL: 74,Normal,Ideal (1:2),Netral / Sideways,Netral / Sepi Berita,Normal / Sedang Transisi,Mendekati Fibo 61.8% (Golden Ratio),1,WAIT & SEE,HOLD / NEUTRAL,0.0,Kondisi pasar normal,TIDAK ADA,2026-09-03 15:24:34,Biasa / Mengikuti Pasar
15:24,RIGS,Transaksi Sepi (Skip Broksum),Small Cap (Lapis 3),Overvalued (Mahal),5.1106725,9931.507,725.0,685,660,790,2.112676056338028,32200,Normal,68,Positif,Uptrend,Bullish,Strong Bullish,Perfect Uptrend (5>20>50),Normal,Akumulasi (Naik),Gap Up (+3.5%),Seimbang / Adu Mekanik,Squeeze,Rendah,Normal,Area Tengah,< 1 Miliar,Persis di VWAP,Distribusi Pro (Guyuran),Gorengan Sepi (< 5M),Sepi (< 50%),Mark-Up (Fase Pesta),Spesialis Tiang Jemuran (Banting Pucuk),Normal,Naik 3 Hari Beruntun,TP: 757 | CL: 703,Open = High (Tekanan Jual),Menengah (1:1),Netral / Sideways,Netral / Sepi Berita,Supply Banjir (Distribusi) 🌊,Dekat Support Fibo 38.2%,7,BELI,HOLD / NEUTRAL,0.0,Kondisi pasar normal,TIDAK ADA,2026-09-03 15:24:34,Biasa / Mengikuti Pasar
15:24,RODA,Transaksi Sepi (Skip Broksum),Small Cap (Lapis 3),Fair Value (Wajar),0.0,0.4531137,62.0,65,60,77,-1.5873015873015872,3591800,Normal,46,Negatif,Downtrend,Bearish,Bearish MACD,Konsolidasi / Transisi,Normal,Distribusi (Turun),Normal,Dominan Jual (Guyur),Normal,Tinggi,Normal,Area Tengah,< 1 Miliar,Di Bawah VWAP (Lemah),Distribusi Pro (Guyuran),Gorengan Sepi (< 5M),Sepi (< 50%),Distribution (Fase Jualan),Normal,Normal,Turun 2 Hari Beruntun,TP: 67 | CL: 58,Open = High (Tekanan Jual),Sangat Menarik (> 1:3),Netral / Sideways,Netral / Sepi Berita,Normal / Sedang Transisi,Mendekati Fibo 61.8% (Golden Ratio),0,WAIT & SEE,HOLD / NEUTRAL,0.0,Kondisi pasar normal,TIDAK ADA,2026-09-03 15:24:34,Biasa / Mengikuti Pasar
15:24,ROTI,Transaksi Sepi (Skip Broksum),Mid Cap (Lapis 2),Fair Value (Wajar),17.302572,2.061725,585.0,585,580,600,0.8620689655172413,1394000,Tembus MA20,46,Positif,Downtrend,Bearish,Bullish MACD,Strong Downtrend (5<20<50),Akumulasi Kuat,Akumulasi (Naik),Normal,Seimbang / Adu Mekanik,Squeeze,Rendah,Normal,Dekat Support (Low Risk),< 1 Miliar,Persis di VWAP,Distribusi Pro (Guyuran),Gorengan Sepi (< 5M),Anomali Tinggi (150-300%),Mark-Down (Fase Runtuh),Spesialis Tiang Jemuran (Banting Pucuk),Normal,Naik 1 Hari Beruntun,TP: 599 | CL: 575,Open = Low (Bullish Kuat),Ideal (1:2),Golden Cross (Awal Bullish),Netral / Sepi Berita,Normal / Sedang Transisi,Dekat Support Fibo 61.8% (Golden Ratio),5,WAIT & SEE,HOLD / NEUTRAL,0.0,Kondisi pasar normal,TIDAK ADA,2026-09-03 15:24:34,Biasa / Mengikuti Pasar
15:24,RUIS,Transaksi Sepi (Skip Broksum),Small Cap (Lapis 3),Undervalued (Murah),11.859528,0.28087166,206.0,205,198,220,-0.9615384615384616,939100,Tembus MA20,52,Negatif,Uptrend,Bullish,Bearish MACD,Perfect Uptrend (5>20>50),Normal,Akumulasi (Naik),Normal,Dominan Jual (Guyur),Normal,Sedang,Doji (Ragu-ragu),Area Tengah,< 1 Miliar,Di Bawah VWAP (Lemah),Akumulasi Pro (Smart Money),Gorengan Sepi (< 5M),Normal (50-150%),Mark-Up (Fase Pesta),Spesialis Tiang Jemuran (Banting Pucuk),Normal,Turun 2 Hari Beruntun,TP: 219 | CL: 196,Normal,Ideal (1:2),Netral / Sideways,Netral / Sepi Berita,Normal / Sedang Transisi,Dekat Support Fibo 23.6%,5,WAIT & SEE,HOLD / NEUTRAL,0.0,Kondisi pasar normal,TIDAK ADA,2026-09-03 15:24:34,Biasa / Mengikuti Pasar
15:24,SAME,Transaksi Sepi (Skip Broksum),Mid Cap (Lapis 2),Overvalued (Mahal),257.14285,1.4622853,324.0,302,286,338,0.6211180124223602,603200,Normal,63,Positif,Uptrend,Bullish,Strong Bullish,Awal Reversal (5>20),Normal,Akumulasi (Naik),Normal,Seimbang / Adu Mekanik,Normal,Tinggi,Doji (Ragu-ragu),Rawan Pucuk (High Risk),< 1 Miliar,Di Atas VWAP (Kuat),Akumulasi Pro (Smart Money),Gorengan Sepi (< 5M),Sepi (< 50%),Accumulation (Kumpul Barang),Spesialis Tiang Jemuran (Banting Pucuk),Normal,Naik 1 Hari Beruntun,TP: 342 | CL: 311,Normal,Tidak Ideal (< 1:1),Death Cross (Awal Bearish),Netral / Sepi Berita,Normal / Sedang Transisi,Mendekati Fibo 78.6%,6,WAIT & SEE,HOLD / NEUTRAL,0.0,Kondisi pasar normal,TIDAK ADA,2026-09-03 15:24:34,Biasa / Mengikuti Pasar
15:24,SCCO,Transaksi Sepi (Skip Broksum),Mid Cap (Lapis 2),Undervalued (Murah),5.842664,0.34262097,2390.0,2333,2280,2410,0.8438818565400843,15700,Normal,65,Positif,Uptrend,Bullish,Strong Bullish,Perfect Uptrend (5>20>50),Normal,Akumulasi (Naik),Normal,Seimbang / Adu Mekanik,Squeeze,Rendah,Normal,Area Tengah,< 1 Miliar,Di Atas VWAP (Kuat),Distribusi Pro (Guyuran),Gorengan Sepi (< 5M),Sepi (< 50%),Mark-Up (Fase Pesta),Normal,Normal,Naik 2 Hari Beruntun,TP: 2446 | CL: 2352,Open = Low (Bullish Kuat),Tidak Ideal (< 1:1),Netral / Sideways,Netral / Sepi Berita,Normal / Sedang Transisi,Dekat Support Fibo 23.6%,6,WAIT & SEE,HOLD / NEUTRAL,0.0,Kondisi pasar normal,TIDAK ADA,2026-09-03 15:24:34,Biasa / Mengikuti Pasar
15:24,SCMA,Token Mati (Perlu Update),Big Cap (Lapis 1),Fair Value (Wajar),13.247588,2.073603,208.0,204,198,224,2.9702970297029703,34907900,Normal,54,Positif,Uptrend,Bearish,Bearish MACD,Strong Downtrend (5<20<50),Normal,Distribusi (Turun),Normal,Dominan Beli (Hajar Kanan),Normal,Sedang,Normal,Area Tengah,> 1 Miliar,Di Atas VWAP (Kuat),Distribusi Pro (Guyuran),Ritel Aktif (5M - 50M),Normal (50-150%),Accumulation (Kumpul Barang),Normal,Normal,Naik 1 Hari Beruntun,TP: 220 | CL: 199,Normal,Ideal (1:2),Golden Cross (Awal Bullish),Netral / Sepi Berita,Normal / Sedang Transisi,Dekat Support Fibo 38.2%,4,WAIT & SEE,HOLD / NEUTRAL,0.0,Kondisi pasar normal,TIDAK ADA,2026-09-03 15:24:34,Biasa / Mengikuti Pasar
15:24,SDMU,Token Mati (Perlu Update),Small Cap (Lapis 3),Fair Value (Wajar),0.0,2.6660416,91.0,85,77,108,0.0,21101000,Normal,57,Negatif,Uptrend,Bullish,Strong Bullish,Perfect Uptrend (5>20>50),Normal,Distribusi (Turun),Normal,Dominan Jual (Guyur),Normal,Tinggi,Doji (Ragu-ragu),Rawan Pucuk (High Risk),> 1 Miliar,Di Bawah VWAP (Lemah),Distribusi Pro (Guyuran),Ritel Aktif (5M - 50M),Sepi (< 50%),Mark-Up (Fase Pesta),Spesialis Tiang Jemuran (Banting Pucuk),Normal,Sideways / Stagnan,TP: 103 | CL: 82,Normal,Menengah (1:1),Golden Cross (Awal Bullish),Netral / Sepi Berita,Normal / Sedang Transisi,Mendekati Fibo 38.2%,4,WAIT & SEE,HOLD / NEUTRAL,0.0,Kondisi pasar normal,TIDAK ADA,2026-09-03 15:24:34,Biasa / Mengikuti Pasar
15:24,SDPC,Transaksi Sepi (Skip Broksum),Small Cap (Lapis 3),Undervalued (Murah),6.0437865,0.75401723,196.0,190,180,226,-0.5076142131979695,85500,Normal,62,Negatif,Uptrend,Bullish,Strong Bullish,Perfect Uptrend (5>20>50),Normal,Akumulasi (Naik),Normal,Dominan Jual (Guyur),Normal,Sedang,Normal,Area Tengah,< 1 Miliar,Di Bawah VWAP (Lemah),Akumulasi Pro (Smart Money),Gorengan Sepi (< 5M),Sepi (< 50%),Mark-Up (Fase Pesta),Spesialis Tiang Jemuran (Banting Pucuk),Normal,Turun 2 Hari Beruntun,TP: 209 | CL: 187,Normal,Ideal (1:2),Netral / Sideways,Netral / Sepi Berita,Normal / Sedang Transisi,Dekat Support Fibo 50.0%,5,WAIT & SEE,HOLD / NEUTRAL,0.0,Kondisi pasar normal,TIDAK ADA,2026-09-03 15:24:34,Biasa / Mengikuti Pasar
15:24,SDRA,Transaksi Sepi (Skip Broksum),Mid Cap (Lapis 2),Fair Value (Wajar),0.0,0.29526561,224.0,221,212,228,0.9009009009009009,1364500,Tembus MA20,59,Positif,Uptrend,Bullish,Strong Bullish,Perfect Uptrend (5>20>50),Normal,Akumulasi (Naik),Normal,Seimbang / Adu Mekanik,Squeeze,Rendah,Normal,Area Tengah,< 1 Miliar,Persis di VWAP,Akumulasi Pro (Smart Money),Gorengan Sepi (< 5M),Anomali Tinggi (150-300%),Mark-Up (Fase Pesta),Normal,Normal,Naik 1 Hari Beruntun,TP: 232 | CL: 218,Normal,Tidak Ideal (< 1:1),Netral / Sideways,Netral / Sepi Berita,Normal / Sedang Transisi,Dekat Support Fibo 38.2%,7,BELI,HOLD / NEUTRAL,0.0,Kondisi pasar normal,TIDAK ADA,2026-09-03 15:24:34,Biasa / Mengikuti Pasar
15:24,SGRO,Transaksi Sepi (Skip Broksum),Mid Cap (Lapis 2),Fair Value (Wajar),17.957392,1.770427,4990.0,4649,4190,5075,-0.6965174129353234,36300,Normal,83,Negatif,Uptrend,Bullish,Bearish MACD,Perfect Uptrend (5>20>50),Normal,Akumulasi (Naik),Normal,Seimbang / Adu Mekanik,Normal,Tinggi,Normal,Rawan Pucuk (High Risk),< 1 Miliar,Di Atas VWAP (Kuat),Akumulasi Pro (Smart Money),Gorengan Sepi (< 5M),Sepi (< 50%),Mark-Up (Fase Pesta),Spesialis Tiang Jemuran (Banting Pucuk),Normal,Turun 1 Hari Beruntun,TP: 5217 | CL: 4838,Normal,Tidak Ideal (< 1:1),Overbought (Jenuh Beli - Rawan),Netral / Sepi Berita,Normal / Sedang Transisi,Mengambang (Jauh dari Fibo),4,WAIT & SEE,HOLD / NEUTRAL,0.0,Kondisi pasar normal,TIDAK ADA,2026-09-03 15:24:34,Biasa / Mengikuti Pasar
15:24,SHID,Transaksi Sepi (Skip Broksum),Small Cap (Lapis 3),Fair Value (Wajar),0.0,0.87030965,550.0,566,480,635,-0.9009009009009009,58900,Tembus MA20,43,Negatif,Downtrend,Bearish,Bullish MACD,Strong Downtrend (5<20<50),Normal,Distribusi (Turun),Gap Down (-2.7%),Seimbang / Adu Mekanik,Normal,Tinggi,Doji (Ragu-ragu),Rawan Pucuk (High Risk),< 1 Miliar,Di Bawah VWAP (Lemah),Distribusi Pro (Guyuran),Gorengan Sepi (< 5M),Anomali Tinggi (150-300%),Mark-Down (Fase Runtuh),Normal,Jarum Bawah (Sinyal Pantulan Kuat),Turun 1 Hari Beruntun,TP: 607 | CL: 511,Normal,Menengah (1:1),Golden Cross (Awal Bullish),Netral / Sepi Berita,Normal / Sedang Transisi,Mendekati Fibo 78.6%,2,WAIT & SEE,HOLD / NEUTRAL,0.0,Kondisi pasar normal,TIDAK ADA,2026-09-03 15:24:34,Biasa / Mengikuti Pasar
15:24,SIDO,Token Mati (Perlu Update),Big Cap (Lapis 1),Overvalued (Mahal),10.930305,3.4985998,356.0,352,344,362,0.0,17363900,Normal,50,Negatif,Uptrend,Bullish,Bullish MACD,Awal Reversal (5>20),Normal,Akumulasi (Naik),Normal,Seimbang / Adu Mekanik,Squeeze,Rendah,Doji (Ragu-ragu),Area Tengah,> 1 Miliar,Persis di VWAP,Akumulasi Pro (Smart Money),Ritel Aktif (5M - 50M),Normal (50-150%),Accumulation (Kumpul Barang),Normal,Normal,Sideways / Stagnan,TP: 363 | CL: 351,Normal,Tidak Ideal (< 1:1),Overbought (Jenuh Beli - Rawan),Netral / Sepi Berita,Normal / Sedang Transisi,Dekat Support Fibo 78.6%,4,WAIT & SEE,HOLD / NEUTRAL,0.0,Kondisi pasar normal,TIDAK ADA,2026-09-03 15:24:34,Biasa / Mengikuti Pasar
15:24,SILO,Transaksi Sepi (Skip Broksum),Big Cap (Lapis 1),Fair Value (Wajar),22.569809,2.7160456,2150.0,2265,2110,2430,-0.4629629629629629,185200,Normal,43,Negatif,Downtrend,Bearish,Strong Bearish,Konsolidasi / Transisi,Normal,Distribusi (Turun),Normal,Dominan Jual (Guyur),Normal,Tinggi,Normal,Dekat Support (Low Risk),< 1 Miliar,Persis di VWAP,Distribusi Pro (Guyuran),Gorengan Sepi (< 5M),Normal (50-150%),Distribution (Fase Jualan),Normal,Normal,Turun 1 Hari Beruntun,TP: 2274 | CL: 2067,Open = High (Tekanan Jual),Sangat Menarik (> 1:3),Oversold (Jenuh Jual - Peluang),Netral / Sepi Berita,Normal / Sedang Transisi,Mendekati Fibo 78.6%,0,WAIT & SEE,HOLD / NEUTRAL,0.0,Kondisi pasar normal,TIDAK ADA,2026-09-03 15:24:34,Biasa / Mengikuti Pasar
15:24,SIMP,Token Mati (Perlu Update),Big Cap (Lapis 1),Undervalued (Murah),4.643852,0.48182052,655.0,609,575,665,0.0,15278700,Tembus MA20,71,Negatif,Uptrend,Bullish,Strong Bullish,Perfect Uptrend (5>20>50),Normal,Akumulasi (Naik),Normal,Seimbang / Adu Mekanik,Breakout Upper,Sedang,Normal,Rawan Pucuk (High Risk),> 1 Miliar,Di Atas VWAP (Kuat),Akumulasi Pro (Smart Money),Ritel Aktif (5M - 50M),Normal (50-150%),Mark-Up (Fase Pesta),Normal,Normal,Sideways / Stagnan,TP: 683 | CL: 635,Open = High (Tekanan Jual),Tidak Ideal (< 1:1),Overbought (Jenuh Beli - Rawan),Netral / Sepi Berita,Supply Banjir (Distribusi) 🌊,Mengambang (Jauh dari Fibo),6,WAIT & SEE,HOLD / NEUTRAL,0.0,Kondisi pasar normal,TIDAK ADA,2026-09-03 15:24:34,Biasa / Mengikuti Pasar
15:24,SIPD,Transaksi Sepi (Skip Broksum),Mid Cap (Lapis 2),Fair Value (Wajar),0.0,1.5076649,970.0,788,660,995,3.1914893617021276,24600,Normal,82,Positif,Uptrend,Bullish,Strong Bullish,Perfect Uptrend (5>20>50),Normal,Akumulasi (Naik),Gap Up (+2.1%),Dominan Beli (Hajar Kanan),Normal,Tinggi,Normal,Rawan Pucuk (High Risk),< 1 Miliar,Di Atas VWAP (Kuat),Distribusi Pro (Guyuran),Gorengan Sepi (< 5M),Sepi (< 50%),Mark-Up (Fase Pesta),Normal,Jarum Bawah (Sinyal Pantulan Kuat),Naik 1 Hari Beruntun,TP: 1071 | CL: 902,Normal,Tidak Ideal (< 1:1),Overbought (Jenuh Beli - Rawan),Netral / Sepi Berita,Normal / Sedang Transisi,Mengambang (Jauh dari Fibo),8,BELI,HOLD / NEUTRAL,0.0,Kondisi pasar normal,TIDAK ADA,2026-09-03 15:24:34,Biasa / Mengikuti Pasar
15:24,SKBM,Transaksi Sepi (Skip Broksum),Small Cap (Lapis 3),Undervalued (Murah),7.2389493,0.94212043,565.0,541,520,580,2.727272727272727,760600,Tembus MA20,59,Positif,Uptrend,Bullish,Strong Bullish,Awal Reversal (5>20),Akumulasi Kuat,Akumulasi (Naik),Normal,Dominan Beli (Hajar Kanan),Squeeze,Rendah,Normal,Area Tengah,< 1 Miliar,Di Atas VWAP (Kuat),Akumulasi Pro (Smart Money),Gorengan Sepi (< 5M),Anomali Tinggi (150-300%),Accumulation (Kumpul Barang),Normal,Normal,Naik 2 Hari Beruntun,TP: 593 | CL: 546,Normal,Tidak Ideal (< 1:1),Netral / Sideways,Netral / Sepi Berita,Normal / Sedang Transisi,Mendekati Fibo 61.8% (Golden Ratio),9,BELI,HOLD / NEUTRAL,0.0,Kondisi pasar normal,TIDAK ADA,2026-09-03 15:24:34,Biasa / Mengikuti Pasar
15:24,SKLT,Transaksi Sepi (Skip Broksum),Mid Cap (Lapis 2),Fair Value (Wajar),11.882287,1.7340853,214.0,208,198,228,-0.9259259259259258,16900,Normal,63,Negatif,Uptrend,Bullish,Bearish MACD,Perfect Uptrend (5>20>50),Normal,Akumulasi (Naik),Normal,Seimbang / Adu Mekanik,Normal,Sedang,Normal,Area Tengah,< 1 Miliar,Persis di VWAP,Distribusi Pro (Guyuran),Gorengan Sepi (< 5M),Sepi (< 50%),Mark-Up (Fase Pesta),Spesialis Tiang Jemuran (Banting Pucuk),Normal,Turun 1 Hari Beruntun,TP: 231 | CL: 202,Open = High (Tekanan Jual),Tidak Ideal (< 1:1),Netral / Sideways,Netral / Sepi Berita,Supply Kering (Siap Pump) 🏜️,Golden Rebound Fibo 23.6% 🎯,4,WAIT & SEE,HOLD / NEUTRAL,0.0,Kondisi pasar normal,TIDAK ADA,2026-09-03 15:24:34,Biasa / Mengikuti Pasar
15:24,SMAR,Transaksi Sepi (Skip Broksum),Big Cap (Lapis 1),Undervalued (Murah),4.75754,0.8097524,6800.0,5948,5500,6975,-1.090909090909091,130200,Tembus MA20,81,Negatif,Uptrend,Bullish,Strong Bullish,Perfect Uptrend (5>20>50),Normal,Akumulasi (Naik),Normal,Seimbang / Adu Mekanik,Breakout Upper,Tinggi,Normal,Rawan Pucuk (High Risk),< 1 Miliar,Di Atas VWAP (Kuat),Akumulasi Pro (Smart Money),Gorengan Sepi (< 5M),Normal (50-150%),Mark-Up (Fase Pesta),Normal,Normal,Turun 1 Hari Beruntun,TP: 7145 | CL: 6569,Open = High (Tekanan Jual),Tidak Ideal (< 1:1),Overbought (Jenuh Beli - Rawan),Netral / Sepi Berita,Normal / Sedang Transisi,Mengambang (Jauh dari Fibo),6,WAIT & SEE,HOLD / NEUTRAL,0.0,Kondisi pasar normal,TIDAK ADA,2026-09-03 15:24:34,Biasa / Mengikuti Pasar
15:24,SMBR,Token Mati (Perlu Update),Mid Cap (Lapis 2),Fair Value (Wajar),16.636364,0.5299279,183.0,169,157,208,-2.13903743315508,51804400,Tembus MA20,64,Negatif,Uptrend,Bullish,Strong Bullish,Perfect Uptrend (5>20>50),Distribusi Kuat,Akumulasi (Naik),Normal,Dominan Jual (Guyur),Normal,Tinggi,Normal,Rawan Pucuk (High Risk),> 1 Miliar,Di Bawah VWAP (Lemah),Distribusi Pro (Guyuran),Ritel Aktif (5M - 50M),Anomali Tinggi (150-300%),Mark-Up (Fase Pesta),Normal,Normal,Turun 2 Hari Beruntun,TP: 197 | CL: 173,Normal,Tidak Ideal (< 1:1),Death Cross (Awal Bearish),Netral / Sepi Berita,Supply Banjir (Distribusi) 🌊,Mendekati Fibo 38.2%,6,WAIT & SEE,HOLD / NEUTRAL,0.0,Kondisi pasar normal,TIDAK ADA,2026-09-03 15:24:34,Biasa / Mengikuti Pasar
15:24,SMDM,Transaksi Sepi (Skip Broksum),Mid Cap (Lapis 2),Overvalued (Mahal),140.99217,1.1027925,540.0,553,530,570,-2.7027027027027026,16100,Normal,43,Negatif,Downtrend,Bearish,Strong Bearish,Strong Downtrend (5<20<50),Normal,Distribusi (Turun),Normal,Dominan Jual (Guyur),Squeeze,Rendah,Normal,Dekat Support (Low Risk),< 1 Miliar,Persis di VWAP,Akumulasi Pro (Smart Money),Gorengan Sepi (< 5M),Sepi (< 50%),Mark-Down (Fase Runtuh),Normal,Normal,Turun 1 Hari Beruntun,TP: 566 | CL: 522,Open = High (Tekanan Jual),Sangat Menarik (> 1:3),Netral / Sideways,Netral / Sepi Berita,Normal / Sedang Transisi,Mendekati Fibo 61.8% (Golden Ratio),0,WAIT & SEE,HOLD / NEUTRAL,0.0,Kondisi pasar normal,TIDAK ADA,2026-09-03 15:24:34,Biasa / Mengikuti Pasar
15:24,SMDR,Token Mati (Perlu Update),Mid Cap (Lapis 2),Overvalued (Mahal),6.500094,10484.849,346.0,311,298,354,8.80503144654088,60253900,Tembus MA20,77,Positif,Uptrend,Bullish,Strong Bullish,Perfect Uptrend (5>20>50),Akumulasi Kuat,Akumulasi (Naik),Normal,Dominan Beli (Hajar Kanan),Breakout Upper,Sedang,Normal,Rawan Pucuk (High Risk),> 1 Miliar,Di Atas VWAP (Kuat),Akumulasi Pro (Smart Money),Ritel Aktif (5M - 50M),Ledakan Ekstrem (> 300%),Mark-Up (Fase Pesta),Normal,Normal,Naik 1 Hari Beruntun,TP: 359 | CL: 336,Open = Low (Bullish Kuat),Tidak Ideal (< 1:1),Netral / Sideways,Netral / Sepi Berita,Normal / Sedang Transisi,Mendekati Fibo 23.6%,9,BELI,HOLD / NEUTRAL,0.0,Kondisi pasar normal,TIDAK ADA,2026-09-03 15:24:34,Biasa / Mengikuti Pasar
15:24,SMGR,Token Mati (Perlu Update),Big Cap (Lapis 1),Overvalued (Mahal),32.3561,0.27995634,1810.0,1574,1465,1840,7.738095238095238,54506800,Tembus MA20,69,Positif,Uptrend,Bullish,Strong Bullish,Perfect Uptrend (5>20>50),Normal,Akumulasi (Naik),Normal,Dominan Beli (Hajar Kanan),Breakout Upper,Tinggi,Normal,Rawan Pucuk (High Risk),> 1 Miliar,Di Atas VWAP (Kuat),Distribusi Pro (Guyuran),Sultan (> 50M/hari),Normal (50-150%),Mark-Up (Fase Pesta),Solid (Jarang Dibanting),Normal,Naik 1 Hari Beruntun,TP: 1930 | CL: 1729,Normal,Tidak Ideal (< 1:1),Overbought (Jenuh Beli - Rawan),Netral / Sepi Berita,Normal / Sedang Transisi,Mendekati Fibo 23.6%,8,BELI,HOLD / NEUTRAL,0.0,Kondisi pasar normal,TIDAK ADA,2026-09-03 15:24:34,Biasa / Mengikuti Pasar
15:24,SMMA,Transaksi Sepi (Skip Broksum),Big Cap (Lapis 1),Overvalued (Mahal),42.19409,4.8834143,20200.0,20110,18000,20200,0.62266500622665,600,Normal,48,Positif,Uptrend,Bearish,Bullish MACD,Strong Downtrend (5<20<50),Normal,Akumulasi (Naik),Normal,Tidak Ada Transaksi,Squeeze,Rendah,Doji (Ragu-ragu),Rawan Pucuk (High Risk),< 1 Miliar,Di Atas VWAP (Kuat),Akumulasi Pro (Smart Money),Gorengan Sepi (< 5M),Sepi (< 50%),Accumulation (Kumpul Barang),Solid (Jarang Dibanting),Normal,Naik 1 Hari Beruntun,TP: 20875 | CL: 19750,Normal,Tidak Ideal (< 1:1),Overbought (Jenuh Beli - Rawan),Netral / Sepi Berita,Supply Kering (Siap Pump) 🏜️,Mendekati Fibo 78.6%,4,WAIT & SEE,HOLD / NEUTRAL,0.0,Kondisi pasar normal,TIDAK ADA,2026-09-03 15:24:34,Biasa / Mengikuti Pasar
15:24,SMMT,Token Mati (Perlu Update),Mid Cap (Lapis 2),Overvalued (Mahal),96.622894,187272.73,2060.0,1932,1805,2200,1.477832512315271,1214000,Tembus MA20,67,Positif,Uptrend,Bullish,Strong Bullish,Perfect Uptrend (5>20>50),Distribusi Kuat,Akumulasi (Naik),Gap Up (+3.9%),Dominan Jual (Guyur),Normal,Tinggi,Normal,Rawan Pucuk (High Risk),> 1 Miliar,Persis di VWAP,Distribusi Pro (Guyuran),Gorengan Sepi (< 5M),Ledakan Ekstrem (> 300%),Mark-Up (Fase Pesta),Spesialis Tiang Jemuran (Banting Pucuk),Normal,Naik 3 Hari Beruntun,TP: 2206 | CL: 1962,Normal,Tidak Ideal (< 1:1),Netral / Sideways,Netral / Sepi Berita,Supply Banjir (Distribusi) 🌊,Mendekati Fibo 23.6%,8,BELI,HOLD / NEUTRAL,0.0,Kondisi pasar normal,TIDAK ADA,2026-09-03 15:24:34,Biasa / Mengikuti Pasar
15:24,SMRA,Token Mati (Perlu Update),Mid Cap (Lapis 2),Undervalued (Murah),9.206877,0.460825,330.0,324,306,348,2.484472049689441,28765200,Tembus MA20,59,Positif,Uptrend,Bearish,Bearish MACD,Konsolidasi / Transisi,Normal,Akumulasi (Naik),Normal,Dominan Beli (Hajar Kanan),Normal,Sedang,Normal,Area Tengah,> 1 Miliar,Di Atas VWAP (Kuat),Akumulasi Pro (Smart Money),Ritel Aktif (5M - 50M),Anomali Tinggi (150-300%),Mark-Up (Fase Pesta),Normal,Normal,Naik 1 Hari Beruntun,TP: 344 | CL: 320,Normal,Tidak Ideal (< 1:1),Netral / Sideways,Netral / Sepi Berita,Normal / Sedang Transisi,Dekat Support Fibo 23.6%,6,WAIT & SEE,HOLD / NEUTRAL,0.0,Kondisi pasar normal,TIDAK ADA,2026-09-03 15:24:34,Biasa / Mengikuti Pasar
15:24,SMSM,Token Mati (Perlu Update),Big Cap (Lapis 1),Fair Value (Wajar),8.768845,2.5067878,1745.0,1724,1700,1760,1.4534883720930232,5006100,Tembus MA20,62,Positif,Uptrend,Bearish,Bearish MACD,Konsolidasi / Transisi,Normal,Akumulasi (Naik),Normal,Dominan Beli (Hajar Kanan),Squeeze,Rendah,Normal,Dekat Support (Low Risk),> 1 Miliar,Di Atas VWAP (Kuat),Akumulasi Pro (Smart Money),Ritel Aktif (5M - 50M),Normal (50-150%),Mark-Up (Fase Pesta),Spesialis Tiang Jemuran (Banting Pucuk),Normal,Naik 2 Hari Beruntun,TP: 1773 | CL: 1725,Normal,Tidak Ideal (< 1:1),Netral / Sideways,Netral / Sepi Berita,Normal / Sedang Transisi,Dekat Support Fibo 23.6%,6,WAIT & SEE,HOLD / NEUTRAL,0.0,Kondisi pasar normal,TIDAK ADA,2026-09-03 15:24:34,Biasa / Mengikuti Pasar
15:24,SOCI,Token Mati (Perlu Update),Mid Cap (Lapis 2),Overvalued (Mahal),22.727272,10431.035,605.0,533,470,615,6.140350877192982,24626900,Tembus MA20,73,Positif,Uptrend,Bullish,Strong Bullish,Perfect Uptrend (5>20>50),Normal,Akumulasi (Naik),Normal,Dominan Beli (Hajar Kanan),Breakout Upper,Tinggi,Normal,Rawan Pucuk (High Risk),> 1 Miliar,Di Atas VWAP (Kuat),Akumulasi Pro (Smart Money),Ritel Aktif (5M - 50M),Anomali Tinggi (150-300%),Mark-Up (Fase Pesta),Spesialis Tiang Jemuran (Banting Pucuk),Normal,Naik 1 Hari Beruntun,TP: 651 | CL: 573,Open = Low (Bullish Kuat),Tidak Ideal (< 1:1),Netral / Sideways,Netral / Sepi Berita,Normal / Sedang Transisi,Mengambang (Jauh dari Fibo),8,BELI,HOLD / NEUTRAL,0.0,Kondisi pasar normal,TIDAK ADA,2026-09-03 15:24:34,Biasa / Mengikuti Pasar
15:24,SONA,Transaksi Sepi (Skip Broksum),Mid Cap (Lapis 2),Fair Value (Wajar),16.896551,2.2132387,2450.0,2579,2160,3240,-2.0,4200,Normal,48,Negatif,Downtrend,Bearish,Bearish MACD,Konsolidasi / Transisi,Normal,Distribusi (Turun),Normal,Dominan Jual (Guyur),Normal,Tinggi,Normal,Rawan Pucuk (High Risk),< 1 Miliar,Persis di VWAP,Akumulasi Pro (Smart Money),Gorengan Sepi (< 5M),Sepi (< 50%),Distribution (Fase Jualan),Normal,Normal,Turun 2 Hari Beruntun,TP: 2740 | CL: 2256,Open = High (Tekanan Jual),Ideal (1:2),Netral / Sideways,Netral / Sepi Berita,Normal / Sedang Transisi,Dekat Support Fibo 61.8% (Golden Ratio),0,WAIT & SEE,HOLD / NEUTRAL,0.0,Kondisi pasar normal,TIDAK ADA,2026-09-03 15:24:34,Biasa / Mengikuti Pasar
15:24,SPMA,Transaksi Sepi (Skip Broksum),Small Cap (Lapis 3),Undervalued (Murah),9.988179,0.35657394,169.0,165,160,173,1.1976047904191618,547000,Tembus MA20,60,Positif,Uptrend,Bullish,Strong Bullish,Perfect Uptrend (5>20>50),Normal,Akumulasi (Naik),Normal,Seimbang / Adu Mekanik,Squeeze,Rendah,Doji (Ragu-ragu),Area Tengah,< 1 Miliar,Persis di VWAP,Akumulasi Pro (Smart Money),Gorengan Sepi (< 5M),Normal (50-150%),Mark-Up (Fase Pesta),Spesialis Tiang Jemuran (Banting Pucuk),Normal,Naik 1 Hari Beruntun,TP: 175 | CL: 164,Normal,Tidak Ideal (< 1:1),Netral / Sideways,Netral / Sepi Berita,Normal / Sedang Transisi,Mendekati Fibo 50.0%,7,BELI,HOLD / NEUTRAL,0.0,Kondisi pasar normal,TIDAK ADA,2026-09-03 15:24:34,Biasa / Mengikuti Pasar
15:24,SQMI,Token Mati (Perlu Update),Mid Cap (Lapis 2),Overvalued (Mahal),0.0,13.758782,94.0,67,59,114,-6.9306930693069315,541142400,Tembus MA20,72,Negatif,Uptrend,Bullish,Strong Bullish,Perfect Uptrend (5>20>50),Distribusi Kuat,Akumulasi (Naik),Normal,Seimbang / Adu Mekanik,Breakout Upper,Tinggi,Normal,Rawan Pucuk (High Risk),> 1 Miliar,Di Atas VWAP (Kuat),Akumulasi Pro (Smart Money),Sultan (> 50M/hari),Normal (50-150%),Mark-Up (Fase Pesta),Spesialis Tiang Jemuran (Banting Pucuk),Normal,Turun 1 Hari Beruntun,TP: 107 | CL: 84,Open = High (Tekanan Jual),Tidak Ideal (< 1:1),Death Cross (Awal Bearish),Netral / Sepi Berita,Supply Banjir (Distribusi) 🌊,Mengambang (Jauh dari Fibo),6,WAIT & SEE,HOLD / NEUTRAL,0.0,Kondisi pasar normal,TIDAK ADA,2026-09-03 15:24:34,🔥 ANOMALI BANDAR (Siap Ledakan)
15:24,SRAJ,Transaksi Sepi (Skip Broksum),Big Cap (Lapis 1),Overvalued (Mahal),0.0,157.86694,14050.0,13811,12025,15700,0.0,100,Normal,57,Negatif,Uptrend,Bullish,Bearish MACD,Perfect Uptrend (5>20>50),Normal,Distribusi (Turun),Normal,Tidak Ada Transaksi,Normal,Tinggi,Doji (Ragu-ragu),Rawan Pucuk (High Risk),< 1 Miliar,Persis di VWAP,Akumulasi Pro (Smart Money),Gorengan Sepi (< 5M),Sepi (< 50%),Mark-Up (Fase Pesta),Spesialis Tiang Jemuran (Banting Pucuk),Normal,Sideways / Stagnan,TP: 15536 | CL: 13058,Normal,Tidak Ideal (< 1:1),Netral / Sideways,Netral / Sepi Berita,Normal / Sedang Transisi,Dekat Support Fibo 23.6%,3,WAIT & SEE,HOLD / NEUTRAL,0.0,Kondisi pasar normal,TIDAK ADA,2026-09-03 15:24:34,Biasa / Mengikuti Pasar
15:24,SRSN,Token Mati (Perlu Update),Small Cap (Lapis 3),Undervalued (Murah),5.217391,0.7428143,108.0,77,67,122,9.090909090909092,950632600,Tembus MA20,82,Positif,Uptrend,Bullish,Strong Bullish,Perfect Uptrend (5>20>50),Akumulasi Kuat,Akumulasi (Naik),Gap Up (+2.0%),Seimbang / Adu Mekanik,Breakout Upper,Tinggi,Normal,Rawan Pucuk (High Risk),> 1 Miliar,Di Atas VWAP (Kuat),Akumulasi Pro (Smart Money),Sultan (> 50M/hari),Ledakan Ekstrem (> 300%),Mark-Up (Fase Pesta),Normal,Normal,Naik 2 Hari Beruntun,TP: 118 | CL: 100,Open = Low (Bullish Kuat),Tidak Ideal (< 1:1),Death Cross (Awal Bearish),Netral / Sepi Berita,Normal / Sedang Transisi,Dekat Support Fibo 23.6%,9,BELI,HOLD / NEUTRAL,0.0,Kondisi pasar normal,TIDAK ADA,2026-09-03 15:24:34,⚠️ Anomali (Sudah Terbang)
15:24,SRTG,Token Mati (Perlu Update),Big Cap (Lapis 1),Undervalued (Murah),7.3283253,0.45319209,1795.0,1853,1715,1960,-0.554016620498615,6926100,Normal,47,Negatif,Downtrend,Death Cross,Bearish MACD,Konsolidasi / Transisi,Normal,Distribusi (Turun),Normal,Seimbang / Adu Mekanik,Normal,Sedang,Normal,Area Tengah,> 1 Miliar,Di Bawah VWAP (Lemah),Distribusi Pro (Guyuran),Ritel Aktif (5M - 50M),Normal (50-150%),Distribution (Fase Jualan),Normal,Normal,Turun 5 Hari Beruntun,TP: 1882 | CL: 1736,Normal,Ideal (1:2),Oversold (Jenuh Jual - Peluang),Netral / Sepi Berita,Normal / Sedang Transisi,Golden Rebound Fibo 23.6% 🎯,0,WAIT & SEE,HOLD / NEUTRAL,0.0,Kondisi pasar normal,TIDAK ADA,2026-09-03 15:24:34,Biasa / Mengikuti Pasar
15:24,SSIA,Token Mati (Perlu Update),Mid Cap (Lapis 2),Overvalued (Mahal),43.32875,1.5376555,1885.0,1770,1630,1980,0.26595744680851063,18150700,Normal,62,Positif,Uptrend,Bullish,Strong Bullish,Perfect Uptrend (5>20>50),Normal,Akumulasi (Naik),Normal,Dominan Jual (Guyur),Normal,Tinggi,Normal,Rawan Pucuk (High Risk),> 1 Miliar,Di Bawah VWAP (Lemah),Distribusi Pro (Guyuran),Sultan (> 50M/hari),Normal (50-150%),Mark-Up (Fase Pesta),Normal,Normal,Naik 1 Hari Beruntun,TP: 2002 | CL: 1806,Normal,Tidak Ideal (< 1:1),Death Cross (Awal Bearish),Netral / Sepi Berita,Normal / Sedang Transisi,Dekat Support Fibo 23.6%,6,WAIT & SEE,HOLD / NEUTRAL,0.0,Kondisi pasar normal,TIDAK ADA,2026-09-03 15:24:34,Biasa / Mengikuti Pasar
15:24,SSMS,Token Mati (Perlu Update),Big Cap (Lapis 1),Overvalued (Mahal),7.28037,4.364898,1195.0,938,850,1255,6.222222222222222,23893500,Tembus MA20,80,Positif,Uptrend,Bullish,Strong Bullish,Perfect Uptrend (5>20>50),Normal,Akumulasi (Naik),Normal,Seimbang / Adu Mekanik,Breakout Upper,Tinggi,Normal,Rawan Pucuk (High Risk),> 1 Miliar,Di Atas VWAP (Kuat),Akumulasi Pro (Smart Money),Ritel Aktif (5M - 50M),Anomali Tinggi (150-300%),Mark-Up (Fase Pesta),Normal,Normal,Naik 4 Hari Beruntun,TP: 1280 | CL: 1137,Normal,Tidak Ideal (< 1:1),Overbought (Jenuh Beli - Rawan),Netral / Sepi Berita,Normal / Sedang Transisi,Mengambang (Jauh dari Fibo),7,BELI,HOLD / NEUTRAL,0.0,Kondisi pasar normal,TIDAK ADA,2026-09-03 15:24:34,Biasa / Mengikuti Pasar
15:24,SSTM,Transaksi Sepi (Skip Broksum),Small Cap (Lapis 3),Fair Value (Wajar),0.0,2.7810745,486.0,430,364,590,-0.8163265306122449,141200,Normal,65,Negatif,Uptrend,Bullish,Strong Bullish,Perfect Uptrend (5>20>50),Normal,Akumulasi (Naik),Normal,Seimbang / Adu Mekanik,Normal,Tinggi,Normal,Rawan Pucuk (High Risk),< 1 Miliar,Di Bawah VWAP (Lemah),Distribusi Pro (Guyuran),Gorengan Sepi (< 5M),Sepi (< 50%),Mark-Up (Fase Pesta),Normal,Normal,Turun 1 Hari Beruntun,TP: 536 | CL: 452,Normal,Tidak Ideal (< 1:1),Death Cross (Awal Bearish),Netral / Sepi Berita,Normal / Sedang Transisi,Dekat Support Fibo 38.2%,5,WAIT & SEE,HOLD / NEUTRAL,0.0,Kondisi pasar normal,TIDAK ADA,2026-09-03 15:24:34,Biasa / Mengikuti Pasar
15:24,STAR,Transaksi Sepi (Skip Broksum),Mid Cap (Lapis 2),Overvalued (Mahal),73.52941,3.5363493,400.0,389,260,515,0.0,94100,Normal,58,Negatif,Uptrend,Bullish,Bearish MACD,Perfect Uptrend (5>20>50),Normal,Distribusi (Turun),Normal,Seimbang / Adu Mekanik,Normal,Tinggi,Normal,Rawan Pucuk (High Risk),< 1 Miliar,Persis di VWAP,Akumulasi Pro (Smart Money),Gorengan Sepi (< 5M),Sepi (< 50%),Mark-Up (Fase Pesta),Spesialis Tiang Jemuran (Banting Pucuk),Normal,Sideways / Stagnan,TP: 457 | CL: 361,Open = High (Tekanan Jual),Tidak Ideal (< 1:1),Golden Cross (Awal Bullish),Netral / Sepi Berita,Normal / Sedang Transisi,Mengambang (Jauh dari Fibo),3,WAIT & SEE,HOLD / NEUTRAL,0.0,Kondisi pasar normal,TIDAK ADA,2026-09-03 15:24:34,Biasa / Mengikuti Pasar
15:24,STTP,Transaksi Sepi (Skip Broksum),Big Cap (Lapis 1),Fair Value (Wajar),10.003176,1.6440032,9450.0,9546,9325,10150,0.5319148936170213,500,Normal,44,Positif,Downtrend,Bearish,Bullish MACD,Strong Downtrend (5<20<50),Normal,Distribusi (Turun),Normal,Tidak Ada Transaksi,Squeeze,Rendah,Doji (Ragu-ragu),Dekat Support (Low Risk),< 1 Miliar,Persis di VWAP,Distribusi Pro (Guyuran),Gorengan Sepi (< 5M),Sepi (< 50%),Mark-Down (Fase Runtuh),Spesialis Tiang Jemuran (Banting Pucuk),Normal,Naik 1 Hari Beruntun,TP: 9648 | CL: 9317,Normal,Sangat Menarik (> 1:3),Golden Cross (Awal Bullish),Netral / Sepi Berita,Supply Kering (Siap Pump) 🏜️,Golden Rebound Fibo Bottom / 100% 🎯,2,WAIT & SEE,HOLD / NEUTRAL,0.0,Kondisi pasar normal,TIDAK ADA,2026-09-03 15:24:34,Biasa / Mengikuti Pasar
15:24,SULI,Token Mati (Perlu Update),Small Cap (Lapis 3),Overvalued (Mahal),0.0,45499.996,91.0,93,87,139,1.1111111111111112,12207600,Normal,50,Positif,Downtrend,Bearish,Bearish MACD,Konsolidasi / Transisi,Normal,Akumulasi (Naik),Normal,Seimbang / Adu Mekanik,Normal,Tinggi,Normal,Area Tengah,> 1 Miliar,Di Bawah VWAP (Lemah),Akumulasi Pro (Smart Money),Gorengan Sepi (< 5M),Normal (50-150%),Distribution (Fase Jualan),Spesialis Tiang Jemuran (Banting Pucuk),Normal,Naik 1 Hari Beruntun,TP: 98 | CL: 85,Open = Low (Bullish Kuat),Sangat Menarik (> 1:3),Golden Cross (Awal Bullish),Netral / Sepi Berita,Normal / Sedang Transisi,Mengambang (Jauh dari Fibo),2,WAIT & SEE,HOLD / NEUTRAL,0.0,Kondisi pasar normal,TIDAK ADA,2026-09-03 15:24:34,Biasa / Mengikuti Pasar
15:24,TALF,Transaksi Sepi (Skip Broksum),Small Cap (Lapis 3),Overvalued (Mahal),45.693623,0.7184599,695.0,801,670,1205,0.0,40800,Normal,46,Negatif,Downtrend,Bearish,Strong Bearish,Konsolidasi / Transisi,Normal,Distribusi (Turun),Normal,Dominan Jual (Guyur),Normal,Tinggi,Normal,Area Tengah,< 1 Miliar,Di Bawah VWAP (Lemah),Distribusi Pro (Guyuran),Gorengan Sepi (< 5M),Sepi (< 50%),Distribution (Fase Jualan),Normal,Normal,Sideways / Stagnan,TP: 775 | CL: 641,Normal,Sangat Menarik (> 1:3),Oversold (Jenuh Jual - Peluang),Netral / Sepi Berita,Normal / Sedang Transisi,Mengambang (Jauh dari Fibo),0,WAIT & SEE,HOLD / NEUTRAL,0.0,Kondisi pasar normal,TIDAK ADA,2026-09-03 15:24:34,Biasa / Mengikuti Pasar
15:24,TARA,Transaksi Sepi (Skip Broksum),Small Cap (Lapis 3),Fair Value (Wajar),0.0,0.29026172,30.0,29,28,32,0.0,1642200,Tembus MA20,52,Negatif,Uptrend,Bearish,Strong Bearish,Strong Downtrend (5<20<50),Normal,Akumulasi (Naik),Normal,Tidak Ada Transaksi,Normal,Sedang,Doji (Ragu-ragu),Area Tengah,< 1 Miliar,Persis di VWAP,Distribusi Pro (Guyuran),Gorengan Sepi (< 5M),Normal (50-150%),Accumulation (Kumpul Barang),Normal,Normal,Sideways / Stagnan,TP: 31 | CL: 29,Normal,Menengah (1:1),Netral / Sideways,Netral / Sepi Berita,Normal / Sedang Transisi,Dekat Support Fibo 50.0%,4,WAIT & SEE,HOLD / NEUTRAL,0.0,Kondisi pasar normal,TIDAK ADA,2026-09-03 15:24:34,Biasa / Mengikuti Pasar
15:24,TAXI,Transaksi Sepi (Skip Broksum),Small Cap (Lapis 3),Overvalued (Mahal),0.0,3.7593985,14.0,14,13,16,7.6923076923076925,52968000,Tembus MA20,52,Positif,Downtrend,Bearish,Strong Bearish,Konsolidasi / Transisi,Normal,Akumulasi (Naik),Normal,Dominan Beli (Hajar Kanan),Normal,Tinggi,Marubozu (Strong Bullish),Area Tengah,< 1 Miliar,Di Atas VWAP (Kuat),Distribusi Pro (Guyuran),Gorengan Sepi (< 5M),Normal (50-150%),Distribution (Fase Jualan),Normal,Normal,Naik 1 Hari Beruntun,TP: 15 | CL: 13,Open = Low (Bullish Kuat),Ideal (1:2),Golden Cross (Awal Bullish),Netral / Sepi Berita,Normal / Sedang Transisi,Dekat Support Fibo 50.0%,5,WAIT & SEE,HOLD / NEUTRAL,0.0,Kondisi pasar normal,TIDAK ADA,2026-09-03 15:24:34,Biasa / Mengikuti Pasar
15:24,TBIG,Token Mati (Perlu Update),Big Cap (Lapis 1),Fair Value (Wajar),23.402271,2.6290505,1500.0,1430,1340,1570,3.0927835051546393,2000100,Tembus MA20,60,Positif,Uptrend,Bullish,Strong Bullish,Perfect Uptrend (5>20>50),Akumulasi Kuat,Akumulasi (Naik),Normal,Seimbang / Adu Mekanik,Normal,Sedang,Normal,Rawan Pucuk (High Risk),> 1 Miliar,Di Atas VWAP (Kuat),Akumulasi Pro (Smart Money),Gorengan Sepi (< 5M),Anomali Tinggi (150-300%),Mark-Up (Fase Pesta),Spesialis Tiang Jemuran (Banting Pucuk),Normal,Naik 1 Hari Beruntun,TP: 1589 | CL: 1440,Normal,Tidak Ideal (< 1:1),Netral / Sideways,Netral / Sepi Berita,Normal / Sedang Transisi,Dekat Support Fibo 23.6%,8,BELI,HOLD / NEUTRAL,0.0,Kondisi pasar normal,TIDAK ADA,2026-09-03 15:24:34,Biasa / Mengikuti Pasar
15:24,TBLA,Token Mati (Perlu Update),Mid Cap (Lapis 2),Undervalued (Murah),4.3555193,0.39742002,640.0,626,615,650,0.7874015748031495,6454900,Tembus MA20,59,Positif,Uptrend,Bullish,Strong Bullish,Perfect Uptrend (5>20>50),Distribusi Kuat,Akumulasi (Naik),Normal,Seimbang / Adu Mekanik,Squeeze,Rendah,Normal,Area Tengah,> 1 Miliar,Di Atas VWAP (Kuat),Akumulasi Pro (Smart Money),Gorengan Sepi (< 5M),Anomali Tinggi (150-300%),Mark-Up (Fase Pesta),Normal,Normal,Naik 2 Hari Beruntun,TP: 658 | CL: 627,Normal,Tidak Ideal (< 1:1),Netral / Sideways,Netral / Sepi Berita,Supply Banjir (Distribusi) 🌊,Mendekati Fibo 23.6%,7,BELI,HOLD / NEUTRAL,0.0,Kondisi pasar normal,TIDAK ADA,2026-09-03 15:24:34,Biasa / Mengikuti Pasar
15:24,TBMS,Transaksi Sepi (Skip Broksum),Small Cap (Lapis 3),Overvalued (Mahal),63684.21,11523.81,1210.0,1213,1145,1400,-1.6260162601626018,19400,Normal,50,Negatif,Downtrend,Bullish,Strong Bullish,Perfect Uptrend (5>20>50),Normal,Distribusi (Turun),Gap Down (-2.4%),Seimbang / Adu Mekanik,Squeeze,Rendah,Normal,Area Tengah,< 1 Miliar,Di Bawah VWAP (Lemah),Distribusi Pro (Guyuran),Gorengan Sepi (< 5M),Normal (50-150%),Distribution (Fase Jualan),Spesialis Tiang Jemuran (Banting Pucuk),Normal,Turun 1 Hari Beruntun,TP: 1288 | CL: 1157,Normal,Ideal (1:2),Netral / Sideways,Netral / Sepi Berita,Supply Kering (Siap Pump) 🏜️,Mendekati Fibo 61.8% (Golden Ratio),2,WAIT & SEE,HOLD / NEUTRAL,0.0,Kondisi pasar normal,TIDAK ADA,2026-09-03 15:24:34,Biasa / Mengikuti Pasar
15:24,TCID,Transaksi Sepi (Skip Broksum),Mid Cap (Lapis 2),Fair Value (Wajar),0.0,0.57788193,2600.0,2675,2430,2790,-1.1406844106463878,29100,Tembus MA20,40,Negatif,Downtrend,Bearish,Strong Bearish,Strong Downtrend (5<20<50),Normal,Distribusi (Turun),Normal,Dominan Beli (Hajar Kanan),Squeeze,Rendah,Normal,Area Tengah,< 1 Miliar,Persis di VWAP,Akumulasi Pro (Smart Money),Gorengan Sepi (< 5M),Anomali Tinggi (150-300%),Mark-Down (Fase Runtuh),Normal,Jarum Bawah (Sinyal Pantulan Kuat),Turun 1 Hari Beruntun,TP: 2726 | CL: 2515,Normal,Menengah (1:1),Death Cross (Awal Bearish),Netral / Sepi Berita,Normal / Sedang Transisi,Golden Rebound Fibo 78.6% 🎯,2,WAIT & SEE,HOLD / NEUTRAL,0.0,Kondisi pasar normal,TIDAK ADA,2026-09-03 15:24:34,Biasa / Mengikuti Pasar
15:24,TFCO,Transaksi Sepi (Skip Broksum),Mid Cap (Lapis 2),Overvalued (Mahal),0.0,13846.154,900.0,850,740,960,0.0,300,Normal,59,Negatif,Uptrend,Bullish,Bearish MACD,Perfect Uptrend (5>20>50),Normal,Distribusi (Turun),Normal,Tidak Ada Transaksi,Normal,Tinggi,Doji (Ragu-ragu),Rawan Pucuk (High Risk),< 1 Miliar,Di Atas VWAP (Kuat),Distribusi Pro (Guyuran),Gorengan Sepi (< 5M),Sepi (< 50%),Mark-Up (Fase Pesta),Normal,Normal,Sideways / Stagnan,TP: 963 | CL: 857,Normal,Tidak Ideal (< 1:1),Netral / Sideways,Netral / Sepi Berita,Normal / Sedang Transisi,Mendekati Fibo 23.6%,3,WAIT & SEE,HOLD / NEUTRAL,0.0,Kondisi pasar normal,TIDAK ADA,2026-09-03 15:24:34,Biasa / Mengikuti Pasar
15:24,TGKA,Transaksi Sepi (Skip Broksum),Mid Cap (Lapis 2),Fair Value (Wajar),10.760153,1.868081,4960.0,4996,4770,5275,0.6085192697768762,1200,Normal,50,Positif,Downtrend,Death Cross,Bearish MACD,Konsolidasi / Transisi,Normal,Akumulasi (Naik),Normal,Dominan Beli (Hajar Kanan),Squeeze,Rendah,Marubozu (Strong Bullish),Area Tengah,< 1 Miliar,Persis di VWAP,Akumulasi Pro (Smart Money),Gorengan Sepi (< 5M),Normal (50-150%),Distribution (Fase Jualan),Spesialis Tiang Jemuran (Banting Pucuk),Normal,Naik 1 Hari Beruntun,TP: 5171 | CL: 4819,Open = Low (Bullish Kuat),Ideal (1:2),Golden Cross (Awal Bullish),Netral / Sepi Berita,Supply Kering (Siap Pump) 🏜️,Golden Rebound Fibo 50.0% 🎯,3,WAIT & SEE,HOLD / NEUTRAL,0.0,Kondisi pasar normal,TIDAK ADA,2026-09-03 15:24:34,Biasa / Mengikuti Pasar
15:24,TIFA,Transaksi Sepi (Skip Broksum),Mid Cap (Lapis 2),Fair Value (Wajar),16.734694,0.9528679,328.0,333,300,414,1.2345679012345678,65900,Normal,52,Positif,Downtrend,Bearish,Bearish MACD,Konsolidasi / Transisi,Normal,Distribusi (Turun),Normal,Dominan Beli (Hajar Kanan),Normal,Tinggi,Hammer (Potensi Reversal),Area Tengah,< 1 Miliar,Di Bawah VWAP (Lemah),Distribusi Pro (Guyuran),Gorengan Sepi (< 5M),Sepi (< 50%),Distribution (Fase Jualan),Normal,Jarum Bawah (Sinyal Pantulan Kuat),Naik 1 Hari Beruntun,TP: 376 | CL: 295,Open = High (Tekanan Jual),Sangat Menarik (> 1:3),Golden Cross (Awal Bullish),Netral / Sepi Berita,Normal / Sedang Transisi,Mengambang (Jauh dari Fibo),3,WAIT & SEE,HOLD / NEUTRAL,0.0,Kondisi pasar normal,TIDAK ADA,2026-09-03 15:24:34,Biasa / Mengikuti Pasar
15:24,TINS,Token Mati (Perlu Update),Big Cap (Lapis 1),Fair Value (Wajar),8.179182,2.8880877,4100.0,3954,3690,4220,2.2443890274314215,29780900,Normal,61,Positif,Uptrend,Bullish,Bearish MACD,Perfect Uptrend (5>20>50),Normal,Akumulasi (Naik),Normal,Dominan Beli (Hajar Kanan),Normal,Sedang,Marubozu (Strong Bullish),Rawan Pucuk (High Risk),> 1 Miliar,Di Atas VWAP (Kuat),Akumulasi Pro (Smart Money),Sultan (> 50M/hari),Normal (50-150%),Mark-Up (Fase Pesta),Normal,Normal,Naik 1 Hari Beruntun,TP: 4336 | CL: 3942,Normal,Tidak Ideal (< 1:1),Netral / Sideways,Netral / Sepi Berita,Normal / Sedang Transisi,Mengambang (Jauh dari Fibo),6,WAIT & SEE,HOLD / NEUTRAL,0.0,Kondisi pasar normal,TIDAK ADA,2026-09-03 15:24:34,Biasa / Mengikuti Pasar
15:24,TIRA,Transaksi Sepi (Skip Broksum),Small Cap (Lapis 3),Overvalued (Mahal),110.813705,1.3395284,414.0,424,394,496,0.48543689320388345,166600,Normal,29,Positif,Downtrend,Bearish,Bullish MACD,Strong Downtrend (5<20<50),Normal,Akumulasi (Naik),Normal,Seimbang / Adu Mekanik,Normal,Tinggi,Normal,Area Tengah,< 1 Miliar,Di Atas VWAP (Kuat),Akumulasi Pro (Smart Money),Gorengan Sepi (< 5M),Sepi (< 50%),Mark-Down (Fase Runtuh),Normal,Normal,Naik 2 Hari Beruntun,TP: 440 | CL: 396,Normal,Sangat Menarik (> 1:3),Golden Cross (Awal Bullish),Netral / Sepi Berita,Normal / Sedang Transisi,Mendekati Fibo Bottom / 100%,3,WAIT & SEE,HOLD / NEUTRAL,0.0,Kondisi pasar normal,TIDAK ADA,2026-09-03 15:24:34,Biasa / Mengikuti Pasar
15:24,TKIM,Token Mati (Perlu Update),Big Cap (Lapis 1),Overvalued (Mahal),3.3499768,8860.76,8400.0,7761,7075,8450,0.2985074626865672,2238300,Normal,74,Positif,Uptrend,Bullish,Strong Bullish,Perfect Uptrend (5>20>50),Normal,Akumulasi (Naik),Normal,Dominan Beli (Hajar Kanan),Normal,Tinggi,Hammer (Potensi Reversal),Rawan Pucuk (High Risk),> 1 Miliar,Di Atas VWAP (Kuat),Akumulasi Pro (Smart Money),Ritel Aktif (5M - 50M),Normal (50-150%),Mark-Up (Fase Pesta),Spesialis Tiang Jemuran (Banting Pucuk),Jarum Bawah (Sinyal Pantulan Kuat),Naik 1 Hari Beruntun,TP: 8847 | CL: 8101,Open = High (Tekanan Jual),Tidak Ideal (< 1:1),Overbought (Jenuh Beli - Rawan),Netral / Sepi Berita,Normal / Sedang Transisi,Mengambang (Jauh dari Fibo),7,BELI,HOLD / NEUTRAL,0.0,Kondisi pasar normal,TIDAK ADA,2026-09-03 15:24:34,Biasa / Mengikuti Pasar
15:24,TLKM,Token Mati (Perlu Update),Big Cap (Lapis 1),Fair Value (Wajar),14.5911665,1.911301,2600.0,2616,2550,2780,0.3861003861003861,46801900,Normal,49,Positif,Downtrend,Bearish,Strong Bearish,Konsolidasi / Transisi,Normal,Akumulasi (Naik),Normal,Seimbang / Adu Mekanik,Squeeze,Rendah,Doji (Ragu-ragu),Dekat Support (Low Risk),> 1 Miliar,Persis di VWAP,Akumulasi Pro (Smart Money),Sultan (> 50M/hari),Normal (50-150%),Distribution (Fase Jualan),Normal,Jarum Bawah (Sinyal Pantulan Kuat),Naik 1 Hari Beruntun,TP: 2660 | CL: 2560,Normal,Sangat Menarik (> 1:3),Netral / Sideways,Netral / Sepi Berita,Normal / Sedang Transisi,Golden Rebound Fibo 38.2% 🎯,2,WAIT & SEE,HOLD / NEUTRAL,0.0,Kondisi pasar normal,TIDAK ADA,2026-09-03 15:24:34,Biasa / Mengikuti Pasar
15:24,TMAS,Token Mati (Perlu Update),Mid Cap (Lapis 2),Fair Value (Wajar),12.0,2.5279124,144.0,133,120,146,3.597122302158273,14037900,Tembus MA20,70,Positif,Uptrend,Bullish,Strong Bullish,Perfect Uptrend (5>20>50),Normal,Akumulasi (Naik),Normal,Dominan Beli (Hajar Kanan),Normal,Tinggi,Normal,Rawan Pucuk (High Risk),> 1 Miliar,Di Atas VWAP (Kuat),Akumulasi Pro (Smart Money),Gorengan Sepi (< 5M),Anomali Tinggi (150-300%),Mark-Up (Fase Pesta),Normal,Normal,Naik 1 Hari Beruntun,TP: 152 | CL: 138,Normal,Tidak Ideal (< 1:1),Netral / Sideways,Netral / Sepi Berita,Normal / Sedang Transisi,Mendekati Fibo 23.6%,8,BELI,HOLD / NEUTRAL,0.0,Kondisi pasar normal,TIDAK ADA,2026-09-03 15:24:34,Biasa / Mengikuti Pasar
15:24,TMPO,Token Mati (Perlu Update),Small Cap (Lapis 3),Overvalued (Mahal),37.77778,0.7732299,170.0,181,124,252,-2.2988505747126435,16159900,Normal,50,Negatif,Downtrend,Bullish,Bearish MACD,Perfect Uptrend (5>20>50),Normal,Distribusi (Turun),Normal,Dominan Jual (Guyur),Normal,Tinggi,Normal,Rawan Pucuk (High Risk),> 1 Miliar,Di Bawah VWAP (Lemah),Distribusi Pro (Guyuran),Ritel Aktif (5M - 50M),Sepi (< 50%),Distribution (Fase Jualan),Spesialis Tiang Jemuran (Banting Pucuk),Normal,Turun 1 Hari Beruntun,TP: 205 | CL: 146,Normal,Ideal (1:2),Oversold (Jenuh Jual - Peluang),Netral / Sepi Berita,Normal / Sedang Transisi,Golden Rebound Fibo 50.0% 🎯,1,WAIT & SEE,HOLD / NEUTRAL,0.0,Kondisi pasar normal,TIDAK ADA,2026-09-03 15:24:34,Biasa / Mengikuti Pasar
15:24,TOBA,Token Mati (Perlu Update),Mid Cap (Lapis 2),Overvalued (Mahal),0.0,27500.0,605.0,548,482,635,1.680672268907563,15035800,Normal,65,Positif,Uptrend,Bullish,Strong Bullish,Perfect Uptrend (5>20>50),Normal,Akumulasi (Naik),Normal,Seimbang / Adu Mekanik,Normal,Tinggi,Normal,Rawan Pucuk (High Risk),> 1 Miliar,Persis di VWAP,Distribusi Pro (Guyuran),Ritel Aktif (5M - 50M),Sepi (< 50%),Mark-Up (Fase Pesta),Spesialis Tiang Jemuran (Banting Pucuk),Normal,Naik 1 Hari Beruntun,TP: 660 | CL: 568,Normal,Tidak Ideal (< 1:1),Netral / Sideways,Netral / Sepi Berita,Normal / Sedang Transisi,Mengambang (Jauh dari Fibo),6,WAIT & SEE,HOLD / NEUTRAL,0.0,Kondisi pasar normal,TIDAK ADA,2026-09-03 15:24:34,Biasa / Mengikuti Pasar
15:24,TOTL,Token Mati (Perlu Update),Mid Cap (Lapis 2),Overvalued (Mahal),9.4327,3.9190397,1410.0,1419,1175,1570,-1.0526315789473684,3147300,Normal,56,Negatif,Downtrend,Bullish,Bearish MACD,Perfect Uptrend (5>20>50),Normal,Distribusi (Turun),Normal,Dominan Jual (Guyur),Normal,Tinggi,Normal,Rawan Pucuk (High Risk),> 1 Miliar,Di Bawah VWAP (Lemah),Distribusi Pro (Guyuran),Gorengan Sepi (< 5M),Normal (50-150%),Distribution (Fase Jualan),Solid (Jarang Dibanting),Normal,Turun 5 Hari Beruntun,TP: 1510 | CL: 1343,Normal,Tidak Ideal (< 1:1),Netral / Sideways,Netral / Sepi Berita,Normal / Sedang Transisi,Mendekati Fibo 38.2%,2,WAIT & SEE,HOLD / NEUTRAL,0.0,Kondisi pasar normal,TIDAK ADA,2026-09-03 15:24:34,Biasa / Mengikuti Pasar
15:24,TOTO,Transaksi Sepi (Skip Broksum),Mid Cap (Lapis 2),Undervalued (Murah),9.108305,0.9737776,238.0,234,230,240,0.0,372500,Normal,59,Negatif,Uptrend,Bullish,Strong Bullish,Awal Reversal (5>20),Normal,Akumulasi (Naik),Normal,Seimbang / Adu Mekanik,Squeeze,Rendah,Doji (Ragu-ragu),Area Tengah,< 1 Miliar,Persis di VWAP,Distribusi Pro (Guyuran),Gorengan Sepi (< 5M),Normal (50-150%),Accumulation (Kumpul Barang),Spesialis Tiang Jemuran (Banting Pucuk),Normal,Sideways / Stagnan,TP: 243 | CL: 234,Normal,Tidak Ideal (< 1:1),Death Cross (Awal Bearish),Netral / Sepi Berita,Normal / Sedang Transisi,Dekat Support Fibo 23.6%,5,WAIT & SEE,HOLD / NEUTRAL,0.0,Kondisi pasar normal,TIDAK ADA,2026-09-03 15:24:34,Biasa / Mengikuti Pasar
15:24,TOWR,Token Mati (Perlu Update),Big Cap (Lapis 1),Undervalued (Murah),6.5872664,0.9069781,448.0,426,384,498,0.0,26675500,Normal,63,Negatif,Uptrend,Bullish,Strong Bullish,Perfect Uptrend (5>20>50),Normal,Distribusi (Turun),Normal,Seimbang / Adu Mekanik,Normal,Tinggi,Doji (Ragu-ragu),Rawan Pucuk (High Risk),> 1 Miliar,Di Bawah VWAP (Lemah),Distribusi Pro (Guyuran),Ritel Aktif (5M - 50M),Sepi (< 50%),Mark-Up (Fase Pesta),Spesialis Tiang Jemuran (Banting Pucuk),Normal,Sideways / Stagnan,TP: 476 | CL: 429,Normal,Tidak Ideal (< 1:1),Death Cross (Awal Bearish),Netral / Sepi Berita,Normal / Sedang Transisi,Mendekati Fibo 38.2%,4,WAIT & SEE,HOLD / NEUTRAL,0.0,Kondisi pasar normal,TIDAK ADA,2026-09-03 15:24:34,Biasa / Mengikuti Pasar
15:24,TPIA,Token Mati (Perlu Update),Big Cap (Lapis 1),Overvalued (Mahal),142.85713,43913.043,2030.0,2026,1830,2270,0.49504950495049505,167183300,Normal,52,Positif,Uptrend,Bearish,Strong Bearish,Konsolidasi / Transisi,Normal,Akumulasi (Naik),Normal,Seimbang / Adu Mekanik,Normal,Tinggi,Doji (Ragu-ragu),Rawan Pucuk (High Risk),> 1 Miliar,Di Atas VWAP (Kuat),Distribusi Pro (Guyuran),Sultan (> 50M/hari),Normal (50-150%),Mark-Up (Fase Pesta),Normal,Normal,Naik 3 Hari Beruntun,TP: 2158 | CL: 1944,Normal,Menengah (1:1),Netral / Sideways,Netral / Sepi Berita,Normal / Sedang Transisi,Mendekati Fibo 38.2%,4,WAIT & SEE,HOLD / NEUTRAL,0.0,Kondisi pasar normal,TIDAK ADA,2026-09-03 15:24:34,Biasa / Mengikuti Pasar
15:24,TPMA,Token Mati (Perlu Update),Mid Cap (Lapis 2),Overvalued (Mahal),8.37732,12947.369,492.0,463,452,496,3.79746835443038,3823200,Tembus MA20,77,Positif,Uptrend,Bullish,Strong Bullish,Perfect Uptrend (5>20>50),Akumulasi Kuat,Akumulasi (Naik),Normal,Dominan Beli (Hajar Kanan),Squeeze,Rendah,Normal,Area Tengah,> 1 Miliar,Di Atas VWAP (Kuat),Akumulasi Pro (Smart Money),Gorengan Sepi (< 5M),Anomali Tinggi (150-300%),Mark-Up (Fase Pesta),Normal,Normal,Naik 3 Hari Beruntun,TP: 504 | CL: 483,Normal,Tidak Ideal (< 1:1),Overbought (Jenuh Beli - Rawan),Netral / Sepi Berita,Normal / Sedang Transisi,Mengambang (Jauh dari Fibo),9,BELI,HOLD / NEUTRAL,0.0,Kondisi pasar normal,TIDAK ADA,2026-09-03 15:24:34,Biasa / Mengikuti Pasar
15:24,TRIM,Transaksi Sepi (Skip Broksum),Mid Cap (Lapis 2),Fair Value (Wajar),7.146402,2.1879976,720.0,614,565,745,8.270676691729323,694900,Tembus MA20,84,Positif,Uptrend,Bullish,Strong Bullish,Perfect Uptrend (5>20>50),Akumulasi Kuat,Akumulasi (Naik),Normal,Dominan Beli (Hajar Kanan),Breakout Upper,Tinggi,Normal,Rawan Pucuk (High Risk),< 1 Miliar,Di Atas VWAP (Kuat),Akumulasi Pro (Smart Money),Gorengan Sepi (< 5M),Anomali Tinggi (150-300%),Mark-Up (Fase Pesta),Spesialis Tiang Jemuran (Banting Pucuk),Normal,Naik 3 Hari Beruntun,TP: 772 | CL: 685,Open = Low (Bullish Kuat),Tidak Ideal (< 1:1),Overbought (Jenuh Beli - Rawan),Netral / Sepi Berita,Normal / Sedang Transisi,Mengambang (Jauh dari Fibo),9,BELI,HOLD / NEUTRAL,0.0,Kondisi pasar normal,TIDAK ADA,2026-09-03 15:24:34,Biasa / Mengikuti Pasar
15:24,TRIS,Transaksi Sepi (Skip Broksum),Small Cap (Lapis 3),Overvalued (Mahal),48.409027,1.0235944,178.0,172,166,188,0.5649717514124294,1751500,Tembus MA20,63,Positif,Uptrend,Bullish,Strong Bullish,Perfect Uptrend (5>20>50),Normal,Akumulasi (Naik),Normal,Seimbang / Adu Mekanik,Squeeze,Rendah,Normal,Area Tengah,< 1 Miliar,Persis di VWAP,Akumulasi Pro (Smart Money),Gorengan Sepi (< 5M),Normal (50-150%),Mark-Up (Fase Pesta),Spesialis Tiang Jemuran (Banting Pucuk),Normal,Naik 1 Hari Beruntun,TP: 185 | CL: 173,Open = High (Tekanan Jual),Tidak Ideal (< 1:1),Overbought (Jenuh Beli - Rawan),Netral / Sepi Berita,Normal / Sedang Transisi,Dekat Support Fibo 38.2%,7,BELI,HOLD / NEUTRAL,0.0,Kondisi pasar normal,TIDAK ADA,2026-09-03 15:24:34,Biasa / Mengikuti Pasar
15:24,TRST,Transaksi Sepi (Skip Broksum),Mid Cap (Lapis 2),Undervalued (Murah),11.42006,0.49658597,460.0,459,440,496,-0.8620689655172413,173500,Tembus MA20,47,Negatif,Uptrend,Bullish,Bullish MACD,Awal Reversal (5>20),Normal,Distribusi (Turun),Normal,Seimbang / Adu Mekanik,Squeeze,Rendah,Normal,Area Tengah,< 1 Miliar,Persis di VWAP,Akumulasi Pro (Smart Money),Gorengan Sepi (< 5M),Anomali Tinggi (150-300%),Accumulation (Kumpul Barang),Normal,Normal,Turun 1 Hari Beruntun,TP: 480 | CL: 446,Open = High (Tekanan Jual),Ideal (1:2),Netral / Sideways,Netral / Sepi Berita,Normal / Sedang Transisi,Dekat Support Fibo 38.2%,4,WAIT & SEE,HOLD / NEUTRAL,0.0,Kondisi pasar normal,TIDAK ADA,2026-09-03 15:24:34,Biasa / Mengikuti Pasar
15:24,TRUS,Transaksi Sepi (Skip Broksum),Small Cap (Lapis 3),Fair Value (Wajar),16.570684,0.8545616,446.0,427,390,525,-0.4464285714285714,57900,Normal,57,Negatif,Uptrend,Bullish,Strong Bullish,Perfect Uptrend (5>20>50),Normal,Akumulasi (Naik),Normal,Dominan Beli (Hajar Kanan),Normal,Tinggi,Doji (Ragu-ragu),Rawan Pucuk (High Risk),< 1 Miliar,Di Bawah VWAP (Lemah),Distribusi Pro (Guyuran),Gorengan Sepi (< 5M),Sepi (< 50%),Mark-Up (Fase Pesta),Spesialis Tiang Jemuran (Banting Pucuk),Jarum Bawah (Sinyal Pantulan Kuat),Turun 1 Hari Beruntun,TP: 494 | CL: 413,Normal,Menengah (1:1),Netral / Sideways,Netral / Sepi Berita,Normal / Sedang Transisi,Mendekati Fibo 50.0%,6,WAIT & SEE,HOLD / NEUTRAL,0.0,Kondisi pasar normal,TIDAK ADA,2026-09-03 15:24:34,Biasa / Mengikuti Pasar
15:24,TSPC,Transaksi Sepi (Skip Broksum),Big Cap (Lapis 1),Undervalued (Murah),8.417457,1.2782459,2760.0,2773,2680,2870,0.0,166300,Normal,54,Negatif,Downtrend,Bearish,Bearish MACD,Konsolidasi / Transisi,Normal,Akumulasi (Naik),Normal,Dominan Jual (Guyur),Squeeze,Rendah,Normal,Dekat Support (Low Risk),< 1 Miliar,Persis di VWAP,Distribusi Pro (Guyuran),Gorengan Sepi (< 5M),Sepi (< 50%),Distribution (Fase Jualan),Normal,Normal,Sideways / Stagnan,TP: 2835 | CL: 2710,Normal,Menengah (1:1),Netral / Sideways,Netral / Sepi Berita,Normal / Sedang Transisi,Dekat Support Fibo 23.6%,2,WAIT & SEE,HOLD / NEUTRAL,0.0,Kondisi pasar normal,TIDAK ADA,2026-09-03 15:24:34,Biasa / Mengikuti Pasar
15:24,ULTJ,Token Mati (Perlu Update),Big Cap (Lapis 1),Fair Value (Wajar),8.67052,1.9677241,1500.0,1497,1460,1525,1.0101010101010102,3889300,Tembus MA20,57,Positif,Uptrend,Bearish,Bearish MACD,Konsolidasi / Transisi,Normal,Distribusi (Turun),Normal,Seimbang / Adu Mekanik,Squeeze,Rendah,Normal,Dekat Support (Low Risk),> 1 Miliar,Persis di VWAP,Distribusi Pro (Guyuran),Gorengan Sepi (< 5M),Anomali Tinggi (150-300%),Mark-Up (Fase Pesta),Normal,Normal,Naik 1 Hari Beruntun,TP: 1535 | CL: 1476,Normal,Tidak Ideal (< 1:1),Netral / Sideways,Netral / Sepi Berita,Normal / Sedang Transisi,Mendekati Fibo 23.6%,4,WAIT & SEE,HOLD / NEUTRAL,0.0,Kondisi pasar normal,TIDAK ADA,2026-09-03 15:24:34,Biasa / Mengikuti Pasar
15:24,UNIC,Transaksi Sepi (Skip Broksum),Mid Cap (Lapis 2),Overvalued (Mahal),5.7691197,18495.686,15000.0,15085,14575,16100,0.6711409395973155,10200,Normal,64,Positif,Downtrend,Bearish,Bearish MACD,Konsolidasi / Transisi,Normal,Distribusi (Turun),Normal,Seimbang / Adu Mekanik,Squeeze,Rendah,Normal,Dekat Support (Low Risk),< 1 Miliar,Persis di VWAP,Distribusi Pro (Guyuran),Gorengan Sepi (< 5M),Sepi (< 50%),Distribution (Fase Jualan),Spesialis Tiang Jemuran (Banting Pucuk),Normal,Naik 1 Hari Beruntun,TP: 15358 | CL: 14760,Open = High (Tekanan Jual),Ideal (1:2),Golden Cross (Awal Bullish),Netral / Sepi Berita,Normal / Sedang Transisi,Mendekati Fibo 38.2%,2,WAIT & SEE,HOLD / NEUTRAL,0.0,Kondisi pasar normal,TIDAK ADA,2026-09-03 15:24:34,Biasa / Mengikuti Pasar
15:24,UNTR,Token Mati (Perlu Update),Big Cap (Lapis 1),Undervalued (Murah),11.91929,0.9375911,25200.0,23985,23075,26000,0.5988023952095809,2372200,Normal,60,Positif,Uptrend,Bullish,Strong Bullish,Awal Reversal (5>20),Normal,Akumulasi (Naik),Normal,Dominan Jual (Guyur),Normal,Sedang,Normal,Area Tengah,> 1 Miliar,Di Atas VWAP (Kuat),Akumulasi Pro (Smart Money),Sultan (> 50M/hari),Sepi (< 50%),Accumulation (Kumpul Barang),Normal,Normal,Naik 1 Hari Beruntun,TP: 26164 | CL: 24557,Open = Low (Bullish Kuat),Tidak Ideal (< 1:1),Death Cross (Awal Bearish),Netral / Sepi Berita,Normal / Sedang Transisi,Dekat Support Fibo 38.2%,6,WAIT & SEE,HOLD / NEUTRAL,0.0,Kondisi pasar normal,TIDAK ADA,2026-09-03 15:24:34,Biasa / Mengikuti Pasar
15:24,UNVR,Token Mati (Perlu Update),Big Cap (Lapis 1),Overvalued (Mahal),17.412174,21.422829,1705.0,1772,1615,1845,0.29411764705882354,7980200,Normal,43,Positif,Downtrend,Bearish,Strong Bearish,Konsolidasi / Transisi,Normal,Distribusi (Turun),Normal,Seimbang / Adu Mekanik,Bottom Rebound,Sedang,Normal,Area Tengah,> 1 Miliar,Persis di VWAP,Akumulasi Pro (Smart Money),Sultan (> 50M/hari),Sepi (< 50%),Distribution (Fase Jualan),Normal,Normal,Naik 1 Hari Beruntun,TP: 1777 | CL: 1656,Normal,Ideal (1:2),Netral / Sideways,Netral / Sepi Berita,Normal / Sedang Transisi,Dekat Support Fibo 38.2%,1,WAIT & SEE,HOLD / NEUTRAL,0.0,Kondisi pasar normal,TIDAK ADA,2026-09-03 15:24:34,Biasa / Mengikuti Pasar
15:24,VICO,Transaksi Sepi (Skip Broksum),Mid Cap (Lapis 2),Fair Value (Wajar),15.48718,0.6206381,151.0,146,138,160,-1.948051948051948,88200,Normal,63,Negatif,Uptrend,Bullish,Strong Bullish,Perfect Uptrend (5>20>50),Normal,Distribusi (Turun),Normal,Seimbang / Adu Mekanik,Normal,Sedang,Normal,Area Tengah,< 1 Miliar,Persis di VWAP,Distribusi Pro (Guyuran),Gorengan Sepi (< 5M),Sepi (< 50%),Mark-Up (Fase Pesta),Spesialis Tiang Jemuran (Banting Pucuk),Normal,Turun 1 Hari Beruntun,TP: 161 | CL: 143,Open = High (Tekanan Jual),Tidak Ideal (< 1:1),Death Cross (Awal Bearish),Netral / Sepi Berita,Normal / Sedang Transisi,Mendekati Fibo 38.2%,4,WAIT & SEE,HOLD / NEUTRAL,0.0,Kondisi pasar normal,TIDAK ADA,2026-09-03 15:24:34,Biasa / Mengikuti Pasar
15:24,VINS,Transaksi Sepi (Skip Broksum),Small Cap (Lapis 3),Fair Value (Wajar),18.119614,0.9651011,142.0,142,137,168,-0.6993006993006993,155000,Normal,52,Negatif,Downtrend,Bearish,Bearish MACD,Konsolidasi / Transisi,Normal,Akumulasi (Naik),Gap Up (+2.1%),Dominan Jual (Guyur),Squeeze,Rendah,Normal,Area Tengah,< 1 Miliar,Persis di VWAP,Akumulasi Pro (Smart Money),Gorengan Sepi (< 5M),Sepi (< 50%),Distribution (Fase Jualan),Normal,Normal,Turun 1 Hari Beruntun,TP: 152 | CL: 135,Open = High (Tekanan Jual),Sangat Menarik (> 1:3),Oversold (Jenuh Jual - Peluang),Netral / Sepi Berita,Supply Kering (Siap Pump) 🏜️,Golden Rebound Fibo 50.0% 🎯,3,WAIT & SEE,HOLD / NEUTRAL,0.0,Kondisi pasar normal,TIDAK ADA,2026-09-03 15:24:34,Biasa / Mengikuti Pasar
15:24,VIVA,Token Mati (Perlu Update),Small Cap (Lapis 3),Overvalued (Mahal),0.5926277,8.461669,50.0,53,44,63,-1.9607843137254901,30901800,Normal,52,Negatif,Downtrend,Bearish,Bearish MACD,Konsolidasi / Transisi,Normal,Distribusi (Turun),Normal,Dominan Jual (Guyur),Normal,Tinggi,Doji (Ragu-ragu),Rawan Pucuk (High Risk),> 1 Miliar,Di Atas VWAP (Kuat),Distribusi Pro (Guyuran),Gorengan Sepi (< 5M),Normal (50-150%),Distribution (Fase Jualan),Normal,Normal,Turun 1 Hari Beruntun,TP: 55 | CL: 46,Normal,Ideal (1:2),Golden Cross (Awal Bullish),Netral / Sepi Berita,Normal / Sedang Transisi,Mendekati Fibo 38.2%,1,WAIT & SEE,HOLD / NEUTRAL,0.0,Kondisi pasar normal,TIDAK ADA,2026-09-03 15:24:34,Biasa / Mengikuti Pasar
15:24,VOKS,Transaksi Sepi (Skip Broksum),Small Cap (Lapis 3),Fair Value (Wajar),0.0,1.72608,236.0,228,198,270,-0.8403361344537815,795500,Normal,58,Negatif,Uptrend,Golden Cross,Bearish MACD,Perfect Uptrend (5>20>50),Normal,Akumulasi (Naik),Gap Up (+2.5%),Dominan Jual (Guyur),Normal,Tinggi,Normal,Rawan Pucuk (High Risk),< 1 Miliar,Persis di VWAP,Distribusi Pro (Guyuran),Gorengan Sepi (< 5M),Normal (50-150%),Mark-Up (Fase Pesta),Normal,Normal,Turun 1 Hari Beruntun,TP: 257 | CL: 221,Normal,Tidak Ideal (< 1:1),Netral / Sideways,Netral / Sepi Berita,Normal / Sedang Transisi,Mendekati Fibo 50.0%,5,WAIT & SEE,HOLD / NEUTRAL,0.0,Kondisi pasar normal,TIDAK ADA,2026-09-03 15:24:34,Biasa / Mengikuti Pasar
15:24,VRNA,Token Mati (Perlu Update),Small Cap (Lapis 3),Overvalued (Mahal),143.6865,0.7567708,99.0,75,70,99,33.78378378378378,61121300,Tembus MA20,84,Positif,Uptrend,Golden Cross,Strong Bullish,Perfect Uptrend (5>20>50),Akumulasi Kuat,Akumulasi (Naik),Normal,Dominan Beli (Hajar Kanan),Breakout Upper,Tinggi,Marubozu (Strong Bullish),Rawan Pucuk (High Risk),> 1 Miliar,Di Atas VWAP (Kuat),Akumulasi Pro (Smart Money),Gorengan Sepi (< 5M),Ledakan Ekstrem (> 300%),Mark-Up (Fase Pesta),Spesialis Tiang Jemuran (Banting Pucuk),Normal,Naik 1 Hari Beruntun,TP: 106 | CL: 93,Open = Low (Bullish Kuat),Tidak Ideal (< 1:1),Netral / Sideways,Netral / Sepi Berita,Normal / Sedang Transisi,Mengambang (Jauh dari Fibo),9,BELI,HOLD / NEUTRAL,0.0,Kondisi pasar normal,TIDAK ADA,2026-09-03 15:24:34,⚠️ Anomali (Sudah Terbang)
15:24,WAPO,Transaksi Sepi (Skip Broksum),Small Cap (Lapis 3),Overvalued (Mahal),0.0,3.4835396,171.0,144,119,177,-0.5813953488372093,1138900,Normal,84,Negatif,Uptrend,Bullish,Strong Bullish,Perfect Uptrend (5>20>50),Normal,Akumulasi (Naik),Normal,Seimbang / Adu Mekanik,Normal,Tinggi,Normal,Rawan Pucuk (High Risk),< 1 Miliar,Di Atas VWAP (Kuat),Akumulasi Pro (Smart Money),Gorengan Sepi (< 5M),Sepi (< 50%),Mark-Up (Fase Pesta),Spesialis Tiang Jemuran (Banting Pucuk),Normal,Turun 1 Hari Beruntun,TP: 188 | CL: 159,Normal,Tidak Ideal (< 1:1),Overbought (Jenuh Beli - Rawan),Netral / Sepi Berita,Normal / Sedang Transisi,Mengambang (Jauh dari Fibo),5,WAIT & SEE,HOLD / NEUTRAL,0.0,Kondisi pasar normal,TIDAK ADA,2026-09-03 15:24:34,Biasa / Mengikuti Pasar
15:24,WEHA,Transaksi Sepi (Skip Broksum),Small Cap (Lapis 3),Undervalued (Murah),7.9633546,0.63549554,112.0,109,104,117,1.8181818181818181,4069400,Normal,60,Positif,Uptrend,Bullish,Strong Bullish,Perfect Uptrend (5>20>50),Normal,Akumulasi (Naik),Normal,Dominan Beli (Hajar Kanan),Squeeze,Rendah,Normal,Area Tengah,< 1 Miliar,Di Atas VWAP (Kuat),Akumulasi Pro (Smart Money),Gorengan Sepi (< 5M),Normal (50-150%),Mark-Up (Fase Pesta),Spesialis Tiang Jemuran (Banting Pucuk),Normal,Naik 1 Hari Beruntun,TP: 117 | CL: 108,Normal,Tidak Ideal (< 1:1),Netral / Sideways,Netral / Sepi Berita,Normal / Sedang Transisi,Mendekati Fibo 78.6%,7,BELI,HOLD / NEUTRAL,0.0,Kondisi pasar normal,TIDAK ADA,2026-09-03 15:24:34,Biasa / Mengikuti Pasar
15:24,WIIM,Token Mati (Perlu Update),Mid Cap (Lapis 2),Undervalued (Murah),5.9489264,1.4512028,1640.0,1725,1630,1855,0.0,2013500,Tembus MA20,43,Negatif,Downtrend,Bearish,Strong Bearish,Konsolidasi / Transisi,Normal,Distribusi (Turun),Normal,Dominan Jual (Guyur),Normal,Sedang,Doji (Ragu-ragu),Dekat Support (Low Risk),> 1 Miliar,Persis di VWAP,Distribusi Pro (Guyuran),Gorengan Sepi (< 5M),Normal (50-150%),Distribution (Fase Jualan),Spesialis Tiang Jemuran (Banting Pucuk),Normal,Sideways / Stagnan,TP: 1712 | CL: 1591,Normal,Sangat Menarik (> 1:3),Oversold (Jenuh Jual - Peluang),Netral / Sepi Berita,Normal / Sedang Transisi,Golden Rebound Fibo 38.2% 🎯,1,WAIT & SEE,HOLD / NEUTRAL,0.0,Kondisi pasar normal,TIDAK ADA,2026-09-03 15:24:34,Biasa / Mengikuti Pasar
15:24,WINS,Transaksi Sepi (Skip Broksum),Mid Cap (Lapis 2),Overvalued (Mahal),6.5897856,14000.0,560.0,522,498,575,1.8181818181818181,1575600,Normal,68,Positif,Uptrend,Bullish,Strong Bullish,Awal Reversal (5>20),Normal,Akumulasi (Naik),Normal,Seimbang / Adu Mekanik,Breakout Upper,Sedang,Normal,Rawan Pucuk (High Risk),< 1 Miliar,Di Atas VWAP (Kuat),Akumulasi Pro (Smart Money),Gorengan Sepi (< 5M),Sepi (< 50%),Accumulation (Kumpul Barang),Spesialis Tiang Jemuran (Banting Pucuk),Normal,Naik 1 Hari Beruntun,TP: 584 | CL: 543,Open = Low (Bullish Kuat),Tidak Ideal (< 1:1),Netral / Sideways,Netral / Sepi Berita,Normal / Sedang Transisi,Mendekati Fibo 23.6%,6,WAIT & SEE,HOLD / NEUTRAL,0.0,Kondisi pasar normal,TIDAK ADA,2026-09-03 15:24:34,Biasa / Mengikuti Pasar
15:24,WOMF,Transaksi Sepi (Skip Broksum),Small Cap (Lapis 3),Undervalued (Murah),6.3091483,0.49154282,280.0,273,256,346,0.0,284600,Normal,61,Negatif,Uptrend,Bullish,Bearish MACD,Perfect Uptrend (5>20>50),Normal,Akumulasi (Naik),Normal,Dominan Beli (Hajar Kanan),Normal,Sedang,Doji (Ragu-ragu),Area Tengah,< 1 Miliar,Di Bawah VWAP (Lemah),Distribusi Pro (Guyuran),Gorengan Sepi (< 5M),Normal (50-150%),Mark-Up (Fase Pesta),Spesialis Tiang Jemuran (Banting Pucuk),Jarum Bawah (Sinyal Pantulan Kuat),Sideways / Stagnan,TP: 307 | CL: 261,Normal,Ideal (1:2),Netral / Sideways,Netral / Sepi Berita,Normal / Sedang Transisi,Mendekati Fibo 61.8% (Golden Ratio),5,WAIT & SEE,HOLD / NEUTRAL,0.0,Kondisi pasar normal,TIDAK ADA,2026-09-03 15:24:34,Biasa / Mengikuti Pasar
15:24,WTON,Token Mati (Perlu Update),Small Cap (Lapis 3),Fair Value (Wajar),17.4946,0.19451703,81.0,79,73,95,0.0,15052900,Tembus MA20,56,Negatif,Uptrend,Bullish,Bearish MACD,Perfect Uptrend (5>20>50),Normal,Akumulasi (Naik),Normal,Dominan Jual (Guyur),Normal,Sedang,Doji (Ragu-ragu),Rawan Pucuk (High Risk),> 1 Miliar,Persis di VWAP,Distribusi Pro (Guyuran),Gorengan Sepi (< 5M),Ledakan Ekstrem (> 300%),Mark-Up (Fase Pesta),Normal,Normal,Sideways / Stagnan,TP: 85 | CL: 78,Normal,Ideal (1:2),Netral / Sideways,Netral / Sepi Berita,Normal / Sedang Transisi,Mendekati Fibo 50.0%,5,WAIT & SEE,HOLD / NEUTRAL,0.0,Kondisi pasar normal,TIDAK ADA,2026-09-03 15:24:34,Biasa / Mengikuti Pasar
15:24,YPAS,Transaksi Sepi (Skip Broksum),Mid Cap (Lapis 2),Overvalued (Mahal),41.428185,8.224708,1520.0,1188,600,1765,-4.702194357366771,312400,Normal,75,Negatif,Uptrend,Bullish,Strong Bullish,Perfect Uptrend (5>20>50),Normal,Akumulasi (Naik),Normal,Dominan Jual (Guyur),Normal,Tinggi,Normal,Rawan Pucuk (High Risk),< 1 Miliar,Di Bawah VWAP (Lemah),Distribusi Pro (Guyuran),Gorengan Sepi (< 5M),Sepi (< 50%),Mark-Up (Fase Pesta),Spesialis Tiang Jemuran (Banting Pucuk),Normal,Turun 1 Hari Beruntun,TP: 1839 | CL: 1307,Normal,Tidak Ideal (< 1:1),Death Cross (Awal Bearish),Netral / Sepi Berita,Normal / Sedang Transisi,Mendekati Fibo 23.6%,5,WAIT & SEE,HOLD / NEUTRAL,0.0,Kondisi pasar normal,TIDAK ADA,2026-09-03 15:24:34,Biasa / Mengikuti Pasar
15:24,YULE,Transaksi Sepi (Skip Broksum),Mid Cap (Lapis 2),Overvalued (Mahal),84.21765,9.468375,3730.0,3505,3290,3730,1.912568306010929,100,Normal,71,Positif,Uptrend,Bullish,Strong Bullish,Perfect Uptrend (5>20>50),Normal,Akumulasi (Naik),Normal,Tidak Ada Transaksi,Breakout Upper,Sedang,Doji (Ragu-ragu),Rawan Pucuk (High Risk),< 1 Miliar,Di Atas VWAP (Kuat),Akumulasi Pro (Smart Money),Gorengan Sepi (< 5M),Sepi (< 50%),Mark-Up (Fase Pesta),Normal,Normal,Naik 1 Hari Beruntun,TP: 3881 | CL: 3629,Normal,Tidak Ideal (< 1:1),Overbought (Jenuh Beli - Rawan),Netral / Sepi Berita,Normal / Sedang Transisi,Mendekati Fibo 50.0%,6,WAIT & SEE,HOLD / NEUTRAL,0.0,Kondisi pasar normal,TIDAK ADA,2026-09-03 15:24:34,Biasa / Mengikuti Pasar
15:24,SHIP,Transaksi Sepi (Skip Broksum),Mid Cap (Lapis 2),Overvalued (Mahal),22.720654,41785.715,2340.0,2261,1855,2500,0.4291845493562232,23600,Normal,59,Positif,Uptrend,Bullish,Bearish MACD,Perfect Uptrend (5>20>50),Normal,Akumulasi (Naik),Normal,Dominan Beli (Hajar Kanan),Normal,Tinggi,Normal,Rawan Pucuk (High Risk),< 1 Miliar,Persis di VWAP,Akumulasi Pro (Smart Money),Gorengan Sepi (< 5M),Sepi (< 50%),Mark-Up (Fase Pesta),Normal,Jarum Bawah (Sinyal Pantulan Kuat),Naik 2 Hari Beruntun,TP: 2605 | CL: 2162,Normal,Tidak Ideal (< 1:1),Netral / Sideways,Netral / Sepi Berita,Normal / Sedang Transisi,Mendekati Fibo 23.6%,6,WAIT & SEE,HOLD / NEUTRAL,0.0,Kondisi pasar normal,TIDAK ADA,2026-09-03 15:24:34,Biasa / Mengikuti Pasar
15:24,CASA,Transaksi Sepi (Skip Broksum),Big Cap (Lapis 1),Overvalued (Mahal),664.2066,11.974295,1800.0,1816,1795,1970,-0.2770083102493075,8700,Normal,47,Negatif,Downtrend,Bearish,Strong Bearish,Strong Downtrend (5<20<50),Normal,Distribusi (Turun),Gap Up (+2.5%),Dominan Jual (Guyur),Squeeze,Rendah,Normal,Dekat Support (Low Risk),< 1 Miliar,Persis di VWAP,Distribusi Pro (Guyuran),Gorengan Sepi (< 5M),Sepi (< 50%),Mark-Down (Fase Runtuh),Spesialis Tiang Jemuran (Banting Pucuk),Normal,Turun 1 Hari Beruntun,TP: 1908 | CL: 1727,Normal,Sangat Menarik (> 1:3),Oversold (Jenuh Jual - Peluang),Netral / Sepi Berita,Normal / Sedang Transisi,Golden Rebound Fibo 50.0% 🎯,1,WAIT & SEE,HOLD / NEUTRAL,0.0,Kondisi pasar normal,TIDAK ADA,2026-09-03 15:24:34,Biasa / Mengikuti Pasar
15:24,DAYA,Transaksi Sepi (Skip Broksum),Mid Cap (Lapis 2),Overvalued (Mahal),27.5455,14.189789,1100.0,1047,925,1315,-1.7857142857142856,273200,Tembus MA20,66,Negatif,Uptrend,Bullish,Strong Bullish,Perfect Uptrend (5>20>50),Distribusi Kuat,Distribusi (Turun),Normal,Seimbang / Adu Mekanik,Normal,Tinggi,Normal,Rawan Pucuk (High Risk),< 1 Miliar,Di Bawah VWAP (Lemah),Distribusi Pro (Guyuran),Gorengan Sepi (< 5M),Ledakan Ekstrem (> 300%),Mark-Up (Fase Pesta),Normal,Normal,Turun 2 Hari Beruntun,TP: 1255 | CL: 996,Normal,Menengah (1:1),Netral / Sideways,Netral / Sepi Berita,Supply Banjir (Distribusi) 🌊,Mendekati Fibo 61.8% (Golden Ratio),5,WAIT & SEE,HOLD / NEUTRAL,0.0,Kondisi pasar normal,TIDAK ADA,2026-09-03 15:24:34,Biasa / Mengikuti Pasar
15:24,DPUM,Transaksi Sepi (Skip Broksum),Small Cap (Lapis 3),Fair Value (Wajar),0.0,1.2126611,98.0,96,87,105,1.0309278350515463,9362500,Normal,51,Positif,Uptrend,Bearish,Bullish MACD,Strong Downtrend (5<20<50),Normal,Akumulasi (Naik),Normal,Dominan Beli (Hajar Kanan),Normal,Sedang,Doji (Ragu-ragu),Rawan Pucuk (High Risk),< 1 Miliar,Di Atas VWAP (Kuat),Akumulasi Pro (Smart Money),Gorengan Sepi (< 5M),Normal (50-150%),Accumulation (Kumpul Barang),Normal,Jarum Bawah (Sinyal Pantulan Kuat),Naik 4 Hari Beruntun,TP: 104 | CL: 93,Normal,Tidak Ideal (< 1:1),Netral / Sideways,Netral / Sepi Berita,Normal / Sedang Transisi,Mengambang (Jauh dari Fibo),6,WAIT & SEE,HOLD / NEUTRAL,0.0,Kondisi pasar normal,TIDAK ADA,2026-09-03 15:24:34,Biasa / Mengikuti Pasar
15:24,IDPR,Transaksi Sepi (Skip Broksum),Small Cap (Lapis 3),Fair Value (Wajar),16.93649,0.7827811,268.0,268,254,294,-0.7407407407407408,24400,Normal,43,Negatif,Downtrend,Bullish,Bullish MACD,Awal Reversal (5>20),Normal,Akumulasi (Naik),Gap Up (+2.2%),Dominan Jual (Guyur),Normal,Sedang,Normal,Area Tengah,< 1 Miliar,Di Bawah VWAP (Lemah),Distribusi Pro (Guyuran),Gorengan Sepi (< 5M),Normal (50-150%),Mark-Down (Fase Runtuh),Normal,Normal,Turun 3 Hari Beruntun,TP: 284 | CL: 257,Open = High (Tekanan Jual),Ideal (1:2),Netral / Sideways,Netral / Sepi Berita,Normal / Sedang Transisi,Dekat Support Fibo 78.6%,4,WAIT & SEE,HOLD / NEUTRAL,0.0,Kondisi pasar normal,TIDAK ADA,2026-09-03 15:24:34,Biasa / Mengikuti Pasar
15:24,JGLE,Token Mati (Perlu Update),Mid Cap (Lapis 2),Fair Value (Wajar),0.0,1.8351333,88.0,88,75,109,0.0,374388700,Normal,57,Negatif,Downtrend,Bearish,Bearish MACD,Konsolidasi / Transisi,Normal,Akumulasi (Naik),Normal,Dominan Jual (Guyur),Normal,Tinggi,Doji (Ragu-ragu),Rawan Pucuk (High Risk),> 1 Miliar,Persis di VWAP,Akumulasi Pro (Smart Money),Sultan (> 50M/hari),Sepi (< 50%),Distribution (Fase Jualan),Spesialis Tiang Jemuran (Banting Pucuk),Normal,Sideways / Stagnan,TP: 98 | CL: 81,Normal,Ideal (1:2),Netral / Sideways,Netral / Sepi Berita,Normal / Sedang Transisi,Dekat Support Fibo 38.2%,2,WAIT & SEE,HOLD / NEUTRAL,0.0,Kondisi pasar normal,TIDAK ADA,2026-09-03 15:24:34,🔥 ANOMALI BANDAR (Siap Ledakan)
15:24,KINO,Transaksi Sepi (Skip Broksum),Mid Cap (Lapis 2),Undervalued (Murah),8.415104,1.0355273,1355.0,1329,1250,1415,-0.3676470588235294,11500,Normal,64,Negatif,Uptrend,Bullish,Bearish MACD,Perfect Uptrend (5>20>50),Normal,Akumulasi (Naik),Normal,Seimbang / Adu Mekanik,Squeeze,Rendah,Normal,Area Tengah,< 1 Miliar,Persis di VWAP,Akumulasi Pro (Smart Money),Gorengan Sepi (< 5M),Sepi (< 50%),Mark-Up (Fase Pesta),Normal,Normal,Turun 1 Hari Beruntun,TP: 1447 | CL: 1293,Normal,Tidak Ideal (< 1:1),Netral / Sideways,Netral / Sepi Berita,Normal / Sedang Transisi,Dekat Support Fibo 23.6%,4,WAIT & SEE,HOLD / NEUTRAL,0.0,Kondisi pasar normal,TIDAK ADA,2026-09-03 15:24:34,Biasa / Mengikuti Pasar
15:24,OASA,Token Mati (Perlu Update),Mid Cap (Lapis 2),Overvalued (Mahal),0.0,3.9770591,328.0,326,304,364,0.6134969325153374,19457000,Normal,53,Positif,Uptrend,Bullish,Bearish MACD,Perfect Uptrend (5>20>50),Normal,Akumulasi (Naik),Normal,Dominan Jual (Guyur),Normal,Tinggi,Normal,Area Tengah,> 1 Miliar,Di Bawah VWAP (Lemah),Distribusi Pro (Guyuran),Ritel Aktif (5M - 50M),Sepi (< 50%),Mark-Up (Fase Pesta),Normal,Normal,Naik 1 Hari Beruntun,TP: 351 | CL: 312,Normal,Ideal (1:2),Death Cross (Awal Bearish),Netral / Sepi Berita,Normal / Sedang Transisi,Mendekati Fibo 38.2%,5,WAIT & SEE,HOLD / NEUTRAL,0.0,Kondisi pasar normal,TIDAK ADA,2026-09-03 15:24:34,Biasa / Mengikuti Pasar
15:24,POWR,Token Mati (Perlu Update),Big Cap (Lapis 1),Overvalued (Mahal),11.714249,20333.332,905.0,840,720,970,-1.6304347826086956,7776000,Normal,63,Negatif,Uptrend,Bullish,Strong Bullish,Perfect Uptrend (5>20>50),Normal,Distribusi (Turun),Normal,Dominan Jual (Guyur),Normal,Tinggi,Normal,Rawan Pucuk (High Risk),> 1 Miliar,Di Bawah VWAP (Lemah),Distribusi Pro (Guyuran),Ritel Aktif (5M - 50M),Normal (50-150%),Mark-Up (Fase Pesta),Normal,Normal,Turun 1 Hari Beruntun,TP: 974 | CL: 858,Normal,Tidak Ideal (< 1:1),Death Cross (Awal Bearish),Netral / Sepi Berita,Normal / Sedang Transisi,Dekat Support Fibo 23.6%,4,WAIT & SEE,HOLD / NEUTRAL,0.0,Kondisi pasar normal,TIDAK ADA,2026-09-03 15:24:34,Biasa / Mengikuti Pasar
15:24,PBSA,Transaksi Sepi (Skip Broksum),Mid Cap (Lapis 2),Overvalued (Mahal),9.705248,3.1916528,810.0,812,715,925,-0.6134969325153374,730700,Normal,51,Negatif,Downtrend,Bullish,Bearish MACD,Perfect Uptrend (5>20>50),Normal,Distribusi (Turun),Normal,Dominan Jual (Guyur),Normal,Tinggi,Normal,Rawan Pucuk (High Risk),< 1 Miliar,Di Bawah VWAP (Lemah),Distribusi Pro (Guyuran),Gorengan Sepi (< 5M),Normal (50-150%),Distribution (Fase Jualan),Normal,Normal,Turun 3 Hari Beruntun,TP: 904 | CL: 747,Normal,Menengah (1:1),Netral / Sideways,Netral / Sepi Berita,Normal / Sedang Transisi,Mendekati Fibo 38.2%,2,WAIT & SEE,HOLD / NEUTRAL,0.0,Kondisi pasar normal,TIDAK ADA,2026-09-03 15:24:34,Biasa / Mengikuti Pasar
15:24,PRDA,Token Mati (Perlu Update),Mid Cap (Lapis 2),Undervalued (Murah),11.36602,1.0306828,2710.0,2488,2300,2720,1.4981273408239701,455000,Normal,75,Positif,Uptrend,Bullish,Strong Bullish,Perfect Uptrend (5>20>50),Normal,Akumulasi (Naik),Normal,Dominan Beli (Hajar Kanan),Normal,Tinggi,Hammer (Potensi Reversal),Rawan Pucuk (High Risk),> 1 Miliar,Di Atas VWAP (Kuat),Akumulasi Pro (Smart Money),Gorengan Sepi (< 5M),Sepi (< 50%),Mark-Up (Fase Pesta),Solid (Jarang Dibanting),Jarum Bawah (Sinyal Pantulan Kuat),Naik 1 Hari Beruntun,TP: 2830 | CL: 2630,Open = High (Tekanan Jual),Tidak Ideal (< 1:1),Overbought (Jenuh Beli - Rawan),Netral / Sepi Berita,Normal / Sedang Transisi,Golden Rebound Fibo 23.6% 🎯,7,BELI,HOLD / NEUTRAL,0.0,Kondisi pasar normal,TIDAK ADA,2026-09-03 15:24:34,Biasa / Mengikuti Pasar
15:24,BOGA,Transaksi Sepi (Skip Broksum),Mid Cap (Lapis 2),Overvalued (Mahal),1587.3787,13.717939,1635.0,1615,1540,2000,-4.941860465116279,15800,Normal,54,Negatif,Uptrend,Bullish,Strong Bullish,Perfect Uptrend (5>20>50),Normal,Akumulasi (Naik),Normal,Dominan Jual (Guyur),Normal,Sedang,Normal,Area Tengah,< 1 Miliar,Di Bawah VWAP (Lemah),Akumulasi Pro (Smart Money),Gorengan Sepi (< 5M),Normal (50-150%),Mark-Up (Fase Pesta),Normal,Normal,Turun 1 Hari Beruntun,TP: 1759 | CL: 1551,Normal,Sangat Menarik (> 1:3),Netral / Sideways,Netral / Sepi Berita,Normal / Sedang Transisi,Mendekati Fibo 38.2%,5,WAIT & SEE,HOLD / NEUTRAL,0.0,Kondisi pasar normal,TIDAK ADA,2026-09-03 15:24:34,Biasa / Mengikuti Pasar
15:24,BRIS,Token Mati (Perlu Update),Big Cap (Lapis 1),Fair Value (Wajar),10.376923,1.6222763,1795.0,1789,1755,1850,-0.2777777777777778,25874000,Tembus MA20,51,Negatif,Uptrend,Bearish,Bullish MACD,Konsolidasi / Transisi,Normal,Distribusi (Turun),Normal,Dominan Jual (Guyur),Squeeze,Rendah,Normal,Dekat Support (Low Risk),> 1 Miliar,Persis di VWAP,Distribusi Pro (Guyuran),Ritel Aktif (5M - 50M),Anomali Tinggi (150-300%),Mark-Up (Fase Pesta),Spesialis Tiang Jemuran (Banting Pucuk),Normal,Turun 1 Hari Beruntun,TP: 1843 | CL: 1762,Normal,Menengah (1:1),Netral / Sideways,Netral / Sepi Berita,Normal / Sedang Transisi,Dekat Support Fibo 50.0%,4,WAIT & SEE,HOLD / NEUTRAL,0.0,Kondisi pasar normal,TIDAK ADA,2026-09-03 15:24:34,Biasa / Mengikuti Pasar
15:24,PORT,Transaksi Sepi (Skip Broksum),Mid Cap (Lapis 2),Fair Value (Wajar),16.579563,2.0715075,920.0,896,825,1085,2.793296089385475,3000,Normal,56,Positif,Uptrend,Bullish,Bearish MACD,Perfect Uptrend (5>20>50),Normal,Distribusi (Turun),Normal,Dominan Beli (Hajar Kanan),Normal,Sedang,Normal,Rawan Pucuk (High Risk),< 1 Miliar,Di Atas VWAP (Kuat),Akumulasi Pro (Smart Money),Gorengan Sepi (< 5M),Sepi (< 50%),Mark-Up (Fase Pesta),Spesialis Tiang Jemuran (Banting Pucuk),Normal,Naik 1 Hari Beruntun,TP: 1043 | CL: 837,Normal,Ideal (1:2),Golden Cross (Awal Bullish),Netral / Sepi Berita,Normal / Sedang Transisi,Mendekati Fibo 61.8% (Golden Ratio),5,WAIT & SEE,HOLD / NEUTRAL,0.0,Kondisi pasar normal,TIDAK ADA,2026-09-03 15:24:34,Biasa / Mengikuti Pasar
15:24,CARS,Transaksi Sepi (Skip Broksum),Mid Cap (Lapis 2),Fair Value (Wajar),10.491493,1.5117055,111.0,98,89,118,-0.8928571428571428,4966800,Normal,71,Negatif,Uptrend,Bullish,Strong Bullish,Perfect Uptrend (5>20>50),Normal,Akumulasi (Naik),Normal,Seimbang / Adu Mekanik,Normal,Tinggi,Normal,Rawan Pucuk (High Risk),< 1 Miliar,Persis di VWAP,Distribusi Pro (Guyuran),Gorengan Sepi (< 5M),Sepi (< 50%),Mark-Up (Fase Pesta),Spesialis Tiang Jemuran (Banting Pucuk),Normal,Turun 1 Hari Beruntun,TP: 120 | CL: 104,Normal,Tidak Ideal (< 1:1),Death Cross (Awal Bearish),Netral / Sepi Berita,Normal / Sedang Transisi,Dekat Support Fibo 23.6%,5,WAIT & SEE,HOLD / NEUTRAL,0.0,Kondisi pasar normal,TIDAK ADA,2026-09-03 15:24:34,Biasa / Mengikuti Pasar
15:24,MINA,Token Mati (Perlu Update),Mid Cap (Lapis 2),Overvalued (Mahal),0.0,11.001965,282.0,274,260,302,2.1739130434782608,54134800,Normal,54,Positif,Uptrend,Bullish,Strong Bullish,Perfect Uptrend (5>20>50),Normal,Akumulasi (Naik),Normal,Seimbang / Adu Mekanik,Normal,Sedang,Normal,Area Tengah,> 1 Miliar,Di Atas VWAP (Kuat),Akumulasi Pro (Smart Money),Ritel Aktif (5M - 50M),Normal (50-150%),Mark-Up (Fase Pesta),Spesialis Tiang Jemuran (Banting Pucuk),Normal,Naik 1 Hari Beruntun,TP: 302 | CL: 268,Normal,Tidak Ideal (< 1:1),Netral / Sideways,Netral / Sepi Berita,Normal / Sedang Transisi,Mendekati Fibo 61.8% (Golden Ratio),6,WAIT & SEE,HOLD / NEUTRAL,0.0,Kondisi pasar normal,TIDAK ADA,2026-09-03 15:24:34,Biasa / Mengikuti Pasar
15:24,CLEO,Token Mati (Perlu Update),Mid Cap (Lapis 2),Overvalued (Mahal),22.530521,3.8901186,406.0,393,370,416,0.49504950495049505,10233600,Normal,62,Positif,Uptrend,Bullish,Strong Bullish,Perfect Uptrend (5>20>50),Normal,Akumulasi (Naik),Normal,Seimbang / Adu Mekanik,Normal,Sedang,Doji (Ragu-ragu),Area Tengah,> 1 Miliar,Persis di VWAP,Distribusi Pro (Guyuran),Gorengan Sepi (< 5M),Normal (50-150%),Mark-Up (Fase Pesta),Normal,Normal,Naik 1 Hari Beruntun,TP: 422 | CL: 394,Normal,Tidak Ideal (< 1:1),Netral / Sideways,Netral / Sepi Berita,Normal / Sedang Transisi,Mendekati Fibo 23.6%,6,WAIT & SEE,HOLD / NEUTRAL,0.0,Kondisi pasar normal,TIDAK ADA,2026-09-03 15:24:34,Biasa / Mengikuti Pasar
15:24,TAMU,Transaksi Sepi (Skip Broksum),Mid Cap (Lapis 2),Fair Value (Wajar),0.0,0.0,28.0,25,21,29,0.0,6543400,Normal,62,Negatif,Uptrend,Bullish,Strong Bullish,Perfect Uptrend (5>20>50),Normal,Akumulasi (Naik),Normal,Tidak Ada Transaksi,Normal,Tinggi,Doji (Ragu-ragu),Rawan Pucuk (High Risk),< 1 Miliar,Di Atas VWAP (Kuat),Akumulasi Pro (Smart Money),Gorengan Sepi (< 5M),Normal (50-150%),Mark-Up (Fase Pesta),Solid (Jarang Dibanting),Normal,Sideways / Stagnan,TP: 30 | CL: 26,Normal,Tidak Ideal (< 1:1),Overbought (Jenuh Beli - Rawan),Netral / Sepi Berita,Normal / Sedang Transisi,Mengambang (Jauh dari Fibo),5,WAIT & SEE,HOLD / NEUTRAL,0.0,Kondisi pasar normal,TIDAK ADA,2026-09-03 15:24:34,Biasa / Mengikuti Pasar
15:24,CSIS,Transaksi Sepi (Skip Broksum),Small Cap (Lapis 3),Overvalued (Mahal),31.511997,1.0176121,218.0,213,186,236,0.0,1591100,Normal,61,Negatif,Uptrend,Bullish,Bearish MACD,Perfect Uptrend (5>20>50),Normal,Distribusi (Turun),Normal,Seimbang / Adu Mekanik,Normal,Tinggi,Doji (Ragu-ragu),Rawan Pucuk (High Risk),< 1 Miliar,Persis di VWAP,Akumulasi Pro (Smart Money),Gorengan Sepi (< 5M),Normal (50-150%),Mark-Up (Fase Pesta),Normal,Normal,Sideways / Stagnan,TP: 239 | CL: 203,Normal,Tidak Ideal (< 1:1),Death Cross (Awal Bearish),Netral / Sepi Berita,Normal / Sedang Transisi,Mendekati Fibo 23.6%,3,WAIT & SEE,HOLD / NEUTRAL,0.0,Kondisi pasar normal,TIDAK ADA,2026-09-03 15:24:34,Biasa / Mengikuti Pasar
15:24,FIRE,Token Mati (Perlu Update),Small Cap (Lapis 3),Fair Value (Wajar),24.550898,0.7506546,124.0,111,104,137,4.201680672268908,32408800,Normal,64,Positif,Uptrend,Bullish,Strong Bullish,Perfect Uptrend (5>20>50),Normal,Akumulasi (Naik),Normal,Dominan Beli (Hajar Kanan),Breakout Upper,Tinggi,Normal,Rawan Pucuk (High Risk),> 1 Miliar,Di Atas VWAP (Kuat),Akumulasi Pro (Smart Money),Gorengan Sepi (< 5M),Normal (50-150%),Mark-Up (Fase Pesta),Spesialis Tiang Jemuran (Banting Pucuk),Normal,Naik 1 Hari Beruntun,TP: 137 | CL: 115,Normal,Tidak Ideal (< 1:1),Netral / Sideways,Netral / Sepi Berita,Normal / Sedang Transisi,Mengambang (Jauh dari Fibo),7,BELI,HOLD / NEUTRAL,0.0,Kondisi pasar normal,TIDAK ADA,2026-09-03 15:24:34,Biasa / Mengikuti Pasar
15:24,KMTR,Transaksi Sepi (Skip Broksum),Mid Cap (Lapis 2),Fair Value (Wajar),0.0,0.9983129,258.0,235,220,258,2.380952380952381,331300,Tembus MA20,69,Positif,Uptrend,Bullish,Strong Bullish,Perfect Uptrend (5>20>50),Normal,Akumulasi (Naik),Normal,Dominan Beli (Hajar Kanan),Breakout Upper,Sedang,Normal,Rawan Pucuk (High Risk),< 1 Miliar,Di Atas VWAP (Kuat),Akumulasi Pro (Smart Money),Gorengan Sepi (< 5M),Anomali Tinggi (150-300%),Mark-Up (Fase Pesta),Spesialis Tiang Jemuran (Banting Pucuk),Normal,Naik 5 Hari Beruntun,TP: 274 | CL: 247,Normal,Tidak Ideal (< 1:1),Overbought (Jenuh Beli - Rawan),Netral / Sepi Berita,Normal / Sedang Transisi,Dekat Support Fibo 23.6%,8,BELI,HOLD / NEUTRAL,0.0,Kondisi pasar normal,TIDAK ADA,2026-09-03 15:24:34,Biasa / Mengikuti Pasar
15:24,MAPB,Transaksi Sepi (Skip Broksum),Mid Cap (Lapis 2),Fair Value (Wajar),0.0,2.1806884,1165.0,1165,1000,1225,-0.851063829787234,100,Normal,52,Negatif,Downtrend,Bullish,Bearish MACD,Perfect Uptrend (5>20>50),Normal,Distribusi (Turun),Normal,Tidak Ada Transaksi,Normal,Sedang,Doji (Ragu-ragu),Rawan Pucuk (High Risk),< 1 Miliar,Persis di VWAP,Netral,Gorengan Sepi (< 5M),Normal (50-150%),Distribution (Fase Jualan),Solid (Jarang Dibanting),Normal,Turun 1 Hari Beruntun,TP: 1200 | CL: 1141,Normal,Tidak Ideal (< 1:1),Death Cross (Awal Bearish),Netral / Sepi Berita,Normal / Sedang Transisi,Mendekati Fibo 50.0%,2,WAIT & SEE,HOLD / NEUTRAL,0.0,Kondisi pasar normal,TIDAK ADA,2026-09-03 15:24:34,Biasa / Mengikuti Pasar
15:24,WOOD,Token Mati (Perlu Update),Mid Cap (Lapis 2),Fair Value (Wajar),23.397074,0.28948876,210.0,212,200,228,2.941176470588235,11603100,Tembus MA20,48,Positif,Downtrend,Bearish,Strong Bearish,Konsolidasi / Transisi,Akumulasi Kuat,Akumulasi (Naik),Normal,Seimbang / Adu Mekanik,Normal,Sedang,Normal,Area Tengah,> 1 Miliar,Di Atas VWAP (Kuat),Akumulasi Pro (Smart Money),Gorengan Sepi (< 5M),Anomali Tinggi (150-300%),Distribution (Fase Jualan),Normal,Normal,Naik 1 Hari Beruntun,TP: 223 | CL: 200,Normal,Ideal (1:2),Golden Cross (Awal Bullish),Netral / Sepi Berita,Normal / Sedang Transisi,Dekat Support Fibo 61.8% (Golden Ratio),4,WAIT & SEE,HOLD / NEUTRAL,0.0,Kondisi pasar normal,TIDAK ADA,2026-09-03 15:24:34,Biasa / Mengikuti Pasar
15:24,HRTA,Token Mati (Perlu Update),Big Cap (Lapis 1),Fair Value (Wajar),7.9296374,2.8230097,2290.0,2221,1915,2470,2.690582959641256,10459500,Normal,59,Positif,Uptrend,Bullish,Bearish MACD,Perfect Uptrend (5>20>50),Normal,Distribusi (Turun),Gap Up (+2.2%),Seimbang / Adu Mekanik,Normal,Tinggi,Normal,Rawan Pucuk (High Risk),> 1 Miliar,Di Atas VWAP (Kuat),Distribusi Pro (Guyuran),Ritel Aktif (5M - 50M),Normal (50-150%),Mark-Up (Fase Pesta),Normal,Normal,Naik 1 Hari Beruntun,TP: 2437 | CL: 2191,Normal,Tidak Ideal (< 1:1),Netral / Sideways,Netral / Sepi Berita,Normal / Sedang Transisi,Dekat Support Fibo 23.6%,5,WAIT & SEE,HOLD / NEUTRAL,0.0,Kondisi pasar normal,TIDAK ADA,2026-09-03 15:24:34,Biasa / Mengikuti Pasar
15:24,HOKI,Transaksi Sepi (Skip Broksum),Small Cap (Lapis 3),Fair Value (Wajar),0.0,1.0342011,57.0,55,53,60,1.7857142857142856,9189100,Normal,58,Positif,Uptrend,Bullish,Strong Bullish,Perfect Uptrend (5>20>50),Normal,Akumulasi (Naik),Normal,Dominan Beli (Hajar Kanan),Squeeze,Rendah,Normal,Area Tengah,< 1 Miliar,Di Atas VWAP (Kuat),Akumulasi Pro (Smart Money),Gorengan Sepi (< 5M),Sepi (< 50%),Mark-Up (Fase Pesta),Normal,Normal,Naik 1 Hari Beruntun,TP: 60 | CL: 54,Normal,Tidak Ideal (< 1:1),Netral / Sideways,Netral / Sepi Berita,Normal / Sedang Transisi,Dekat Support Fibo 38.2%,7,BELI,HOLD / NEUTRAL,0.0,Kondisi pasar normal,TIDAK ADA,2026-09-03 15:24:34,Biasa / Mengikuti Pasar
15:24,MPOW,Transaksi Sepi (Skip Broksum),Small Cap (Lapis 3),Fair Value (Wajar),17.487835,0.97707695,114.0,109,101,121,-0.8695652173913043,2459900,Normal,64,Negatif,Uptrend,Bullish,Strong Bullish,Perfect Uptrend (5>20>50),Normal,Akumulasi (Naik),Normal,Dominan Jual (Guyur),Normal,Sedang,Normal,Rawan Pucuk (High Risk),< 1 Miliar,Persis di VWAP,Distribusi Pro (Guyuran),Gorengan Sepi (< 5M),Sepi (< 50%),Mark-Up (Fase Pesta),Normal,Normal,Turun 1 Hari Beruntun,TP: 121 | CL: 108,Normal,Tidak Ideal (< 1:1),Death Cross (Awal Bearish),Netral / Sepi Berita,Normal / Sedang Transisi,Mendekati Fibo 38.2%,5,WAIT & SEE,HOLD / NEUTRAL,0.0,Kondisi pasar normal,TIDAK ADA,2026-09-03 15:24:34,Biasa / Mengikuti Pasar
15:24,MARK,Token Mati (Perlu Update),Mid Cap (Lapis 2),Overvalued (Mahal),12.1923685,4.602168,1080.0,1081,1040,1115,0.46511627906976744,17201300,Tembus MA20,56,Positif,Downtrend,Bearish,Bearish MACD,Konsolidasi / Transisi,Normal,Akumulasi (Naik),Normal,Dominan Beli (Hajar Kanan),Squeeze,Rendah,Normal,Area Tengah,> 1 Miliar,Persis di VWAP,Akumulasi Pro (Smart Money),Ritel Aktif (5M - 50M),Anomali Tinggi (150-300%),Distribution (Fase Jualan),Normal,Jarum Bawah (Sinyal Pantulan Kuat),Naik 1 Hari Beruntun,TP: 1121 | CL: 1052,Normal,Tidak Ideal (< 1:1),Golden Cross (Awal Bullish),Netral / Sepi Berita,Normal / Sedang Transisi,Mendekati Fibo 23.6%,5,WAIT & SEE,HOLD / NEUTRAL,0.0,Kondisi pasar normal,TIDAK ADA,2026-09-03 15:24:34,Biasa / Mengikuti Pasar
15:24,NASA,Transaksi Sepi (Skip Broksum),Small Cap (Lapis 3),Fair Value (Wajar),0.0,0.30261764,30.0,30,29,31,0.0,135200,Normal,48,Negatif,Downtrend,Bearish,Bullish MACD,Strong Downtrend (5<20<50),Normal,Netral,Normal,Tidak Ada Transaksi,Squeeze,Rendah,Doji (Ragu-ragu),Area Tengah,< 1 Miliar,Persis di VWAP,Akumulasi Pro (Smart Money),Gorengan Sepi (< 5M),Normal (50-150%),Mark-Down (Fase Runtuh),Normal,Normal,Sideways / Stagnan,TP: 31 | CL: 29,Normal,Menengah (1:1),Netral / Sideways,Netral / Sepi Berita,Normal / Sedang Transisi,Mengambang (Jauh dari Fibo),1,WAIT & SEE,HOLD / NEUTRAL,0.0,Kondisi pasar normal,TIDAK ADA,2026-09-03 15:24:34,Biasa / Mengikuti Pasar
15:24,MDKI,Transaksi Sepi (Skip Broksum),Small Cap (Lapis 3),Undervalued (Murah),12.619726,0.51214033,196.0,190,183,196,0.5128205128205128,135000,Normal,71,Positif,Uptrend,Bullish,Strong Bullish,Perfect Uptrend (5>20>50),Normal,Akumulasi (Naik),Normal,Dominan Beli (Hajar Kanan),Squeeze,Rendah,Marubozu (Strong Bullish),Area Tengah,< 1 Miliar,Di Atas VWAP (Kuat),Akumulasi Pro (Smart Money),Gorengan Sepi (< 5M),Normal (50-150%),Mark-Up (Fase Pesta),Normal,Normal,Naik 3 Hari Beruntun,TP: 202 | CL: 191,Open = Low (Bullish Kuat),Tidak Ideal (< 1:1),Overbought (Jenuh Beli - Rawan),Netral / Sepi Berita,Normal / Sedang Transisi,Mendekati Fibo 38.2%,7,BELI,HOLD / NEUTRAL,0.0,Kondisi pasar normal,TIDAK ADA,2026-09-03 15:24:34,Biasa / Mengikuti Pasar
15:24,BELL,Token Mati (Perlu Update),Small Cap (Lapis 3),Overvalued (Mahal),1753.8462,3.43508,114.0,115,109,122,0.8849557522123894,17693900,Tembus MA20,50,Positif,Downtrend,Bearish,Bearish MACD,Konsolidasi / Transisi,Normal,Akumulasi (Naik),Normal,Seimbang / Adu Mekanik,Normal,Sedang,Normal,Area Tengah,> 1 Miliar,Persis di VWAP,Distribusi Pro (Guyuran),Gorengan Sepi (< 5M),Normal (50-150%),Distribution (Fase Jualan),Normal,Normal,Naik 1 Hari Beruntun,TP: 120 | CL: 109,Normal,Ideal (1:2),Netral / Sideways,Netral / Sepi Berita,Normal / Sedang Transisi,Mendekati Fibo 50.0%,3,WAIT & SEE,HOLD / NEUTRAL,0.0,Kondisi pasar normal,TIDAK ADA,2026-09-03 15:24:34,Biasa / Mengikuti Pasar
15:24,KIOS,Token Mati (Perlu Update),Small Cap (Lapis 3),Overvalued (Mahal),74.28571,0.81297,104.0,98,91,117,1.9607843137254901,19522900,Normal,62,Positif,Uptrend,Bullish,Strong Bullish,Perfect Uptrend (5>20>50),Normal,Akumulasi (Naik),Normal,Seimbang / Adu Mekanik,Normal,Sedang,Normal,Rawan Pucuk (High Risk),> 1 Miliar,Persis di VWAP,Distribusi Pro (Guyuran),Gorengan Sepi (< 5M),Sepi (< 50%),Mark-Up (Fase Pesta),Spesialis Tiang Jemuran (Banting Pucuk),Normal,Naik 2 Hari Beruntun,TP: 115 | CL: 96,Normal,Menengah (1:1),Netral / Sideways,Netral / Sepi Berita,Normal / Sedang Transisi,Dekat Support Fibo 38.2%,6,WAIT & SEE,HOLD / NEUTRAL,0.0,Kondisi pasar normal,TIDAK ADA,2026-09-03 15:24:34,Biasa / Mengikuti Pasar
15:24,GMFI,Token Mati (Perlu Update),Mid Cap (Lapis 2),Overvalued (Mahal),3.6791315,60999.996,60.0,59,53,71,0.0,180841400,Normal,56,Negatif,Uptrend,Bearish,Bearish MACD,Konsolidasi / Transisi,Normal,Akumulasi (Naik),Normal,Seimbang / Adu Mekanik,Normal,Tinggi,Doji (Ragu-ragu),Rawan Pucuk (High Risk),> 1 Miliar,Persis di VWAP,Distribusi Pro (Guyuran),Ritel Aktif (5M - 50M),Normal (50-150%),Mark-Up (Fase Pesta),Spesialis Tiang Jemuran (Banting Pucuk),Normal,Sideways / Stagnan,TP: 65 | CL: 56,Normal,Ideal (1:2),Netral / Sideways,Netral / Sepi Berita,Normal / Sedang Transisi,Mendekati Fibo 61.8% (Golden Ratio),3,WAIT & SEE,HOLD / NEUTRAL,0.0,Kondisi pasar normal,TIDAK ADA,2026-09-03 15:24:34,Biasa / Mengikuti Pasar
15:24,MTWI,Transaksi Sepi (Skip Broksum),Small Cap (Lapis 3),Overvalued (Mahal),59.90991,1.883746,266.0,252,232,310,4.724409448818897,197600,Tembus MA20,62,Positif,Uptrend,Golden Cross,Bullish MACD,Awal Reversal (5>20),Normal,Akumulasi (Naik),Normal,Dominan Beli (Hajar Kanan),Breakout Upper,Sedang,Normal,Rawan Pucuk (High Risk),< 1 Miliar,Persis di VWAP,Distribusi Pro (Guyuran),Gorengan Sepi (< 5M),Normal (50-150%),Accumulation (Kumpul Barang),Normal,Normal,Naik 4 Hari Beruntun,TP: 291 | CL: 249,Normal,Menengah (1:1),Golden Cross (Awal Bullish),Netral / Sepi Berita,Normal / Sedang Transisi,Dekat Support Fibo 50.0%,8,BELI,HOLD / NEUTRAL,0.0,Kondisi pasar normal,TIDAK ADA,2026-09-03 15:24:34,Biasa / Mengikuti Pasar
15:24,MCAS,Token Mati (Perlu Update),Small Cap (Lapis 3),Fair Value (Wajar),0.0,1.6782533,288.0,291,230,370,0.6993006993006993,3510600,Normal,55,Positif,Downtrend,Bearish,Bearish MACD,Konsolidasi / Transisi,Normal,Distribusi (Turun),Normal,Dominan Jual (Guyur),Normal,Tinggi,Doji (Ragu-ragu),Rawan Pucuk (High Risk),> 1 Miliar,Persis di VWAP,Distribusi Pro (Guyuran),Gorengan Sepi (< 5M),Normal (50-150%),Distribution (Fase Jualan),Spesialis Tiang Jemuran (Banting Pucuk),Normal,Naik 2 Hari Beruntun,TP: 317 | CL: 268,Open = Low (Bullish Kuat),Menengah (1:1),Golden Cross (Awal Bullish),Netral / Sepi Berita,Normal / Sedang Transisi,Dekat Support Fibo 38.2%,2,WAIT & SEE,HOLD / NEUTRAL,0.0,Kondisi pasar normal,TIDAK ADA,2026-09-03 15:24:34,Biasa / Mengikuti Pasar
15:24,PPRE,Token Mati (Perlu Update),Mid Cap (Lapis 2),Fair Value (Wajar),0.0,1.2125487,110.0,105,100,117,2.803738317757009,175785400,Tembus MA20,58,Positif,Uptrend,Bullish,Strong Bullish,Perfect Uptrend (5>20>50),Akumulasi Kuat,Akumulasi (Naik),Normal,Seimbang / Adu Mekanik,Normal,Sedang,Normal,Rawan Pucuk (High Risk),> 1 Miliar,Di Atas VWAP (Kuat),Distribusi Pro (Guyuran),Ritel Aktif (5M - 50M),Anomali Tinggi (150-300%),Mark-Up (Fase Pesta),Spesialis Tiang Jemuran (Banting Pucuk),Normal,Naik 1 Hari Beruntun,TP: 118 | CL: 104,Normal,Tidak Ideal (< 1:1),Netral / Sideways,Netral / Sepi Berita,Normal / Sedang Transisi,Dekat Support Fibo 23.6%,8,BELI,HOLD / NEUTRAL,0.0,Kondisi pasar normal,TIDAK ADA,2026-09-03 15:24:34,Biasa / Mengikuti Pasar
15:24,WEGE,Token Mati (Perlu Update),Small Cap (Lapis 3),Fair Value (Wajar),0.0,0.26728305,54.0,54,50,76,0.0,50274200,Normal,50,Negatif,Downtrend,Bearish,Bearish MACD,Konsolidasi / Transisi,Normal,Distribusi (Turun),Normal,Dominan Jual (Guyur),Normal,Tinggi,Doji (Ragu-ragu),Area Tengah,> 1 Miliar,Persis di VWAP,Distribusi Pro (Guyuran),Gorengan Sepi (< 5M),Sepi (< 50%),Distribution (Fase Jualan),Normal,Normal,Sideways / Stagnan,TP: 61 | CL: 49,Normal,Sangat Menarik (> 1:3),Oversold (Jenuh Jual - Peluang),Netral / Sepi Berita,Normal / Sedang Transisi,Mengambang (Jauh dari Fibo),0,WAIT & SEE,HOLD / NEUTRAL,0.0,Kondisi pasar normal,TIDAK ADA,2026-09-03 15:24:34,Biasa / Mengikuti Pasar
15:24,PSSI,Transaksi Sepi (Skip Broksum),Mid Cap (Lapis 2),Overvalued (Mahal),0.0,12000.0,348.0,329,316,348,5.454545454545454,382000,Tembus MA20,67,Positif,Uptrend,Golden Cross,Strong Bullish,Perfect Uptrend (5>20>50),Akumulasi Kuat,Akumulasi (Naik),Normal,Dominan Beli (Hajar Kanan),Squeeze,Rendah,Marubozu (Strong Bullish),Rawan Pucuk (High Risk),< 1 Miliar,Di Atas VWAP (Kuat),Akumulasi Pro (Smart Money),Gorengan Sepi (< 5M),Anomali Tinggi (150-300%),Mark-Up (Fase Pesta),Solid (Jarang Dibanting),Normal,Naik 1 Hari Beruntun,TP: 363 | CL: 337,Open = Low (Bullish Kuat),Tidak Ideal (< 1:1),Netral / Sideways,Netral / Sepi Berita,Normal / Sedang Transisi,Mengambang (Jauh dari Fibo),9,BELI,HOLD / NEUTRAL,0.0,Kondisi pasar normal,TIDAK ADA,2026-09-03 15:24:34,Biasa / Mengikuti Pasar
15:24,MORA,Token Mati (Perlu Update),Big Cap (Lapis 1),Overvalued (Mahal),216.38486,14.265241,5375.0,5275,5000,6225,-0.4629629629629629,210400,Normal,44,Negatif,Uptrend,Bullish,Bullish MACD,Awal Reversal (5>20),Normal,Akumulasi (Naik),Gap Up (+3.2%),Dominan Jual (Guyur),Normal,Sedang,Normal,Area Tengah,> 1 Miliar,Di Bawah VWAP (Lemah),Distribusi Pro (Guyuran),Ritel Aktif (5M - 50M),Sepi (< 50%),Accumulation (Kumpul Barang),Spesialis Tiang Jemuran (Banting Pucuk),Normal,Turun 4 Hari Beruntun,TP: 5835 | CL: 5067,Open = High (Tekanan Jual),Ideal (1:2),Netral / Sideways,Netral / Sepi Berita,Normal / Sedang Transisi,Mengambang (Jauh dari Fibo),5,WAIT & SEE,HOLD / NEUTRAL,0.0,Kondisi pasar normal,TIDAK ADA,2026-09-03 15:24:34,Biasa / Mengikuti Pasar
15:24,DWGL,Token Mati (Perlu Update),Mid Cap (Lapis 2),Overvalued (Mahal),9.535161,3.7144804,240.0,324,230,442,-0.8264462809917356,4892400,Normal,35,Negatif,Downtrend,Bearish,Strong Bearish,Konsolidasi / Transisi,Normal,Distribusi (Turun),Normal,Seimbang / Adu Mekanik,Normal,Tinggi,Normal,Area Tengah,> 1 Miliar,Di Bawah VWAP (Lemah),Distribusi Pro (Guyuran),Gorengan Sepi (< 5M),Sepi (< 50%),Distribution (Fase Jualan),Normal,Normal,Turun 1 Hari Beruntun,TP: 280 | CL: 212,Normal,Sangat Menarik (> 1:3),Oversold (Jenuh Jual - Peluang),Netral / Sepi Berita,Normal / Sedang Transisi,Mengambang (Jauh dari Fibo),0,WAIT & SEE,HOLD / NEUTRAL,0.0,Kondisi pasar normal,TIDAK ADA,2026-09-03 15:24:34,Biasa / Mengikuti Pasar
15:24,PBID,Transaksi Sepi (Skip Broksum),Mid Cap (Lapis 2),Undervalued (Murah),6.4382896,1.3459429,530.0,531,515,545,0.9523809523809524,559400,Normal,55,Positif,Downtrend,Bearish,Bearish MACD,Konsolidasi / Transisi,Normal,Distribusi (Turun),Normal,Seimbang / Adu Mekanik,Squeeze,Rendah,Doji (Ragu-ragu),Dekat Support (Low Risk),< 1 Miliar,Persis di VWAP,Distribusi Pro (Guyuran),Gorengan Sepi (< 5M),Normal (50-150%),Distribution (Fase Jualan),Normal,Normal,Naik 1 Hari Beruntun,TP: 546 | CL: 518,Normal,Menengah (1:1),Netral / Sideways,Netral / Sepi Berita,Normal / Sedang Transisi,Dekat Support Fibo 38.2%,2,WAIT & SEE,HOLD / NEUTRAL,0.0,Kondisi pasar normal,TIDAK ADA,2026-09-03 15:24:34,Biasa / Mengikuti Pasar
15:24,CAMP,Transaksi Sepi (Skip Broksum),Mid Cap (Lapis 2),Undervalued (Murah),13.157895,0.9796407,171.0,170,168,200,-0.5813953488372093,2969700,Tembus MA20,52,Negatif,Uptrend,Bullish,Strong Bullish,Perfect Uptrend (5>20>50),Distribusi Kuat,Distribusi (Turun),Normal,Dominan Jual (Guyur),Squeeze,Rendah,Normal,Dekat Support (Low Risk),< 1 Miliar,Persis di VWAP,Distribusi Pro (Guyuran),Gorengan Sepi (< 5M),Ledakan Ekstrem (> 300%),Mark-Up (Fase Pesta),Spesialis Tiang Jemuran (Banting Pucuk),Normal,Turun 1 Hari Beruntun,TP: 177 | CL: 166,Normal,Sangat Menarik (> 1:3),Golden Cross (Awal Bullish),Netral / Sepi Berita,Normal / Sedang Transisi,Dekat Support Fibo 61.8% (Golden Ratio),5,WAIT & SEE,HOLD / NEUTRAL,0.0,Kondisi pasar normal,TIDAK ADA,2026-09-03 15:24:34,Biasa / Mengikuti Pasar
15:24,IPCM,Transaksi Sepi (Skip Broksum),Mid Cap (Lapis 2),Undervalued (Murah),9.024834,1.1880746,298.0,301,282,306,0.0,770800,Normal,35,Negatif,Downtrend,Bearish,Strong Bearish,Strong Downtrend (5<20<50),Normal,Distribusi (Turun),Normal,Seimbang / Adu Mekanik,Squeeze,Rendah,Normal,Area Tengah,< 1 Miliar,Persis di VWAP,Akumulasi Pro (Smart Money),Gorengan Sepi (< 5M),Normal (50-150%),Mark-Down (Fase Runtuh),Normal,Normal,Sideways / Stagnan,TP: 306 | CL: 292,Open = High (Tekanan Jual),Tidak Ideal (< 1:1),Netral / Sideways,Netral / Sepi Berita,Normal / Sedang Transisi,Dekat Support Fibo 50.0%,0,WAIT & SEE,HOLD / NEUTRAL,0.0,Kondisi pasar normal,TIDAK ADA,2026-09-03 15:24:34,Biasa / Mengikuti Pasar
15:24,PCAR,Transaksi Sepi (Skip Broksum),Small Cap (Lapis 3),Fair Value (Wajar),0.0,0.6681687,43.0,42,39,45,2.380952380952381,620100,Normal,57,Positif,Uptrend,Bearish,Bearish MACD,Konsolidasi / Transisi,Normal,Akumulasi (Naik),Normal,Dominan Beli (Hajar Kanan),Normal,Sedang,Marubozu (Strong Bullish),Rawan Pucuk (High Risk),< 1 Miliar,Di Atas VWAP (Kuat),Akumulasi Pro (Smart Money),Gorengan Sepi (< 5M),Sepi (< 50%),Mark-Up (Fase Pesta),Normal,Normal,Naik 1 Hari Beruntun,TP: 45 | CL: 41,Open = Low (Bullish Kuat),Tidak Ideal (< 1:1),Netral / Sideways,Netral / Sepi Berita,Normal / Sedang Transisi,Dekat Support Fibo 50.0%,5,WAIT & SEE,HOLD / NEUTRAL,0.0,Kondisi pasar normal,TIDAK ADA,2026-09-03 15:24:34,Biasa / Mengikuti Pasar
15:24,HELI,Transaksi Sepi (Skip Broksum),Small Cap (Lapis 3),Fair Value (Wajar),6.3342743,1.8986391,202.0,195,185,228,4.123711340206185,2123500,Tembus MA20,60,Positif,Uptrend,Bullish,Bearish MACD,Perfect Uptrend (5>20>50),Normal,Akumulasi (Naik),Normal,Seimbang / Adu Mekanik,Squeeze,Rendah,Normal,Area Tengah,< 1 Miliar,Di Atas VWAP (Kuat),Akumulasi Pro (Smart Money),Gorengan Sepi (< 5M),Anomali Tinggi (150-300%),Mark-Up (Fase Pesta),Spesialis Tiang Jemuran (Banting Pucuk),Normal,Naik 1 Hari Beruntun,TP: 217 | CL: 191,Open = Low (Bullish Kuat),Ideal (1:2),Golden Cross (Awal Bullish),Netral / Sepi Berita,Normal / Sedang Transisi,Dekat Support Fibo 38.2%,6,WAIT & SEE,HOLD / NEUTRAL,0.0,Kondisi pasar normal,TIDAK ADA,2026-09-03 15:24:34,Biasa / Mengikuti Pasar
15:24,INPS,Transaksi Sepi (Skip Broksum),Small Cap (Lapis 3),Fair Value (Wajar),0.0,-10.4524975,705.0,698,610,770,-1.3986013986013985,268300,Tembus MA20,53,Negatif,Uptrend,Golden Cross,Strong Bullish,Perfect Uptrend (5>20>50),Normal,Akumulasi (Naik),Normal,Tidak Ada Transaksi,Normal,Tinggi,Doji (Ragu-ragu),Rawan Pucuk (High Risk),< 1 Miliar,Persis di VWAP,Akumulasi Pro (Smart Money),Gorengan Sepi (< 5M),Normal (50-150%),Mark-Up (Fase Pesta),Normal,Normal,Turun 1 Hari Beruntun,TP: 754 | CL: 672,Normal,Tidak Ideal (< 1:1),Death Cross (Awal Bearish),Netral / Sepi Berita,Normal / Sedang Transisi,Dekat Support Fibo 38.2%,6,WAIT & SEE,HOLD / NEUTRAL,0.0,Kondisi pasar normal,TIDAK ADA,2026-09-03 15:24:34,Biasa / Mengikuti Pasar
15:24,GHON,Transaksi Sepi (Skip Broksum),Small Cap (Lapis 3),Undervalued (Murah),10.068922,1.2979686,1645.0,1615,1575,1655,0.6116207951070336,16100,Tembus MA20,57,Positif,Uptrend,Bullish,Strong Bullish,Perfect Uptrend (5>20>50),Normal,Akumulasi (Naik),Normal,Dominan Beli (Hajar Kanan),Squeeze,Rendah,Normal,Area Tengah,< 1 Miliar,Persis di VWAP,Akumulasi Pro (Smart Money),Gorengan Sepi (< 5M),Normal (50-150%),Mark-Up (Fase Pesta),Spesialis Tiang Jemuran (Banting Pucuk),Normal,Naik 1 Hari Beruntun,TP: 1677 | CL: 1623,Normal,Tidak Ideal (< 1:1),Overbought (Jenuh Beli - Rawan),Netral / Sepi Berita,Normal / Sedang Transisi,Mengambang (Jauh dari Fibo),8,BELI,HOLD / NEUTRAL,0.0,Kondisi pasar normal,TIDAK ADA,2026-09-03 15:24:34,Biasa / Mengikuti Pasar
15:24,DFAM,Token Mati (Perlu Update),Small Cap (Lapis 3),Overvalued (Mahal),0.0,25.343512,83.0,81,78,89,1.2195121951219512,15720900,Tembus MA20,53,Positif,Uptrend,Bullish,Bullish MACD,Awal Reversal (5>20),Normal,Akumulasi (Naik),Normal,Dominan Jual (Guyur),Normal,Sedang,Normal,Area Tengah,> 1 Miliar,Persis di VWAP,Distribusi Pro (Guyuran),Gorengan Sepi (< 5M),Normal (50-150%),Accumulation (Kumpul Barang),Spesialis Tiang Jemuran (Banting Pucuk),Normal,Naik 1 Hari Beruntun,TP: 88 | CL: 79,Open = Low (Bullish Kuat),Menengah (1:1),Death Cross (Awal Bearish),Netral / Sepi Berita,Normal / Sedang Transisi,Dekat Support Fibo 78.6%,7,BELI,HOLD / NEUTRAL,0.0,Kondisi pasar normal,TIDAK ADA,2026-09-03 15:24:34,Biasa / Mengikuti Pasar
15:24,NICK,Transaksi Sepi (Skip Broksum),Mid Cap (Lapis 2),Overvalued (Mahal),7.395082,5.249762,2440.0,1636,1250,2440,24.808184143222505,161200,Tembus MA20,87,Positif,Uptrend,Bullish,Strong Bullish,Perfect Uptrend (5>20>50),Akumulasi Kuat,Akumulasi (Naik),Normal,Dominan Beli (Hajar Kanan),Breakout Upper,Tinggi,Marubozu (Strong Bullish),Rawan Pucuk (High Risk),< 1 Miliar,Di Atas VWAP (Kuat),Akumulasi Pro (Smart Money),Gorengan Sepi (< 5M),Anomali Tinggi (150-300%),Mark-Up (Fase Pesta),Normal,Normal,Naik 4 Hari Beruntun,TP: 2663 | CL: 2290,Open = Low (Bullish Kuat),Tidak Ideal (< 1:1),Netral / Sideways,Netral / Sepi Berita,Normal / Sedang Transisi,Mengambang (Jauh dari Fibo),9,BELI,HOLD / NEUTRAL,0.0,Kondisi pasar normal,TIDAK ADA,2026-09-03 15:24:34,⚠️ Anomali (Sudah Terbang)
15:24,BTPS,Token Mati (Perlu Update),Mid Cap (Lapis 2),Undervalued (Murah),6.4327116,0.75847465,1010.0,987,965,1015,2.0202020202020203,4061400,Tembus MA20,63,Positif,Uptrend,Golden Cross,Strong Bullish,Awal Reversal (5>20),Akumulasi Kuat,Akumulasi (Naik),Normal,Dominan Beli (Hajar Kanan),Squeeze,Rendah,Normal,Area Tengah,> 1 Miliar,Di Atas VWAP (Kuat),Distribusi Pro (Guyuran),Gorengan Sepi (< 5M),Anomali Tinggi (150-300%),Accumulation (Kumpul Barang),Spesialis Tiang Jemuran (Banting Pucuk),Normal,Naik 2 Hari Beruntun,TP: 1034 | CL: 993,Open = Low (Bullish Kuat),Tidak Ideal (< 1:1),Netral / Sideways,Netral / Sepi Berita,Normal / Sedang Transisi,Dekat Support Fibo 23.6%,9,BELI,HOLD / NEUTRAL,0.0,Kondisi pasar normal,TIDAK ADA,2026-09-03 15:24:34,Biasa / Mengikuti Pasar
15:24,SPTO,Transaksi Sepi (Skip Broksum),Mid Cap (Lapis 2),Undervalued (Murah),6.501678,0.9763657,620.0,610,595,625,0.0,952800,Tembus MA20,64,Negatif,Uptrend,Bullish,Bearish MACD,Perfect Uptrend (5>20>50),Normal,Distribusi (Turun),Normal,Dominan Beli (Hajar Kanan),Squeeze,Rendah,Doji (Ragu-ragu),Area Tengah,< 1 Miliar,Persis di VWAP,Akumulasi Pro (Smart Money),Gorengan Sepi (< 5M),Normal (50-150%),Mark-Up (Fase Pesta),Normal,Jarum Bawah (Sinyal Pantulan Kuat),Sideways / Stagnan,TP: 635 | CL: 609,Normal,Tidak Ideal (< 1:1),Netral / Sideways,Netral / Sepi Berita,Normal / Sedang Transisi,Mendekati Fibo 23.6%,5,WAIT & SEE,HOLD / NEUTRAL,0.0,Kondisi pasar normal,TIDAK ADA,2026-09-03 15:24:34,Biasa / Mengikuti Pasar
15:24,PRIM,Transaksi Sepi (Skip Broksum),Small Cap (Lapis 3),Fair Value (Wajar),0.0,0.4290051,119.0,114,104,123,0.847457627118644,1402300,Normal,64,Positif,Uptrend,Bullish,Bearish MACD,Perfect Uptrend (5>20>50),Normal,Akumulasi (Naik),Normal,Seimbang / Adu Mekanik,Normal,Sedang,Normal,Rawan Pucuk (High Risk),< 1 Miliar,Persis di VWAP,Akumulasi Pro (Smart Money),Gorengan Sepi (< 5M),Sepi (< 50%),Mark-Up (Fase Pesta),Normal,Normal,Naik 2 Hari Beruntun,TP: 125 | CL: 114,Normal,Tidak Ideal (< 1:1),Netral / Sideways,Netral / Sepi Berita,Normal / Sedang Transisi,Mengambang (Jauh dari Fibo),5,WAIT & SEE,HOLD / NEUTRAL,0.0,Kondisi pasar normal,TIDAK ADA,2026-09-03 15:24:34,Biasa / Mengikuti Pasar
15:24,HEAL,Token Mati (Perlu Update),Big Cap (Lapis 1),Overvalued (Mahal),26.458092,1.8937405,690.0,708,630,810,0.7299270072992701,11316400,Normal,42,Positif,Downtrend,Bearish,Bullish MACD,Strong Downtrend (5<20<50),Normal,Distribusi (Turun),Normal,Seimbang / Adu Mekanik,Normal,Tinggi,Normal,Area Tengah,> 1 Miliar,Di Atas VWAP (Kuat),Distribusi Pro (Guyuran),Ritel Aktif (5M - 50M),Sepi (< 50%),Mark-Down (Fase Runtuh),Normal,Normal,Naik 1 Hari Beruntun,TP: 739 | CL: 656,Normal,Ideal (1:2),Netral / Sideways,Netral / Sepi Berita,Normal / Sedang Transisi,Mengambang (Jauh dari Fibo),2,WAIT & SEE,HOLD / NEUTRAL,0.0,Kondisi pasar normal,TIDAK ADA,2026-09-03 15:24:34,Biasa / Mengikuti Pasar
15:24,TRUK,Token Mati (Perlu Update),Small Cap (Lapis 3),Overvalued (Mahal),0.0,12.689756,1075.0,771,525,1075,25.0,3454100,Tembus MA20,82,Positif,Uptrend,Bullish,Strong Bullish,Perfect Uptrend (5>20>50),Normal,Akumulasi (Naik),Normal,Dominan Beli (Hajar Kanan),Breakout Upper,Tinggi,Marubozu (Strong Bullish),Rawan Pucuk (High Risk),> 1 Miliar,Di Atas VWAP (Kuat),Akumulasi Pro (Smart Money),Gorengan Sepi (< 5M),Anomali Tinggi (150-300%),Mark-Up (Fase Pesta),Normal,Normal,Naik 2 Hari Beruntun,TP: 1241 | CL: 963,Open = Low (Bullish Kuat),Tidak Ideal (< 1:1),Overbought (Jenuh Beli - Rawan),Netral / Sepi Berita,Normal / Sedang Transisi,Mengambang (Jauh dari Fibo),8,BELI,HOLD / NEUTRAL,0.0,Kondisi pasar normal,TIDAK ADA,2026-09-03 15:24:34,⚠️ Anomali (Sudah Terbang)
15:24,PZZA,Transaksi Sepi (Skip Broksum),Small Cap (Lapis 3),Overvalued (Mahal),32.423206,0.550597,190.0,183,178,204,2.1505376344086025,962200,Tembus MA20,55,Positif,Uptrend,Bullish,Strong Bullish,Awal Reversal (5>20),Normal,Akumulasi (Naik),Normal,Seimbang / Adu Mekanik,Normal,Sedang,Normal,Area Tengah,< 1 Miliar,Di Bawah VWAP (Lemah),Akumulasi Pro (Smart Money),Gorengan Sepi (< 5M),Normal (50-150%),Accumulation (Kumpul Barang),Spesialis Tiang Jemuran (Banting Pucuk),Normal,Naik 1 Hari Beruntun,TP: 201 | CL: 182,Normal,Menengah (1:1),Golden Cross (Awal Bullish),Netral / Sepi Berita,Normal / Sedang Transisi,Mendekati Fibo 38.2%,7,BELI,HOLD / NEUTRAL,0.0,Kondisi pasar normal,TIDAK ADA,2026-09-03 15:24:34,Biasa / Mengikuti Pasar
15:24,TUGU,Token Mati (Perlu Update),Mid Cap (Lapis 2),Undervalued (Murah),5.173346,0.51891226,1340.0,1323,1215,1460,0.0,1882200,Normal,56,Negatif,Uptrend,Bullish,Bearish MACD,Perfect Uptrend (5>20>50),Normal,Akumulasi (Naik),Normal,Dominan Jual (Guyur),Normal,Tinggi,Doji (Ragu-ragu),Rawan Pucuk (High Risk),> 1 Miliar,Di Bawah VWAP (Lemah),Distribusi Pro (Guyuran),Gorengan Sepi (< 5M),Normal (50-150%),Mark-Up (Fase Pesta),Spesialis Tiang Jemuran (Banting Pucuk),Normal,Sideways / Stagnan,TP: 1417 | CL: 1288,Normal,Tidak Ideal (< 1:1),Netral / Sideways,Netral / Sepi Berita,Normal / Sedang Transisi,Mendekati Fibo 38.2%,4,WAIT & SEE,HOLD / NEUTRAL,0.0,Kondisi pasar normal,TIDAK ADA,2026-09-03 15:24:34,Biasa / Mengikuti Pasar
15:24,MSIN,Token Mati (Perlu Update),Big Cap (Lapis 1),Fair Value (Wajar),18.246868,2.7133193,306.0,349,300,398,-1.2903225806451613,40101500,Tembus MA20,18,Negatif,Downtrend,Bearish,Strong Bearish,Strong Downtrend (5<20<50),Normal,Distribusi (Turun),Normal,Seimbang / Adu Mekanik,Normal,Tinggi,Normal,Dekat Support (Low Risk),> 1 Miliar,Di Bawah VWAP (Lemah),Distribusi Pro (Guyuran),Ritel Aktif (5M - 50M),Normal (50-150%),Mark-Down (Fase Runtuh),Normal,Normal,Turun 1 Hari Beruntun,TP: 328 | CL: 290,Open = High (Tekanan Jual),Sangat Menarik (> 1:3),Oversold (Jenuh Jual - Peluang),Netral / Sepi Berita,Normal / Sedang Transisi,Golden Rebound Fibo Bottom / 100% 🎯,1,WAIT & SEE,HOLD / NEUTRAL,0.0,Kondisi pasar normal,TIDAK ADA,2026-09-03 15:24:34,🔥 ANOMALI BANDAR (Siap Ledakan)
15:24,TNCA,Transaksi Sepi (Skip Broksum),Small Cap (Lapis 3),Overvalued (Mahal),56.680164,1.8397032,182.0,164,154,218,-3.7037037037037033,3907700,Tembus MA20,69,Negatif,Uptrend,Bullish,Strong Bullish,Perfect Uptrend (5>20>50),Normal,Akumulasi (Naik),Normal,Dominan Jual (Guyur),Breakout Upper,Tinggi,Normal,Rawan Pucuk (High Risk),< 1 Miliar,Di Bawah VWAP (Lemah),Distribusi Pro (Guyuran),Gorengan Sepi (< 5M),Normal (50-150%),Mark-Up (Fase Pesta),Spesialis Tiang Jemuran (Banting Pucuk),Normal,Turun 1 Hari Beruntun,TP: 201 | CL: 169,Normal,Menengah (1:1),Netral / Sideways,Netral / Sepi Berita,Supply Banjir (Distribusi) 🌊,Dekat Support Fibo 38.2%,6,WAIT & SEE,HOLD / NEUTRAL,0.0,Kondisi pasar normal,TIDAK ADA,2026-09-03 15:24:34,Biasa / Mengikuti Pasar
15:24,MAPA,Token Mati (Perlu Update),Big Cap (Lapis 1),Fair Value (Wajar),10.2251,2.0703626,700.0,674,620,730,0.7194244604316548,14361800,Normal,59,Positif,Uptrend,Bullish,Strong Bullish,Perfect Uptrend (5>20>50),Normal,Distribusi (Turun),Normal,Dominan Beli (Hajar Kanan),Normal,Tinggi,Doji (Ragu-ragu),Rawan Pucuk (High Risk),> 1 Miliar,Di Bawah VWAP (Lemah),Akumulasi Pro (Smart Money),Ritel Aktif (5M - 50M),Normal (50-150%),Mark-Up (Fase Pesta),Solid (Jarang Dibanting),Jarum Bawah (Sinyal Pantulan Kuat),Naik 1 Hari Beruntun,TP: 742 | CL: 671,Normal,Tidak Ideal (< 1:1),Death Cross (Awal Bearish),Netral / Sepi Berita,Normal / Sedang Transisi,Mendekati Fibo 23.6%,6,WAIT & SEE,HOLD / NEUTRAL,0.0,Kondisi pasar normal,TIDAK ADA,2026-09-03 15:24:34,Biasa / Mengikuti Pasar
15:24,TCPI,Token Mati (Perlu Update),Big Cap (Lapis 1),Overvalued (Mahal),85.89411,5.397872,2320.0,2998,2140,4300,-2.928870292887029,4628900,Normal,24,Negatif,Downtrend,Bearish,Bullish MACD,Strong Downtrend (5<20<50),Normal,Distribusi (Turun),Normal,Dominan Jual (Guyur),Normal,Tinggi,Normal,Area Tengah,> 1 Miliar,Di Bawah VWAP (Lemah),Distribusi Pro (Guyuran),Ritel Aktif (5M - 50M),Sepi (< 50%),Mark-Down (Fase Runtuh),Normal,Normal,Turun 2 Hari Beruntun,TP: 2812 | CL: 1991,Normal,Sangat Menarik (> 1:3),Oversold (Jenuh Jual - Peluang),Netral / Sepi Berita,Normal / Sedang Transisi,Mengambang (Jauh dari Fibo),1,WAIT & SEE,HOLD / NEUTRAL,0.0,Kondisi pasar normal,TIDAK ADA,2026-09-03 15:24:34,Biasa / Mengikuti Pasar
15:24,IPCC,Transaksi Sepi (Skip Broksum),Mid Cap (Lapis 2),Fair Value (Wajar),8.5416355,1.6075917,1155.0,1161,1130,1190,0.8733624454148471,528600,Normal,48,Positif,Downtrend,Bearish,Strong Bearish,Strong Downtrend (5<20<50),Normal,Distribusi (Turun),Normal,Seimbang / Adu Mekanik,Squeeze,Rendah,Normal,Dekat Support (Low Risk),< 1 Miliar,Persis di VWAP,Akumulasi Pro (Smart Money),Gorengan Sepi (< 5M),Normal (50-150%),Mark-Down (Fase Runtuh),Normal,Normal,Naik 1 Hari Beruntun,TP: 1181 | CL: 1137,Open = Low (Bullish Kuat),Menengah (1:1),Golden Cross (Awal Bullish),Netral / Sepi Berita,Normal / Sedang Transisi,Dekat Support Fibo 38.2%,1,WAIT & SEE,HOLD / NEUTRAL,0.0,Kondisi pasar normal,TIDAK ADA,2026-09-03 15:24:34,Biasa / Mengikuti Pasar
15:24,RISE,Token Mati (Perlu Update),Big Cap (Lapis 1),Overvalued (Mahal),79.3072,5.0369663,870.0,913,800,1000,2.3529411764705883,2148000,Tembus MA20,40,Positif,Downtrend,Bearish,Strong Bearish,Strong Downtrend (5<20<50),Normal,Distribusi (Turun),Normal,Dominan Beli (Hajar Kanan),Normal,Tinggi,Normal,Area Tengah,> 1 Miliar,Persis di VWAP,Distribusi Pro (Guyuran),Gorengan Sepi (< 5M),Normal (50-150%),Mark-Down (Fase Runtuh),Normal,Normal,Naik 1 Hari Beruntun,TP: 939 | CL: 823,Normal,Ideal (1:2),Golden Cross (Awal Bullish),Netral / Sepi Berita,Normal / Sedang Transisi,Mengambang (Jauh dari Fibo),3,WAIT & SEE,HOLD / NEUTRAL,0.0,Kondisi pasar normal,TIDAK ADA,2026-09-03 15:24:34,Biasa / Mengikuti Pasar
15:24,BPTR,Transaksi Sepi (Skip Broksum),Small Cap (Lapis 3),Undervalued (Murah),8.93504,0.41271383,74.0,76,73,88,0.0,3604100,Normal,46,Negatif,Downtrend,Bearish,Bearish MACD,Konsolidasi / Transisi,Normal,Distribusi (Turun),Normal,Seimbang / Adu Mekanik,Squeeze,Rendah,Normal,Dekat Support (Low Risk),< 1 Miliar,Di Bawah VWAP (Lemah),Distribusi Pro (Guyuran),Gorengan Sepi (< 5M),Normal (50-150%),Distribution (Fase Jualan),Spesialis Tiang Jemuran (Banting Pucuk),Normal,Sideways / Stagnan,TP: 78 | CL: 71,Normal,Sangat Menarik (> 1:3),Oversold (Jenuh Jual - Peluang),Netral / Sepi Berita,Normal / Sedang Transisi,Golden Rebound Fibo 50.0% 🎯,0,WAIT & SEE,HOLD / NEUTRAL,0.0,Kondisi pasar normal,TIDAK ADA,2026-09-03 15:24:34,Biasa / Mengikuti Pasar
15:24,NFCX,Transaksi Sepi (Skip Broksum),Mid Cap (Lapis 2),Overvalued (Mahal),0.0,4.3418555,1720.0,1620,1475,1880,0.5847953216374269,1500,Normal,63,Positif,Uptrend,Bullish,Strong Bullish,Perfect Uptrend (5>20>50),Normal,Akumulasi (Naik),Normal,Dominan Beli (Hajar Kanan),Normal,Tinggi,Marubozu (Strong Bullish),Rawan Pucuk (High Risk),< 1 Miliar,Persis di VWAP,Distribusi Pro (Guyuran),Gorengan Sepi (< 5M),Sepi (< 50%),Mark-Up (Fase Pesta),Spesialis Tiang Jemuran (Banting Pucuk),Normal,Naik 2 Hari Beruntun,TP: 1856 | CL: 1629,Open = Low (Bullish Kuat),Tidak Ideal (< 1:1),Netral / Sideways,Netral / Sepi Berita,Normal / Sedang Transisi,Dekat Support Fibo 38.2%,7,BELI,HOLD / NEUTRAL,0.0,Kondisi pasar normal,TIDAK ADA,2026-09-03 15:24:34,Biasa / Mengikuti Pasar
15:24,MGRO,Token Mati (Perlu Update),Mid Cap (Lapis 2),Overvalued (Mahal),0.0,7.658423,685.0,675,645,690,0.0,4879800,Tembus MA20,54,Negatif,Uptrend,Bullish,Strong Bullish,Perfect Uptrend (5>20>50),Normal,Akumulasi (Naik),Normal,Dominan Beli (Hajar Kanan),Squeeze,Rendah,Doji (Ragu-ragu),Area Tengah,> 1 Miliar,Persis di VWAP,Akumulasi Pro (Smart Money),Gorengan Sepi (< 5M),Normal (50-150%),Mark-Up (Fase Pesta),Normal,Jarum Bawah (Sinyal Pantulan Kuat),Sideways / Stagnan,TP: 710 | CL: 668,Normal,Tidak Ideal (< 1:1),Overbought (Jenuh Beli - Rawan),Netral / Sepi Berita,Normal / Sedang Transisi,Golden Rebound Fibo 38.2% 🎯,7,BELI,HOLD / NEUTRAL,0.0,Kondisi pasar normal,TIDAK ADA,2026-09-03 15:24:34,Biasa / Mengikuti Pasar
15:24,FILM,Token Mati (Perlu Update),Mid Cap (Lapis 2),Fair Value (Wajar),0.0,2.8666618,825.0,881,740,1155,3.125,39579400,Tembus MA20,38,Positif,Downtrend,Bearish,Bullish MACD,Strong Downtrend (5<20<50),Normal,Akumulasi (Naik),Normal,Seimbang / Adu Mekanik,Normal,Tinggi,Normal,Rawan Pucuk (High Risk),> 1 Miliar,Persis di VWAP,Distribusi Pro (Guyuran),Sultan (> 50M/hari),Normal (50-150%),Mark-Down (Fase Runtuh),Spesialis Tiang Jemuran (Banting Pucuk),Normal,Naik 1 Hari Beruntun,TP: 938 | CL: 749,Normal,Sangat Menarik (> 1:3),Golden Cross (Awal Bullish),Netral / Sepi Berita,Normal / Sedang Transisi,Mengambang (Jauh dari Fibo),4,WAIT & SEE,HOLD / NEUTRAL,0.0,Kondisi pasar normal,TIDAK ADA,2026-09-03 15:24:34,Biasa / Mengikuti Pasar
15:24,ANDI,Transaksi Sepi (Skip Broksum),Small Cap (Lapis 3),Fair Value (Wajar),0.0,1.6058525,18.0,17,16,18,5.88235294117647,22358700,Tembus MA20,58,Positif,Uptrend,Bearish,Bullish MACD,Strong Downtrend (5<20<50),Normal,Akumulasi (Naik),Gap Up (+5.9%),Tidak Ada Transaksi,Normal,Tinggi,Doji (Ragu-ragu),Rawan Pucuk (High Risk),< 1 Miliar,Di Atas VWAP (Kuat),Distribusi Pro (Guyuran),Gorengan Sepi (< 5M),Anomali Tinggi (150-300%),Accumulation (Kumpul Barang),Normal,Normal,Naik 2 Hari Beruntun,TP: 19 | CL: 17,Normal,Tidak Ideal (< 1:1),Netral / Sideways,Netral / Sepi Berita,Normal / Sedang Transisi,Dekat Support Fibo 23.6%,7,BELI,HOLD / NEUTRAL,0.0,Kondisi pasar normal,TIDAK ADA,2026-09-03 15:24:34,Biasa / Mengikuti Pasar
15:24,LAND,Transaksi Sepi (Skip Broksum),Small Cap (Lapis 3),Overvalued (Mahal),123.72882,0.4439876,73.0,76,70,87,0.0,10353100,Normal,48,Negatif,Downtrend,Bearish,Bearish MACD,Konsolidasi / Transisi,Normal,Distribusi (Turun),Normal,Seimbang / Adu Mekanik,Normal,Tinggi,Doji (Ragu-ragu),Area Tengah,< 1 Miliar,Persis di VWAP,Distribusi Pro (Guyuran),Gorengan Sepi (< 5M),Normal (50-150%),Distribution (Fase Jualan),Spesialis Tiang Jemuran (Banting Pucuk),Normal,Sideways / Stagnan,TP: 78 | CL: 69,Normal,Sangat Menarik (> 1:3),Golden Cross (Awal Bullish),Netral / Sepi Berita,Normal / Sedang Transisi,Mendekati Fibo 50.0%,0,WAIT & SEE,HOLD / NEUTRAL,0.0,Kondisi pasar normal,TIDAK ADA,2026-09-03 15:24:34,Biasa / Mengikuti Pasar
15:24,MOLI,Token Mati (Perlu Update),Small Cap (Lapis 3),Undervalued (Murah),7.2919054,0.67672104,318.0,283,264,334,3.2467532467532463,20260700,Tembus MA20,71,Positif,Uptrend,Bullish,Strong Bullish,Perfect Uptrend (5>20>50),Akumulasi Kuat,Akumulasi (Naik),Normal,Seimbang / Adu Mekanik,Breakout Upper,Tinggi,Normal,Rawan Pucuk (High Risk),> 1 Miliar,Di Atas VWAP (Kuat),Akumulasi Pro (Smart Money),Gorengan Sepi (< 5M),Anomali Tinggi (150-300%),Mark-Up (Fase Pesta),Spesialis Tiang Jemuran (Banting Pucuk),Normal,Naik 2 Hari Beruntun,TP: 342 | CL: 301,Open = Low (Bullish Kuat),Tidak Ideal (< 1:1),Netral / Sideways,Netral / Sepi Berita,Normal / Sedang Transisi,Mengambang (Jauh dari Fibo),8,BELI,HOLD / NEUTRAL,0.0,Kondisi pasar normal,TIDAK ADA,2026-09-03 15:24:34,Biasa / Mengikuti Pasar
15:24,PANI,Token Mati (Perlu Update),Big Cap (Lapis 1),Overvalued (Mahal),42.742496,3.8244152,6125.0,6052,5700,6650,5.150214592274678,22086800,Tembus MA20,53,Positif,Uptrend,Bearish,Strong Bearish,Strong Downtrend (5<20<50),Akumulasi Kuat,Akumulasi (Naik),Normal,Seimbang / Adu Mekanik,Normal,Sedang,Normal,Area Tengah,> 1 Miliar,Di Atas VWAP (Kuat),Distribusi Pro (Guyuran),Ritel Aktif (5M - 50M),Ledakan Ekstrem (> 300%),Accumulation (Kumpul Barang),Spesialis Tiang Jemuran (Banting Pucuk),Normal,Naik 1 Hari Beruntun,TP: 6411 | CL: 5933,Normal,Menengah (1:1),Netral / Sideways,Netral / Sepi Berita,Normal / Sedang Transisi,Mendekati Fibo 78.6%,6,WAIT & SEE,HOLD / NEUTRAL,0.0,Kondisi pasar normal,TIDAK ADA,2026-09-03 15:24:34,Biasa / Mengikuti Pasar
15:24,CITY,Transaksi Sepi (Skip Broksum),Small Cap (Lapis 3),Overvalued (Mahal),41.108547,1.0711019,178.0,176,171,195,0.0,451900,Normal,58,Negatif,Uptrend,Bullish,Bearish MACD,Perfect Uptrend (5>20>50),Normal,Akumulasi (Naik),Normal,Seimbang / Adu Mekanik,Squeeze,Rendah,Doji (Ragu-ragu),Area Tengah,< 1 Miliar,Persis di VWAP,Akumulasi Pro (Smart Money),Gorengan Sepi (< 5M),Normal (50-150%),Mark-Up (Fase Pesta),Spesialis Tiang Jemuran (Banting Pucuk),Jarum Bawah (Sinyal Pantulan Kuat),Sideways / Stagnan,TP: 187 | CL: 171,Normal,Ideal (1:2),Golden Cross (Awal Bullish),Netral / Sepi Berita,Supply Kering (Siap Pump) 🏜️,Golden Rebound Fibo 23.6% 🎯,4,WAIT & SEE,HOLD / NEUTRAL,0.0,Kondisi pasar normal,TIDAK ADA,2026-09-03 15:24:34,Biasa / Mengikuti Pasar
15:24,SAPX,Token Mati (Perlu Update),Small Cap (Lapis 3),Overvalued (Mahal),126.872246,1.1432563,288.0,222,204,336,6.666666666666667,19448600,Tembus MA20,83,Positif,Uptrend,Bullish,Strong Bullish,Perfect Uptrend (5>20>50),Distribusi Kuat,Akumulasi (Naik),Gap Up (+14.8%),Dominan Jual (Guyur),Breakout Upper,Tinggi,Normal,Rawan Pucuk (High Risk),> 1 Miliar,Persis di VWAP,Distribusi Pro (Guyuran),Gorengan Sepi (< 5M),Ledakan Ekstrem (> 300%),Mark-Up (Fase Pesta),Spesialis Tiang Jemuran (Banting Pucuk),Normal,Naik 2 Hari Beruntun,TP: 313 | CL: 270,Normal,Tidak Ideal (< 1:1),Death Cross (Awal Bearish),Netral / Sepi Berita,Supply Banjir (Distribusi) 🌊,Mendekati Fibo 38.2%,8,BELI,HOLD / NEUTRAL,0.0,Kondisi pasar normal,TIDAK ADA,2026-09-03 15:24:34,Biasa / Mengikuti Pasar
15:24,SURE,Transaksi Sepi (Skip Broksum),Mid Cap (Lapis 2),Overvalued (Mahal),1664.5569,-12.247426,2630.0,2671,2570,2850,0.0,100,Normal,42,Negatif,Downtrend,Bearish,Strong Bearish,Strong Downtrend (5<20<50),Normal,Akumulasi (Naik),Normal,Tidak Ada Transaksi,Normal,Sedang,Doji (Ragu-ragu),Dekat Support (Low Risk),< 1 Miliar,Di Bawah VWAP (Lemah),Distribusi Pro (Guyuran),Gorengan Sepi (< 5M),Sepi (< 50%),Mark-Down (Fase Runtuh),Spesialis Tiang Jemuran (Banting Pucuk),Normal,Sideways / Stagnan,TP: 2728 | CL: 2564,Normal,Sangat Menarik (> 1:3),Netral / Sideways,Netral / Sepi Berita,Normal / Sedang Transisi,Dekat Support Fibo 78.6%,1,WAIT & SEE,HOLD / NEUTRAL,0.0,Kondisi pasar normal,TIDAK ADA,2026-09-03 15:24:34,Biasa / Mengikuti Pasar
15:24,MPRO,Transaksi Sepi (Skip Broksum),Big Cap (Lapis 1),Overvalued (Mahal),0.0,155.05243,12300.0,12452,10775,14400,-1.2048192771084338,1200,Normal,52,Negatif,Downtrend,Bearish,Bearish MACD,Konsolidasi / Transisi,Normal,Akumulasi (Naik),Normal,Dominan Jual (Guyur),Normal,Tinggi,Normal,Rawan Pucuk (High Risk),< 1 Miliar,Persis di VWAP,Distribusi Pro (Guyuran),Gorengan Sepi (< 5M),Sepi (< 50%),Distribution (Fase Jualan),Normal,Normal,Turun 1 Hari Beruntun,TP: 13808 | CL: 11294,Open = High (Tekanan Jual),Menengah (1:1),Netral / Sideways,Netral / Sepi Berita,Normal / Sedang Transisi,Dekat Support Fibo 50.0%,2,WAIT & SEE,HOLD / NEUTRAL,0.0,Kondisi pasar normal,TIDAK ADA,2026-09-03 15:24:34,Biasa / Mengikuti Pasar
15:24,GOOD,Transaksi Sepi (Skip Broksum),Big Cap (Lapis 1),Overvalued (Mahal),16.938454,3.0402884,322.0,307,294,324,0.625,398000,Tembus MA20,68,Positif,Uptrend,Bullish,Strong Bullish,Perfect Uptrend (5>20>50),Normal,Akumulasi (Naik),Normal,Dominan Beli (Hajar Kanan),Breakout Upper,Sedang,Normal,Area Tengah,< 1 Miliar,Di Atas VWAP (Kuat),Akumulasi Pro (Smart Money),Gorengan Sepi (< 5M),Normal (50-150%),Mark-Up (Fase Pesta),Normal,Normal,Naik 1 Hari Beruntun,TP: 331 | CL: 316,Normal,Tidak Ideal (< 1:1),Overbought (Jenuh Beli - Rawan),Netral / Sepi Berita,Normal / Sedang Transisi,Dekat Support Fibo 38.2%,8,BELI,HOLD / NEUTRAL,0.0,Kondisi pasar normal,TIDAK ADA,2026-09-03 15:24:34,Biasa / Mengikuti Pasar
15:24,SKRN,Transaksi Sepi (Skip Broksum),Mid Cap (Lapis 2),Overvalued (Mahal),15.433573,4.519406,388.0,393,378,422,0.0,110600,Normal,48,Negatif,Downtrend,Bearish,Strong Bearish,Konsolidasi / Transisi,Normal,Distribusi (Turun),Normal,Dominan Beli (Hajar Kanan),Normal,Sedang,Hammer (Potensi Reversal),Dekat Support (Low Risk),< 1 Miliar,Persis di VWAP,Distribusi Pro (Guyuran),Gorengan Sepi (< 5M),Normal (50-150%),Distribution (Fase Jualan),Normal,Jarum Bawah (Sinyal Pantulan Kuat),Sideways / Stagnan,TP: 407 | CL: 375,Open = High (Tekanan Jual),Sangat Menarik (> 1:3),Golden Cross (Awal Bullish),Netral / Sepi Berita,Normal / Sedang Transisi,Golden Rebound Fibo 38.2% 🎯,1,WAIT & SEE,HOLD / NEUTRAL,0.0,Kondisi pasar normal,TIDAK ADA,2026-09-03 15:24:34,Biasa / Mengikuti Pasar
15:24,YELO,Token Mati (Perlu Update),Small Cap (Lapis 3),Undervalued (Murah),6.6699004,0.7931586,109.0,92,81,110,11.224489795918368,386700700,Tembus MA20,66,Positif,Uptrend,Bullish,Strong Bullish,Perfect Uptrend (5>20>50),Akumulasi Kuat,Akumulasi (Naik),Normal,Dominan Beli (Hajar Kanan),Breakout Upper,Tinggi,Marubozu (Strong Bullish),Rawan Pucuk (High Risk),> 1 Miliar,Di Atas VWAP (Kuat),Akumulasi Pro (Smart Money),Ritel Aktif (5M - 50M),Anomali Tinggi (150-300%),Mark-Up (Fase Pesta),Normal,Normal,Naik 1 Hari Beruntun,TP: 121 | CL: 100,Open = Low (Bullish Kuat),Tidak Ideal (< 1:1),Netral / Sideways,Netral / Sepi Berita,Normal / Sedang Transisi,Mengambang (Jauh dari Fibo),9,BELI,HOLD / NEUTRAL,0.0,Kondisi pasar normal,TIDAK ADA,2026-09-03 15:24:34,⚠️ Anomali (Sudah Terbang)
15:24,CAKK,Transaksi Sepi (Skip Broksum),Small Cap (Lapis 3),Undervalued (Murah),13.343341,1.4343987,160.0,146,137,165,0.628930817610063,375800,Normal,73,Positif,Uptrend,Bullish,Strong Bullish,Perfect Uptrend (5>20>50),Normal,Akumulasi (Naik),Normal,Seimbang / Adu Mekanik,Normal,Tinggi,Normal,Rawan Pucuk (High Risk),< 1 Miliar,Di Atas VWAP (Kuat),Distribusi Pro (Guyuran),Gorengan Sepi (< 5M),Sepi (< 50%),Mark-Up (Fase Pesta),Spesialis Tiang Jemuran (Banting Pucuk),Normal,Naik 1 Hari Beruntun,TP: 169 | CL: 153,Open = High (Tekanan Jual),Tidak Ideal (< 1:1),Netral / Sideways,Netral / Sepi Berita,Normal / Sedang Transisi,Mendekati Fibo 23.6%,6,WAIT & SEE,HOLD / NEUTRAL,0.0,Kondisi pasar normal,TIDAK ADA,2026-09-03 15:24:34,Biasa / Mengikuti Pasar
15:24,SATU,Transaksi Sepi (Skip Broksum),Small Cap (Lapis 3),Overvalued (Mahal),0.0,7.503536,244.0,252,236,262,-0.8130081300813009,237200,Tembus MA20,34,Negatif,Downtrend,Bearish,Strong Bearish,Strong Downtrend (5<20<50),Normal,Akumulasi (Naik),Normal,Dominan Jual (Guyur),Normal,Sedang,Doji (Ragu-ragu),Area Tengah,< 1 Miliar,Persis di VWAP,Akumulasi Pro (Smart Money),Gorengan Sepi (< 5M),Normal (50-150%),Mark-Down (Fase Runtuh),Normal,Normal,Turun 1 Hari Beruntun,TP: 252 | CL: 238,Normal,Ideal (1:2),Netral / Sideways,Netral / Sepi Berita,Normal / Sedang Transisi,Mendekati Fibo Bottom / 100%,2,WAIT & SEE,HOLD / NEUTRAL,0.0,Kondisi pasar normal,TIDAK ADA,2026-09-03 15:24:34,Biasa / Mengikuti Pasar
15:24,SOSS,Transaksi Sepi (Skip Broksum),Small Cap (Lapis 3),Overvalued (Mahal),20.799892,5.4539847,920.0,854,825,920,0.0,13500,Tembus MA20,70,Negatif,Uptrend,Bullish,Strong Bullish,Awal Reversal (5>20),Akumulasi Kuat,Akumulasi (Naik),Normal,Dominan Beli (Hajar Kanan),Breakout Upper,Sedang,Doji (Ragu-ragu),Rawan Pucuk (High Risk),< 1 Miliar,Di Atas VWAP (Kuat),Akumulasi Pro (Smart Money),Gorengan Sepi (< 5M),Ledakan Ekstrem (> 300%),Accumulation (Kumpul Barang),Solid (Jarang Dibanting),Jarum Bawah (Sinyal Pantulan Kuat),Sideways / Stagnan,TP: 937 | CL: 908,Normal,Tidak Ideal (< 1:1),Overbought (Jenuh Beli - Rawan),Netral / Sepi Berita,Normal / Sedang Transisi,Mendekati Fibo 50.0%,8,BELI,HOLD / NEUTRAL,0.0,Kondisi pasar normal,TIDAK ADA,2026-09-03 15:24:34,Biasa / Mengikuti Pasar
15:24,POLA,Transaksi Sepi (Skip Broksum),Small Cap (Lapis 3),Overvalued (Mahal),32.142857,0.8102998,54.0,56,50,63,0.0,2240100,Normal,43,Negatif,Downtrend,Bearish,Strong Bearish,Strong Downtrend (5<20<50),Normal,Akumulasi (Naik),Normal,Dominan Beli (Hajar Kanan),Normal,Tinggi,Marubozu (Strong Bullish),Area Tengah,< 1 Miliar,Di Atas VWAP (Kuat),Akumulasi Pro (Smart Money),Gorengan Sepi (< 5M),Sepi (< 50%),Mark-Down (Fase Runtuh),Normal,Normal,Sideways / Stagnan,TP: 58 | CL: 51,Open = Low (Bullish Kuat),Ideal (1:2),Netral / Sideways,Netral / Sepi Berita,Normal / Sedang Transisi,Dekat Support Fibo 78.6%,2,WAIT & SEE,HOLD / NEUTRAL,0.0,Kondisi pasar normal,TIDAK ADA,2026-09-03 15:24:34,Biasa / Mengikuti Pasar
15:24,DIVA,Transaksi Sepi (Skip Broksum),Small Cap (Lapis 3),Fair Value (Wajar),0.0,0.3220018,138.0,137,128,152,0.0,1160200,Normal,58,Negatif,Uptrend,Bullish,Bearish MACD,Perfect Uptrend (5>20>50),Normal,Distribusi (Turun),Normal,Dominan Beli (Hajar Kanan),Squeeze,Rendah,Doji (Ragu-ragu),Area Tengah,< 1 Miliar,Persis di VWAP,Akumulasi Pro (Smart Money),Gorengan Sepi (< 5M),Sepi (< 50%),Mark-Up (Fase Pesta),Spesialis Tiang Jemuran (Banting Pucuk),Jarum Bawah (Sinyal Pantulan Kuat),Sideways / Stagnan,TP: 146 | CL: 132,Normal,Menengah (1:1),Netral / Sideways,Netral / Sepi Berita,Supply Kering (Siap Pump) 🏜️,Golden Rebound Fibo 23.6% 🎯,4,WAIT & SEE,HOLD / NEUTRAL,0.0,Kondisi pasar normal,TIDAK ADA,2026-09-03 15:24:34,Biasa / Mengikuti Pasar
15:24,LUCK,Transaksi Sepi (Skip Broksum),Small Cap (Lapis 3),Fair Value (Wajar),0.0,0.6934646,115.0,114,105,121,1.7699115044247788,3959500,Normal,56,Positif,Uptrend,Bearish,Bearish MACD,Konsolidasi / Transisi,Normal,Akumulasi (Naik),Normal,Seimbang / Adu Mekanik,Squeeze,Rendah,Normal,Area Tengah,< 1 Miliar,Di Atas VWAP (Kuat),Distribusi Pro (Guyuran),Gorengan Sepi (< 5M),Normal (50-150%),Mark-Up (Fase Pesta),Spesialis Tiang Jemuran (Banting Pucuk),Normal,Naik 1 Hari Beruntun,TP: 122 | CL: 110,Open = Low (Bullish Kuat),Tidak Ideal (< 1:1),Netral / Sideways,Netral / Sepi Berita,Normal / Sedang Transisi,Mendekati Fibo 50.0%,4,WAIT & SEE,HOLD / NEUTRAL,0.0,Kondisi pasar normal,TIDAK ADA,2026-09-03 15:24:34,Biasa / Mengikuti Pasar
15:24,URBN,Transaksi Sepi (Skip Broksum),Small Cap (Lapis 3),Fair Value (Wajar),0.0,0.8612235,238.0,215,193,238,3.4782608695652173,197400,Tembus MA20,68,Positif,Uptrend,Bullish,Strong Bullish,Awal Reversal (5>20),Normal,Akumulasi (Naik),Normal,Dominan Beli (Hajar Kanan),Breakout Upper,Sedang,Hammer (Potensi Reversal),Rawan Pucuk (High Risk),< 1 Miliar,Di Atas VWAP (Kuat),Akumulasi Pro (Smart Money),Gorengan Sepi (< 5M),Normal (50-150%),Accumulation (Kumpul Barang),Normal,Jarum Bawah (Sinyal Pantulan Kuat),Naik 4 Hari Beruntun,TP: 250 | CL: 229,Normal,Tidak Ideal (< 1:1),Overbought (Jenuh Beli - Rawan),Netral / Sepi Berita,Normal / Sedang Transisi,Mengambang (Jauh dari Fibo),8,BELI,HOLD / NEUTRAL,0.0,Kondisi pasar normal,TIDAK ADA,2026-09-03 15:24:34,Biasa / Mengikuti Pasar
15:24,SOTS,Transaksi Sepi (Skip Broksum),Small Cap (Lapis 3),Overvalued (Mahal),0.0,3.4988475,595.0,634,575,740,-6.299212598425196,497900,Tembus MA20,42,Negatif,Downtrend,Bearish,Bearish MACD,Konsolidasi / Transisi,Normal,Distribusi (Turun),Normal,Dominan Jual (Guyur),Normal,Tinggi,Normal,Area Tengah,< 1 Miliar,Di Bawah VWAP (Lemah),Distribusi Pro (Guyuran),Gorengan Sepi (< 5M),Normal (50-150%),Distribution (Fase Jualan),Spesialis Tiang Jemuran (Banting Pucuk),Normal,Turun 1 Hari Beruntun,TP: 665 | CL: 548,Normal,Sangat Menarik (> 1:3),Netral / Sideways,Netral / Sepi Berita,Normal / Sedang Transisi,Dekat Support Fibo 61.8% (Golden Ratio),1,WAIT & SEE,HOLD / NEUTRAL,0.0,Kondisi pasar normal,TIDAK ADA,2026-09-03 15:24:34,Biasa / Mengikuti Pasar
15:24,ZONE,Transaksi Sepi (Skip Broksum),Small Cap (Lapis 3),Fair Value (Wajar),12.670341,1.5513799,715.0,734,645,960,0.0,60900,Normal,52,Negatif,Downtrend,Bullish,Bearish MACD,Perfect Uptrend (5>20>50),Normal,Distribusi (Turun),Normal,Dominan Jual (Guyur),Normal,Tinggi,Normal,Rawan Pucuk (High Risk),< 1 Miliar,Di Bawah VWAP (Lemah),Distribusi Pro (Guyuran),Gorengan Sepi (< 5M),Sepi (< 50%),Distribution (Fase Jualan),Spesialis Tiang Jemuran (Banting Pucuk),Normal,Sideways / Stagnan,TP: 816 | CL: 647,Normal,Sangat Menarik (> 1:3),Golden Cross (Awal Bullish),Netral / Sepi Berita,Supply Banjir (Distribusi) 🌊,Mengambang (Jauh dari Fibo),2,WAIT & SEE,HOLD / NEUTRAL,0.0,Kondisi pasar normal,TIDAK ADA,2026-09-03 15:24:34,Biasa / Mengikuti Pasar
15:24,PEHA,Transaksi Sepi (Skip Broksum),Small Cap (Lapis 3),Undervalued (Murah),6.4596786,0.62588334,310.0,281,258,378,-0.641025641025641,496400,Normal,67,Negatif,Uptrend,Bullish,Strong Bullish,Perfect Uptrend (5>20>50),Normal,Akumulasi (Naik),Gap Up (+2.6%),Seimbang / Adu Mekanik,Normal,Tinggi,Normal,Rawan Pucuk (High Risk),< 1 Miliar,Di Bawah VWAP (Lemah),Distribusi Pro (Guyuran),Gorengan Sepi (< 5M),Sepi (< 50%),Mark-Up (Fase Pesta),Spesialis Tiang Jemuran (Banting Pucuk),Normal,Turun 1 Hari Beruntun,TP: 356 | CL: 279,Normal,Menengah (1:1),Netral / Sideways,Netral / Sepi Berita,Supply Banjir (Distribusi) 🌊,Mengambang (Jauh dari Fibo),6,WAIT & SEE,HOLD / NEUTRAL,0.0,Kondisi pasar normal,TIDAK ADA,2026-09-03 15:24:34,Biasa / Mengikuti Pasar
15:24,BEEF,Token Mati (Perlu Update),Mid Cap (Lapis 2),Overvalued (Mahal),48.008385,9.8281145,458.0,446,354,498,1.7777777777777777,5426600,Normal,67,Positif,Uptrend,Bullish,Bearish MACD,Perfect Uptrend (5>20>50),Normal,Akumulasi (Naik),Normal,Dominan Beli (Hajar Kanan),Normal,Tinggi,Normal,Rawan Pucuk (High Risk),> 1 Miliar,Di Atas VWAP (Kuat),Distribusi Pro (Guyuran),Gorengan Sepi (< 5M),Normal (50-150%),Mark-Up (Fase Pesta),Spesialis Tiang Jemuran (Banting Pucuk),Normal,Naik 3 Hari Beruntun,TP: 506 | CL: 425,Normal,Tidak Ideal (< 1:1),Netral / Sideways,Netral / Sepi Berita,Normal / Sedang Transisi,Mengambang (Jauh dari Fibo),6,WAIT & SEE,HOLD / NEUTRAL,0.0,Kondisi pasar normal,TIDAK ADA,2026-09-03 15:24:34,Biasa / Mengikuti Pasar
15:24,POLI,Transaksi Sepi (Skip Broksum),Mid Cap (Lapis 2),Overvalued (Mahal),28.648975,0.89199865,950.0,803,720,1100,0.0,63400,Normal,73,Negatif,Uptrend,Bullish,Strong Bullish,Perfect Uptrend (5>20>50),Normal,Akumulasi (Naik),Normal,Dominan Jual (Guyur),Breakout Upper,Tinggi,Doji (Ragu-ragu),Rawan Pucuk (High Risk),< 1 Miliar,Di Atas VWAP (Kuat),Distribusi Pro (Guyuran),Gorengan Sepi (< 5M),Normal (50-150%),Mark-Up (Fase Pesta),Spesialis Tiang Jemuran (Banting Pucuk),Normal,Sideways / Stagnan,TP: 1083 | CL: 861,Normal,Tidak Ideal (< 1:1),Death Cross (Awal Bearish),Netral / Sepi Berita,Normal / Sedang Transisi,Mendekati Fibo 38.2%,5,WAIT & SEE,HOLD / NEUTRAL,0.0,Kondisi pasar normal,TIDAK ADA,2026-09-03 15:24:34,Biasa / Mengikuti Pasar
15:24,CLAY,Transaksi Sepi (Skip Broksum),Mid Cap (Lapis 2),Overvalued (Mahal),264.24362,242.05885,2690.0,2743,2410,2930,0.3731343283582089,10400,Normal,50,Positif,Downtrend,Bearish,Bearish MACD,Konsolidasi / Transisi,Normal,Distribusi (Turun),Normal,Dominan Jual (Guyur),Squeeze,Rendah,Normal,Rawan Pucuk (High Risk),< 1 Miliar,Persis di VWAP,Akumulasi Pro (Smart Money),Gorengan Sepi (< 5M),Normal (50-150%),Distribution (Fase Jualan),Spesialis Tiang Jemuran (Banting Pucuk),Normal,Naik 1 Hari Beruntun,TP: 2867 | CL: 2571,Open = Low (Bullish Kuat),Tidak Ideal (< 1:1),Death Cross (Awal Bearish),Netral / Sepi Berita,Normal / Sedang Transisi,Dekat Support Fibo 38.2%,1,WAIT & SEE,HOLD / NEUTRAL,0.0,Kondisi pasar normal,TIDAK ADA,2026-09-03 15:24:34,Biasa / Mengikuti Pasar
15:24,NATO,Token Mati (Perlu Update),Mid Cap (Lapis 2),Overvalued (Mahal),0.0,3.899157,1030.0,705,615,1170,5.641025641025641,2855800,Tembus MA20,91,Positif,Uptrend,Bullish,Strong Bullish,Perfect Uptrend (5>20>50),Distribusi Kuat,Akumulasi (Naik),Gap Up (+15.9%),Seimbang / Adu Mekanik,Breakout Upper,Tinggi,Normal,Rawan Pucuk (High Risk),> 1 Miliar,Di Atas VWAP (Kuat),Akumulasi Pro (Smart Money),Gorengan Sepi (< 5M),Ledakan Ekstrem (> 300%),Mark-Up (Fase Pesta),Spesialis Tiang Jemuran (Banting Pucuk),Normal,Naik 2 Hari Beruntun,TP: 1139 | CL: 957,Normal,Tidak Ideal (< 1:1),Death Cross (Awal Bearish),Netral / Sepi Berita,Supply Banjir (Distribusi) 🌊,Dekat Support Fibo 23.6%,8,BELI,HOLD / NEUTRAL,0.0,Kondisi pasar normal,TIDAK ADA,2026-09-03 15:24:34,Biasa / Mengikuti Pasar
15:24,JAYA,Token Mati (Perlu Update),Small Cap (Lapis 3),Undervalued (Murah),10.894064,0.86399525,145.0,134,128,172,-2.027027027027027,15518100,Tembus MA20,72,Negatif,Uptrend,Bullish,Strong Bullish,Perfect Uptrend (5>20>50),Akumulasi Kuat,Akumulasi (Naik),Gap Down (-4.1%),Seimbang / Adu Mekanik,Breakout Upper,Sedang,Normal,Rawan Pucuk (High Risk),> 1 Miliar,Di Bawah VWAP (Lemah),Distribusi Pro (Guyuran),Gorengan Sepi (< 5M),Normal (50-150%),Mark-Up (Fase Pesta),Spesialis Tiang Jemuran (Banting Pucuk),Normal,Turun 1 Hari Beruntun,TP: 157 | CL: 136,Normal,Ideal (1:2),Netral / Sideways,Netral / Sepi Berita,Normal / Sedang Transisi,Mendekati Fibo 50.0%,7,BELI,HOLD / NEUTRAL,0.0,Kondisi pasar normal,TIDAK ADA,2026-09-03 15:24:34,Biasa / Mengikuti Pasar
15:24,COCO,Token Mati (Perlu Update),Mid Cap (Lapis 2),Overvalued (Mahal),17.594501,5.5416055,128.0,106,96,134,6.666666666666667,2171914300,Tembus MA20,59,Positif,Uptrend,Bullish,Bullish MACD,Awal Reversal (5>20),Akumulasi Kuat,Akumulasi (Naik),Normal,Seimbang / Adu Mekanik,Breakout Upper,Tinggi,Normal,Rawan Pucuk (High Risk),> 1 Miliar,Di Atas VWAP (Kuat),Akumulasi Pro (Smart Money),Sultan (> 50M/hari),Anomali Tinggi (150-300%),Accumulation (Kumpul Barang),Normal,Normal,Naik 1 Hari Beruntun,TP: 139 | CL: 120,Open = Low (Bullish Kuat),Tidak Ideal (< 1:1),Overbought (Jenuh Beli - Rawan),Netral / Sepi Berita,Normal / Sedang Transisi,Mengambang (Jauh dari Fibo),8,BELI,HOLD / NEUTRAL,0.0,Kondisi pasar normal,TIDAK ADA,2026-09-03 15:24:34,⚠️ Anomali (Sudah Terbang)
15:24,HRME,Transaksi Sepi (Skip Broksum),Small Cap (Lapis 3),Fair Value (Wajar),0.0,0.4624095,41.0,41,36,45,0.0,791900,Normal,49,Negatif,Downtrend,Bearish,Bullish MACD,Strong Downtrend (5<20<50),Normal,Akumulasi (Naik),Normal,Dominan Beli (Hajar Kanan),Normal,Tinggi,Doji (Ragu-ragu),Rawan Pucuk (High Risk),< 1 Miliar,Di Atas VWAP (Kuat),Akumulasi Pro (Smart Money),Gorengan Sepi (< 5M),Sepi (< 50%),Mark-Down (Fase Runtuh),Normal,Jarum Bawah (Sinyal Pantulan Kuat),Sideways / Stagnan,TP: 44 | CL: 39,Normal,Tidak Ideal (< 1:1),Netral / Sideways,Netral / Sepi Berita,Normal / Sedang Transisi,Mendekati Fibo 78.6%,3,WAIT & SEE,HOLD / NEUTRAL,0.0,Kondisi pasar normal,TIDAK ADA,2026-09-03 15:24:34,Biasa / Mengikuti Pasar
15:24,JAST,Token Mati (Perlu Update),Small Cap (Lapis 3),Fair Value (Wajar),0.0,1.831716,94.0,88,81,120,1.0752688172043012,17301500,Normal,57,Positif,Uptrend,Bullish,Strong Bullish,Perfect Uptrend (5>20>50),Normal,Distribusi (Turun),Normal,Seimbang / Adu Mekanik,Normal,Tinggi,Normal,Rawan Pucuk (High Risk),> 1 Miliar,Di Bawah VWAP (Lemah),Distribusi Pro (Guyuran),Gorengan Sepi (< 5M),Sepi (< 50%),Mark-Up (Fase Pesta),Spesialis Tiang Jemuran (Banting Pucuk),Normal,Naik 1 Hari Beruntun,TP: 106 | CL: 86,Normal,Ideal (1:2),Golden Cross (Awal Bullish),Netral / Sepi Berita,Normal / Sedang Transisi,Dekat Support Fibo 50.0%,5,WAIT & SEE,HOLD / NEUTRAL,0.0,Kondisi pasar normal,TIDAK ADA,2026-09-03 15:24:34,Biasa / Mengikuti Pasar
15:24,FITT,Token Mati (Perlu Update),Small Cap (Lapis 3),Overvalued (Mahal),0.0,7.8286247,440.0,380,348,486,-2.2222222222222223,3762900,Tembus MA20,72,Negatif,Uptrend,Bullish,Strong Bullish,Perfect Uptrend (5>20>50),Distribusi Kuat,Akumulasi (Naik),Normal,Dominan Jual (Guyur),Breakout Upper,Tinggi,Normal,Rawan Pucuk (High Risk),> 1 Miliar,Di Atas VWAP (Kuat),Distribusi Pro (Guyuran),Gorengan Sepi (< 5M),Anomali Tinggi (150-300%),Mark-Up (Fase Pesta),Spesialis Tiang Jemuran (Banting Pucuk),Normal,Turun 1 Hari Beruntun,TP: 490 | CL: 406,Normal,Tidak Ideal (< 1:1),Netral / Sideways,Netral / Sepi Berita,Supply Banjir (Distribusi) 🌊,Dekat Support Fibo 23.6%,6,WAIT & SEE,HOLD / NEUTRAL,0.0,Kondisi pasar normal,TIDAK ADA,2026-09-03 15:24:34,Biasa / Mengikuti Pasar
15:24,BOLA,Transaksi Sepi (Skip Broksum),Small Cap (Lapis 3),Fair Value (Wajar),0.0,1.6717921,162.0,152,143,172,1.25,793900,Normal,65,Positif,Uptrend,Golden Cross,Bullish MACD,Awal Reversal (5>20),Normal,Akumulasi (Naik),Normal,Seimbang / Adu Mekanik,Breakout Upper,Sedang,Doji (Ragu-ragu),Rawan Pucuk (High Risk),< 1 Miliar,Di Atas VWAP (Kuat),Distribusi Pro (Guyuran),Gorengan Sepi (< 5M),Sepi (< 50%),Accumulation (Kumpul Barang),Normal,Normal,Naik 4 Hari Beruntun,TP: 170 | CL: 156,Normal,Tidak Ideal (< 1:1),Netral / Sideways,Netral / Sepi Berita,Normal / Sedang Transisi,Dekat Support Fibo 38.2%,6,WAIT & SEE,HOLD / NEUTRAL,0.0,Kondisi pasar normal,TIDAK ADA,2026-09-03 15:24:34,Biasa / Mengikuti Pasar
15:24,CCSI,Transaksi Sepi (Skip Broksum),Small Cap (Lapis 3),Undervalued (Murah),8.857723,0.69802785,290.0,261,242,312,0.0,1084400,Tembus MA20,71,Negatif,Uptrend,Bullish,Strong Bullish,Perfect Uptrend (5>20>50),Normal,Akumulasi (Naik),Normal,Seimbang / Adu Mekanik,Normal,Tinggi,Normal,Rawan Pucuk (High Risk),< 1 Miliar,Di Atas VWAP (Kuat),Distribusi Pro (Guyuran),Gorengan Sepi (< 5M),Normal (50-150%),Mark-Up (Fase Pesta),Spesialis Tiang Jemuran (Banting Pucuk),Jarum Bawah (Sinyal Pantulan Kuat),Sideways / Stagnan,TP: 325 | CL: 266,Normal,Tidak Ideal (< 1:1),Death Cross (Awal Bearish),Netral / Sepi Berita,Supply Banjir (Distribusi) 🌊,Golden Rebound Fibo 23.6% 🎯,6,WAIT & SEE,HOLD / NEUTRAL,0.0,Kondisi pasar normal,TIDAK ADA,2026-09-03 15:24:34,Biasa / Mengikuti Pasar
15:24,SFAN,Transaksi Sepi (Skip Broksum),Mid Cap (Lapis 2),Overvalued (Mahal),0.0,28.902145,2030.0,2015,1970,2060,-0.49019607843137253,40500,Normal,65,Negatif,Uptrend,Bullish,Strong Bullish,Perfect Uptrend (5>20>50),Normal,Akumulasi (Naik),Normal,Dominan Jual (Guyur),Squeeze,Rendah,Normal,Area Tengah,< 1 Miliar,Persis di VWAP,Akumulasi Pro (Smart Money),Gorengan Sepi (< 5M),Normal (50-150%),Mark-Up (Fase Pesta),Normal,Normal,Turun 2 Hari Beruntun,TP: 2051 | CL: 2015,Normal,Tidak Ideal (< 1:1),Death Cross (Awal Bearish),Netral / Sepi Berita,Normal / Sedang Transisi,Dekat Support Fibo 38.2%,5,WAIT & SEE,HOLD / NEUTRAL,0.0,Kondisi pasar normal,TIDAK ADA,2026-09-03 15:24:34,Biasa / Mengikuti Pasar
15:24,POLU,Transaksi Sepi (Skip Broksum),Big Cap (Lapis 1),Overvalued (Mahal),0.0,112.31265,18300.0,14065,11000,21850,-5.548387096774193,31700,Tembus MA20,70,Negatif,Uptrend,Bullish,Strong Bullish,Perfect Uptrend (5>20>50),Normal,Distribusi (Turun),Normal,Dominan Jual (Guyur),Normal,Tinggi,Normal,Rawan Pucuk (High Risk),< 1 Miliar,Di Bawah VWAP (Lemah),Distribusi Pro (Guyuran),Gorengan Sepi (< 5M),Normal (50-150%),Mark-Up (Fase Pesta),Spesialis Tiang Jemuran (Banting Pucuk),Normal,Turun 1 Hari Beruntun,TP: 20558 | CL: 16794,Normal,Tidak Ideal (< 1:1),Death Cross (Awal Bearish),Netral / Sepi Berita,Normal / Sedang Transisi,Mengambang (Jauh dari Fibo),5,WAIT & SEE,HOLD / NEUTRAL,0.0,Kondisi pasar normal,TIDAK ADA,2026-09-03 15:24:34,Biasa / Mengikuti Pasar
15:24,KJEN,Transaksi Sepi (Skip Broksum),Small Cap (Lapis 3),Fair Value (Wajar),0.0,1.3186287,165.0,161,138,193,0.0,3509800,Normal,58,Negatif,Uptrend,Bullish,Bearish MACD,Perfect Uptrend (5>20>50),Normal,Akumulasi (Naik),Normal,Seimbang / Adu Mekanik,Normal,Tinggi,Normal,Rawan Pucuk (High Risk),< 1 Miliar,Persis di VWAP,Akumulasi Pro (Smart Money),Gorengan Sepi (< 5M),Normal (50-150%),Mark-Up (Fase Pesta),Normal,Normal,Sideways / Stagnan,TP: 180 | CL: 154,Normal,Menengah (1:1),Netral / Sideways,Netral / Sepi Berita,Normal / Sedang Transisi,Mendekati Fibo 38.2%,4,WAIT & SEE,HOLD / NEUTRAL,0.0,Kondisi pasar normal,TIDAK ADA,2026-09-03 15:24:34,Biasa / Mengikuti Pasar
15:24,ITIC,Transaksi Sepi (Skip Broksum),Small Cap (Lapis 3),Undervalued (Murah),10.613043,0.44601113,228.0,226,216,248,0.0,315200,Normal,59,Negatif,Uptrend,Bearish,Bearish MACD,Konsolidasi / Transisi,Normal,Akumulasi (Naik),Normal,Seimbang / Adu Mekanik,Squeeze,Rendah,Doji (Ragu-ragu),Area Tengah,< 1 Miliar,Persis di VWAP,Distribusi Pro (Guyuran),Gorengan Sepi (< 5M),Normal (50-150%),Mark-Up (Fase Pesta),Spesialis Tiang Jemuran (Banting Pucuk),Normal,Sideways / Stagnan,TP: 239 | CL: 220,Normal,Ideal (1:2),Netral / Sideways,Netral / Sepi Berita,Normal / Sedang Transisi,Mendekati Fibo 38.2%,3,WAIT & SEE,HOLD / NEUTRAL,0.0,Kondisi pasar normal,TIDAK ADA,2026-09-03 15:24:34,Biasa / Mengikuti Pasar
15:24,PAMG,Transaksi Sepi (Skip Broksum),Small Cap (Lapis 3),Fair Value (Wajar),0.0,0.40032315,55.0,56,53,64,0.0,3619200,Normal,47,Negatif,Downtrend,Bearish,Strong Bearish,Konsolidasi / Transisi,Normal,Distribusi (Turun),Normal,Dominan Jual (Guyur),Squeeze,Rendah,Normal,Area Tengah,< 1 Miliar,Di Bawah VWAP (Lemah),Distribusi Pro (Guyuran),Gorengan Sepi (< 5M),Sepi (< 50%),Distribution (Fase Jualan),Spesialis Tiang Jemuran (Banting Pucuk),Normal,Sideways / Stagnan,TP: 58 | CL: 52,Open = High (Tekanan Jual),Sangat Menarik (> 1:3),Netral / Sideways,Netral / Sepi Berita,Normal / Sedang Transisi,Dekat Support Fibo 78.6%,0,WAIT & SEE,HOLD / NEUTRAL,0.0,Kondisi pasar normal,TIDAK ADA,2026-09-03 15:24:34,Biasa / Mengikuti Pasar
15:24,IPTV,Transaksi Sepi (Skip Broksum),Mid Cap (Lapis 2),Fair Value (Wajar),0.0,0.22543323,31.0,30,29,32,-3.125,1814100,Normal,50,Negatif,Uptrend,Bullish,Strong Bullish,Awal Reversal (5>20),Normal,Akumulasi (Naik),Normal,Dominan Jual (Guyur),Normal,Sedang,Normal,Area Tengah,< 1 Miliar,Persis di VWAP,Akumulasi Pro (Smart Money),Gorengan Sepi (< 5M),Normal (50-150%),Accumulation (Kumpul Barang),Normal,Normal,Turun 1 Hari Beruntun,TP: 32 | CL: 30,Open = High (Tekanan Jual),Tidak Ideal (< 1:1),Death Cross (Awal Bearish),Netral / Sepi Berita,Normal / Sedang Transisi,Mendekati Fibo 78.6%,4,WAIT & SEE,HOLD / NEUTRAL,0.0,Kondisi pasar normal,TIDAK ADA,2026-09-03 15:24:34,Biasa / Mengikuti Pasar
15:24,BLUE,Transaksi Sepi (Skip Broksum),Mid Cap (Lapis 2),Overvalued (Mahal),80.05781,12.068455,2770.0,2570,2290,2970,-0.7168458781362007,149500,Normal,57,Negatif,Uptrend,Bullish,Strong Bullish,Awal Reversal (5>20),Normal,Distribusi (Turun),Normal,Dominan Jual (Guyur),Normal,Tinggi,Normal,Rawan Pucuk (High Risk),< 1 Miliar,Persis di VWAP,Distribusi Pro (Guyuran),Gorengan Sepi (< 5M),Sepi (< 50%),Accumulation (Kumpul Barang),Spesialis Tiang Jemuran (Banting Pucuk),Normal,Turun 1 Hari Beruntun,TP: 3012 | CL: 2608,Normal,Tidak Ideal (< 1:1),Death Cross (Awal Bearish),Netral / Sepi Berita,Normal / Sedang Transisi,Mengambang (Jauh dari Fibo),4,WAIT & SEE,HOLD / NEUTRAL,0.0,Kondisi pasar normal,TIDAK ADA,2026-09-03 15:24:34,Biasa / Mengikuti Pasar
15:24,EAST,Transaksi Sepi (Skip Broksum),Small Cap (Lapis 3),Fair Value (Wajar),21.728632,0.80956364,90.0,90,89,92,0.0,1730100,Normal,51,Negatif,Downtrend,Bearish,Bearish MACD,Konsolidasi / Transisi,Normal,Akumulasi (Naik),Normal,Dominan Beli (Hajar Kanan),Squeeze,Rendah,Doji (Ragu-ragu),Dekat Support (Low Risk),< 1 Miliar,Persis di VWAP,Akumulasi Pro (Smart Money),Gorengan Sepi (< 5M),Normal (50-150%),Distribution (Fase Jualan),Normal,Jarum Bawah (Sinyal Pantulan Kuat),Sideways / Stagnan,TP: 91 | CL: 88,Normal,Ideal (1:2),Netral / Sideways,Netral / Sepi Berita,Normal / Sedang Transisi,Golden Rebound Fibo 23.6% 🎯,3,WAIT & SEE,HOLD / NEUTRAL,0.0,Kondisi pasar normal,TIDAK ADA,2026-09-03 15:24:34,Biasa / Mengikuti Pasar
15:24,LIFE,Token Mati (Perlu Update),Big Cap (Lapis 1),Overvalued (Mahal),93.91704,3.1975152,12475.0,7210,5500,13850,8.008658008658008,135800,Tembus MA20,94,Positif,Uptrend,Bullish,Strong Bullish,Perfect Uptrend (5>20>50),Distribusi Kuat,Akumulasi (Naik),Gap Up (+19.9%),Seimbang / Adu Mekanik,Breakout Upper,Tinggi,Normal,Rawan Pucuk (High Risk),> 1 Miliar,Di Atas VWAP (Kuat),Akumulasi Pro (Smart Money),Gorengan Sepi (< 5M),Anomali Tinggi (150-300%),Mark-Up (Fase Pesta),Normal,Normal,Naik 1 Hari Beruntun,TP: 13605 | CL: 11721,Open = High (Tekanan Jual),Tidak Ideal (< 1:1),Overbought (Jenuh Beli - Rawan),Netral / Sepi Berita,Normal / Sedang Transisi,Mendekati Fibo 23.6%,8,BELI,HOLD / NEUTRAL,0.0,Kondisi pasar normal,TIDAK ADA,2026-09-03 15:24:34,Biasa / Mengikuti Pasar
15:24,FUJI,Transaksi Sepi (Skip Broksum),Small Cap (Lapis 3),Overvalued (Mahal),42.605637,1.7067976,242.0,260,200,386,-2.4193548387096775,3996800,Normal,46,Negatif,Downtrend,Bullish,Bearish MACD,Perfect Uptrend (5>20>50),Normal,Distribusi (Turun),Normal,Seimbang / Adu Mekanik,Normal,Tinggi,Normal,Rawan Pucuk (High Risk),< 1 Miliar,Di Bawah VWAP (Lemah),Distribusi Pro (Guyuran),Gorengan Sepi (< 5M),Sepi (< 50%),Distribution (Fase Jualan),Normal,Normal,Turun 5 Hari Beruntun,TP: 295 | CL: 206,Normal,Sangat Menarik (> 1:3),Netral / Sideways,Netral / Sepi Berita,Normal / Sedang Transisi,Mengambang (Jauh dari Fibo),1,WAIT & SEE,HOLD / NEUTRAL,0.0,Kondisi pasar normal,TIDAK ADA,2026-09-03 15:24:34,Biasa / Mengikuti Pasar
15:24,KOTA,Token Mati (Perlu Update),Mid Cap (Lapis 2),Overvalued (Mahal),33.183857,1.8855906,222.0,179,140,252,-3.4782608695652173,1092141900,Normal,68,Negatif,Uptrend,Bullish,Strong Bullish,Perfect Uptrend (5>20>50),Normal,Akumulasi (Naik),Gap Up (+2.6%),Dominan Jual (Guyur),Normal,Tinggi,Normal,Rawan Pucuk (High Risk),> 1 Miliar,Di Atas VWAP (Kuat),Akumulasi Pro (Smart Money),Sultan (> 50M/hari),Normal (50-150%),Mark-Up (Fase Pesta),Normal,Normal,Turun 1 Hari Beruntun,TP: 255 | CL: 199,Normal,Tidak Ideal (< 1:1),Death Cross (Awal Bearish),Netral / Sepi Berita,Normal / Sedang Transisi,Mengambang (Jauh dari Fibo),6,WAIT & SEE,HOLD / NEUTRAL,0.0,Kondisi pasar normal,TIDAK ADA,2026-09-03 15:24:34,🔥 ANOMALI BANDAR (Siap Ledakan)
15:24,INOV,Transaksi Sepi (Skip Broksum),Small Cap (Lapis 3),Undervalued (Murah),7.379875,0.677738,137.0,143,131,154,-2.8368794326241136,4066000,Tembus MA20,45,Negatif,Downtrend,Bearish,Bearish MACD,Konsolidasi / Transisi,Normal,Distribusi (Turun),Normal,Dominan Jual (Guyur),Bottom Rebound,Sedang,Normal,Area Tengah,< 1 Miliar,Di Bawah VWAP (Lemah),Distribusi Pro (Guyuran),Gorengan Sepi (< 5M),Normal (50-150%),Distribution (Fase Jualan),Normal,Normal,Turun 1 Hari Beruntun,TP: 146 | CL: 130,Normal,Ideal (1:2),Netral / Sideways,Netral / Sepi Berita,Normal / Sedang Transisi,Mendekati Fibo 38.2%,1,WAIT & SEE,HOLD / NEUTRAL,0.0,Kondisi pasar normal,TIDAK ADA,2026-09-03 15:24:34,Biasa / Mengikuti Pasar
15:24,SMKL,Transaksi Sepi (Skip Broksum),Small Cap (Lapis 3),Undervalued (Murah),4.6995335,0.5106545,155.0,147,142,164,5.442176870748299,2928300,Tembus MA20,67,Positif,Uptrend,Golden Cross,Strong Bullish,Perfect Uptrend (5>20>50),Akumulasi Kuat,Akumulasi (Naik),Normal,Seimbang / Adu Mekanik,Squeeze,Rendah,Normal,Area Tengah,< 1 Miliar,Di Atas VWAP (Kuat),Distribusi Pro (Guyuran),Gorengan Sepi (< 5M),Ledakan Ekstrem (> 300%),Mark-Up (Fase Pesta),Spesialis Tiang Jemuran (Banting Pucuk),Normal,Naik 1 Hari Beruntun,TP: 164 | CL: 148,Open = Low (Bullish Kuat),Tidak Ideal (< 1:1),Netral / Sideways,Netral / Sepi Berita,Normal / Sedang Transisi,Mengambang (Jauh dari Fibo),8,BELI,HOLD / NEUTRAL,0.0,Kondisi pasar normal,TIDAK ADA,2026-09-03 15:24:34,Biasa / Mengikuti Pasar
15:24,HDIT,Token Mati (Perlu Update),Small Cap (Lapis 3),Fair Value (Wajar),0.0,0.3341576,51.0,50,50,61,2.0,26656100,Normal,57,Positif,Uptrend,Bearish,Bullish MACD,Konsolidasi / Transisi,Normal,Akumulasi (Naik),Gap Up (+2.0%),Seimbang / Adu Mekanik,Squeeze,Rendah,Doji (Ragu-ragu),Dekat Support (Low Risk),> 1 Miliar,Di Bawah VWAP (Lemah),Distribusi Pro (Guyuran),Gorengan Sepi (< 5M),Normal (50-150%),Mark-Up (Fase Pesta),Spesialis Tiang Jemuran (Banting Pucuk),Normal,Naik 1 Hari Beruntun,TP: 53 | CL: 49,Normal,Sangat Menarik (> 1:3),Oversold (Jenuh Jual - Peluang),Netral / Sepi Berita,Normal / Sedang Transisi,Golden Rebound Fibo Bottom / 100% 🎯,6,WAIT & SEE,HOLD / NEUTRAL,0.0,Kondisi pasar normal,TIDAK ADA,2026-09-03 15:24:34,Biasa / Mengikuti Pasar
15:24,KEEN,Token Mati (Perlu Update),Mid Cap (Lapis 2),Overvalued (Mahal),35.66066,19387.756,950.0,892,835,975,2.7027027027027026,14187900,Tembus MA20,68,Positif,Uptrend,Bullish,Strong Bullish,Perfect Uptrend (5>20>50),Normal,Akumulasi (Naik),Normal,Seimbang / Adu Mekanik,Breakout Upper,Sedang,Normal,Rawan Pucuk (High Risk),> 1 Miliar,Di Atas VWAP (Kuat),Akumulasi Pro (Smart Money),Ritel Aktif (5M - 50M),Normal (50-150%),Mark-Up (Fase Pesta),Normal,Normal,Naik 1 Hari Beruntun,TP: 994 | CL: 920,Open = Low (Bullish Kuat),Tidak Ideal (< 1:1),Netral / Sideways,Netral / Sepi Berita,Normal / Sedang Transisi,Mendekati Fibo 23.6%,7,BELI,HOLD / NEUTRAL,0.0,Kondisi pasar normal,TIDAK ADA,2026-09-03 15:24:34,Biasa / Mengikuti Pasar
15:24,BAPI,Transaksi Sepi (Skip Broksum),Small Cap (Lapis 3),Fair Value (Wajar),0.0,0.26727813,19.0,18,17,20,5.555555555555555,6068700,Normal,54,Positif,Uptrend,Bearish,Bearish MACD,Konsolidasi / Transisi,Normal,Akumulasi (Naik),Normal,Dominan Beli (Hajar Kanan),Normal,Tinggi,Marubozu (Strong Bullish),Rawan Pucuk (High Risk),< 1 Miliar,Di Atas VWAP (Kuat),Akumulasi Pro (Smart Money),Gorengan Sepi (< 5M),Normal (50-150%),Mark-Up (Fase Pesta),Normal,Normal,Naik 1 Hari Beruntun,TP: 20 | CL: 18,Open = Low (Bullish Kuat),Tidak Ideal (< 1:1),Netral / Sideways,Netral / Sepi Berita,Normal / Sedang Transisi,Mendekati Fibo 38.2%,5,WAIT & SEE,HOLD / NEUTRAL,0.0,Kondisi pasar normal,TIDAK ADA,2026-09-03 15:24:34,Biasa / Mengikuti Pasar
15:24,TFAS,Transaksi Sepi (Skip Broksum),Small Cap (Lapis 3),Fair Value (Wajar),0.0,1.8487983,185.0,186,181,200,1.6483516483516485,1184800,Tembus MA20,48,Positif,Downtrend,Bearish,Bullish MACD,Strong Downtrend (5<20<50),Distribusi Kuat,Akumulasi (Naik),Gap Up (+2.2%),Dominan Jual (Guyur),Squeeze,Rendah,Doji (Ragu-ragu),Dekat Support (Low Risk),< 1 Miliar,Persis di VWAP,Distribusi Pro (Guyuran),Gorengan Sepi (< 5M),Ledakan Ekstrem (> 300%),Mark-Down (Fase Runtuh),Spesialis Tiang Jemuran (Banting Pucuk),Normal,Naik 1 Hari Beruntun,TP: 196 | CL: 177,Normal,Sangat Menarik (> 1:3),Golden Cross (Awal Bullish),Netral / Sepi Berita,Normal / Sedang Transisi,Dekat Support Fibo 78.6%,5,WAIT & SEE,HOLD / NEUTRAL,0.0,Kondisi pasar normal,TIDAK ADA,2026-09-03 15:24:34,Biasa / Mengikuti Pasar
15:24,GGRP,Transaksi Sepi (Skip Broksum),Mid Cap (Lapis 2),Overvalued (Mahal),0.0,6113.2075,324.0,305,298,328,1.25,1373300,Tembus MA20,79,Positif,Uptrend,Bullish,Strong Bullish,Perfect Uptrend (5>20>50),Normal,Akumulasi (Naik),Normal,Seimbang / Adu Mekanik,Breakout Upper,Sedang,Normal,Area Tengah,< 1 Miliar,Di Atas VWAP (Kuat),Akumulasi Pro (Smart Money),Gorengan Sepi (< 5M),Normal (50-150%),Mark-Up (Fase Pesta),Normal,Normal,Naik 4 Hari Beruntun,TP: 335 | CL: 316,Open = Low (Bullish Kuat),Tidak Ideal (< 1:1),Netral / Sideways,Netral / Sepi Berita,Normal / Sedang Transisi,Mendekati Fibo 23.6%,7,BELI,HOLD / NEUTRAL,0.0,Kondisi pasar normal,TIDAK ADA,2026-09-03 15:24:34,Biasa / Mengikuti Pasar
15:24,OPMS,Transaksi Sepi (Skip Broksum),Small Cap (Lapis 3),Fair Value (Wajar),0.0,1.3575109,123.0,125,114,144,0.819672131147541,1104200,Normal,56,Positif,Downtrend,Bearish,Bearish MACD,Konsolidasi / Transisi,Normal,Akumulasi (Naik),Normal,Seimbang / Adu Mekanik,Normal,Sedang,Normal,Area Tengah,< 1 Miliar,Persis di VWAP,Distribusi Pro (Guyuran),Gorengan Sepi (< 5M),Sepi (< 50%),Distribution (Fase Jualan),Spesialis Tiang Jemuran (Banting Pucuk),Normal,Naik 1 Hari Beruntun,TP: 131 | CL: 117,Normal,Ideal (1:2),Golden Cross (Awal Bullish),Netral / Sepi Berita,Normal / Sedang Transisi,Mendekati Fibo 38.2%,3,WAIT & SEE,HOLD / NEUTRAL,0.0,Kondisi pasar normal,TIDAK ADA,2026-09-03 15:24:34,Biasa / Mengikuti Pasar
15:24,NZIA,Token Mati (Perlu Update),Small Cap (Lapis 3),Overvalued (Mahal),130.79848,0.82536757,172.0,146,131,202,2.380952380952381,25790000,Normal,63,Positif,Uptrend,Bullish,Strong Bullish,Perfect Uptrend (5>20>50),Normal,Distribusi (Turun),Normal,Dominan Beli (Hajar Kanan),Normal,Tinggi,Normal,Rawan Pucuk (High Risk),> 1 Miliar,Persis di VWAP,Distribusi Pro (Guyuran),Ritel Aktif (5M - 50M),Sepi (< 50%),Mark-Up (Fase Pesta),Normal,Normal,Naik 1 Hari Beruntun,TP: 199 | CL: 153,Normal,Tidak Ideal (< 1:1),Death Cross (Awal Bearish),Netral / Sepi Berita,Normal / Sedang Transisi,Mendekati Fibo 78.6%,6,WAIT & SEE,HOLD / NEUTRAL,0.0,Kondisi pasar normal,TIDAK ADA,2026-09-03 15:24:34,Biasa / Mengikuti Pasar
15:24,SLIS,Token Mati (Perlu Update),Small Cap (Lapis 3),Fair Value (Wajar),0.0,0.7020554,90.0,88,64,114,-1.098901098901099,11936300,Normal,57,Negatif,Uptrend,Bullish,Bearish MACD,Perfect Uptrend (5>20>50),Normal,Distribusi (Turun),Normal,Dominan Jual (Guyur),Normal,Tinggi,Normal,Rawan Pucuk (High Risk),> 1 Miliar,Di Bawah VWAP (Lemah),Distribusi Pro (Guyuran),Gorengan Sepi (< 5M),Sepi (< 50%),Mark-Up (Fase Pesta),Spesialis Tiang Jemuran (Banting Pucuk),Normal,Turun 2 Hari Beruntun,TP: 103 | CL: 80,Normal,Tidak Ideal (< 1:1),Netral / Sideways,Netral / Sepi Berita,Normal / Sedang Transisi,Dekat Support Fibo 38.2%,3,WAIT & SEE,HOLD / NEUTRAL,0.0,Kondisi pasar normal,TIDAK ADA,2026-09-03 15:24:34,Biasa / Mengikuti Pasar
15:24,IRRA,Transaksi Sepi (Skip Broksum),Small Cap (Lapis 3),Undervalued (Murah),8.757062,0.9279215,372.0,371,364,384,0.0,256900,Normal,50,Negatif,Uptrend,Bearish,Strong Bearish,Konsolidasi / Transisi,Normal,Akumulasi (Naik),Normal,Seimbang / Adu Mekanik,Squeeze,Rendah,Normal,Dekat Support (Low Risk),< 1 Miliar,Persis di VWAP,Akumulasi Pro (Smart Money),Gorengan Sepi (< 5M),Normal (50-150%),Accumulation (Kumpul Barang),Normal,Normal,Sideways / Stagnan,TP: 384 | CL: 363,Normal,Menengah (1:1),Golden Cross (Awal Bullish),Netral / Sepi Berita,Normal / Sedang Transisi,Dekat Support Fibo 50.0%,2,WAIT & SEE,HOLD / NEUTRAL,0.0,Kondisi pasar normal,TIDAK ADA,2026-09-03 15:24:34,Biasa / Mengikuti Pasar
15:24,DMMX,Transaksi Sepi (Skip Broksum),Mid Cap (Lapis 2),Overvalued (Mahal),34.862385,2.0333252,190.0,188,179,236,0.0,1445900,Normal,54,Negatif,Uptrend,Bullish,Bearish MACD,Perfect Uptrend (5>20>50),Normal,Distribusi (Turun),Normal,Dominan Jual (Guyur),Normal,Sedang,Normal,Area Tengah,< 1 Miliar,Di Bawah VWAP (Lemah),Distribusi Pro (Guyuran),Gorengan Sepi (< 5M),Sepi (< 50%),Mark-Up (Fase Pesta),Spesialis Tiang Jemuran (Banting Pucuk),Normal,Sideways / Stagnan,TP: 205 | CL: 179,Normal,Sangat Menarik (> 1:3),Oversold (Jenuh Jual - Peluang),Netral / Sepi Berita,Normal / Sedang Transisi,Mengambang (Jauh dari Fibo),3,WAIT & SEE,HOLD / NEUTRAL,0.0,Kondisi pasar normal,TIDAK ADA,2026-09-03 15:24:34,Biasa / Mengikuti Pasar
15:24,SINI,Token Mati (Perlu Update),Big Cap (Lapis 1),Fair Value (Wajar),16.819044,-56.158207,14525.0,8632,6700,14725,13.92156862745098,27489300,Tembus MA20,88,Positif,Uptrend,Bullish,Strong Bullish,Perfect Uptrend (5>20>50),Akumulasi Kuat,Akumulasi (Naik),Normal,Dominan Beli (Hajar Kanan),Breakout Upper,Tinggi,Marubozu (Strong Bullish),Rawan Pucuk (High Risk),> 1 Miliar,Di Atas VWAP (Kuat),Akumulasi Pro (Smart Money),Sultan (> 50M/hari),Anomali Tinggi (150-300%),Mark-Up (Fase Pesta),Normal,Normal,Naik 6 Hari Beruntun,TP: 15800 | CL: 13675,Normal,Tidak Ideal (< 1:1),Overbought (Jenuh Beli - Rawan),Netral / Sepi Berita,Normal / Sedang Transisi,Mengambang (Jauh dari Fibo),9,BELI,HOLD / NEUTRAL,0.0,Kondisi pasar normal,TIDAK ADA,2026-09-03 15:24:34,⚠️ Anomali (Sudah Terbang)
15:24,WOWS,Token Mati (Perlu Update),Small Cap (Lapis 3),Fair Value (Wajar),0.0,0.26962432,59.0,60,56,68,-1.6666666666666667,27421000,Normal,48,Negatif,Downtrend,Bearish,Bearish MACD,Konsolidasi / Transisi,Normal,Distribusi (Turun),Normal,Dominan Jual (Guyur),Normal,Sedang,Normal,Area Tengah,> 1 Miliar,Di Bawah VWAP (Lemah),Distribusi Pro (Guyuran),Gorengan Sepi (< 5M),Normal (50-150%),Distribution (Fase Jualan),Normal,Normal,Turun 1 Hari Beruntun,TP: 65 | CL: 54,Normal,Ideal (1:2),Netral / Sideways,Netral / Sepi Berita,Supply Banjir (Distribusi) 🌊,Mendekati Fibo 61.8% (Golden Ratio),0,WAIT & SEE,HOLD / NEUTRAL,0.0,Kondisi pasar normal,TIDAK ADA,2026-09-03 15:24:34,Biasa / Mengikuti Pasar
15:24,ESIP,Transaksi Sepi (Skip Broksum),Small Cap (Lapis 3),Overvalued (Mahal),40.133778,1.3329334,120.0,123,110,135,-0.8264462809917356,6990500,Normal,43,Negatif,Downtrend,Bearish,Strong Bearish,Strong Downtrend (5<20<50),Normal,Distribusi (Turun),Normal,Seimbang / Adu Mekanik,Normal,Sedang,Normal,Area Tengah,< 1 Miliar,Persis di VWAP,Akumulasi Pro (Smart Money),Gorengan Sepi (< 5M),Normal (50-150%),Mark-Down (Fase Runtuh),Normal,Normal,Turun 2 Hari Beruntun,TP: 126 | CL: 115,Normal,Ideal (1:2),Death Cross (Awal Bearish),Netral / Sepi Berita,Normal / Sedang Transisi,Mengambang (Jauh dari Fibo),0,WAIT & SEE,HOLD / NEUTRAL,0.0,Kondisi pasar normal,TIDAK ADA,2026-09-03 15:24:34,Biasa / Mengikuti Pasar
15:24,TEBE,Token Mati (Perlu Update),Mid Cap (Lapis 2),Fair Value (Wajar),17.600574,2.1250443,1720.0,1484,1070,1980,-1.1494252873563218,4658100,Normal,67,Negatif,Uptrend,Bullish,Strong Bullish,Perfect Uptrend (5>20>50),Normal,Distribusi (Turun),Normal,Dominan Jual (Guyur),Normal,Tinggi,Normal,Rawan Pucuk (High Risk),> 1 Miliar,Persis di VWAP,Distribusi Pro (Guyuran),Ritel Aktif (5M - 50M),Sepi (< 50%),Mark-Up (Fase Pesta),Spesialis Tiang Jemuran (Banting Pucuk),Normal,Turun 1 Hari Beruntun,TP: 1980 | CL: 1546,Normal,Tidak Ideal (< 1:1),Netral / Sideways,Netral / Sepi Berita,Normal / Sedang Transisi,Dekat Support Fibo 23.6%,4,WAIT & SEE,HOLD / NEUTRAL,0.0,Kondisi pasar normal,TIDAK ADA,2026-09-03 15:24:34,Biasa / Mengikuti Pasar
15:24,KEJU,Transaksi Sepi (Skip Broksum),Mid Cap (Lapis 2),Overvalued (Mahal),18.168604,4.1103277,625.0,594,565,650,-0.7936507936507936,128200,Normal,68,Negatif,Uptrend,Bullish,Strong Bullish,Perfect Uptrend (5>20>50),Normal,Akumulasi (Naik),Normal,Dominan Beli (Hajar Kanan),Normal,Sedang,Hammer (Potensi Reversal),Rawan Pucuk (High Risk),< 1 Miliar,Persis di VWAP,Distribusi Pro (Guyuran),Gorengan Sepi (< 5M),Sepi (< 50%),Mark-Up (Fase Pesta),Normal,Jarum Bawah (Sinyal Pantulan Kuat),Turun 1 Hari Beruntun,TP: 656 | CL: 603,Open = High (Tekanan Jual),Tidak Ideal (< 1:1),Death Cross (Awal Bearish),Netral / Sepi Berita,Normal / Sedang Transisi,Golden Rebound Fibo 23.6% 🎯,6,WAIT & SEE,HOLD / NEUTRAL,0.0,Kondisi pasar normal,TIDAK ADA,2026-09-03 15:24:34,Biasa / Mengikuti Pasar
15:24,PSGO,Transaksi Sepi (Skip Broksum),Mid Cap (Lapis 2),Undervalued (Murah),9.283695,1.3329093,197.0,195,191,206,0.0,749400,Tembus MA20,55,Negatif,Uptrend,Bearish,Bullish MACD,Strong Downtrend (5<20<50),Normal,Akumulasi (Naik),Normal,Dominan Jual (Guyur),Squeeze,Rendah,Doji (Ragu-ragu),Area Tengah,< 1 Miliar,Persis di VWAP,Distribusi Pro (Guyuran),Gorengan Sepi (< 5M),Normal (50-150%),Accumulation (Kumpul Barang),Normal,Normal,Sideways / Stagnan,TP: 203 | CL: 192,Normal,Menengah (1:1),Golden Cross (Awal Bullish),Netral / Sepi Berita,Normal / Sedang Transisi,Dekat Support Fibo 23.6%,5,WAIT & SEE,HOLD / NEUTRAL,0.0,Kondisi pasar normal,TIDAK ADA,2026-09-03 15:24:34,Biasa / Mengikuti Pasar
15:24,AGAR,Transaksi Sepi (Skip Broksum),Mid Cap (Lapis 2),Overvalued (Mahal),819.09546,14.420057,1630.0,1609,880,2000,-9.94475138121547,161400,Normal,66,Negatif,Uptrend,Bullish,Bearish MACD,Perfect Uptrend (5>20>50),Normal,Distribusi (Turun),Gap Down (-9.9%),Tidak Ada Transaksi,Normal,Tinggi,Doji (Ragu-ragu),Rawan Pucuk (High Risk),< 1 Miliar,Persis di VWAP,Netral,Gorengan Sepi (< 5M),Ledakan Ekstrem (> 300%),Mark-Up (Fase Pesta),Normal,Normal,Turun 1 Hari Beruntun,TP: 1691 | CL: 1588,Normal,Tidak Ideal (< 1:1),Netral / Sideways,Netral / Sepi Berita,Normal / Sedang Transisi,Mendekati Fibo 23.6%,3,WAIT & SEE,HOLD / NEUTRAL,0.0,Kondisi pasar normal,TIDAK ADA,2026-09-03 15:24:34,Biasa / Mengikuti Pasar
15:24,IFSH,Transaksi Sepi (Skip Broksum),Mid Cap (Lapis 2),Fair Value (Wajar),16.723976,2.4168556,1070.0,1107,1000,1295,-1.834862385321101,5900,Normal,44,Negatif,Downtrend,Bearish,Strong Bearish,Strong Downtrend (5<20<50),Normal,Distribusi (Turun),Normal,Dominan Jual (Guyur),Normal,Tinggi,Normal,Area Tengah,< 1 Miliar,Persis di VWAP,Distribusi Pro (Guyuran),Gorengan Sepi (< 5M),Sepi (< 50%),Mark-Down (Fase Runtuh),Solid (Jarang Dibanting),Normal,Turun 1 Hari Beruntun,TP: 1132 | CL: 1028,Open = High (Tekanan Jual),Sangat Menarik (> 1:3),Netral / Sideways,Netral / Sepi Berita,Normal / Sedang Transisi,Dekat Support Fibo 78.6%,0,WAIT & SEE,HOLD / NEUTRAL,0.0,Kondisi pasar normal,TIDAK ADA,2026-09-03 15:24:34,Biasa / Mengikuti Pasar
15:24,REAL,Transaksi Sepi (Skip Broksum),Small Cap (Lapis 3),Overvalued (Mahal),390.62497,0.88487744,50.0,51,50,56,0.0,545400,Normal,41,Negatif,Downtrend,Bearish,Strong Bearish,Konsolidasi / Transisi,Normal,Netral,Normal,Tidak Ada Transaksi,Normal,Sedang,Doji (Ragu-ragu),Dekat Support (Low Risk),< 1 Miliar,Persis di VWAP,Netral,Gorengan Sepi (< 5M),Sepi (< 50%),Distribution (Fase Jualan),Normal,Normal,Sideways / Stagnan,TP: 51 | CL: 48,Normal,Di Area Support,Oversold (Jenuh Jual - Peluang),Netral / Sepi Berita,Supply Kering (Siap Pump) 🏜️,Golden Rebound Fibo Bottom / 100% 🎯,0,WAIT & SEE,HOLD / NEUTRAL,0.0,Kondisi pasar normal,TIDAK ADA,2026-09-03 15:24:34,Biasa / Mengikuti Pasar
15:24,IFII,Transaksi Sepi (Skip Broksum),Mid Cap (Lapis 2),Undervalued (Murah),13.5909395,1.3649229,204.0,205,200,212,0.9900990099009901,21900,Normal,43,Positif,Downtrend,Bearish,Strong Bearish,Strong Downtrend (5<20<50),Normal,Distribusi (Turun),Normal,Seimbang / Adu Mekanik,Squeeze,Rendah,Doji (Ragu-ragu),Dekat Support (Low Risk),< 1 Miliar,Persis di VWAP,Distribusi Pro (Guyuran),Gorengan Sepi (< 5M),Sepi (< 50%),Mark-Down (Fase Runtuh),Solid (Jarang Dibanting),Normal,Naik 1 Hari Beruntun,TP: 209 | CL: 200,Normal,Ideal (1:2),Golden Cross (Awal Bullish),Netral / Sepi Berita,Normal / Sedang Transisi,Mendekati Fibo Bottom / 100%,1,WAIT & SEE,HOLD / NEUTRAL,0.0,Kondisi pasar normal,TIDAK ADA,2026-09-03 15:24:34,Biasa / Mengikuti Pasar
15:24,PMJS,Transaksi Sepi (Skip Broksum),Mid Cap (Lapis 2),Undervalued (Murah),10.364146,0.72752655,148.0,127,113,152,0.6802721088435374,1300500,Normal,74,Positif,Uptrend,Bullish,Strong Bullish,Perfect Uptrend (5>20>50),Normal,Akumulasi (Naik),Normal,Dominan Beli (Hajar Kanan),Normal,Tinggi,Normal,Rawan Pucuk (High Risk),< 1 Miliar,Di Atas VWAP (Kuat),Akumulasi Pro (Smart Money),Gorengan Sepi (< 5M),Sepi (< 50%),Mark-Up (Fase Pesta),Normal,Normal,Naik 1 Hari Beruntun,TP: 160 | CL: 139,Normal,Tidak Ideal (< 1:1),Overbought (Jenuh Beli - Rawan),Netral / Sepi Berita,Normal / Sedang Transisi,Mengambang (Jauh dari Fibo),7,BELI,HOLD / NEUTRAL,0.0,Kondisi pasar normal,TIDAK ADA,2026-09-03 15:24:34,Biasa / Mengikuti Pasar
15:24,UCID,Token Mati (Perlu Update),Mid Cap (Lapis 2),Undervalued (Murah),1.6359355,0.47573784,535.0,466,412,545,3.8834951456310676,1895500,Tembus MA20,85,Positif,Uptrend,Bullish,Strong Bullish,Perfect Uptrend (5>20>50),Normal,Akumulasi (Naik),Normal,Dominan Beli (Hajar Kanan),Breakout Upper,Tinggi,Normal,Rawan Pucuk (High Risk),> 1 Miliar,Di Atas VWAP (Kuat),Akumulasi Pro (Smart Money),Gorengan Sepi (< 5M),Normal (50-150%),Mark-Up (Fase Pesta),Normal,Normal,Naik 3 Hari Beruntun,TP: 565 | CL: 514,Normal,Tidak Ideal (< 1:1),Overbought (Jenuh Beli - Rawan),Netral / Sepi Berita,Normal / Sedang Transisi,Mengambang (Jauh dari Fibo),8,BELI,HOLD / NEUTRAL,0.0,Kondisi pasar normal,TIDAK ADA,2026-09-03 15:24:34,Biasa / Mengikuti Pasar
15:24,GLVA,Transaksi Sepi (Skip Broksum),Small Cap (Lapis 3),Undervalued (Murah),9.917254,1.191978,326.0,312,286,338,1.875,35500,Normal,66,Positif,Uptrend,Bullish,Strong Bullish,Perfect Uptrend (5>20>50),Normal,Akumulasi (Naik),Normal,Dominan Beli (Hajar Kanan),Squeeze,Rendah,Normal,Rawan Pucuk (High Risk),< 1 Miliar,Di Atas VWAP (Kuat),Akumulasi Pro (Smart Money),Gorengan Sepi (< 5M),Normal (50-150%),Mark-Up (Fase Pesta),Spesialis Tiang Jemuran (Banting Pucuk),Jarum Bawah (Sinyal Pantulan Kuat),Naik 2 Hari Beruntun,TP: 355 | CL: 306,Normal,Tidak Ideal (< 1:1),Netral / Sideways,Netral / Sepi Berita,Normal / Sedang Transisi,Golden Rebound Fibo 38.2% 🎯,7,BELI,HOLD / NEUTRAL,0.0,Kondisi pasar normal,TIDAK ADA,2026-09-03 15:24:34,Biasa / Mengikuti Pasar
15:24,PGJO,Token Mati (Perlu Update),Small Cap (Lapis 3),Fair Value (Wajar),0.0,-387.8282,965.0,853,715,1095,-3.9800995024875623,6862800,Tembus MA20,66,Negatif,Uptrend,Bullish,Strong Bullish,Perfect Uptrend (5>20>50),Distribusi Kuat,Distribusi (Turun),Gap Up (+4.5%),Dominan Jual (Guyur),Normal,Tinggi,Normal,Rawan Pucuk (High Risk),> 1 Miliar,Di Bawah VWAP (Lemah),Akumulasi Pro (Smart Money),Gorengan Sepi (< 5M),Ledakan Ekstrem (> 300%),Mark-Up (Fase Pesta),Solid (Jarang Dibanting),Normal,Turun 1 Hari Beruntun,TP: 1042 | CL: 913,Normal,Tidak Ideal (< 1:1),Death Cross (Awal Bearish),Netral / Sepi Berita,Supply Banjir (Distribusi) 🌊,Mengambang (Jauh dari Fibo),6,WAIT & SEE,HOLD / NEUTRAL,0.0,Kondisi pasar normal,TIDAK ADA,2026-09-03 15:24:34,Biasa / Mengikuti Pasar
15:24,AMAR,Transaksi Sepi (Skip Broksum),Mid Cap (Lapis 2),Undervalued (Murah),14.625,1.2260553,234.0,225,212,236,-0.847457627118644,589600,Normal,70,Negatif,Uptrend,Bullish,Strong Bullish,Perfect Uptrend (5>20>50),Normal,Akumulasi (Naik),Normal,Seimbang / Adu Mekanik,Normal,Sedang,Normal,Rawan Pucuk (High Risk),< 1 Miliar,Di Atas VWAP (Kuat),Akumulasi Pro (Smart Money),Gorengan Sepi (< 5M),Normal (50-150%),Mark-Up (Fase Pesta),Solid (Jarang Dibanting),Normal,Turun 1 Hari Beruntun,TP: 244 | CL: 227,Open = High (Tekanan Jual),Tidak Ideal (< 1:1),Overbought (Jenuh Beli - Rawan),Netral / Sepi Berita,Normal / Sedang Transisi,Mendekati Fibo 23.6%,5,WAIT & SEE,HOLD / NEUTRAL,0.0,Kondisi pasar normal,TIDAK ADA,2026-09-03 15:24:34,Biasa / Mengikuti Pasar
15:24,CSRA,Transaksi Sepi (Skip Broksum),Mid Cap (Lapis 2),Undervalued (Murah),6.056107,0.9478163,780.0,757,730,800,1.2987012987012987,620400,Tembus MA20,57,Positif,Uptrend,Bullish,Strong Bullish,Awal Reversal (5>20),Normal,Akumulasi (Naik),Normal,Dominan Beli (Hajar Kanan),Squeeze,Rendah,Doji (Ragu-ragu),Area Tengah,< 1 Miliar,Di Atas VWAP (Kuat),Akumulasi Pro (Smart Money),Gorengan Sepi (< 5M),Normal (50-150%),Accumulation (Kumpul Barang),Normal,Jarum Bawah (Sinyal Pantulan Kuat),Naik 2 Hari Beruntun,TP: 812 | CL: 758,Normal,Tidak Ideal (< 1:1),Netral / Sideways,Netral / Sepi Berita,Normal / Sedang Transisi,Golden Rebound Fibo 38.2% 🎯,8,BELI,HOLD / NEUTRAL,0.0,Kondisi pasar normal,TIDAK ADA,2026-09-03 15:24:34,Biasa / Mengikuti Pasar
15:24,INDO,Token Mati (Perlu Update),Small Cap (Lapis 3),Fair Value (Wajar),18.208092,0.7478159,189.0,180,173,189,2.1621621621621623,34122600,Tembus MA20,66,Positif,Uptrend,Bullish,Strong Bullish,Perfect Uptrend (5>20>50),Normal,Akumulasi (Naik),Normal,Dominan Beli (Hajar Kanan),Breakout Upper,Sedang,Normal,Area Tengah,> 1 Miliar,Di Atas VWAP (Kuat),Akumulasi Pro (Smart Money),Ritel Aktif (5M - 50M),Normal (50-150%),Mark-Up (Fase Pesta),Normal,Normal,Naik 2 Hari Beruntun,TP: 196 | CL: 184,Normal,Tidak Ideal (< 1:1),Overbought (Jenuh Beli - Rawan),Netral / Sepi Berita,Normal / Sedang Transisi,Mendekati Fibo 23.6%,8,BELI,HOLD / NEUTRAL,0.0,Kondisi pasar normal,TIDAK ADA,2026-09-03 15:24:34,Biasa / Mengikuti Pasar
15:24,AMOR,Transaksi Sepi (Skip Broksum),Small Cap (Lapis 3),Fair Value (Wajar),10.535609,2.966351,358.0,357,350,366,1.1299435028248588,51900,Normal,57,Positif,Uptrend,Bearish,Bearish MACD,Konsolidasi / Transisi,Normal,Distribusi (Turun),Normal,Seimbang / Adu Mekanik,Squeeze,Rendah,Doji (Ragu-ragu),Dekat Support (Low Risk),< 1 Miliar,Persis di VWAP,Akumulasi Pro (Smart Money),Gorengan Sepi (< 5M),Normal (50-150%),Mark-Up (Fase Pesta),Normal,Jarum Bawah (Sinyal Pantulan Kuat),Naik 1 Hari Beruntun,TP: 366 | CL: 352,Normal,Menengah (1:1),Netral / Sideways,Netral / Sepi Berita,Normal / Sedang Transisi,Mendekati Fibo 23.6%,3,WAIT & SEE,HOLD / NEUTRAL,0.0,Kondisi pasar normal,TIDAK ADA,2026-09-03 15:24:34,Biasa / Mengikuti Pasar
15:24,TRIN,Token Mati (Perlu Update),Mid Cap (Lapis 2),Overvalued (Mahal),82.71027,2.63244,354.0,326,292,380,6.626506024096386,26442800,Tembus MA20,56,Positif,Uptrend,Bullish,Strong Bullish,Awal Reversal (5>20),Normal,Akumulasi (Naik),Normal,Dominan Beli (Hajar Kanan),Normal,Tinggi,Normal,Rawan Pucuk (High Risk),> 1 Miliar,Di Atas VWAP (Kuat),Akumulasi Pro (Smart Money),Ritel Aktif (5M - 50M),Normal (50-150%),Accumulation (Kumpul Barang),Normal,Normal,Naik 1 Hari Beruntun,TP: 398 | CL: 324,Normal,Tidak Ideal (< 1:1),Netral / Sideways,Netral / Sepi Berita,Normal / Sedang Transisi,Dekat Support Fibo 78.6%,8,BELI,HOLD / NEUTRAL,0.0,Kondisi pasar normal,TIDAK ADA,2026-09-03 15:24:34,Biasa / Mengikuti Pasar
15:24,DMND,Transaksi Sepi (Skip Broksum),Mid Cap (Lapis 2),Undervalued (Murah),12.115385,0.89555293,630.0,623,575,640,0.8,7200,Normal,55,Positif,Uptrend,Bullish,Strong Bullish,Perfect Uptrend (5>20>50),Normal,Akumulasi (Naik),Normal,Dominan Beli (Hajar Kanan),Squeeze,Rendah,Doji (Ragu-ragu),Area Tengah,< 1 Miliar,Di Atas VWAP (Kuat),Akumulasi Pro (Smart Money),Gorengan Sepi (< 5M),Sepi (< 50%),Mark-Up (Fase Pesta),Normal,Jarum Bawah (Sinyal Pantulan Kuat),Naik 1 Hari Beruntun,TP: 656 | CL: 612,Normal,Tidak Ideal (< 1:1),Overbought (Jenuh Beli - Rawan),Netral / Sepi Berita,Normal / Sedang Transisi,Mendekati Fibo 23.6%,7,BELI,HOLD / NEUTRAL,0.0,Kondisi pasar normal,TIDAK ADA,2026-09-03 15:24:34,Biasa / Mengikuti Pasar
15:24,PURA,Transaksi Sepi (Skip Broksum),Small Cap (Lapis 3),Fair Value (Wajar),21.423635,0.37527993,31.0,32,31,33,-3.125,5678400,Tembus MA20,44,Negatif,Downtrend,Bearish,Strong Bearish,Konsolidasi / Transisi,Normal,Distribusi (Turun),Normal,Dominan Jual (Guyur),Bottom Rebound,Sedang,Normal,Dekat Support (Low Risk),< 1 Miliar,Di Bawah VWAP (Lemah),Akumulasi Pro (Smart Money),Gorengan Sepi (< 5M),Normal (50-150%),Distribution (Fase Jualan),Normal,Normal,Turun 1 Hari Beruntun,TP: 32 | CL: 30,Open = High (Tekanan Jual),Di Area Support,Netral / Sideways,Netral / Sepi Berita,Normal / Sedang Transisi,Mendekati Fibo 78.6%,1,WAIT & SEE,HOLD / NEUTRAL,0.0,Kondisi pasar normal,TIDAK ADA,2026-09-03 15:24:34,Biasa / Mengikuti Pasar
15:24,PTPW,Transaksi Sepi (Skip Broksum),Mid Cap (Lapis 2),Fair Value (Wajar),15.598656,1.4966952,1175.0,1181,1150,1230,0.4273504273504274,40300,Tembus MA20,53,Positif,Downtrend,Bearish,Bearish MACD,Strong Downtrend (5<20<50),Normal,Akumulasi (Naik),Normal,Dominan Beli (Hajar Kanan),Squeeze,Rendah,Doji (Ragu-ragu),Dekat Support (Low Risk),< 1 Miliar,Persis di VWAP,Distribusi Pro (Guyuran),Gorengan Sepi (< 5M),Normal (50-150%),Mark-Down (Fase Runtuh),Normal,Jarum Bawah (Sinyal Pantulan Kuat),Naik 1 Hari Beruntun,TP: 1195 | CL: 1161,Normal,Ideal (1:2),Netral / Sideways,Netral / Sepi Berita,Normal / Sedang Transisi,Mengambang (Jauh dari Fibo),5,WAIT & SEE,HOLD / NEUTRAL,0.0,Kondisi pasar normal,TIDAK ADA,2026-09-03 15:24:34,Biasa / Mengikuti Pasar
15:24,TAMA,Transaksi Sepi (Skip Broksum),Small Cap (Lapis 3),Overvalued (Mahal),0.0,6.5090194,188.0,241,188,290,-8.737864077669903,4851100,Normal,35,Negatif,Downtrend,Bearish,Strong Bearish,Konsolidasi / Transisi,Normal,Distribusi (Turun),Gap Down (-2.9%),Dominan Jual (Guyur),Normal,Tinggi,Normal,Dekat Support (Low Risk),< 1 Miliar,Di Bawah VWAP (Lemah),Distribusi Pro (Guyuran),Gorengan Sepi (< 5M),Sepi (< 50%),Distribution (Fase Jualan),Spesialis Tiang Jemuran (Banting Pucuk),Normal,Turun 2 Hari Beruntun,TP: 228 | CL: 161,Open = High (Tekanan Jual),Di Area Support,Oversold (Jenuh Jual - Peluang),Netral / Sepi Berita,Normal / Sedang Transisi,Mendekati Fibo 61.8% (Golden Ratio),0,WAIT & SEE,HOLD / NEUTRAL,0.0,Kondisi pasar normal,TIDAK ADA,2026-09-03 15:24:34,🔥 ANOMALI BANDAR (Siap Ledakan)
15:24,IKAN,Token Mati (Perlu Update),Small Cap (Lapis 3),Overvalued (Mahal),45.918365,1.0101917,90.0,88,82,105,0.0,15818400,Normal,57,Negatif,Uptrend,Bullish,Bearish MACD,Perfect Uptrend (5>20>50),Normal,Distribusi (Turun),Gap Up (+2.2%),Dominan Jual (Guyur),Normal,Sedang,Normal,Area Tengah,> 1 Miliar,Di Bawah VWAP (Lemah),Distribusi Pro (Guyuran),Gorengan Sepi (< 5M),Normal (50-150%),Mark-Up (Fase Pesta),Spesialis Tiang Jemuran (Banting Pucuk),Normal,Sideways / Stagnan,TP: 96 | CL: 85,Normal,Ideal (1:2),Golden Cross (Awal Bullish),Netral / Sepi Berita,Supply Kering (Siap Pump) 🏜️,Golden Rebound Fibo 38.2% 🎯,4,WAIT & SEE,HOLD / NEUTRAL,0.0,Kondisi pasar normal,TIDAK ADA,2026-09-03 15:24:34,Biasa / Mengikuti Pasar
15:24,SAMF,Transaksi Sepi (Skip Broksum),Mid Cap (Lapis 2),Fair Value (Wajar),11.817502,1.7552046,316.0,288,274,340,1.282051282051282,358400,Normal,76,Positif,Uptrend,Bullish,Strong Bullish,Perfect Uptrend (5>20>50),Normal,Akumulasi (Naik),Normal,Dominan Beli (Hajar Kanan),Breakout Upper,Tinggi,Doji (Ragu-ragu),Rawan Pucuk (High Risk),< 1 Miliar,Di Atas VWAP (Kuat),Akumulasi Pro (Smart Money),Gorengan Sepi (< 5M),Sepi (< 50%),Mark-Up (Fase Pesta),Spesialis Tiang Jemuran (Banting Pucuk),Jarum Bawah (Sinyal Pantulan Kuat),Naik 1 Hari Beruntun,TP: 343 | CL: 297,Normal,Tidak Ideal (< 1:1),Netral / Sideways,Netral / Sepi Berita,Normal / Sedang Transisi,Mendekati Fibo 38.2%,7,BELI,HOLD / NEUTRAL,0.0,Kondisi pasar normal,TIDAK ADA,2026-09-03 15:24:34,Biasa / Mengikuti Pasar
15:24,KBAG,Transaksi Sepi (Skip Broksum),Small Cap (Lapis 3),Fair Value (Wajar),0.0,0.95326865,45.0,47,39,51,-2.1739130434782608,3201500,Normal,50,Negatif,Downtrend,Bearish,Bearish MACD,Konsolidasi / Transisi,Normal,Akumulasi (Naik),Gap Up (+2.2%),Dominan Jual (Guyur),Normal,Tinggi,Normal,Rawan Pucuk (High Risk),< 1 Miliar,Persis di VWAP,Akumulasi Pro (Smart Money),Gorengan Sepi (< 5M),Normal (50-150%),Distribution (Fase Jualan),Normal,Normal,Turun 1 Hari Beruntun,TP: 48 | CL: 43,Open = High (Tekanan Jual),Menengah (1:1),Netral / Sideways,Netral / Sepi Berita,Normal / Sedang Transisi,Mendekati Fibo 38.2%,2,WAIT & SEE,HOLD / NEUTRAL,0.0,Kondisi pasar normal,TIDAK ADA,2026-09-03 15:24:34,Biasa / Mengikuti Pasar
15:24,RONY,Transaksi Sepi (Skip Broksum),Mid Cap (Lapis 2),Overvalued (Mahal),0.0,692.3077,1260.0,1241,1135,1400,1.2048192771084338,29700,Tembus MA20,52,Positif,Uptrend,Bearish,Strong Bearish,Konsolidasi / Transisi,Normal,Akumulasi (Naik),Normal,Dominan Beli (Hajar Kanan),Normal,Sedang,Normal,Rawan Pucuk (High Risk),< 1 Miliar,Di Atas VWAP (Kuat),Akumulasi Pro (Smart Money),Gorengan Sepi (< 5M),Anomali Tinggi (150-300%),Mark-Up (Fase Pesta),Spesialis Tiang Jemuran (Banting Pucuk),Normal,Naik 2 Hari Beruntun,TP: 1369 | CL: 1187,Normal,Menengah (1:1),Netral / Sideways,Netral / Sepi Berita,Normal / Sedang Transisi,Mengambang (Jauh dari Fibo),6,WAIT & SEE,HOLD / NEUTRAL,0.0,Kondisi pasar normal,TIDAK ADA,2026-09-03 15:24:34,Biasa / Mengikuti Pasar
15:24,BBSS,Token Mati (Perlu Update),Small Cap (Lapis 3),Fair Value (Wajar),0.0,1.9554547,100.0,101,94,129,0.0,28748400,Tembus MA20,48,Negatif,Downtrend,Bullish,Bearish MACD,Perfect Uptrend (5>20>50),Normal,Akumulasi (Naik),Normal,Seimbang / Adu Mekanik,Normal,Sedang,Doji (Ragu-ragu),Area Tengah,> 1 Miliar,Di Bawah VWAP (Lemah),Distribusi Pro (Guyuran),Ritel Aktif (5M - 50M),Normal (50-150%),Distribution (Fase Jualan),Spesialis Tiang Jemuran (Banting Pucuk),Normal,Sideways / Stagnan,TP: 110 | CL: 93,Normal,Sangat Menarik (> 1:3),Netral / Sideways,Netral / Sepi Berita,Normal / Sedang Transisi,Mengambang (Jauh dari Fibo),3,WAIT & SEE,HOLD / NEUTRAL,0.0,Kondisi pasar normal,TIDAK ADA,2026-09-03 15:24:34,Biasa / Mengikuti Pasar
15:24,CASH,Transaksi Sepi (Skip Broksum),Small Cap (Lapis 3),Overvalued (Mahal),0.0,8.095118,226.0,225,195,262,-3.418803418803419,1888600,Normal,51,Negatif,Uptrend,Bullish,Bearish MACD,Perfect Uptrend (5>20>50),Normal,Akumulasi (Naik),Normal,Dominan Jual (Guyur),Normal,Tinggi,Normal,Rawan Pucuk (High Risk),< 1 Miliar,Di Bawah VWAP (Lemah),Distribusi Pro (Guyuran),Gorengan Sepi (< 5M),Normal (50-150%),Mark-Up (Fase Pesta),Spesialis Tiang Jemuran (Banting Pucuk),Normal,Turun 3 Hari Beruntun,TP: 253 | CL: 208,Open = High (Tekanan Jual),Menengah (1:1),Netral / Sideways,Netral / Sepi Berita,Normal / Sedang Transisi,Mendekati Fibo 38.2%,4,WAIT & SEE,HOLD / NEUTRAL,0.0,Kondisi pasar normal,TIDAK ADA,2026-09-03 15:24:34,Biasa / Mengikuti Pasar
15:24,EPAC,Token Mati (Perlu Update),Small Cap (Lapis 3),Fair Value (Wajar),0.0,2.5866528,55.0,57,51,66,-1.7857142857142856,30237000,Normal,42,Negatif,Downtrend,Bearish,Bullish MACD,Strong Downtrend (5<20<50),Normal,Akumulasi (Naik),Normal,Dominan Jual (Guyur),Normal,Tinggi,Normal,Area Tengah,> 1 Miliar,Di Bawah VWAP (Lemah),Akumulasi Pro (Smart Money),Ritel Aktif (5M - 50M),Sepi (< 50%),Mark-Down (Fase Runtuh),Normal,Normal,Turun 3 Hari Beruntun,TP: 60 | CL: 51,Normal,Ideal (1:2),Netral / Sideways,Netral / Sepi Berita,Normal / Sedang Transisi,Mengambang (Jauh dari Fibo),2,WAIT & SEE,HOLD / NEUTRAL,0.0,Kondisi pasar normal,TIDAK ADA,2026-09-03 15:24:34,Biasa / Mengikuti Pasar
15:24,UANG,Token Mati (Perlu Update),Mid Cap (Lapis 2),Overvalued (Mahal),54.545456,11.957846,3210.0,2497,2340,3210,24.90272373540856,3343400,Tembus MA20,80,Positif,Uptrend,Bullish,Strong Bullish,Perfect Uptrend (5>20>50),Akumulasi Kuat,Akumulasi (Naik),Normal,Dominan Beli (Hajar Kanan),Breakout Upper,Tinggi,Marubozu (Strong Bullish),Rawan Pucuk (High Risk),> 1 Miliar,Di Atas VWAP (Kuat),Akumulasi Pro (Smart Money),Gorengan Sepi (< 5M),Ledakan Ekstrem (> 300%),Mark-Up (Fase Pesta),Normal,Normal,Naik 3 Hari Beruntun,TP: 3442 | CL: 3055,Normal,Tidak Ideal (< 1:1),Overbought (Jenuh Beli - Rawan),Netral / Sepi Berita,Normal / Sedang Transisi,Mengambang (Jauh dari Fibo),9,BELI,HOLD / NEUTRAL,0.0,Kondisi pasar normal,TIDAK ADA,2026-09-03 15:24:34,⚠️ Anomali (Sudah Terbang)
15:24,PGUN,Transaksi Sepi (Skip Broksum),Big Cap (Lapis 1),Overvalued (Mahal),472.48804,29.468023,9875.0,8813,7350,10675,-0.7537688442211055,67100,Normal,66,Negatif,Uptrend,Bullish,Strong Bullish,Perfect Uptrend (5>20>50),Normal,Akumulasi (Naik),Normal,Seimbang / Adu Mekanik,Normal,Tinggi,Normal,Rawan Pucuk (High Risk),< 1 Miliar,Persis di VWAP,Akumulasi Pro (Smart Money),Gorengan Sepi (< 5M),Sepi (< 50%),Mark-Up (Fase Pesta),Spesialis Tiang Jemuran (Banting Pucuk),Jarum Bawah (Sinyal Pantulan Kuat),Turun 1 Hari Beruntun,TP: 11101 | CL: 9057,Normal,Tidak Ideal (< 1:1),Netral / Sideways,Netral / Sepi Berita,Normal / Sedang Transisi,Mendekati Fibo 23.6%,5,WAIT & SEE,HOLD / NEUTRAL,0.0,Kondisi pasar normal,TIDAK ADA,2026-09-03 15:24:34,Biasa / Mengikuti Pasar
15:24,SOFA,Token Mati (Perlu Update),Small Cap (Lapis 3),Overvalued (Mahal),0.0,13.929587,326.0,305,222,398,-8.426966292134832,13370500,Tembus MA20,56,Negatif,Uptrend,Bullish,Strong Bullish,Perfect Uptrend (5>20>50),Distribusi Kuat,Distribusi (Turun),Normal,Dominan Jual (Guyur),Normal,Tinggi,Normal,Rawan Pucuk (High Risk),> 1 Miliar,Di Bawah VWAP (Lemah),Distribusi Pro (Guyuran),Gorengan Sepi (< 5M),Anomali Tinggi (150-300%),Mark-Up (Fase Pesta),Normal,Normal,Turun 3 Hari Beruntun,TP: 381 | CL: 288,Normal,Tidak Ideal (< 1:1),Death Cross (Awal Bearish),Netral / Sepi Berita,Normal / Sedang Transisi,Mendekati Fibo 38.2%,5,WAIT & SEE,HOLD / NEUTRAL,0.0,Kondisi pasar normal,TIDAK ADA,2026-09-03 15:24:34,Biasa / Mengikuti Pasar
15:24,PPGL,Token Mati (Perlu Update),Small Cap (Lapis 3),Overvalued (Mahal),17.806387,4.2696066,426.0,261,188,426,9.793814432989691,16537300,Tembus MA20,94,Positif,Uptrend,Bullish,Strong Bullish,Perfect Uptrend (5>20>50),Akumulasi Kuat,Akumulasi (Naik),Gap Up (+2.1%),Dominan Beli (Hajar Kanan),Breakout Upper,Tinggi,Marubozu (Strong Bullish),Rawan Pucuk (High Risk),> 1 Miliar,Di Atas VWAP (Kuat),Akumulasi Pro (Smart Money),Gorengan Sepi (< 5M),Anomali Tinggi (150-300%),Mark-Up (Fase Pesta),Normal,Normal,Naik 1 Hari Beruntun,TP: 461 | CL: 402,Open = Low (Bullish Kuat),Tidak Ideal (< 1:1),Overbought (Jenuh Beli - Rawan),Netral / Sepi Berita,Normal / Sedang Transisi,Mengambang (Jauh dari Fibo),10,BELI,HOLD / NEUTRAL,0.0,Kondisi pasar normal,TIDAK ADA,2026-09-03 15:24:34,⚠️ Anomali (Sudah Terbang)
15:24,SGER,Token Mati (Perlu Update),Big Cap (Lapis 1),Overvalued (Mahal),45.865185,4.204063,665.0,530,450,675,0.7575757575757576,39506500,Normal,88,Positif,Uptrend,Bullish,Strong Bullish,Perfect Uptrend (5>20>50),Normal,Akumulasi (Naik),Normal,Dominan Beli (Hajar Kanan),Normal,Tinggi,Hammer (Potensi Reversal),Rawan Pucuk (High Risk),> 1 Miliar,Di Atas VWAP (Kuat),Akumulasi Pro (Smart Money),Sultan (> 50M/hari),Normal (50-150%),Mark-Up (Fase Pesta),Normal,Jarum Bawah (Sinyal Pantulan Kuat),Naik 3 Hari Beruntun,TP: 717 | CL: 629,Normal,Tidak Ideal (< 1:1),Overbought (Jenuh Beli - Rawan),Netral / Sepi Berita,Normal / Sedang Transisi,Mengambang (Jauh dari Fibo),7,BELI,HOLD / NEUTRAL,0.0,Kondisi pasar normal,TIDAK ADA,2026-09-03 15:24:34,Biasa / Mengikuti Pasar
15:24,TRJA,Transaksi Sepi (Skip Broksum),Small Cap (Lapis 3),Undervalued (Murah),4.0774403,0.50842196,131.0,120,108,146,0.7692307692307693,668000,Normal,74,Positif,Uptrend,Bullish,Strong Bullish,Perfect Uptrend (5>20>50),Normal,Akumulasi (Naik),Gap Up (+3.1%),Seimbang / Adu Mekanik,Normal,Tinggi,Normal,Rawan Pucuk (High Risk),< 1 Miliar,Persis di VWAP,Distribusi Pro (Guyuran),Gorengan Sepi (< 5M),Sepi (< 50%),Mark-Up (Fase Pesta),Spesialis Tiang Jemuran (Banting Pucuk),Normal,Naik 1 Hari Beruntun,TP: 146 | CL: 120,Normal,Tidak Ideal (< 1:1),Death Cross (Awal Bearish),Netral / Sepi Berita,Normal / Sedang Transisi,Mendekati Fibo 38.2%,7,BELI,HOLD / NEUTRAL,0.0,Kondisi pasar normal,TIDAK ADA,2026-09-03 15:24:34,Biasa / Mengikuti Pasar
15:24,PNGO,Transaksi Sepi (Skip Broksum),Mid Cap (Lapis 2),Fair Value (Wajar),8.203504,2.145518,3470.0,3515,3450,3570,0.0,600,Normal,40,Negatif,Downtrend,Bearish,Strong Bearish,Konsolidasi / Transisi,Normal,Distribusi (Turun),Normal,Tidak Ada Transaksi,Squeeze,Rendah,Doji (Ragu-ragu),Dekat Support (Low Risk),< 1 Miliar,Persis di VWAP,Distribusi Pro (Guyuran),Gorengan Sepi (< 5M),Sepi (< 50%),Distribution (Fase Jualan),Normal,Normal,Sideways / Stagnan,TP: 3505 | CL: 3446,Normal,Sangat Menarik (> 1:3),Oversold (Jenuh Jual - Peluang),Netral / Sepi Berita,Normal / Sedang Transisi,Golden Rebound Fibo 78.6% 🎯,0,WAIT & SEE,HOLD / NEUTRAL,0.0,Kondisi pasar normal,TIDAK ADA,2026-09-03 15:24:34,Biasa / Mengikuti Pasar
15:24,SCNP,Transaksi Sepi (Skip Broksum),Small Cap (Lapis 3),Fair Value (Wajar),0.0,1.0210602,155.0,152,138,173,-1.89873417721519,137700,Normal,54,Negatif,Uptrend,Bullish,Strong Bullish,Perfect Uptrend (5>20>50),Normal,Akumulasi (Naik),Normal,Dominan Jual (Guyur),Normal,Sedang,Normal,Rawan Pucuk (High Risk),< 1 Miliar,Persis di VWAP,Distribusi Pro (Guyuran),Gorengan Sepi (< 5M),Sepi (< 50%),Mark-Up (Fase Pesta),Spesialis Tiang Jemuran (Banting Pucuk),Normal,Turun 1 Hari Beruntun,TP: 162 | CL: 150,Open = High (Tekanan Jual),Menengah (1:1),Netral / Sideways,Netral / Sepi Berita,Supply Kering (Siap Pump) 🏜️,Mengambang (Jauh dari Fibo),5,WAIT & SEE,HOLD / NEUTRAL,0.0,Kondisi pasar normal,TIDAK ADA,2026-09-03 15:24:34,Biasa / Mengikuti Pasar
15:24,BBSI,Transaksi Sepi (Skip Broksum),Big Cap (Lapis 1),Overvalued (Mahal),96.47303,4.7926188,4650.0,4667,4600,4700,-0.641025641025641,800,Tembus MA20,47,Negatif,Downtrend,Bullish,Bearish MACD,Awal Reversal (5>20),Normal,Distribusi (Turun),Normal,Seimbang / Adu Mekanik,Squeeze,Rendah,Normal,Dekat Support (Low Risk),< 1 Miliar,Persis di VWAP,Distribusi Pro (Guyuran),Gorengan Sepi (< 5M),Normal (50-150%),Mark-Down (Fase Runtuh),Spesialis Tiang Jemuran (Banting Pucuk),Normal,Turun 1 Hari Beruntun,TP: 4716 | CL: 4605,Open = High (Tekanan Jual),Menengah (1:1),Netral / Sideways,Netral / Sepi Berita,Supply Banjir (Distribusi) 🌊,Mendekati Fibo 23.6%,2,WAIT & SEE,HOLD / NEUTRAL,0.0,Kondisi pasar normal,TIDAK ADA,2026-09-03 15:24:34,Biasa / Mengikuti Pasar
15:24,KMDS,Transaksi Sepi (Skip Broksum),Small Cap (Lapis 3),Fair Value (Wajar),5.703568,1.5398556,520.0,526,500,545,0.0,71900,Normal,45,Negatif,Downtrend,Bearish,Strong Bearish,Strong Downtrend (5<20<50),Normal,Distribusi (Turun),Normal,Seimbang / Adu Mekanik,Squeeze,Rendah,Normal,Area Tengah,< 1 Miliar,Di Atas VWAP (Kuat),Distribusi Pro (Guyuran),Gorengan Sepi (< 5M),Sepi (< 50%),Mark-Down (Fase Runtuh),Solid (Jarang Dibanting),Normal,Sideways / Stagnan,TP: 543 | CL: 504,Open = High (Tekanan Jual),Menengah (1:1),Netral / Sideways,Netral / Sepi Berita,Supply Kering (Siap Pump) 🏜️,Golden Rebound Fibo 78.6% 🎯,0,WAIT & SEE,HOLD / NEUTRAL,0.0,Kondisi pasar normal,TIDAK ADA,2026-09-03 15:24:34,Biasa / Mengikuti Pasar
15:24,PURI,Token Mati (Perlu Update),Small Cap (Lapis 3),Overvalued (Mahal),27.90527,1.6880636,152.0,144,134,166,0.6622516556291391,7151600,Tembus MA20,60,Positif,Uptrend,Bullish,Strong Bullish,Perfect Uptrend (5>20>50),Normal,Akumulasi (Naik),Normal,Dominan Beli (Hajar Kanan),Normal,Tinggi,Normal,Rawan Pucuk (High Risk),> 1 Miliar,Persis di VWAP,Distribusi Pro (Guyuran),Gorengan Sepi (< 5M),Normal (50-150%),Mark-Up (Fase Pesta),Spesialis Tiang Jemuran (Banting Pucuk),Normal,Naik 1 Hari Beruntun,TP: 164 | CL: 143,Normal,Tidak Ideal (< 1:1),Death Cross (Awal Bearish),Netral / Sepi Berita,Normal / Sedang Transisi,Mendekati Fibo 38.2%,8,BELI,HOLD / NEUTRAL,0.0,Kondisi pasar normal,TIDAK ADA,2026-09-03 15:24:34,Biasa / Mengikuti Pasar
15:24,SOHO,Transaksi Sepi (Skip Broksum),Big Cap (Lapis 1),Overvalued (Mahal),22.421524,6.204693,1200.0,1191,1100,1250,0.0,45900,Normal,53,Negatif,Uptrend,Bullish,Strong Bullish,Perfect Uptrend (5>20>50),Normal,Akumulasi (Naik),Normal,Dominan Beli (Hajar Kanan),Squeeze,Rendah,Doji (Ragu-ragu),Area Tengah,< 1 Miliar,Persis di VWAP,Akumulasi Pro (Smart Money),Gorengan Sepi (< 5M),Normal (50-150%),Mark-Up (Fase Pesta),Spesialis Tiang Jemuran (Banting Pucuk),Jarum Bawah (Sinyal Pantulan Kuat),Sideways / Stagnan,TP: 1243 | CL: 1170,Normal,Tidak Ideal (< 1:1),Death Cross (Awal Bearish),Netral / Sepi Berita,Normal / Sedang Transisi,Golden Rebound Fibo 61.8% (Golden Ratio) 🎯,6,WAIT & SEE,HOLD / NEUTRAL,0.0,Kondisi pasar normal,TIDAK ADA,2026-09-03 15:24:34,Biasa / Mengikuti Pasar
15:24,ROCK,Transaksi Sepi (Skip Broksum),Mid Cap (Lapis 2),Overvalued (Mahal),95.66873,3.4500694,2010.0,2049,1500,2490,-0.49504950495049505,25200,Normal,51,Negatif,Downtrend,Death Cross,Bearish MACD,Konsolidasi / Transisi,Normal,Akumulasi (Naik),Gap Up (+4.0%),Dominan Jual (Guyur),Normal,Tinggi,Normal,Rawan Pucuk (High Risk),< 1 Miliar,Di Bawah VWAP (Lemah),Distribusi Pro (Guyuran),Gorengan Sepi (< 5M),Normal (50-150%),Distribution (Fase Jualan),Spesialis Tiang Jemuran (Banting Pucuk),Normal,Turun 2 Hari Beruntun,TP: 2273 | CL: 1834,Open = High (Tekanan Jual),Tidak Ideal (< 1:1),Oversold (Jenuh Jual - Peluang),Netral / Sepi Berita,Normal / Sedang Transisi,Golden Rebound Fibo 38.2% 🎯,3,WAIT & SEE,HOLD / NEUTRAL,0.0,Kondisi pasar normal,TIDAK ADA,2026-09-03 15:24:34,Biasa / Mengikuti Pasar
15:24,ENZO,Token Mati (Perlu Update),Small Cap (Lapis 3),Fair Value (Wajar),15.475464,0.93795896,76.0,74,65,96,0.0,14467300,Normal,54,Negatif,Uptrend,Bearish,Bearish MACD,Konsolidasi / Transisi,Normal,Akumulasi (Naik),Normal,Seimbang / Adu Mekanik,Normal,Tinggi,Normal,Rawan Pucuk (High Risk),> 1 Miliar,Persis di VWAP,Akumulasi Pro (Smart Money),Gorengan Sepi (< 5M),Sepi (< 50%),Mark-Up (Fase Pesta),Normal,Normal,Sideways / Stagnan,TP: 83 | CL: 71,Normal,Ideal (1:2),Death Cross (Awal Bearish),Netral / Sepi Berita,Normal / Sedang Transisi,Mendekati Fibo 50.0%,3,WAIT & SEE,HOLD / NEUTRAL,0.0,Kondisi pasar normal,TIDAK ADA,2026-09-03 15:24:34,Biasa / Mengikuti Pasar
15:24,PLAN,Transaksi Sepi (Skip Broksum),Small Cap (Lapis 3),Fair Value (Wajar),0.0,0.9534349,56.0,41,36,56,9.803921568627452,3365400,Normal,91,Positif,Uptrend,Bullish,Strong Bullish,Perfect Uptrend (5>20>50),Normal,Akumulasi (Naik),Gap Up (+9.8%),Tidak Ada Transaksi,Breakout Upper,Tinggi,Doji (Ragu-ragu),Rawan Pucuk (High Risk),< 1 Miliar,Di Atas VWAP (Kuat),Akumulasi Pro (Smart Money),Gorengan Sepi (< 5M),Normal (50-150%),Mark-Up (Fase Pesta),Normal,Normal,Naik 3 Hari Beruntun,TP: 60 | CL: 52,Normal,Tidak Ideal (< 1:1),Overbought (Jenuh Beli - Rawan),Netral / Sepi Berita,Normal / Sedang Transisi,Mengambang (Jauh dari Fibo),7,BELI,HOLD / NEUTRAL,0.0,Kondisi pasar normal,TIDAK ADA,2026-09-03 15:24:34,Biasa / Mengikuti Pasar
15:24,ATAP,Transaksi Sepi (Skip Broksum),Small Cap (Lapis 3),Overvalued (Mahal),166.41222,8.887802,545.0,581,515,660,0.9259259259259258,438200,Normal,46,Positif,Downtrend,Bearish,Bearish MACD,Konsolidasi / Transisi,Normal,Distribusi (Turun),Normal,Seimbang / Adu Mekanik,Normal,Tinggi,Normal,Area Tengah,< 1 Miliar,Persis di VWAP,Distribusi Pro (Guyuran),Gorengan Sepi (< 5M),Sepi (< 50%),Distribution (Fase Jualan),Normal,Normal,Naik 1 Hari Beruntun,TP: 606 | CL: 503,Normal,Sangat Menarik (> 1:3),Netral / Sideways,Netral / Sepi Berita,Normal / Sedang Transisi,Mengambang (Jauh dari Fibo),1,WAIT & SEE,HOLD / NEUTRAL,0.0,Kondisi pasar normal,TIDAK ADA,2026-09-03 15:24:34,Biasa / Mengikuti Pasar
15:24,VICI,Token Mati (Perlu Update),Mid Cap (Lapis 2),Overvalued (Mahal),58.54957,5.405339,880.0,691,575,955,-2.2222222222222223,9040200,Tembus MA20,80,Negatif,Uptrend,Bullish,Strong Bullish,Perfect Uptrend (5>20>50),Normal,Akumulasi (Naik),Normal,Seimbang / Adu Mekanik,Normal,Tinggi,Normal,Rawan Pucuk (High Risk),> 1 Miliar,Di Atas VWAP (Kuat),Akumulasi Pro (Smart Money),Ritel Aktif (5M - 50M),Normal (50-150%),Mark-Up (Fase Pesta),Normal,Normal,Turun 1 Hari Beruntun,TP: 973 | CL: 817,Normal,Tidak Ideal (< 1:1),Death Cross (Awal Bearish),Netral / Sepi Berita,Normal / Sedang Transisi,Mendekati Fibo 23.6%,6,WAIT & SEE,HOLD / NEUTRAL,0.0,Kondisi pasar normal,TIDAK ADA,2026-09-03 15:24:34,Biasa / Mengikuti Pasar
15:24,BANK,Token Mati (Perlu Update),Mid Cap (Lapis 2),Overvalued (Mahal),49.285717,1.1754735,278.0,272,266,338,-0.7142857142857143,11996500,Tembus MA20,53,Negatif,Uptrend,Bullish,Bullish MACD,Awal Reversal (5>20),Normal,Akumulasi (Naik),Normal,Seimbang / Adu Mekanik,Squeeze,Rendah,Normal,Area Tengah,> 1 Miliar,Di Bawah VWAP (Lemah),Distribusi Pro (Guyuran),Ritel Aktif (5M - 50M),Normal (50-150%),Accumulation (Kumpul Barang),Normal,Normal,Turun 1 Hari Beruntun,TP: 295 | CL: 266,Normal,Sangat Menarik (> 1:3),Netral / Sideways,Netral / Sepi Berita,Supply Banjir (Distribusi) 🌊,Dekat Support Fibo 50.0%,6,WAIT & SEE,HOLD / NEUTRAL,0.0,Kondisi pasar normal,TIDAK ADA,2026-09-03 15:24:34,Biasa / Mengikuti Pasar
15:24,WMUU,Transaksi Sepi (Skip Broksum),Small Cap (Lapis 3),Fair Value (Wajar),0.0,0.8526603,50.0,52,50,63,0.0,1887000,Normal,40,Negatif,Downtrend,Bearish,Strong Bearish,Konsolidasi / Transisi,Normal,Netral,Normal,Tidak Ada Transaksi,Normal,Tinggi,Doji (Ragu-ragu),Dekat Support (Low Risk),< 1 Miliar,Persis di VWAP,Netral,Gorengan Sepi (< 5M),Sepi (< 50%),Distribution (Fase Jualan),Normal,Normal,Sideways / Stagnan,TP: 51 | CL: 48,Normal,Di Area Support,Oversold (Jenuh Jual - Peluang),Netral / Sepi Berita,Normal / Sedang Transisi,Golden Rebound Fibo Bottom / 100% 🎯,0,WAIT & SEE,HOLD / NEUTRAL,0.0,Kondisi pasar normal,TIDAK ADA,2026-09-03 15:24:34,Biasa / Mengikuti Pasar
15:24,UNIQ,Token Mati (Perlu Update),Small Cap (Lapis 3),Undervalued (Murah),14.551805,0.8145604,125.0,117,111,133,0.0,8066400,Tembus MA20,73,Negatif,Uptrend,Bullish,Strong Bullish,Perfect Uptrend (5>20>50),Distribusi Kuat,Akumulasi (Naik),Gap Up (+3.2%),Dominan Jual (Guyur),Breakout Upper,Sedang,Normal,Rawan Pucuk (High Risk),> 1 Miliar,Persis di VWAP,Distribusi Pro (Guyuran),Gorengan Sepi (< 5M),Anomali Tinggi (150-300%),Mark-Up (Fase Pesta),Spesialis Tiang Jemuran (Banting Pucuk),Normal,Sideways / Stagnan,TP: 133 | CL: 119,Normal,Tidak Ideal (< 1:1),Death Cross (Awal Bearish),Netral / Sepi Berita,Supply Banjir (Distribusi) 🌊,Mendekati Fibo 23.6%,7,BELI,HOLD / NEUTRAL,0.0,Kondisi pasar normal,TIDAK ADA,2026-09-03 15:24:34,Biasa / Mengikuti Pasar
15:24,SNLK,Token Mati (Perlu Update),Small Cap (Lapis 3),Fair Value (Wajar),0.0,0.6315831,226.0,227,218,244,0.8928571428571428,4970500,Normal,49,Positif,Downtrend,Bearish,Bearish MACD,Konsolidasi / Transisi,Normal,Akumulasi (Naik),Normal,Seimbang / Adu Mekanik,Squeeze,Rendah,Doji (Ragu-ragu),Area Tengah,> 1 Miliar,Persis di VWAP,Distribusi Pro (Guyuran),Gorengan Sepi (< 5M),Sepi (< 50%),Distribution (Fase Jualan),Normal,Normal,Naik 1 Hari Beruntun,TP: 236 | CL: 219,Normal,Ideal (1:2),Netral / Sideways,Netral / Sepi Berita,Normal / Sedang Transisi,Dekat Support Fibo 78.6%,2,WAIT & SEE,HOLD / NEUTRAL,0.0,Kondisi pasar normal,TIDAK ADA,2026-09-03 15:24:34,Biasa / Mengikuti Pasar
15:24,ZYRX,Transaksi Sepi (Skip Broksum),Small Cap (Lapis 3),Undervalued (Murah),2.4769585,0.5544095,129.0,129,119,140,-0.7692307692307693,530700,Normal,51,Negatif,Downtrend,Bullish,Bearish MACD,Perfect Uptrend (5>20>50),Normal,Distribusi (Turun),Normal,Seimbang / Adu Mekanik,Normal,Sedang,Doji (Ragu-ragu),Area Tengah,< 1 Miliar,Persis di VWAP,Akumulasi Pro (Smart Money),Gorengan Sepi (< 5M),Normal (50-150%),Sideways,Spesialis Tiang Jemuran (Banting Pucuk),Normal,Turun 1 Hari Beruntun,TP: 137 | CL: 123,Normal,Menengah (1:1),Netral / Sideways,Netral / Sepi Berita,Normal / Sedang Transisi,Dekat Support Fibo 38.2%,2,WAIT & SEE,HOLD / NEUTRAL,0.0,Kondisi pasar normal,TIDAK ADA,2026-09-03 15:24:34,Biasa / Mengikuti Pasar
15:24,LFLO,Transaksi Sepi (Skip Broksum),Small Cap (Lapis 3),Overvalued (Mahal),0.0,7.5292478,520.0,510,482,555,-0.9523809523809524,43200,Tembus MA20,53,Negatif,Uptrend,Bullish,Strong Bullish,Awal Reversal (5>20),Akumulasi Kuat,Distribusi (Turun),Gap Down (-5.5%),Dominan Beli (Hajar Kanan),Normal,Sedang,Normal,Area Tengah,< 1 Miliar,Di Atas VWAP (Kuat),Akumulasi Pro (Smart Money),Gorengan Sepi (< 5M),Anomali Tinggi (150-300%),Accumulation (Kumpul Barang),Normal,Normal,Turun 1 Hari Beruntun,TP: 563 | CL: 490,Normal,Tidak Ideal (< 1:1),Netral / Sideways,Netral / Sepi Berita,Normal / Sedang Transisi,Mendekati Fibo 61.8% (Golden Ratio),7,BELI,HOLD / NEUTRAL,0.0,Kondisi pasar normal,TIDAK ADA,2026-09-03 15:24:34,Biasa / Mengikuti Pasar
15:24,TAPG,Token Mati (Perlu Update),Big Cap (Lapis 1),Overvalued (Mahal),11.373664,4.025458,2320.0,1940,1705,2350,-1.276595744680851,21103000,Normal,83,Negatif,Uptrend,Bullish,Strong Bullish,Perfect Uptrend (5>20>50),Normal,Akumulasi (Naik),Normal,Dominan Beli (Hajar Kanan),Normal,Tinggi,Hammer (Potensi Reversal),Rawan Pucuk (High Risk),> 1 Miliar,Di Atas VWAP (Kuat),Akumulasi Pro (Smart Money),Sultan (> 50M/hari),Normal (50-150%),Mark-Up (Fase Pesta),Normal,Jarum Bawah (Sinyal Pantulan Kuat),Turun 1 Hari Beruntun,TP: 2445 | CL: 2236,Open = High (Tekanan Jual),Tidak Ideal (< 1:1),Overbought (Jenuh Beli - Rawan),Netral / Sepi Berita,Normal / Sedang Transisi,Mengambang (Jauh dari Fibo),6,WAIT & SEE,HOLD / NEUTRAL,0.0,Kondisi pasar normal,TIDAK ADA,2026-09-03 15:24:34,Biasa / Mengikuti Pasar
15:24,NPGF,Transaksi Sepi (Skip Broksum),Small Cap (Lapis 3),Overvalued (Mahal),2900.0,0.77938133,58.0,58,55,70,0.0,12590400,Normal,48,Negatif,Downtrend,Bearish,Strong Bearish,Konsolidasi / Transisi,Normal,Distribusi (Turun),Normal,Seimbang / Adu Mekanik,Normal,Sedang,Doji (Ragu-ragu),Area Tengah,< 1 Miliar,Persis di VWAP,Distribusi Pro (Guyuran),Gorengan Sepi (< 5M),Normal (50-150%),Distribution (Fase Jualan),Spesialis Tiang Jemuran (Banting Pucuk),Normal,Sideways / Stagnan,TP: 63 | CL: 54,Normal,Sangat Menarik (> 1:3),Netral / Sideways,Netral / Sepi Berita,Normal / Sedang Transisi,Mendekati Fibo 78.6%,0,WAIT & SEE,HOLD / NEUTRAL,0.0,Kondisi pasar normal,TIDAK ADA,2026-09-03 15:24:34,Biasa / Mengikuti Pasar
15:24,LUCY,Token Mati (Perlu Update),Small Cap (Lapis 3),Overvalued (Mahal),0.0,46.009632,535.0,326,208,535,9.183673469387756,47258600,Normal,74,Positif,Uptrend,Bullish,Strong Bullish,Awal Reversal (5>20),Normal,Akumulasi (Naik),Gap Up (+2.0%),Dominan Beli (Hajar Kanan),Breakout Upper,Tinggi,Marubozu (Strong Bullish),Rawan Pucuk (High Risk),> 1 Miliar,Di Atas VWAP (Kuat),Akumulasi Pro (Smart Money),Sultan (> 50M/hari),Sepi (< 50%),Accumulation (Kumpul Barang),Spesialis Tiang Jemuran (Banting Pucuk),Normal,Naik 8 Hari Beruntun,TP: 587 | CL: 499,Open = Low (Bullish Kuat),Tidak Ideal (< 1:1),Overbought (Jenuh Beli - Rawan),Netral / Sepi Berita,Normal / Sedang Transisi,Mengambang (Jauh dari Fibo),8,BELI,HOLD / NEUTRAL,0.0,Kondisi pasar normal,TIDAK ADA,2026-09-03 15:24:34,Biasa / Mengikuti Pasar
15:24,HOPE,Token Mati (Perlu Update),Small Cap (Lapis 3),Overvalued (Mahal),0.0,11.025531,278.0,244,206,288,23.008849557522122,96239400,Tembus MA20,61,Positif,Uptrend,Bullish,Bearish MACD,Perfect Uptrend (5>20>50),Normal,Akumulasi (Naik),Normal,Dominan Beli (Hajar Kanan),Normal,Tinggi,Marubozu (Strong Bullish),Rawan Pucuk (High Risk),> 1 Miliar,Di Atas VWAP (Kuat),Akumulasi Pro (Smart Money),Ritel Aktif (5M - 50M),Normal (50-150%),Mark-Up (Fase Pesta),Normal,Normal,Naik 1 Hari Beruntun,TP: 323 | CL: 247,Open = Low (Bullish Kuat),Tidak Ideal (< 1:1),Netral / Sideways,Netral / Sepi Berita,Normal / Sedang Transisi,Mengambang (Jauh dari Fibo),7,BELI,HOLD / NEUTRAL,0.0,Kondisi pasar normal,TIDAK ADA,2026-09-03 15:24:34,⚠️ Anomali (Sudah Terbang)
15:24,MGLV,Token Mati (Perlu Update),Big Cap (Lapis 1),Overvalued (Mahal),0.0,187.53363,11150.0,10387,8000,13325,3.480278422273782,1396000,Normal,60,Positif,Uptrend,Bullish,Strong Bullish,Perfect Uptrend (5>20>50),Normal,Distribusi (Turun),Normal,Seimbang / Adu Mekanik,Normal,Tinggi,Normal,Rawan Pucuk (High Risk),> 1 Miliar,Di Bawah VWAP (Lemah),Distribusi Pro (Guyuran),Ritel Aktif (5M - 50M),Normal (50-150%),Mark-Up (Fase Pesta),Spesialis Tiang Jemuran (Banting Pucuk),Normal,Naik 1 Hari Beruntun,TP: 12960 | CL: 9942,Normal,Tidak Ideal (< 1:1),Netral / Sideways,Netral / Sepi Berita,Normal / Sedang Transisi,Dekat Support Fibo 38.2%,5,WAIT & SEE,HOLD / NEUTRAL,0.0,Kondisi pasar normal,TIDAK ADA,2026-09-03 15:24:34,Biasa / Mengikuti Pasar
15:24,LABA,Token Mati (Perlu Update),Small Cap (Lapis 3),Fair Value (Wajar),4.5904207,1.532212,129.0,103,92,148,8.403361344537815,130993600,Tembus MA20,70,Positif,Uptrend,Bullish,Strong Bullish,Perfect Uptrend (5>20>50),Akumulasi Kuat,Akumulasi (Naik),Normal,Seimbang / Adu Mekanik,Normal,Tinggi,Normal,Rawan Pucuk (High Risk),> 1 Miliar,Di Atas VWAP (Kuat),Akumulasi Pro (Smart Money),Ritel Aktif (5M - 50M),Normal (50-150%),Mark-Up (Fase Pesta),Spesialis Tiang Jemuran (Banting Pucuk),Normal,Naik 1 Hari Beruntun,TP: 145 | CL: 118,Normal,Tidak Ideal (< 1:1),Netral / Sideways,Netral / Sepi Berita,Normal / Sedang Transisi,Dekat Support Fibo 23.6%,8,BELI,HOLD / NEUTRAL,0.0,Kondisi pasar normal,TIDAK ADA,2026-09-03 15:24:34,Biasa / Mengikuti Pasar
15:24,ARCI,Token Mati (Perlu Update),Big Cap (Lapis 1),Overvalued (Mahal),12.657623,82812.49,1320.0,1300,1115,1475,3.5294117647058822,55460900,Normal,56,Positif,Uptrend,Bullish,Bearish MACD,Perfect Uptrend (5>20>50),Normal,Distribusi (Turun),Gap Up (+3.9%),Seimbang / Adu Mekanik,Normal,Tinggi,Normal,Rawan Pucuk (High Risk),> 1 Miliar,Persis di VWAP,Akumulasi Pro (Smart Money),Sultan (> 50M/hari),Normal (50-150%),Mark-Up (Fase Pesta),Normal,Jarum Bawah (Sinyal Pantulan Kuat),Naik 1 Hari Beruntun,TP: 1441 | CL: 1239,Normal,Tidak Ideal (< 1:1),Golden Cross (Awal Bullish),Netral / Sepi Berita,Normal / Sedang Transisi,Mengambang (Jauh dari Fibo),5,WAIT & SEE,HOLD / NEUTRAL,0.0,Kondisi pasar normal,TIDAK ADA,2026-09-03 15:24:34,Biasa / Mengikuti Pasar
15:24,IPAC,Transaksi Sepi (Skip Broksum),Small Cap (Lapis 3),Overvalued (Mahal),48.914467,5.052962,187.0,175,161,193,0.0,14400,Normal,63,Negatif,Uptrend,Bullish,Strong Bullish,Perfect Uptrend (5>20>50),Normal,Akumulasi (Naik),Normal,Dominan Beli (Hajar Kanan),Normal,Tinggi,Doji (Ragu-ragu),Rawan Pucuk (High Risk),< 1 Miliar,Di Atas VWAP (Kuat),Akumulasi Pro (Smart Money),Gorengan Sepi (< 5M),Sepi (< 50%),Mark-Up (Fase Pesta),Spesialis Tiang Jemuran (Banting Pucuk),Jarum Bawah (Sinyal Pantulan Kuat),Sideways / Stagnan,TP: 200 | CL: 178,Normal,Tidak Ideal (< 1:1),Netral / Sideways,Netral / Sepi Berita,Normal / Sedang Transisi,Mengambang (Jauh dari Fibo),6,WAIT & SEE,HOLD / NEUTRAL,0.0,Kondisi pasar normal,TIDAK ADA,2026-09-03 15:24:34,Biasa / Mengikuti Pasar
15:24,MASB,Transaksi Sepi (Skip Broksum),Mid Cap (Lapis 2),Fair Value (Wajar),22.38757,1.1569718,3400.0,3388,3100,3400,0.2949852507374631,9600,Normal,55,Positif,Uptrend,Bullish,Strong Bullish,Perfect Uptrend (5>20>50),Normal,Akumulasi (Naik),Normal,Dominan Beli (Hajar Kanan),Squeeze,Rendah,Marubozu (Strong Bullish),Area Tengah,< 1 Miliar,Persis di VWAP,Akumulasi Pro (Smart Money),Gorengan Sepi (< 5M),Normal (50-150%),Mark-Up (Fase Pesta),Solid (Jarang Dibanting),Normal,Naik 1 Hari Beruntun,TP: 3439 | CL: 3373,Open = Low (Bullish Kuat),Tidak Ideal (< 1:1),Overbought (Jenuh Beli - Rawan),Netral / Sepi Berita,Normal / Sedang Transisi,Dekat Support Fibo 38.2%,7,BELI,HOLD / NEUTRAL,0.0,Kondisi pasar normal,TIDAK ADA,2026-09-03 15:24:34,Biasa / Mengikuti Pasar
15:24,BMHS,Transaksi Sepi (Skip Broksum),Mid Cap (Lapis 2),Fair Value (Wajar),0.0,0.85934246,194.0,190,182,200,0.5181347150259068,1079500,Tembus MA20,69,Positif,Uptrend,Bullish,Strong Bullish,Perfect Uptrend (5>20>50),Normal,Akumulasi (Naik),Normal,Dominan Beli (Hajar Kanan),Squeeze,Rendah,Doji (Ragu-ragu),Area Tengah,< 1 Miliar,Persis di VWAP,Akumulasi Pro (Smart Money),Gorengan Sepi (< 5M),Normal (50-150%),Mark-Up (Fase Pesta),Normal,Jarum Bawah (Sinyal Pantulan Kuat),Naik 1 Hari Beruntun,TP: 201 | CL: 189,Normal,Tidak Ideal (< 1:1),Netral / Sideways,Netral / Sepi Berita,Normal / Sedang Transisi,Mendekati Fibo 23.6%,8,BELI,HOLD / NEUTRAL,0.0,Kondisi pasar normal,TIDAK ADA,2026-09-03 15:24:34,Biasa / Mengikuti Pasar
15:24,FLMC,Token Mati (Perlu Update),Small Cap (Lapis 3),Overvalued (Mahal),6.2612357,5.9192405,101.0,80,66,113,-1.9417475728155338,20951700,Tembus MA20,74,Negatif,Uptrend,Bullish,Strong Bullish,Perfect Uptrend (5>20>50),Distribusi Kuat,Akumulasi (Naik),Normal,Seimbang / Adu Mekanik,Breakout Upper,Tinggi,Normal,Rawan Pucuk (High Risk),> 1 Miliar,Di Atas VWAP (Kuat),Akumulasi Pro (Smart Money),Gorengan Sepi (< 5M),Anomali Tinggi (150-300%),Mark-Up (Fase Pesta),Solid (Jarang Dibanting),Normal,Turun 1 Hari Beruntun,TP: 112 | CL: 93,Normal,Tidak Ideal (< 1:1),Death Cross (Awal Bearish),Netral / Sepi Berita,Supply Banjir (Distribusi) 🌊,Mengambang (Jauh dari Fibo),6,WAIT & SEE,HOLD / NEUTRAL,0.0,Kondisi pasar normal,TIDAK ADA,2026-09-03 15:24:34,Biasa / Mengikuti Pasar
15:24,NICL,Token Mati (Perlu Update),Mid Cap (Lapis 2),Overvalued (Mahal),49.753696,6.460775,505.0,483,448,535,-0.9803921568627451,53126300,Tembus MA20,55,Negatif,Uptrend,Bullish,Strong Bullish,Awal Reversal (5>20),Normal,Distribusi (Turun),Normal,Dominan Jual (Guyur),Normal,Tinggi,Normal,Rawan Pucuk (High Risk),> 1 Miliar,Di Bawah VWAP (Lemah),Distribusi Pro (Guyuran),Ritel Aktif (5M - 50M),Normal (50-150%),Accumulation (Kumpul Barang),Normal,Normal,Turun 3 Hari Beruntun,TP: 538 | CL: 482,Normal,Tidak Ideal (< 1:1),Death Cross (Awal Bearish),Netral / Sepi Berita,Normal / Sedang Transisi,Mengambang (Jauh dari Fibo),5,WAIT & SEE,HOLD / NEUTRAL,0.0,Kondisi pasar normal,TIDAK ADA,2026-09-03 15:24:34,Biasa / Mengikuti Pasar
15:24,UVCR,Token Mati (Perlu Update),Small Cap (Lapis 3),Overvalued (Mahal),43.47826,2.7811253,150.0,145,129,160,-1.9607843137254901,57958100,Tembus MA20,55,Negatif,Uptrend,Bearish,Bullish MACD,Konsolidasi / Transisi,Normal,Akumulasi (Naik),Normal,Seimbang / Adu Mekanik,Normal,Tinggi,Normal,Rawan Pucuk (High Risk),> 1 Miliar,Di Atas VWAP (Kuat),Akumulasi Pro (Smart Money),Ritel Aktif (5M - 50M),Normal (50-150%),Mark-Up (Fase Pesta),Solid (Jarang Dibanting),Normal,Turun 1 Hari Beruntun,TP: 160 | CL: 143,Normal,Tidak Ideal (< 1:1),Netral / Sideways,Netral / Sepi Berita,Normal / Sedang Transisi,Mendekati Fibo 78.6%,5,WAIT & SEE,HOLD / NEUTRAL,0.0,Kondisi pasar normal,TIDAK ADA,2026-09-03 15:24:34,Biasa / Mengikuti Pasar
15:24,BUKA,Token Mati (Perlu Update),Big Cap (Lapis 1),Undervalued (Murah),6.158038,0.42708552,113.0,113,104,125,0.8928571428571428,116188500,Normal,52,Positif,Downtrend,Bearish,Strong Bearish,Konsolidasi / Transisi,Normal,Akumulasi (Naik),Normal,Seimbang / Adu Mekanik,Normal,Tinggi,Doji (Ragu-ragu),Area Tengah,> 1 Miliar,Di Atas VWAP (Kuat),Distribusi Pro (Guyuran),Sultan (> 50M/hari),Sepi (< 50%),Distribution (Fase Jualan),Normal,Normal,Naik 1 Hari Beruntun,TP: 121 | CL: 107,Normal,Menengah (1:1),Netral / Sideways,Netral / Sepi Berita,Normal / Sedang Transisi,Mendekati Fibo 50.0%,3,WAIT & SEE,HOLD / NEUTRAL,0.0,Kondisi pasar normal,TIDAK ADA,2026-09-03 15:24:34,Biasa / Mengikuti Pasar
15:24,HAIS,Transaksi Sepi (Skip Broksum),Small Cap (Lapis 3),Undervalued (Murah),8.898207,0.6496599,191.0,183,178,194,3.2432432432432434,3993000,Tembus MA20,65,Positif,Uptrend,Bullish,Strong Bullish,Perfect Uptrend (5>20>50),Akumulasi Kuat,Akumulasi (Naik),Normal,Seimbang / Adu Mekanik,Squeeze,Rendah,Normal,Area Tengah,< 1 Miliar,Di Atas VWAP (Kuat),Akumulasi Pro (Smart Money),Gorengan Sepi (< 5M),Ledakan Ekstrem (> 300%),Mark-Up (Fase Pesta),Spesialis Tiang Jemuran (Banting Pucuk),Normal,Naik 2 Hari Beruntun,TP: 197 | CL: 186,Normal,Tidak Ideal (< 1:1),Netral / Sideways,Netral / Sepi Berita,Normal / Sedang Transisi,Mendekati Fibo 23.6%,8,BELI,HOLD / NEUTRAL,0.0,Kondisi pasar normal,TIDAK ADA,2026-09-03 15:24:34,Biasa / Mengikuti Pasar
15:24,OILS,Token Mati (Perlu Update),Small Cap (Lapis 3),Fair Value (Wajar),0.0,1.3020893,282.0,234,210,288,1.4388489208633095,7850200,Normal,76,Positif,Uptrend,Bullish,Strong Bullish,Perfect Uptrend (5>20>50),Normal,Akumulasi (Naik),Gap Up (+2.2%),Seimbang / Adu Mekanik,Breakout Upper,Tinggi,Normal,Rawan Pucuk (High Risk),> 1 Miliar,Di Atas VWAP (Kuat),Distribusi Pro (Guyuran),Ritel Aktif (5M - 50M),Normal (50-150%),Mark-Up (Fase Pesta),Normal,Normal,Naik 6 Hari Beruntun,TP: 301 | CL: 269,Normal,Tidak Ideal (< 1:1),Overbought (Jenuh Beli - Rawan),Netral / Sepi Berita,Normal / Sedang Transisi,Mengambang (Jauh dari Fibo),7,BELI,HOLD / NEUTRAL,0.0,Kondisi pasar normal,TIDAK ADA,2026-09-03 15:24:34,Biasa / Mengikuti Pasar
15:24,GPSO,Token Mati (Perlu Update),Small Cap (Lapis 3),Overvalued (Mahal),0.0,4.685694,296.0,291,274,314,-3.2679738562091507,13949200,Normal,48,Negatif,Uptrend,Bullish,Bullish MACD,Awal Reversal (5>20),Normal,Distribusi (Turun),Normal,Dominan Jual (Guyur),Normal,Sedang,Normal,Area Tengah,> 1 Miliar,Di Bawah VWAP (Lemah),Distribusi Pro (Guyuran),Ritel Aktif (5M - 50M),Sepi (< 50%),Accumulation (Kumpul Barang),Normal,Normal,Turun 1 Hari Beruntun,TP: 315 | CL: 282,Open = High (Tekanan Jual),Tidak Ideal (< 1:1),Death Cross (Awal Bearish),Netral / Sepi Berita,Normal / Sedang Transisi,Mengambang (Jauh dari Fibo),3,WAIT & SEE,HOLD / NEUTRAL,0.0,Kondisi pasar normal,TIDAK ADA,2026-09-03 15:24:34,Biasa / Mengikuti Pasar
15:24,MCOL,Transaksi Sepi (Skip Broksum),Big Cap (Lapis 1),Overvalued (Mahal),9.330872,23974.36,3740.0,3727,3600,3870,-0.5319148936170213,22500,Tembus MA20,52,Negatif,Uptrend,Bearish,Bullish MACD,Strong Downtrend (5<20<50),Normal,Akumulasi (Naik),Gap Down (-2.7%),Seimbang / Adu Mekanik,Squeeze,Rendah,Normal,Area Tengah,< 1 Miliar,Persis di VWAP,Distribusi Pro (Guyuran),Gorengan Sepi (< 5M),Normal (50-150%),Accumulation (Kumpul Barang),Spesialis Tiang Jemuran (Banting Pucuk),Normal,Turun 1 Hari Beruntun,TP: 3863 | CL: 3657,Open = Low (Bullish Kuat),Tidak Ideal (< 1:1),Netral / Sideways,Netral / Sepi Berita,Normal / Sedang Transisi,Dekat Support Fibo 38.2%,5,WAIT & SEE,HOLD / NEUTRAL,0.0,Kondisi pasar normal,TIDAK ADA,2026-09-03 15:24:34,Biasa / Mengikuti Pasar
15:24,RSGK,Transaksi Sepi (Skip Broksum),Small Cap (Lapis 3),Overvalued (Mahal),26.652163,1.0746639,980.0,949,905,1000,2.083333333333333,28900,Tembus MA20,54,Positif,Uptrend,Bullish,Bullish MACD,Awal Reversal (5>20),Normal,Distribusi (Turun),Normal,Dominan Beli (Hajar Kanan),Squeeze,Rendah,Hammer (Potensi Reversal),Area Tengah,< 1 Miliar,Di Atas VWAP (Kuat),Akumulasi Pro (Smart Money),Gorengan Sepi (< 5M),Anomali Tinggi (150-300%),Accumulation (Kumpul Barang),Normal,Jarum Bawah (Sinyal Pantulan Kuat),Naik 2 Hari Beruntun,TP: 1051 | CL: 932,Normal,Tidak Ideal (< 1:1),Netral / Sideways,Netral / Sepi Berita,Normal / Sedang Transisi,Golden Rebound Fibo 50.0% 🎯,7,BELI,HOLD / NEUTRAL,0.0,Kondisi pasar normal,TIDAK ADA,2026-09-03 15:24:34,Biasa / Mengikuti Pasar
15:24,RUNS,Transaksi Sepi (Skip Broksum),Small Cap (Lapis 3),Fair Value (Wajar),0.0,1.2892376,69.0,62,59,69,9.523809523809524,10934000,Tembus MA20,68,Positif,Uptrend,Golden Cross,Bullish MACD,Awal Reversal (5>20),Akumulasi Kuat,Akumulasi (Naik),Normal,Dominan Beli (Hajar Kanan),Breakout Upper,Sedang,Marubozu (Strong Bullish),Rawan Pucuk (High Risk),< 1 Miliar,Di Atas VWAP (Kuat),Akumulasi Pro (Smart Money),Gorengan Sepi (< 5M),Ledakan Ekstrem (> 300%),Accumulation (Kumpul Barang),Normal,Normal,Naik 2 Hari Beruntun,TP: 73 | CL: 65,Open = Low (Bullish Kuat),Tidak Ideal (< 1:1),Netral / Sideways,Netral / Sepi Berita,Normal / Sedang Transisi,Dekat Support Fibo 61.8% (Golden Ratio),9,BELI,HOLD / NEUTRAL,0.0,Kondisi pasar normal,TIDAK ADA,2026-09-03 15:24:34,Biasa / Mengikuti Pasar
15:24,SBMA,Transaksi Sepi (Skip Broksum),Small Cap (Lapis 3),Undervalued (Murah),8.970887,0.40890485,107.0,107,100,120,-0.9259259259259258,847200,Normal,48,Negatif,Downtrend,Death Cross,Bearish MACD,Konsolidasi / Transisi,Normal,Akumulasi (Naik),Normal,Seimbang / Adu Mekanik,Squeeze,Rendah,Normal,Area Tengah,< 1 Miliar,Persis di VWAP,Akumulasi Pro (Smart Money),Gorengan Sepi (< 5M),Normal (50-150%),Distribution (Fase Jualan),Normal,Normal,Turun 1 Hari Beruntun,TP: 113 | CL: 102,Open = High (Tekanan Jual),Ideal (1:2),Netral / Sideways,Netral / Sepi Berita,Normal / Sedang Transisi,Dekat Support Fibo 50.0%,1,WAIT & SEE,HOLD / NEUTRAL,0.0,Kondisi pasar normal,TIDAK ADA,2026-09-03 15:24:34,Biasa / Mengikuti Pasar
15:24,CMNT,Token Mati (Perlu Update),Big Cap (Lapis 1),Overvalued (Mahal),0.0,5.614908,740.0,773,735,815,-0.6711409395973155,31296600,Tembus MA20,36,Negatif,Downtrend,Bearish,Strong Bearish,Strong Downtrend (5<20<50),Normal,Distribusi (Turun),Normal,Dominan Jual (Guyur),Bottom Rebound,Sedang,Normal,Dekat Support (Low Risk),> 1 Miliar,Di Bawah VWAP (Lemah),Distribusi Pro (Guyuran),Ritel Aktif (5M - 50M),Normal (50-150%),Mark-Down (Fase Runtuh),Normal,Normal,Turun 1 Hari Beruntun,TP: 777 | CL: 715,Normal,Sangat Menarik (> 1:3),Oversold (Jenuh Jual - Peluang),Netral / Sepi Berita,Normal / Sedang Transisi,Golden Rebound Fibo Bottom / 100% 🎯,1,WAIT & SEE,HOLD / NEUTRAL,0.0,Kondisi pasar normal,TIDAK ADA,2026-09-03 15:24:34,Biasa / Mengikuti Pasar
15:24,GTSI,Token Mati (Perlu Update),Mid Cap (Lapis 2),Overvalued (Mahal),0.0,58333.332,174.0,179,160,199,-0.5714285714285714,26677600,Normal,53,Negatif,Downtrend,Bearish,Bearish MACD,Konsolidasi / Transisi,Normal,Akumulasi (Naik),Normal,Dominan Jual (Guyur),Normal,Tinggi,Normal,Area Tengah,> 1 Miliar,Persis di VWAP,Distribusi Pro (Guyuran),Ritel Aktif (5M - 50M),Normal (50-150%),Distribution (Fase Jualan),Normal,Normal,Turun 1 Hari Beruntun,TP: 189 | CL: 163,Normal,Ideal (1:2),Netral / Sideways,Netral / Sepi Berita,Normal / Sedang Transisi,Mengambang (Jauh dari Fibo),2,WAIT & SEE,HOLD / NEUTRAL,0.0,Kondisi pasar normal,TIDAK ADA,2026-09-03 15:24:34,Biasa / Mengikuti Pasar
15:24,IDEA,Transaksi Sepi (Skip Broksum),Small Cap (Lapis 3),Overvalued (Mahal),27.397259,0.9997667,60.0,62,58,72,0.0,3117500,Normal,45,Negatif,Downtrend,Bearish,Strong Bearish,Konsolidasi / Transisi,Normal,Distribusi (Turun),Normal,Seimbang / Adu Mekanik,Normal,Tinggi,Doji (Ragu-ragu),Area Tengah,< 1 Miliar,Persis di VWAP,Distribusi Pro (Guyuran),Gorengan Sepi (< 5M),Normal (50-150%),Distribution (Fase Jualan),Normal,Normal,Sideways / Stagnan,TP: 64 | CL: 56,Normal,Sangat Menarik (> 1:3),Golden Cross (Awal Bullish),Netral / Sepi Berita,Normal / Sedang Transisi,Dekat Support Fibo 50.0%,0,WAIT & SEE,HOLD / NEUTRAL,0.0,Kondisi pasar normal,TIDAK ADA,2026-09-03 15:24:34,Biasa / Mengikuti Pasar
15:24,KUAS,Token Mati (Perlu Update),Small Cap (Lapis 3),Fair Value (Wajar),19.860243,0.81668454,112.0,94,89,117,10.891089108910892,289400500,Tembus MA20,77,Positif,Uptrend,Bullish,Strong Bullish,Perfect Uptrend (5>20>50),Akumulasi Kuat,Akumulasi (Naik),Gap Up (+9.9%),Seimbang / Adu Mekanik,Breakout Upper,Tinggi,Normal,Rawan Pucuk (High Risk),> 1 Miliar,Di Atas VWAP (Kuat),Distribusi Pro (Guyuran),Ritel Aktif (5M - 50M),Ledakan Ekstrem (> 300%),Mark-Up (Fase Pesta),Spesialis Tiang Jemuran (Banting Pucuk),Normal,Naik 3 Hari Beruntun,TP: 121 | CL: 105,Normal,Tidak Ideal (< 1:1),Netral / Sideways,Netral / Sepi Berita,Normal / Sedang Transisi,Mendekati Fibo 50.0%,9,BELI,HOLD / NEUTRAL,0.0,Kondisi pasar normal,TIDAK ADA,2026-09-03 15:24:34,⚠️ Anomali (Sudah Terbang)
15:24,BOBA,Transaksi Sepi (Skip Broksum),Small Cap (Lapis 3),Fair Value (Wajar),13.084993,1.5172951,222.0,212,204,240,2.7777777777777777,1171700,Normal,52,Positif,Uptrend,Bullish,Bullish MACD,Awal Reversal (5>20),Normal,Akumulasi (Naik),Normal,Dominan Beli (Hajar Kanan),Breakout Upper,Sedang,Normal,Area Tengah,< 1 Miliar,Di Atas VWAP (Kuat),Akumulasi Pro (Smart Money),Gorengan Sepi (< 5M),Normal (50-150%),Accumulation (Kumpul Barang),Spesialis Tiang Jemuran (Banting Pucuk),Normal,Naik 2 Hari Beruntun,TP: 238 | CL: 210,Normal,Menengah (1:1),Netral / Sideways,Netral / Sepi Berita,Normal / Sedang Transisi,Mengambang (Jauh dari Fibo),7,BELI,HOLD / NEUTRAL,0.0,Kondisi pasar normal,TIDAK ADA,2026-09-03 15:24:34,Biasa / Mengikuti Pasar
15:24,MTEL,Token Mati (Perlu Update),Big Cap (Lapis 1),Fair Value (Wajar),17.6906,1.2050016,478.0,448,418,488,-0.4166666666666667,21973300,Normal,66,Negatif,Uptrend,Bullish,Strong Bullish,Awal Reversal (5>20),Normal,Akumulasi (Naik),Normal,Seimbang / Adu Mekanik,Normal,Tinggi,Normal,Rawan Pucuk (High Risk),> 1 Miliar,Di Atas VWAP (Kuat),Akumulasi Pro (Smart Money),Ritel Aktif (5M - 50M),Sepi (< 50%),Accumulation (Kumpul Barang),Normal,Normal,Turun 1 Hari Beruntun,TP: 495 | CL: 466,Normal,Tidak Ideal (< 1:1),Overbought (Jenuh Beli - Rawan),Netral / Sepi Berita,Normal / Sedang Transisi,Dekat Support Fibo 38.2%,5,WAIT & SEE,HOLD / NEUTRAL,0.0,Kondisi pasar normal,TIDAK ADA,2026-09-03 15:24:34,Biasa / Mengikuti Pasar
15:24,DEPO,Transaksi Sepi (Skip Broksum),Mid Cap (Lapis 2),Fair Value (Wajar),21.76521,1.2404221,254.0,247,236,276,1.6,140300,Normal,57,Positif,Uptrend,Bullish,Strong Bullish,Perfect Uptrend (5>20>50),Normal,Distribusi (Turun),Normal,Dominan Beli (Hajar Kanan),Normal,Sedang,Normal,Area Tengah,< 1 Miliar,Di Atas VWAP (Kuat),Distribusi Pro (Guyuran),Gorengan Sepi (< 5M),Sepi (< 50%),Mark-Up (Fase Pesta),Normal,Normal,Naik 2 Hari Beruntun,TP: 271 | CL: 242,Normal,Menengah (1:1),Golden Cross (Awal Bullish),Netral / Sepi Berita,Supply Kering (Siap Pump) 🏜️,Mendekati Fibo 78.6%,6,WAIT & SEE,HOLD / NEUTRAL,0.0,Kondisi pasar normal,TIDAK ADA,2026-09-03 15:24:34,Biasa / Mengikuti Pasar
15:24,BINO,Transaksi Sepi (Skip Broksum),Small Cap (Lapis 3),Fair Value (Wajar),21.63032,0.6700483,121.0,114,110,124,2.5423728813559325,879000,Normal,72,Positif,Uptrend,Bullish,Strong Bullish,Perfect Uptrend (5>20>50),Normal,Akumulasi (Naik),Gap Up (+3.4%),Dominan Beli (Hajar Kanan),Squeeze,Rendah,Hammer (Potensi Reversal),Rawan Pucuk (High Risk),< 1 Miliar,Di Atas VWAP (Kuat),Distribusi Pro (Guyuran),Gorengan Sepi (< 5M),Normal (50-150%),Mark-Up (Fase Pesta),Spesialis Tiang Jemuran (Banting Pucuk),Jarum Bawah (Sinyal Pantulan Kuat),Naik 2 Hari Beruntun,TP: 127 | CL: 116,Open = High (Tekanan Jual),Tidak Ideal (< 1:1),Netral / Sideways,Netral / Sepi Berita,Normal / Sedang Transisi,Golden Rebound Fibo 23.6% 🎯,8,BELI,HOLD / NEUTRAL,0.0,Kondisi pasar normal,TIDAK ADA,2026-09-03 15:24:34,Biasa / Mengikuti Pasar
15:24,CMRY,Token Mati (Perlu Update),Big Cap (Lapis 1),Overvalued (Mahal),17.258083,5.328441,4810.0,4689,4520,4840,2.3404255319148937,2454600,Normal,58,Positif,Uptrend,Bullish,Strong Bullish,Perfect Uptrend (5>20>50),Normal,Akumulasi (Naik),Normal,Dominan Beli (Hajar Kanan),Squeeze,Rendah,Normal,Area Tengah,> 1 Miliar,Di Atas VWAP (Kuat),Akumulasi Pro (Smart Money),Ritel Aktif (5M - 50M),Normal (50-150%),Mark-Up (Fase Pesta),Normal,Normal,Naik 1 Hari Beruntun,TP: 4981 | CL: 4695,Open = Low (Bullish Kuat),Tidak Ideal (< 1:1),Netral / Sideways,Netral / Sepi Berita,Normal / Sedang Transisi,Mendekati Fibo 23.6%,7,BELI,HOLD / NEUTRAL,0.0,Kondisi pasar normal,TIDAK ADA,2026-09-03 15:24:34,Biasa / Mengikuti Pasar
15:24,WGSH,Token Mati (Perlu Update),Small Cap (Lapis 3),Overvalued (Mahal),28.067228,4.972162,167.0,171,145,208,-1.183431952662722,24958200,Normal,53,Negatif,Downtrend,Bearish,Bearish MACD,Konsolidasi / Transisi,Normal,Akumulasi (Naik),Gap Down (-2.4%),Seimbang / Adu Mekanik,Normal,Tinggi,Normal,Rawan Pucuk (High Risk),> 1 Miliar,Di Atas VWAP (Kuat),Akumulasi Pro (Smart Money),Ritel Aktif (5M - 50M),Normal (50-150%),Distribution (Fase Jualan),Normal,Normal,Turun 1 Hari Beruntun,TP: 188 | CL: 152,Normal,Ideal (1:2),Golden Cross (Awal Bullish),Netral / Sepi Berita,Normal / Sedang Transisi,Dekat Support Fibo 38.2%,2,WAIT & SEE,HOLD / NEUTRAL,0.0,Kondisi pasar normal,TIDAK ADA,2026-09-03 15:24:34,Biasa / Mengikuti Pasar
15:24,ADMR,Token Mati (Perlu Update),Big Cap (Lapis 1),Overvalued (Mahal),12.479326,41500.0,1660.0,1651,1545,1785,4.075235109717868,48964300,Tembus MA20,54,Positif,Uptrend,Bullish,Bearish MACD,Perfect Uptrend (5>20>50),Normal,Distribusi (Turun),Normal,Dominan Beli (Hajar Kanan),Normal,Sedang,Marubozu (Strong Bullish),Area Tengah,> 1 Miliar,Persis di VWAP,Distribusi Pro (Guyuran),Sultan (> 50M/hari),Normal (50-150%),Mark-Up (Fase Pesta),Normal,Normal,Naik 1 Hari Beruntun,TP: 1775 | CL: 1582,Open = Low (Bullish Kuat),Menengah (1:1),Golden Cross (Awal Bullish),Netral / Sepi Berita,Normal / Sedang Transisi,Mendekati Fibo 38.2%,6,WAIT & SEE,HOLD / NEUTRAL,0.0,Kondisi pasar normal,TIDAK ADA,2026-09-03 15:24:34,Biasa / Mengikuti Pasar
15:24,SEMA,Transaksi Sepi (Skip Broksum),Small Cap (Lapis 3),Undervalued (Murah),6.410623,0.92339146,112.0,103,95,120,0.0,1202000,Normal,70,Negatif,Uptrend,Bullish,Strong Bullish,Perfect Uptrend (5>20>50),Normal,Distribusi (Turun),Normal,Dominan Beli (Hajar Kanan),Normal,Tinggi,Doji (Ragu-ragu),Rawan Pucuk (High Risk),< 1 Miliar,Persis di VWAP,Akumulasi Pro (Smart Money),Gorengan Sepi (< 5M),Sepi (< 50%),Mark-Up (Fase Pesta),Spesialis Tiang Jemuran (Banting Pucuk),Jarum Bawah (Sinyal Pantulan Kuat),Sideways / Stagnan,TP: 120 | CL: 106,Normal,Tidak Ideal (< 1:1),Death Cross (Awal Bearish),Netral / Sepi Berita,Normal / Sedang Transisi,Golden Rebound Fibo 23.6% 🎯,5,WAIT & SEE,HOLD / NEUTRAL,0.0,Kondisi pasar normal,TIDAK ADA,2026-09-03 15:24:34,Biasa / Mengikuti Pasar
15:24,ASLC,Token Mati (Perlu Update),Small Cap (Lapis 3),Overvalued (Mahal),27.49004,1.1607172,69.0,64,60,75,2.9850746268656714,14642300,Normal,60,Positif,Uptrend,Bullish,Strong Bullish,Perfect Uptrend (5>20>50),Normal,Akumulasi (Naik),Normal,Seimbang / Adu Mekanik,Normal,Tinggi,Normal,Rawan Pucuk (High Risk),> 1 Miliar,Di Atas VWAP (Kuat),Akumulasi Pro (Smart Money),Gorengan Sepi (< 5M),Sepi (< 50%),Mark-Up (Fase Pesta),Normal,Normal,Naik 1 Hari Beruntun,TP: 75 | CL: 64,Normal,Tidak Ideal (< 1:1),Netral / Sideways,Netral / Sepi Berita,Normal / Sedang Transisi,Mendekati Fibo 38.2%,6,WAIT & SEE,HOLD / NEUTRAL,0.0,Kondisi pasar normal,TIDAK ADA,2026-09-03 15:24:34,Biasa / Mengikuti Pasar
15:24,NETV,Transaksi Sepi (Skip Broksum),Mid Cap (Lapis 2),Overvalued (Mahal),0.0,5.560498,50.0,50,50,56,0.0,10685100,Normal,43,Negatif,Downtrend,Bearish,Strong Bearish,Konsolidasi / Transisi,Normal,Netral,Normal,Tidak Ada Transaksi,Normal,Sedang,Doji (Ragu-ragu),Dekat Support (Low Risk),< 1 Miliar,Persis di VWAP,Netral,Gorengan Sepi (< 5M),Normal (50-150%),Distribution (Fase Jualan),Solid (Jarang Dibanting),Normal,Sideways / Stagnan,TP: 50 | CL: 49,Normal,Di Area Support,Oversold (Jenuh Jual - Peluang),Netral / Sepi Berita,Supply Kering (Siap Pump) 🏜️,Golden Rebound Fibo Bottom / 100% 🎯,0,WAIT & SEE,HOLD / NEUTRAL,0.0,Kondisi pasar normal,TIDAK ADA,2026-09-03 15:24:34,Biasa / Mengikuti Pasar
15:24,BAUT,Transaksi Sepi (Skip Broksum),Small Cap (Lapis 3),Fair Value (Wajar),0.0,1.0297778,36.0,36,30,39,-2.7027027027027026,2258300,Normal,55,Negatif,Downtrend,Bullish,Bearish MACD,Perfect Uptrend (5>20>50),Normal,Distribusi (Turun),Normal,Dominan Jual (Guyur),Normal,Tinggi,Normal,Rawan Pucuk (High Risk),< 1 Miliar,Di Bawah VWAP (Lemah),Akumulasi Pro (Smart Money),Gorengan Sepi (< 5M),Normal (50-150%),Distribution (Fase Jualan),Solid (Jarang Dibanting),Normal,Turun 2 Hari Beruntun,TP: 38 | CL: 34,Open = High (Tekanan Jual),Tidak Ideal (< 1:1),Netral / Sideways,Netral / Sepi Berita,Normal / Sedang Transisi,Mendekati Fibo 23.6%,2,WAIT & SEE,HOLD / NEUTRAL,0.0,Kondisi pasar normal,TIDAK ADA,2026-09-03 15:24:34,Biasa / Mengikuti Pasar
15:24,ENAK,Transaksi Sepi (Skip Broksum),Small Cap (Lapis 3),Fair Value (Wajar),0.0,2.8256974,238.0,239,228,284,0.0,348800,Normal,45,Negatif,Downtrend,Bearish,Bullish MACD,Strong Downtrend (5<20<50),Normal,Akumulasi (Naik),Normal,Seimbang / Adu Mekanik,Squeeze,Rendah,Doji (Ragu-ragu),Area Tengah,< 1 Miliar,Di Bawah VWAP (Lemah),Distribusi Pro (Guyuran),Gorengan Sepi (< 5M),Sepi (< 50%),Mark-Down (Fase Runtuh),Spesialis Tiang Jemuran (Banting Pucuk),Jarum Bawah (Sinyal Pantulan Kuat),Sideways / Stagnan,TP: 265 | CL: 219,Normal,Sangat Menarik (> 1:3),Oversold (Jenuh Jual - Peluang),Netral / Sepi Berita,Normal / Sedang Transisi,Mendekati Fibo 78.6%,2,WAIT & SEE,HOLD / NEUTRAL,0.0,Kondisi pasar normal,TIDAK ADA,2026-09-03 15:24:34,Biasa / Mengikuti Pasar
15:24,NTBK,Token Mati (Perlu Update),Small Cap (Lapis 3),Overvalued (Mahal),370.5357,2.526867,83.0,83,73,99,0.0,12863800,Normal,49,Negatif,Downtrend,Bearish,Strong Bearish,Konsolidasi / Transisi,Normal,Akumulasi (Naik),Normal,Dominan Jual (Guyur),Normal,Tinggi,Doji (Ragu-ragu),Rawan Pucuk (High Risk),> 1 Miliar,Persis di VWAP,Distribusi Pro (Guyuran),Gorengan Sepi (< 5M),Sepi (< 50%),Distribution (Fase Jualan),Spesialis Tiang Jemuran (Banting Pucuk),Normal,Sideways / Stagnan,TP: 91 | CL: 77,Normal,Ideal (1:2),Netral / Sideways,Netral / Sepi Berita,Normal / Sedang Transisi,Dekat Support Fibo 50.0%,1,WAIT & SEE,HOLD / NEUTRAL,0.0,Kondisi pasar normal,TIDAK ADA,2026-09-03 15:24:34,Biasa / Mengikuti Pasar
15:24,SMKM,Transaksi Sepi (Skip Broksum),Small Cap (Lapis 3),Undervalued (Murah),7.426253,0.6727463,108.0,96,67,119,3.8461538461538463,3928000,Normal,67,Positif,Uptrend,Bullish,Strong Bullish,Perfect Uptrend (5>20>50),Normal,Distribusi (Turun),Normal,Seimbang / Adu Mekanik,Normal,Tinggi,Normal,Rawan Pucuk (High Risk),< 1 Miliar,Persis di VWAP,Distribusi Pro (Guyuran),Gorengan Sepi (< 5M),Normal (50-150%),Mark-Up (Fase Pesta),Normal,Normal,Naik 1 Hari Beruntun,TP: 122 | CL: 98,Normal,Tidak Ideal (< 1:1),Death Cross (Awal Bearish),Netral / Sepi Berita,Normal / Sedang Transisi,Mendekati Fibo 23.6%,5,WAIT & SEE,HOLD / NEUTRAL,0.0,Kondisi pasar normal,TIDAK ADA,2026-09-03 15:24:34,Biasa / Mengikuti Pasar
15:24,STAA,Token Mati (Perlu Update),Big Cap (Lapis 1),Fair Value (Wajar),8.765323,2.1738317,1280.0,1136,1045,1305,1.5873015873015872,6692600,Tembus MA20,81,Positif,Uptrend,Bullish,Strong Bullish,Perfect Uptrend (5>20>50),Normal,Akumulasi (Naik),Normal,Seimbang / Adu Mekanik,Breakout Upper,Tinggi,Normal,Rawan Pucuk (High Risk),> 1 Miliar,Di Atas VWAP (Kuat),Akumulasi Pro (Smart Money),Ritel Aktif (5M - 50M),Normal (50-150%),Mark-Up (Fase Pesta),Normal,Normal,Naik 4 Hari Beruntun,TP: 1330 | CL: 1246,Normal,Tidak Ideal (< 1:1),Overbought (Jenuh Beli - Rawan),Netral / Sepi Berita,Normal / Sedang Transisi,Mengambang (Jauh dari Fibo),7,BELI,HOLD / NEUTRAL,0.0,Kondisi pasar normal,TIDAK ADA,2026-09-03 15:24:34,Biasa / Mengikuti Pasar
15:24,NANO,Transaksi Sepi (Skip Broksum),Small Cap (Lapis 3),Undervalued (Murah),13.03681,0.85594887,34.0,32,28,36,0.0,7612900,Normal,57,Negatif,Uptrend,Bullish,Bearish MACD,Perfect Uptrend (5>20>50),Normal,Akumulasi (Naik),Normal,Dominan Beli (Hajar Kanan),Normal,Tinggi,Doji (Ragu-ragu),Rawan Pucuk (High Risk),< 1 Miliar,Persis di VWAP,Akumulasi Pro (Smart Money),Gorengan Sepi (< 5M),Sepi (< 50%),Mark-Up (Fase Pesta),Normal,Jarum Bawah (Sinyal Pantulan Kuat),Sideways / Stagnan,TP: 37 | CL: 31,Normal,Tidak Ideal (< 1:1),Netral / Sideways,Netral / Sepi Berita,Normal / Sedang Transisi,Mengambang (Jauh dari Fibo),5,WAIT & SEE,HOLD / NEUTRAL,0.0,Kondisi pasar normal,TIDAK ADA,2026-09-03 15:24:34,Biasa / Mengikuti Pasar
15:24,BIKE,Token Mati (Perlu Update),Small Cap (Lapis 3),Overvalued (Mahal),27.247957,17.872877,710.0,602,464,965,0.0,3777600,Tembus MA20,59,Negatif,Uptrend,Bullish,Strong Bullish,Perfect Uptrend (5>20>50),Akumulasi Kuat,Distribusi (Turun),Gap Down (-9.9%),Dominan Beli (Hajar Kanan),Normal,Tinggi,Marubozu (Strong Bullish),Rawan Pucuk (High Risk),> 1 Miliar,Di Bawah VWAP (Lemah),Akumulasi Pro (Smart Money),Gorengan Sepi (< 5M),Anomali Tinggi (150-300%),Mark-Up (Fase Pesta),Normal,Normal,Sideways / Stagnan,TP: 802 | CL: 648,Open = Low (Bullish Kuat),Menengah (1:1),Netral / Sideways,Netral / Sepi Berita,Normal / Sedang Transisi,Mengambang (Jauh dari Fibo),7,BELI,HOLD / NEUTRAL,0.0,Kondisi pasar normal,TIDAK ADA,2026-09-03 15:24:34,Biasa / Mengikuti Pasar
15:24,WIRG,Token Mati (Perlu Update),Small Cap (Lapis 3),Undervalued (Murah),11.764706,1.0712523,77.0,69,58,81,2.666666666666667,70803600,Normal,66,Positif,Uptrend,Bullish,Strong Bullish,Perfect Uptrend (5>20>50),Normal,Distribusi (Turun),Normal,Dominan Beli (Hajar Kanan),Normal,Tinggi,Normal,Rawan Pucuk (High Risk),> 1 Miliar,Di Atas VWAP (Kuat),Distribusi Pro (Guyuran),Ritel Aktif (5M - 50M),Sepi (< 50%),Mark-Up (Fase Pesta),Spesialis Tiang Jemuran (Banting Pucuk),Normal,Naik 1 Hari Beruntun,TP: 85 | CL: 71,Normal,Tidak Ideal (< 1:1),Netral / Sideways,Netral / Sepi Berita,Normal / Sedang Transisi,Mendekati Fibo 23.6%,6,WAIT & SEE,HOLD / NEUTRAL,0.0,Kondisi pasar normal,TIDAK ADA,2026-09-03 15:24:34,Biasa / Mengikuti Pasar
15:24,SICO,Transaksi Sepi (Skip Broksum),Small Cap (Lapis 3),Undervalued (Murah),12.119296,0.7816855,115.0,111,106,135,0.8771929824561403,3574400,Normal,59,Positif,Uptrend,Bullish,Strong Bullish,Perfect Uptrend (5>20>50),Normal,Distribusi (Turun),Normal,Dominan Jual (Guyur),Normal,Sedang,Doji (Ragu-ragu),Area Tengah,< 1 Miliar,Persis di VWAP,Distribusi Pro (Guyuran),Gorengan Sepi (< 5M),Sepi (< 50%),Mark-Up (Fase Pesta),Spesialis Tiang Jemuran (Banting Pucuk),Normal,Naik 1 Hari Beruntun,TP: 123 | CL: 109,Normal,Ideal (1:2),Golden Cross (Awal Bullish),Netral / Sepi Berita,Supply Kering (Siap Pump) 🏜️,Golden Rebound Fibo 50.0% 🎯,5,WAIT & SEE,HOLD / NEUTRAL,0.0,Kondisi pasar normal,TIDAK ADA,2026-09-03 15:24:34,Biasa / Mengikuti Pasar
15:24,GOTO,Transaksi Sepi (Skip Broksum),Big Cap (Lapis 1),Fair Value (Wajar),0.0,1.6453322,50.0,50,50,50,0.0,7548600,Normal,0,Negatif,Downtrend,Bearish,Bearish MACD,Konsolidasi / Transisi,Normal,Netral,Normal,Tidak Ada Transaksi,Squeeze,Rendah,Doji (Ragu-ragu),Dekat Support (Low Risk),< 1 Miliar,Persis di VWAP,Netral,Gorengan Sepi (< 5M),Normal (50-150%),Sideways,Solid (Jarang Dibanting),Normal,Sideways / Stagnan,TP: 51 | CL: 49,Normal,Di Area Support,Oversold (Jenuh Jual - Peluang),Netral / Sepi Berita,Supply Kering (Siap Pump) 🏜️,Normal / Sideways,0,WAIT & SEE,HOLD / NEUTRAL,0.0,Kondisi pasar normal,TIDAK ADA,2026-09-03 15:24:34,🔥 ANOMALI BANDAR (Siap Ledakan)
15:24,TLDN,Token Mati (Perlu Update),Mid Cap (Lapis 2),Fair Value (Wajar),7.669441,2.2620308,645.0,574,540,650,6.6115702479338845,5287800,Tembus MA20,74,Positif,Uptrend,Bullish,Strong Bullish,Perfect Uptrend (5>20>50),Akumulasi Kuat,Akumulasi (Naik),Normal,Dominan Beli (Hajar Kanan),Breakout Upper,Tinggi,Normal,Rawan Pucuk (High Risk),> 1 Miliar,Di Atas VWAP (Kuat),Akumulasi Pro (Smart Money),Gorengan Sepi (< 5M),Anomali Tinggi (150-300%),Mark-Up (Fase Pesta),Normal,Normal,Naik 2 Hari Beruntun,TP: 683 | CL: 619,Normal,Tidak Ideal (< 1:1),Overbought (Jenuh Beli - Rawan),Netral / Sepi Berita,Normal / Sedang Transisi,Mengambang (Jauh dari Fibo),9,BELI,HOLD / NEUTRAL,0.0,Kondisi pasar normal,TIDAK ADA,2026-09-03 15:24:34,Biasa / Mengikuti Pasar
15:24,MTMH,Transaksi Sepi (Skip Broksum),Mid Cap (Lapis 2),Overvalued (Mahal),42.238422,1.3299991,985.0,952,890,1025,0.5102040816326531,9200,Normal,57,Positif,Uptrend,Bullish,Strong Bullish,Perfect Uptrend (5>20>50),Normal,Distribusi (Turun),Normal,Seimbang / Adu Mekanik,Normal,Sedang,Normal,Rawan Pucuk (High Risk),< 1 Miliar,Persis di VWAP,Distribusi Pro (Guyuran),Gorengan Sepi (< 5M),Sepi (< 50%),Mark-Up (Fase Pesta),Spesialis Tiang Jemuran (Banting Pucuk),Normal,Naik 2 Hari Beruntun,TP: 1040 | CL: 947,Normal,Tidak Ideal (< 1:1),Netral / Sideways,Netral / Sepi Berita,Normal / Sedang Transisi,Dekat Support Fibo 38.2%,5,WAIT & SEE,HOLD / NEUTRAL,0.0,Kondisi pasar normal,TIDAK ADA,2026-09-03 15:24:34,Biasa / Mengikuti Pasar
15:24,WINR,Transaksi Sepi (Skip Broksum),Small Cap (Lapis 3),Undervalued (Murah),0.025335336,0.32629207,23.0,22,19,28,9.523809523809524,43056800,Tembus MA20,55,Positif,Uptrend,Bearish,Strong Bearish,Konsolidasi / Transisi,Normal,Akumulasi (Naik),Gap Down (-4.8%),Dominan Beli (Hajar Kanan),Normal,Tinggi,Marubozu (Strong Bullish),Rawan Pucuk (High Risk),< 1 Miliar,Di Atas VWAP (Kuat),Akumulasi Pro (Smart Money),Gorengan Sepi (< 5M),Normal (50-150%),Mark-Up (Fase Pesta),Normal,Normal,Naik 2 Hari Beruntun,TP: 25 | CL: 21,Open = Low (Bullish Kuat),Menengah (1:1),Golden Cross (Awal Bullish),Netral / Sepi Berita,Normal / Sedang Transisi,Dekat Support Fibo 50.0%,6,WAIT & SEE,HOLD / NEUTRAL,0.0,Kondisi pasar normal,TIDAK ADA,2026-09-03 15:24:34,Biasa / Mengikuti Pasar
15:24,IBOS,Transaksi Sepi (Skip Broksum),Small Cap (Lapis 3),Overvalued (Mahal),350.0,2.1422853,90.0,78,62,101,-2.1739130434782608,4940800,Normal,65,Negatif,Uptrend,Bullish,Strong Bullish,Perfect Uptrend (5>20>50),Normal,Distribusi (Turun),Normal,Dominan Jual (Guyur),Normal,Tinggi,Normal,Rawan Pucuk (High Risk),< 1 Miliar,Di Bawah VWAP (Lemah),Akumulasi Pro (Smart Money),Gorengan Sepi (< 5M),Sepi (< 50%),Mark-Up (Fase Pesta),Normal,Normal,Turun 3 Hari Beruntun,TP: 101 | CL: 82,Open = High (Tekanan Jual),Tidak Ideal (< 1:1),Death Cross (Awal Bearish),Netral / Sepi Berita,Supply Banjir (Distribusi) 🌊,Mendekati Fibo 38.2%,4,WAIT & SEE,HOLD / NEUTRAL,0.0,Kondisi pasar normal,TIDAK ADA,2026-09-03 15:24:34,Biasa / Mengikuti Pasar
15:24,OLIV,Transaksi Sepi (Skip Broksum),Small Cap (Lapis 3),Overvalued (Mahal),53.669224,2.7472527,49.0,47,44,51,8.88888888888889,17511700,Tembus MA20,55,Positif,Uptrend,Bearish,Bullish MACD,Strong Downtrend (5<20<50),Akumulasi Kuat,Akumulasi (Naik),Normal,Dominan Beli (Hajar Kanan),Normal,Sedang,Marubozu (Strong Bullish),Rawan Pucuk (High Risk),< 1 Miliar,Di Atas VWAP (Kuat),Akumulasi Pro (Smart Money),Gorengan Sepi (< 5M),Anomali Tinggi (150-300%),Accumulation (Kumpul Barang),Normal,Normal,Naik 1 Hari Beruntun,TP: 53 | CL: 45,Open = Low (Bullish Kuat),Tidak Ideal (< 1:1),Netral / Sideways,Netral / Sepi Berita,Normal / Sedang Transisi,Dekat Support Fibo 61.8% (Golden Ratio),8,BELI,HOLD / NEUTRAL,0.0,Kondisi pasar normal,TIDAK ADA,2026-09-03 15:24:34,Biasa / Mengikuti Pasar
15:24,ASHA,Transaksi Sepi (Skip Broksum),Small Cap (Lapis 3),Fair Value (Wajar),0.0,2.6770053,58.0,59,54,65,0.0,9080700,Normal,49,Negatif,Downtrend,Bearish,Bearish MACD,Konsolidasi / Transisi,Normal,Akumulasi (Naik),Normal,Dominan Jual (Guyur),Normal,Sedang,Normal,Area Tengah,< 1 Miliar,Persis di VWAP,Distribusi Pro (Guyuran),Gorengan Sepi (< 5M),Normal (50-150%),Distribution (Fase Jualan),Normal,Normal,Sideways / Stagnan,TP: 61 | CL: 55,Open = High (Tekanan Jual),Ideal (1:2),Netral / Sideways,Netral / Sepi Berita,Supply Kering (Siap Pump) 🏜️,Mendekati Fibo 61.8% (Golden Ratio),1,WAIT & SEE,HOLD / NEUTRAL,0.0,Kondisi pasar normal,TIDAK ADA,2026-09-03 15:24:34,Biasa / Mengikuti Pasar
15:24,SWID,Transaksi Sepi (Skip Broksum),Small Cap (Lapis 3),Fair Value (Wajar),0.0,2.3950183,120.0,112,101,148,0.8403361344537815,2834600,Normal,61,Positif,Uptrend,Bullish,Bearish MACD,Perfect Uptrend (5>20>50),Normal,Akumulasi (Naik),Normal,Seimbang / Adu Mekanik,Normal,Tinggi,Normal,Rawan Pucuk (High Risk),< 1 Miliar,Persis di VWAP,Distribusi Pro (Guyuran),Gorengan Sepi (< 5M),Sepi (< 50%),Mark-Up (Fase Pesta),Spesialis Tiang Jemuran (Banting Pucuk),Normal,Naik 1 Hari Beruntun,TP: 136 | CL: 108,Normal,Menengah (1:1),Netral / Sideways,Netral / Sepi Berita,Normal / Sedang Transisi,Dekat Support Fibo 38.2%,5,WAIT & SEE,HOLD / NEUTRAL,0.0,Kondisi pasar normal,TIDAK ADA,2026-09-03 15:24:34,Biasa / Mengikuti Pasar
15:24,TRGU,Transaksi Sepi (Skip Broksum),Mid Cap (Lapis 2),Overvalued (Mahal),132.59259,1.4490408,179.0,170,161,204,0.5617977528089888,245200,Normal,63,Positif,Uptrend,Bullish,Strong Bullish,Perfect Uptrend (5>20>50),Normal,Akumulasi (Naik),Normal,Seimbang / Adu Mekanik,Normal,Sedang,Normal,Rawan Pucuk (High Risk),< 1 Miliar,Di Atas VWAP (Kuat),Akumulasi Pro (Smart Money),Gorengan Sepi (< 5M),Sepi (< 50%),Mark-Up (Fase Pesta),Spesialis Tiang Jemuran (Banting Pucuk),Normal,Naik 3 Hari Beruntun,TP: 190 | CL: 171,Open = Low (Bullish Kuat),Menengah (1:1),Netral / Sideways,Netral / Sepi Berita,Normal / Sedang Transisi,Mendekati Fibo 61.8% (Golden Ratio),6,WAIT & SEE,HOLD / NEUTRAL,0.0,Kondisi pasar normal,TIDAK ADA,2026-09-03 15:24:34,Biasa / Mengikuti Pasar
15:24,ARKO,Token Mati (Perlu Update),Big Cap (Lapis 1),Overvalued (Mahal),218.25577,25.63776,4840.0,5038,4500,6100,0.6237006237006237,1898300,Normal,46,Positif,Downtrend,Bearish,Strong Bearish,Konsolidasi / Transisi,Normal,Distribusi (Turun),Normal,Seimbang / Adu Mekanik,Normal,Tinggi,Doji (Ragu-ragu),Area Tengah,> 1 Miliar,Di Bawah VWAP (Lemah),Distribusi Pro (Guyuran),Ritel Aktif (5M - 50M),Sepi (< 50%),Distribution (Fase Jualan),Normal,Normal,Naik 1 Hari Beruntun,TP: 5429 | CL: 4446,Normal,Sangat Menarik (> 1:3),Oversold (Jenuh Jual - Peluang),Netral / Sepi Berita,Normal / Sedang Transisi,Golden Rebound Fibo 61.8% (Golden Ratio) 🎯,1,WAIT & SEE,HOLD / NEUTRAL,0.0,Kondisi pasar normal,TIDAK ADA,2026-09-03 15:24:34,Biasa / Mengikuti Pasar
15:24,CHEM,Transaksi Sepi (Skip Broksum),Small Cap (Lapis 3),Fair Value (Wajar),0.0,1.0502152,70.0,69,64,77,0.0,2124400,Normal,56,Negatif,Uptrend,Bullish,Bearish MACD,Perfect Uptrend (5>20>50),Normal,Distribusi (Turun),Normal,Dominan Jual (Guyur),Normal,Sedang,Doji (Ragu-ragu),Area Tengah,< 1 Miliar,Persis di VWAP,Distribusi Pro (Guyuran),Gorengan Sepi (< 5M),Sepi (< 50%),Mark-Up (Fase Pesta),Spesialis Tiang Jemuran (Banting Pucuk),Normal,Sideways / Stagnan,TP: 74 | CL: 67,Normal,Menengah (1:1),Golden Cross (Awal Bullish),Netral / Sepi Berita,Normal / Sedang Transisi,Mendekati Fibo 38.2%,3,WAIT & SEE,HOLD / NEUTRAL,0.0,Kondisi pasar normal,TIDAK ADA,2026-09-03 15:24:34,Biasa / Mengikuti Pasar
15:24,DEWI,Token Mati (Perlu Update),Small Cap (Lapis 3),Fair Value (Wajar),0.0,1.8980839,157.0,142,119,159,0.0,31775600,Normal,74,Negatif,Uptrend,Bullish,Strong Bullish,Perfect Uptrend (5>20>50),Normal,Akumulasi (Naik),Normal,Seimbang / Adu Mekanik,Normal,Tinggi,Doji (Ragu-ragu),Rawan Pucuk (High Risk),> 1 Miliar,Di Atas VWAP (Kuat),Akumulasi Pro (Smart Money),Ritel Aktif (5M - 50M),Normal (50-150%),Mark-Up (Fase Pesta),Solid (Jarang Dibanting),Normal,Sideways / Stagnan,TP: 168 | CL: 149,Normal,Tidak Ideal (< 1:1),Overbought (Jenuh Beli - Rawan),Netral / Sepi Berita,Normal / Sedang Transisi,Mengambang (Jauh dari Fibo),5,WAIT & SEE,HOLD / NEUTRAL,0.0,Kondisi pasar normal,TIDAK ADA,2026-09-03 15:24:34,Biasa / Mengikuti Pasar
15:24,AXIO,Transaksi Sepi (Skip Broksum),Small Cap (Lapis 3),Fair Value (Wajar),0.0,1.2464193,115.0,114,109,124,-0.8620689655172413,812300,Normal,53,Negatif,Uptrend,Bullish,Bearish MACD,Perfect Uptrend (5>20>50),Normal,Distribusi (Turun),Normal,Seimbang / Adu Mekanik,Squeeze,Rendah,Normal,Area Tengah,< 1 Miliar,Persis di VWAP,Akumulasi Pro (Smart Money),Gorengan Sepi (< 5M),Sepi (< 50%),Mark-Up (Fase Pesta),Normal,Normal,Turun 1 Hari Beruntun,TP: 121 | CL: 110,Open = High (Tekanan Jual),Ideal (1:2),Netral / Sideways,Netral / Sepi Berita,Normal / Sedang Transisi,Dekat Support Fibo 50.0%,3,WAIT & SEE,HOLD / NEUTRAL,0.0,Kondisi pasar normal,TIDAK ADA,2026-09-03 15:24:34,Biasa / Mengikuti Pasar
15:24,KRYA,Token Mati (Perlu Update),Small Cap (Lapis 3),Overvalued (Mahal),0.0,4.3753963,69.0,64,56,76,1.4705882352941175,67500800,Tembus MA20,64,Positif,Uptrend,Bullish,Strong Bullish,Perfect Uptrend (5>20>50),Normal,Akumulasi (Naik),Normal,Seimbang / Adu Mekanik,Normal,Tinggi,Normal,Rawan Pucuk (High Risk),> 1 Miliar,Persis di VWAP,Distribusi Pro (Guyuran),Ritel Aktif (5M - 50M),Normal (50-150%),Mark-Up (Fase Pesta),Normal,Normal,Naik 1 Hari Beruntun,TP: 76 | CL: 63,Normal,Tidak Ideal (< 1:1),Netral / Sideways,Netral / Sepi Berita,Normal / Sedang Transisi,Mendekati Fibo 38.2%,7,BELI,HOLD / NEUTRAL,0.0,Kondisi pasar normal,TIDAK ADA,2026-09-03 15:24:34,Biasa / Mengikuti Pasar
15:24,HATM,Token Mati (Perlu Update),Mid Cap (Lapis 2),Overvalued (Mahal),110.29411,3.1797006,600.0,587,456,685,-0.8264462809917356,12077500,Normal,59,Negatif,Uptrend,Golden Cross,Bearish MACD,Perfect Uptrend (5>20>50),Normal,Akumulasi (Naik),Normal,Seimbang / Adu Mekanik,Normal,Tinggi,Normal,Rawan Pucuk (High Risk),> 1 Miliar,Di Atas VWAP (Kuat),Akumulasi Pro (Smart Money),Ritel Aktif (5M - 50M),Normal (50-150%),Mark-Up (Fase Pesta),Normal,Normal,Turun 1 Hari Beruntun,TP: 679 | CL: 546,Normal,Tidak Ideal (< 1:1),Netral / Sideways,Netral / Sepi Berita,Normal / Sedang Transisi,Dekat Support Fibo 23.6%,4,WAIT & SEE,HOLD / NEUTRAL,0.0,Kondisi pasar normal,TIDAK ADA,2026-09-03 15:24:34,Biasa / Mengikuti Pasar
15:24,RCCC,Transaksi Sepi (Skip Broksum),Small Cap (Lapis 3),Fair Value (Wajar),0.0,1.7680552,118.0,107,99,124,-1.6666666666666667,286900,Normal,67,Negatif,Uptrend,Bullish,Strong Bullish,Perfect Uptrend (5>20>50),Normal,Akumulasi (Naik),Normal,Seimbang / Adu Mekanik,Normal,Tinggi,Normal,Rawan Pucuk (High Risk),< 1 Miliar,Di Atas VWAP (Kuat),Akumulasi Pro (Smart Money),Gorengan Sepi (< 5M),Sepi (< 50%),Mark-Up (Fase Pesta),Spesialis Tiang Jemuran (Banting Pucuk),Normal,Turun 1 Hari Beruntun,TP: 127 | CL: 112,Normal,Tidak Ideal (< 1:1),Death Cross (Awal Bearish),Netral / Sepi Berita,Normal / Sedang Transisi,Mendekati Fibo 23.6%,5,WAIT & SEE,HOLD / NEUTRAL,0.0,Kondisi pasar normal,TIDAK ADA,2026-09-03 15:24:34,Biasa / Mengikuti Pasar
15:24,GULA,Token Mati (Perlu Update),Small Cap (Lapis 3),Overvalued (Mahal),0.0,5.67325,760.0,755,660,815,-5.0,30400800,Normal,52,Negatif,Uptrend,Bullish,Bearish MACD,Perfect Uptrend (5>20>50),Normal,Distribusi (Turun),Normal,Dominan Jual (Guyur),Normal,Sedang,Normal,Rawan Pucuk (High Risk),> 1 Miliar,Di Bawah VWAP (Lemah),Distribusi Pro (Guyuran),Ritel Aktif (5M - 50M),Normal (50-150%),Mark-Up (Fase Pesta),Solid (Jarang Dibanting),Normal,Turun 1 Hari Beruntun,TP: 825 | CL: 716,Open = High (Tekanan Jual),Tidak Ideal (< 1:1),Death Cross (Awal Bearish),Netral / Sepi Berita,Normal / Sedang Transisi,Mengambang (Jauh dari Fibo),3,WAIT & SEE,HOLD / NEUTRAL,0.0,Kondisi pasar normal,TIDAK ADA,2026-09-03 15:24:34,Biasa / Mengikuti Pasar
15:24,JARR,Token Mati (Perlu Update),Big Cap (Lapis 1),Overvalued (Mahal),114.59051,15.247532,3320.0,2596,1850,3580,-0.5988023952095809,13683700,Normal,77,Negatif,Uptrend,Bullish,Strong Bullish,Perfect Uptrend (5>20>50),Normal,Distribusi (Turun),Normal,Dominan Jual (Guyur),Normal,Tinggi,Normal,Rawan Pucuk (High Risk),> 1 Miliar,Di Atas VWAP (Kuat),Distribusi Pro (Guyuran),Ritel Aktif (5M - 50M),Normal (50-150%),Mark-Up (Fase Pesta),Spesialis Tiang Jemuran (Banting Pucuk),Normal,Turun 1 Hari Beruntun,TP: 3824 | CL: 2983,Normal,Tidak Ideal (< 1:1),Overbought (Jenuh Beli - Rawan),Netral / Sepi Berita,Normal / Sedang Transisi,Mengambang (Jauh dari Fibo),4,WAIT & SEE,HOLD / NEUTRAL,0.0,Kondisi pasar normal,TIDAK ADA,2026-09-03 15:24:34,Biasa / Mengikuti Pasar
15:24,AMMS,Transaksi Sepi (Skip Broksum),Small Cap (Lapis 3),Overvalued (Mahal),0.0,3.4642994,208.0,199,155,256,-1.8867924528301887,468200,Normal,44,Negatif,Uptrend,Bullish,Bullish MACD,Awal Reversal (5>20),Normal,Distribusi (Turun),Normal,Seimbang / Adu Mekanik,Normal,Tinggi,Normal,Rawan Pucuk (High Risk),< 1 Miliar,Di Bawah VWAP (Lemah),Akumulasi Pro (Smart Money),Gorengan Sepi (< 5M),Sepi (< 50%),Accumulation (Kumpul Barang),Solid (Jarang Dibanting),Normal,Turun 4 Hari Beruntun,TP: 236 | CL: 189,Normal,Tidak Ideal (< 1:1),Death Cross (Awal Bearish),Netral / Sepi Berita,Normal / Sedang Transisi,Dekat Support Fibo 78.6%,3,WAIT & SEE,HOLD / NEUTRAL,0.0,Kondisi pasar normal,TIDAK ADA,2026-09-03 15:24:34,Biasa / Mengikuti Pasar
15:24,KKES,Token Mati (Perlu Update),Small Cap (Lapis 3),Fair Value (Wajar),0.0,2.0957942,89.0,72,60,119,-5.319148936170213,107714300,Normal,69,Negatif,Uptrend,Bullish,Strong Bullish,Perfect Uptrend (5>20>50),Normal,Akumulasi (Naik),Normal,Seimbang / Adu Mekanik,Normal,Tinggi,Normal,Rawan Pucuk (High Risk),> 1 Miliar,Di Bawah VWAP (Lemah),Akumulasi Pro (Smart Money),Ritel Aktif (5M - 50M),Sepi (< 50%),Mark-Up (Fase Pesta),Normal,Normal,Turun 1 Hari Beruntun,TP: 101 | CL: 80,Normal,Menengah (1:1),Netral / Sideways,Netral / Sepi Berita,Supply Banjir (Distribusi) 🌊,Mendekati Fibo 38.2%,5,WAIT & SEE,HOLD / NEUTRAL,0.0,Kondisi pasar normal,TIDAK ADA,2026-09-03 15:24:34,Biasa / Mengikuti Pasar
15:24,ELPI,Transaksi Sepi (Skip Broksum),Mid Cap (Lapis 2),Overvalued (Mahal),44.098145,1.9396237,665.0,687,615,845,-0.7462686567164178,828400,Normal,35,Negatif,Downtrend,Bearish,Bullish MACD,Strong Downtrend (5<20<50),Normal,Distribusi (Turun),Normal,Dominan Jual (Guyur),Normal,Tinggi,Normal,Area Tengah,< 1 Miliar,Persis di VWAP,Distribusi Pro (Guyuran),Gorengan Sepi (< 5M),Normal (50-150%),Mark-Down (Fase Runtuh),Normal,Normal,Turun 1 Hari Beruntun,TP: 717 | CL: 630,Normal,Sangat Menarik (> 1:3),Netral / Sideways,Netral / Sepi Berita,Normal / Sedang Transisi,Mengambang (Jauh dari Fibo),1,WAIT & SEE,HOLD / NEUTRAL,0.0,Kondisi pasar normal,TIDAK ADA,2026-09-03 15:24:34,Biasa / Mengikuti Pasar
15:24,EURO,Transaksi Sepi (Skip Broksum),Mid Cap (Lapis 2),Overvalued (Mahal),1999.9999,65.233505,1325.0,1612,1270,1990,0.0,388100,Normal,21,Negatif,Downtrend,Bearish,Strong Bearish,Strong Downtrend (5<20<50),Normal,Distribusi (Turun),Normal,Dominan Beli (Hajar Kanan),Normal,Tinggi,Hammer (Potensi Reversal),Area Tengah,< 1 Miliar,Di Bawah VWAP (Lemah),Distribusi Pro (Guyuran),Gorengan Sepi (< 5M),Sepi (< 50%),Mark-Down (Fase Runtuh),Normal,Jarum Bawah (Sinyal Pantulan Kuat),Sideways / Stagnan,TP: 1482 | CL: 1220,Normal,Sangat Menarik (> 1:3),Oversold (Jenuh Jual - Peluang),Netral / Sepi Berita,Normal / Sedang Transisi,Mendekati Fibo 78.6%,1,WAIT & SEE,HOLD / NEUTRAL,0.0,Kondisi pasar normal,TIDAK ADA,2026-09-03 15:24:34,Biasa / Mengikuti Pasar
15:24,KLIN,Transaksi Sepi (Skip Broksum),Small Cap (Lapis 3),Overvalued (Mahal),0.0,5.227109,116.0,116,108,126,0.8695652173913043,2832500,Tembus MA20,51,Positif,Downtrend,Death Cross,Bearish MACD,Konsolidasi / Transisi,Akumulasi Kuat,Akumulasi (Naik),Normal,Seimbang / Adu Mekanik,Squeeze,Rendah,Doji (Ragu-ragu),Area Tengah,< 1 Miliar,Persis di VWAP,Distribusi Pro (Guyuran),Gorengan Sepi (< 5M),Ledakan Ekstrem (> 300%),Distribution (Fase Jualan),Spesialis Tiang Jemuran (Banting Pucuk),Normal,Naik 2 Hari Beruntun,TP: 127 | CL: 108,Normal,Menengah (1:1),Golden Cross (Awal Bullish),Netral / Sepi Berita,Normal / Sedang Transisi,Dekat Support Fibo 50.0%,5,WAIT & SEE,HOLD / NEUTRAL,0.0,Kondisi pasar normal,TIDAK ADA,2026-09-03 15:24:34,Biasa / Mengikuti Pasar
15:24,TOOL,Transaksi Sepi (Skip Broksum),Small Cap (Lapis 3),Fair Value (Wajar),0.0,0.76611704,67.0,66,62,71,0.0,13093500,Normal,53,Negatif,Uptrend,Bearish,Bearish MACD,Konsolidasi / Transisi,Normal,Akumulasi (Naik),Normal,Seimbang / Adu Mekanik,Squeeze,Rendah,Normal,Area Tengah,< 1 Miliar,Persis di VWAP,Distribusi Pro (Guyuran),Gorengan Sepi (< 5M),Normal (50-150%),Mark-Up (Fase Pesta),Normal,Normal,Sideways / Stagnan,TP: 71 | CL: 63,Open = High (Tekanan Jual),Tidak Ideal (< 1:1),Netral / Sideways,Netral / Sepi Berita,Normal / Sedang Transisi,Dekat Support Fibo 38.2%,3,WAIT & SEE,HOLD / NEUTRAL,0.0,Kondisi pasar normal,TIDAK ADA,2026-09-03 15:24:34,Biasa / Mengikuti Pasar
15:24,BUAH,Transaksi Sepi (Skip Broksum),Mid Cap (Lapis 2),Overvalued (Mahal),20.0,5.156429,505.0,509,494,520,0.0,342500,Tembus MA20,46,Negatif,Downtrend,Bearish,Strong Bearish,Strong Downtrend (5<20<50),Normal,Distribusi (Turun),Normal,Seimbang / Adu Mekanik,Squeeze,Rendah,Doji (Ragu-ragu),Dekat Support (Low Risk),< 1 Miliar,Persis di VWAP,Distribusi Pro (Guyuran),Gorengan Sepi (< 5M),Normal (50-150%),Mark-Down (Fase Runtuh),Normal,Jarum Bawah (Sinyal Pantulan Kuat),Sideways / Stagnan,TP: 527 | CL: 489,Normal,Menengah (1:1),Golden Cross (Awal Bullish),Netral / Sepi Berita,Normal / Sedang Transisi,Golden Rebound Fibo 38.2% 🎯,1,WAIT & SEE,HOLD / NEUTRAL,0.0,Kondisi pasar normal,TIDAK ADA,2026-09-03 15:24:34,Biasa / Mengikuti Pasar
15:24,CRAB,Transaksi Sepi (Skip Broksum),Small Cap (Lapis 3),Fair Value (Wajar),0.0,1.8515531,218.0,209,200,228,-2.6785714285714284,2004800,Tembus MA20,70,Negatif,Uptrend,Bullish,Strong Bullish,Perfect Uptrend (5>20>50),Distribusi Kuat,Akumulasi (Naik),Normal,Seimbang / Adu Mekanik,Squeeze,Rendah,Normal,Area Tengah,< 1 Miliar,Persis di VWAP,Akumulasi Pro (Smart Money),Gorengan Sepi (< 5M),Ledakan Ekstrem (> 300%),Mark-Up (Fase Pesta),Solid (Jarang Dibanting),Normal,Turun 1 Hari Beruntun,TP: 222 | CL: 215,Normal,Tidak Ideal (< 1:1),Netral / Sideways,Netral / Sepi Berita,Supply Banjir (Distribusi) 🌊,Dekat Support Fibo 38.2%,6,WAIT & SEE,HOLD / NEUTRAL,0.0,Kondisi pasar normal,TIDAK ADA,2026-09-03 15:24:34,Biasa / Mengikuti Pasar
15:24,MEDS,Token Mati (Perlu Update),Small Cap (Lapis 3),Fair Value (Wajar),0.0,2.34606,74.0,72,68,77,1.36986301369863,22138800,Normal,52,Positif,Uptrend,Bullish,Bullish MACD,Awal Reversal (5>20),Normal,Akumulasi (Naik),Normal,Seimbang / Adu Mekanik,Normal,Sedang,Doji (Ragu-ragu),Area Tengah,> 1 Miliar,Persis di VWAP,Distribusi Pro (Guyuran),Gorengan Sepi (< 5M),Normal (50-150%),Accumulation (Kumpul Barang),Spesialis Tiang Jemuran (Banting Pucuk),Normal,Naik 1 Hari Beruntun,TP: 78 | CL: 70,Normal,Tidak Ideal (< 1:1),Death Cross (Awal Bearish),Netral / Sepi Berita,Normal / Sedang Transisi,Mendekati Fibo 78.6%,6,WAIT & SEE,HOLD / NEUTRAL,0.0,Kondisi pasar normal,TIDAK ADA,2026-09-03 15:24:34,Biasa / Mengikuti Pasar
15:24,PRAY,Transaksi Sepi (Skip Broksum),Big Cap (Lapis 1),Overvalued (Mahal),57.15367,3.2020018,755.0,756,700,800,0.0,5500,Normal,52,Negatif,Downtrend,Bearish,Bearish MACD,Konsolidasi / Transisi,Normal,Distribusi (Turun),Normal,Tidak Ada Transaksi,Normal,Sedang,Doji (Ragu-ragu),Area Tengah,< 1 Miliar,Persis di VWAP,Akumulasi Pro (Smart Money),Gorengan Sepi (< 5M),Sepi (< 50%),Distribution (Fase Jualan),Normal,Normal,Sideways / Stagnan,TP: 813 | CL: 716,Normal,Tidak Ideal (< 1:1),Death Cross (Awal Bearish),Netral / Sepi Berita,Supply Kering (Siap Pump) 🏜️,Mendekati Fibo 38.2%,1,WAIT & SEE,HOLD / NEUTRAL,0.0,Kondisi pasar normal,TIDAK ADA,2026-09-03 15:24:34,Biasa / Mengikuti Pasar
15:24,CBUT,Transaksi Sepi (Skip Broksum),Mid Cap (Lapis 2),Fair Value (Wajar),12.240803,2.5745857,915.0,838,745,1100,-3.1746031746031744,374000,Normal,60,Negatif,Uptrend,Bullish,Strong Bullish,Perfect Uptrend (5>20>50),Normal,Akumulasi (Naik),Normal,Dominan Jual (Guyur),Normal,Tinggi,Normal,Rawan Pucuk (High Risk),< 1 Miliar,Di Bawah VWAP (Lemah),Distribusi Pro (Guyuran),Gorengan Sepi (< 5M),Sepi (< 50%),Mark-Up (Fase Pesta),Spesialis Tiang Jemuran (Banting Pucuk),Normal,Turun 1 Hari Beruntun,TP: 1018 | CL: 845,Open = High (Tekanan Jual),Menengah (1:1),Netral / Sideways,Netral / Sepi Berita,Normal / Sedang Transisi,Mengambang (Jauh dari Fibo),5,WAIT & SEE,HOLD / NEUTRAL,0.0,Kondisi pasar normal,TIDAK ADA,2026-09-03 15:24:34,Biasa / Mengikuti Pasar
15:24,BELI,Token Mati (Perlu Update),Big Cap (Lapis 1),Overvalued (Mahal),0.0,5.27934,352.0,275,250,406,-13.30049261083744,8454100,Tembus MA20,67,Negatif,Uptrend,Bullish,Strong Bullish,Perfect Uptrend (5>20>50),Distribusi Kuat,Akumulasi (Naik),Gap Down (-7.9%),Dominan Jual (Guyur),Normal,Tinggi,Normal,Rawan Pucuk (High Risk),> 1 Miliar,Persis di VWAP,Akumulasi Pro (Smart Money),Gorengan Sepi (< 5M),Anomali Tinggi (150-300%),Mark-Up (Fase Pesta),Normal,Normal,Turun 1 Hari Beruntun,TP: 386 | CL: 329,Normal,Tidak Ideal (< 1:1),Death Cross (Awal Bearish),Netral / Sepi Berita,Supply Banjir (Distribusi) 🌊,Dekat Support Fibo 38.2%,6,WAIT & SEE,HOLD / NEUTRAL,0.0,Kondisi pasar normal,TIDAK ADA,2026-09-03 15:24:34,Biasa / Mengikuti Pasar
15:24,MKTR,Transaksi Sepi (Skip Broksum),Mid Cap (Lapis 2),Overvalued (Mahal),26.114649,2.191888,123.0,122,118,153,0.0,512900,Normal,53,Negatif,Uptrend,Bearish,Bearish MACD,Konsolidasi / Transisi,Normal,Akumulasi (Naik),Normal,Dominan Jual (Guyur),Squeeze,Rendah,Doji (Ragu-ragu),Area Tengah,< 1 Miliar,Di Bawah VWAP (Lemah),Distribusi Pro (Guyuran),Gorengan Sepi (< 5M),Normal (50-150%),Mark-Up (Fase Pesta),Spesialis Tiang Jemuran (Banting Pucuk),Normal,Sideways / Stagnan,TP: 129 | CL: 118,Normal,Sangat Menarik (> 1:3),Golden Cross (Awal Bullish),Netral / Sepi Berita,Normal / Sedang Transisi,Dekat Support Fibo 61.8% (Golden Ratio),3,WAIT & SEE,HOLD / NEUTRAL,0.0,Kondisi pasar normal,TIDAK ADA,2026-09-03 15:24:34,Biasa / Mengikuti Pasar
15:24,OMED,Token Mati (Perlu Update),Mid Cap (Lapis 2),Fair Value (Wajar),15.61524,2.3863158,250.0,233,212,254,1.6260162601626018,33323200,Normal,73,Positif,Uptrend,Bullish,Strong Bullish,Perfect Uptrend (5>20>50),Normal,Akumulasi (Naik),Normal,Dominan Beli (Hajar Kanan),Breakout Upper,Sedang,Normal,Rawan Pucuk (High Risk),> 1 Miliar,Di Atas VWAP (Kuat),Akumulasi Pro (Smart Money),Ritel Aktif (5M - 50M),Normal (50-150%),Mark-Up (Fase Pesta),Normal,Normal,Naik 4 Hari Beruntun,TP: 267 | CL: 238,Normal,Tidak Ideal (< 1:1),Overbought (Jenuh Beli - Rawan),Netral / Sepi Berita,Normal / Sedang Transisi,Mengambang (Jauh dari Fibo),7,BELI,HOLD / NEUTRAL,0.0,Kondisi pasar normal,TIDAK ADA,2026-09-03 15:24:34,Biasa / Mengikuti Pasar
15:24,BSBK,Transaksi Sepi (Skip Broksum),Mid Cap (Lapis 2),Fair Value (Wajar),16.666666,0.57014495,50.0,51,50,58,0.0,1682000,Normal,37,Negatif,Downtrend,Bearish,Strong Bearish,Konsolidasi / Transisi,Normal,Netral,Normal,Tidak Ada Transaksi,Normal,Sedang,Doji (Ragu-ragu),Dekat Support (Low Risk),< 1 Miliar,Persis di VWAP,Distribusi Pro (Guyuran),Gorengan Sepi (< 5M),Sepi (< 50%),Distribution (Fase Jualan),Spesialis Tiang Jemuran (Banting Pucuk),Normal,Sideways / Stagnan,TP: 51 | CL: 48,Normal,Di Area Support,Oversold (Jenuh Jual - Peluang),Netral / Sepi Berita,Normal / Sedang Transisi,Golden Rebound Fibo Bottom / 100% 🎯,0,WAIT & SEE,HOLD / NEUTRAL,0.0,Kondisi pasar normal,TIDAK ADA,2026-09-03 15:24:34,Biasa / Mengikuti Pasar
15:24,PDPP,Transaksi Sepi (Skip Broksum),Small Cap (Lapis 3),Fair Value (Wajar),14.033578,2.1095135,326.0,317,280,382,-1.2121212121212122,296900,Tembus MA20,60,Negatif,Uptrend,Bullish,Bearish MACD,Perfect Uptrend (5>20>50),Normal,Distribusi (Turun),Normal,Seimbang / Adu Mekanik,Normal,Tinggi,Normal,Rawan Pucuk (High Risk),< 1 Miliar,Persis di VWAP,Akumulasi Pro (Smart Money),Gorengan Sepi (< 5M),Normal (50-150%),Mark-Up (Fase Pesta),Spesialis Tiang Jemuran (Banting Pucuk),Normal,Turun 2 Hari Beruntun,TP: 365 | CL: 299,Open = High (Tekanan Jual),Menengah (1:1),Netral / Sideways,Netral / Sepi Berita,Normal / Sedang Transisi,Mendekati Fibo 38.2%,4,WAIT & SEE,HOLD / NEUTRAL,0.0,Kondisi pasar normal,TIDAK ADA,2026-09-03 15:24:34,Biasa / Mengikuti Pasar
15:24,KDTN,Token Mati (Perlu Update),Small Cap (Lapis 3),Overvalued (Mahal),0.0,7.353204,412.0,386,326,530,-1.4354066985645932,15637100,Tembus MA20,51,Negatif,Uptrend,Golden Cross,Bullish MACD,Awal Reversal (5>20),Normal,Akumulasi (Naik),Normal,Dominan Jual (Guyur),Normal,Tinggi,Normal,Rawan Pucuk (High Risk),> 1 Miliar,Di Atas VWAP (Kuat),Distribusi Pro (Guyuran),Ritel Aktif (5M - 50M),Normal (50-150%),Accumulation (Kumpul Barang),Spesialis Tiang Jemuran (Banting Pucuk),Normal,Turun 1 Hari Beruntun,TP: 465 | CL: 376,Normal,Menengah (1:1),Death Cross (Awal Bearish),Netral / Sepi Berita,Normal / Sedang Transisi,Mendekati Fibo 78.6%,6,WAIT & SEE,HOLD / NEUTRAL,0.0,Kondisi pasar normal,TIDAK ADA,2026-09-03 15:24:34,Biasa / Mengikuti Pasar
15:24,ZATA,Token Mati (Perlu Update),Small Cap (Lapis 3),Fair Value (Wajar),0.0,1.6545818,68.0,69,63,80,0.0,98688700,Normal,52,Negatif,Downtrend,Bearish,Bearish MACD,Konsolidasi / Transisi,Normal,Akumulasi (Naik),Normal,Dominan Jual (Guyur),Normal,Tinggi,Normal,Area Tengah,> 1 Miliar,Persis di VWAP,Distribusi Pro (Guyuran),Gorengan Sepi (< 5M),Normal (50-150%),Distribution (Fase Jualan),Normal,Normal,Sideways / Stagnan,TP: 74 | CL: 64,Normal,Ideal (1:2),Netral / Sideways,Netral / Sepi Berita,Normal / Sedang Transisi,Dekat Support Fibo 50.0%,2,WAIT & SEE,HOLD / NEUTRAL,0.0,Kondisi pasar normal,TIDAK ADA,2026-09-03 15:24:34,Biasa / Mengikuti Pasar
15:24,NINE,Transaksi Sepi (Skip Broksum),Small Cap (Lapis 3),Overvalued (Mahal),0.0,7.991252,95.0,85,67,110,-1.0416666666666665,5857400,Normal,61,Negatif,Uptrend,Bullish,Strong Bullish,Perfect Uptrend (5>20>50),Normal,Distribusi (Turun),Gap Up (+2.1%),Dominan Jual (Guyur),Normal,Tinggi,Normal,Rawan Pucuk (High Risk),< 1 Miliar,Di Bawah VWAP (Lemah),Distribusi Pro (Guyuran),Gorengan Sepi (< 5M),Sepi (< 50%),Mark-Up (Fase Pesta),Spesialis Tiang Jemuran (Banting Pucuk),Normal,Turun 1 Hari Beruntun,TP: 107 | CL: 86,Normal,Tidak Ideal (< 1:1),Death Cross (Awal Bearish),Netral / Sepi Berita,Normal / Sedang Transisi,Mengambang (Jauh dari Fibo),5,WAIT & SEE,HOLD / NEUTRAL,0.0,Kondisi pasar normal,TIDAK ADA,2026-09-03 15:24:34,Biasa / Mengikuti Pasar
15:24,MMIX,Token Mati (Perlu Update),Mid Cap (Lapis 2),Overvalued (Mahal),5.2883654,20.313257,795.0,765,700,805,1.2738853503184715,27968000,Tembus MA20,62,Positif,Uptrend,Bullish,Strong Bullish,Perfect Uptrend (5>20>50),Normal,Akumulasi (Naik),Normal,Dominan Beli (Hajar Kanan),Normal,Sedang,Normal,Rawan Pucuk (High Risk),> 1 Miliar,Di Atas VWAP (Kuat),Akumulasi Pro (Smart Money),Ritel Aktif (5M - 50M),Normal (50-150%),Mark-Up (Fase Pesta),Solid (Jarang Dibanting),Normal,Naik 2 Hari Beruntun,TP: 832 | CL: 770,Normal,Tidak Ideal (< 1:1),Netral / Sideways,Netral / Sepi Berita,Normal / Sedang Transisi,Mengambang (Jauh dari Fibo),8,BELI,HOLD / NEUTRAL,0.0,Kondisi pasar normal,TIDAK ADA,2026-09-03 15:24:34,Biasa / Mengikuti Pasar
15:24,PADA,Token Mati (Perlu Update),Small Cap (Lapis 3),Overvalued (Mahal),0.0,5.6516047,220.0,207,164,252,0.0,23419900,Normal,59,Negatif,Uptrend,Bullish,Bearish MACD,Perfect Uptrend (5>20>50),Normal,Distribusi (Turun),Normal,Seimbang / Adu Mekanik,Normal,Tinggi,Normal,Rawan Pucuk (High Risk),> 1 Miliar,Di Bawah VWAP (Lemah),Distribusi Pro (Guyuran),Ritel Aktif (5M - 50M),Sepi (< 50%),Mark-Up (Fase Pesta),Normal,Normal,Sideways / Stagnan,TP: 256 | CL: 195,Normal,Tidak Ideal (< 1:1),Death Cross (Awal Bearish),Netral / Sepi Berita,Normal / Sedang Transisi,Mendekati Fibo 23.6%,3,WAIT & SEE,HOLD / NEUTRAL,0.0,Kondisi pasar normal,TIDAK ADA,2026-09-03 15:24:34,Biasa / Mengikuti Pasar
15:24,ISAP,Transaksi Sepi (Skip Broksum),Small Cap (Lapis 3),Fair Value (Wajar),0.0,0.56177145,24.0,23,22,25,0.0,7133300,Normal,51,Negatif,Uptrend,Golden Cross,Bullish MACD,Perfect Uptrend (5>20>50),Normal,Netral,Gap Down (-4.2%),Dominan Beli (Hajar Kanan),Normal,Sedang,Marubozu (Strong Bullish),Area Tengah,< 1 Miliar,Di Atas VWAP (Kuat),Akumulasi Pro (Smart Money),Gorengan Sepi (< 5M),Sepi (< 50%),Mark-Up (Fase Pesta),Normal,Normal,Sideways / Stagnan,TP: 26 | CL: 22,Open = Low (Bullish Kuat),Tidak Ideal (< 1:1),Netral / Sideways,Netral / Sepi Berita,Normal / Sedang Transisi,Mendekati Fibo 50.0%,5,WAIT & SEE,HOLD / NEUTRAL,0.0,Kondisi pasar normal,TIDAK ADA,2026-09-03 15:24:34,Biasa / Mengikuti Pasar
15:24,VTNY,Token Mati (Perlu Update),Small Cap (Lapis 3),Overvalued (Mahal),131.66666,1.1812378,79.0,75,64,98,5.333333333333334,28216800,Normal,56,Positif,Uptrend,Bullish,Bearish MACD,Perfect Uptrend (5>20>50),Normal,Distribusi (Turun),Normal,Dominan Beli (Hajar Kanan),Normal,Tinggi,Normal,Rawan Pucuk (High Risk),> 1 Miliar,Persis di VWAP,Distribusi Pro (Guyuran),Gorengan Sepi (< 5M),Normal (50-150%),Mark-Up (Fase Pesta),Normal,Normal,Naik 1 Hari Beruntun,TP: 89 | CL: 72,Normal,Menengah (1:1),Golden Cross (Awal Bullish),Netral / Sepi Berita,Normal / Sedang Transisi,Mengambang (Jauh dari Fibo),5,WAIT & SEE,HOLD / NEUTRAL,0.0,Kondisi pasar normal,TIDAK ADA,2026-09-03 15:24:34,Biasa / Mengikuti Pasar
15:24,ELIT,Token Mati (Perlu Update),Small Cap (Lapis 3),Overvalued (Mahal),0.0,3.041912,264.0,209,168,298,1.5384615384615385,22661700,Normal,68,Positif,Uptrend,Bullish,Strong Bullish,Perfect Uptrend (5>20>50),Normal,Distribusi (Turun),Normal,Seimbang / Adu Mekanik,Normal,Tinggi,Normal,Rawan Pucuk (High Risk),> 1 Miliar,Persis di VWAP,Distribusi Pro (Guyuran),Ritel Aktif (5M - 50M),Sepi (< 50%),Mark-Up (Fase Pesta),Spesialis Tiang Jemuran (Banting Pucuk),Normal,Naik 1 Hari Beruntun,TP: 304 | CL: 237,Normal,Tidak Ideal (< 1:1),Netral / Sideways,Netral / Sepi Berita,Normal / Sedang Transisi,Dekat Support Fibo 23.6%,5,WAIT & SEE,HOLD / NEUTRAL,0.0,Kondisi pasar normal,TIDAK ADA,2026-09-03 15:24:34,Biasa / Mengikuti Pasar
15:24,BEER,Token Mati (Perlu Update),Small Cap (Lapis 3),Fair Value (Wajar),0.0,1.3984822,82.0,79,72,98,-1.2048192771084338,29142200,Normal,54,Negatif,Uptrend,Bullish,Strong Bullish,Perfect Uptrend (5>20>50),Normal,Akumulasi (Naik),Normal,Dominan Jual (Guyur),Normal,Tinggi,Normal,Rawan Pucuk (High Risk),> 1 Miliar,Di Bawah VWAP (Lemah),Distribusi Pro (Guyuran),Ritel Aktif (5M - 50M),Sepi (< 50%),Mark-Up (Fase Pesta),Spesialis Tiang Jemuran (Banting Pucuk),Normal,Turun 1 Hari Beruntun,TP: 94 | CL: 73,Normal,Ideal (1:2),Netral / Sideways,Netral / Sepi Berita,Normal / Sedang Transisi,Mengambang (Jauh dari Fibo),5,WAIT & SEE,HOLD / NEUTRAL,0.0,Kondisi pasar normal,TIDAK ADA,2026-09-03 15:24:34,Biasa / Mengikuti Pasar
15:24,CBPE,Transaksi Sepi (Skip Broksum),Small Cap (Lapis 3),Fair Value (Wajar),0.0,2.0094254,535.0,522,348,670,12.869198312236287,662000,Tembus MA20,64,Positif,Uptrend,Bearish,Bearish MACD,Konsolidasi / Transisi,Normal,Akumulasi (Naik),Normal,Seimbang / Adu Mekanik,Normal,Tinggi,Normal,Rawan Pucuk (High Risk),< 1 Miliar,Di Atas VWAP (Kuat),Akumulasi Pro (Smart Money),Gorengan Sepi (< 5M),Ledakan Ekstrem (> 300%),Mark-Up (Fase Pesta),Spesialis Tiang Jemuran (Banting Pucuk),Normal,Naik 1 Hari Beruntun,TP: 607 | CL: 486,Normal,Tidak Ideal (< 1:1),Netral / Sideways,Netral / Sepi Berita,Normal / Sedang Transisi,Mengambang (Jauh dari Fibo),5,WAIT & SEE,HOLD / NEUTRAL,0.0,Kondisi pasar normal,TIDAK ADA,2026-09-03 15:24:34,Biasa / Mengikuti Pasar
15:24,SUNI,Transaksi Sepi (Skip Broksum),Mid Cap (Lapis 2),Fair Value (Wajar),10.4555645,1.9099747,700.0,715,690,730,-1.4084507042253522,296300,Normal,49,Negatif,Downtrend,Bearish,Bearish MACD,Konsolidasi / Transisi,Normal,Distribusi (Turun),Normal,Seimbang / Adu Mekanik,Squeeze,Rendah,Normal,Dekat Support (Low Risk),< 1 Miliar,Di Bawah VWAP (Lemah),Akumulasi Pro (Smart Money),Gorengan Sepi (< 5M),Normal (50-150%),Distribution (Fase Jualan),Solid (Jarang Dibanting),Normal,Turun 2 Hari Beruntun,TP: 719 | CL: 687,Open = High (Tekanan Jual),Sangat Menarik (> 1:3),Netral / Sideways,Netral / Sepi Berita,Normal / Sedang Transisi,Dekat Support Fibo 23.6%,0,WAIT & SEE,HOLD / NEUTRAL,0.0,Kondisi pasar normal,TIDAK ADA,2026-09-03 15:24:34,Biasa / Mengikuti Pasar
15:24,CBRE,Token Mati (Perlu Update),Mid Cap (Lapis 2),Overvalued (Mahal),0.0,297.79257,715.0,691,655,815,0.7042253521126761,26813100,Tembus MA20,56,Positif,Uptrend,Bullish,Strong Bullish,Perfect Uptrend (5>20>50),Normal,Akumulasi (Naik),Normal,Seimbang / Adu Mekanik,Normal,Sedang,Normal,Area Tengah,> 1 Miliar,Di Bawah VWAP (Lemah),Distribusi Pro (Guyuran),Ritel Aktif (5M - 50M),Normal (50-150%),Mark-Up (Fase Pesta),Normal,Normal,Naik 1 Hari Beruntun,TP: 772 | CL: 676,Normal,Ideal (1:2),Netral / Sideways,Netral / Sepi Berita,Normal / Sedang Transisi,Dekat Support Fibo 38.2%,7,BELI,HOLD / NEUTRAL,0.0,Kondisi pasar normal,TIDAK ADA,2026-09-03 15:24:34,Biasa / Mengikuti Pasar
15:24,WINE,Transaksi Sepi (Skip Broksum),Small Cap (Lapis 3),Undervalued (Murah),10.258359,1.068799,135.0,133,117,150,0.0,5597800,Tembus MA20,48,Negatif,Uptrend,Bearish,Bullish MACD,Strong Downtrend (5<20<50),Normal,Akumulasi (Naik),Normal,Seimbang / Adu Mekanik,Normal,Sedang,Normal,Rawan Pucuk (High Risk),< 1 Miliar,Di Atas VWAP (Kuat),Distribusi Pro (Guyuran),Gorengan Sepi (< 5M),Normal (50-150%),Accumulation (Kumpul Barang),Normal,Normal,Sideways / Stagnan,TP: 148 | CL: 126,Open = High (Tekanan Jual),Tidak Ideal (< 1:1),Netral / Sideways,Netral / Sepi Berita,Normal / Sedang Transisi,Dekat Support Fibo 78.6%,4,WAIT & SEE,HOLD / NEUTRAL,0.0,Kondisi pasar normal,TIDAK ADA,2026-09-03 15:24:34,Biasa / Mengikuti Pasar
15:24,BMBL,Transaksi Sepi (Skip Broksum),Small Cap (Lapis 3),Fair Value (Wajar),0.0,0.41555724,27.0,29,25,33,0.0,3352300,Normal,39,Negatif,Downtrend,Bearish,Strong Bearish,Strong Downtrend (5<20<50),Normal,Distribusi (Turun),Normal,Seimbang / Adu Mekanik,Normal,Tinggi,Doji (Ragu-ragu),Area Tengah,< 1 Miliar,Persis di VWAP,Distribusi Pro (Guyuran),Gorengan Sepi (< 5M),Sepi (< 50%),Mark-Down (Fase Runtuh),Normal,Normal,Sideways / Stagnan,TP: 30 | CL: 25,Normal,Sangat Menarik (> 1:3),Netral / Sideways,Netral / Sepi Berita,Normal / Sedang Transisi,Mengambang (Jauh dari Fibo),0,WAIT & SEE,HOLD / NEUTRAL,0.0,Kondisi pasar normal,TIDAK ADA,2026-09-03 15:24:34,Biasa / Mengikuti Pasar
15:24,PEVE,Transaksi Sepi (Skip Broksum),Small Cap (Lapis 3),Fair Value (Wajar),0.0,1.498429,320.0,321,296,342,1.2658227848101267,1747900,Tembus MA20,51,Positif,Downtrend,Bearish,Strong Bearish,Konsolidasi / Transisi,Normal,Akumulasi (Naik),Normal,Seimbang / Adu Mekanik,Normal,Sedang,Normal,Area Tengah,< 1 Miliar,Di Atas VWAP (Kuat),Akumulasi Pro (Smart Money),Gorengan Sepi (< 5M),Normal (50-150%),Distribution (Fase Jualan),Normal,Normal,Naik 3 Hari Beruntun,TP: 333 | CL: 311,Open = Low (Bullish Kuat),Tidak Ideal (< 1:1),Netral / Sideways,Netral / Sepi Berita,Normal / Sedang Transisi,Dekat Support Fibo 50.0%,4,WAIT & SEE,HOLD / NEUTRAL,0.0,Kondisi pasar normal,TIDAK ADA,2026-09-03 15:24:34,Biasa / Mengikuti Pasar
15:24,LAJU,Token Mati (Perlu Update),Small Cap (Lapis 3),Fair Value (Wajar),0.0,1.0879703,71.0,67,65,73,4.411764705882353,83202400,Tembus MA20,62,Positif,Uptrend,Bullish,Strong Bullish,Perfect Uptrend (5>20>50),Akumulasi Kuat,Akumulasi (Naik),Normal,Seimbang / Adu Mekanik,Squeeze,Rendah,Normal,Area Tengah,> 1 Miliar,Di Atas VWAP (Kuat),Akumulasi Pro (Smart Money),Gorengan Sepi (< 5M),Ledakan Ekstrem (> 300%),Mark-Up (Fase Pesta),Spesialis Tiang Jemuran (Banting Pucuk),Normal,Naik 1 Hari Beruntun,TP: 75 | CL: 68,Normal,Tidak Ideal (< 1:1),Netral / Sideways,Netral / Sepi Berita,Normal / Sedang Transisi,Mendekati Fibo 38.2%,8,BELI,HOLD / NEUTRAL,0.0,Kondisi pasar normal,TIDAK ADA,2026-09-03 15:24:34,Biasa / Mengikuti Pasar
15:24,FWCT,Transaksi Sepi (Skip Broksum),Small Cap (Lapis 3),Fair Value (Wajar),0.0,0.5576869,91.0,92,85,99,0.0,1795600,Normal,51,Negatif,Downtrend,Bearish,Bearish MACD,Konsolidasi / Transisi,Normal,Akumulasi (Naik),Normal,Seimbang / Adu Mekanik,Normal,Sedang,Doji (Ragu-ragu),Area Tengah,< 1 Miliar,Persis di VWAP,Distribusi Pro (Guyuran),Gorengan Sepi (< 5M),Sepi (< 50%),Distribution (Fase Jualan),Spesialis Tiang Jemuran (Banting Pucuk),Normal,Sideways / Stagnan,TP: 97 | CL: 86,Normal,Menengah (1:1),Golden Cross (Awal Bullish),Netral / Sepi Berita,Normal / Sedang Transisi,Mendekati Fibo 50.0%,2,WAIT & SEE,HOLD / NEUTRAL,0.0,Kondisi pasar normal,TIDAK ADA,2026-09-03 15:24:34,Biasa / Mengikuti Pasar
15:24,NAYZ,Token Mati (Perlu Update),Small Cap (Lapis 3),Fair Value (Wajar),0.0,2.9589398,73.0,65,56,82,0.0,22059700,Normal,62,Negatif,Uptrend,Bullish,Strong Bullish,Perfect Uptrend (5>20>50),Normal,Distribusi (Turun),Normal,Seimbang / Adu Mekanik,Normal,Tinggi,Doji (Ragu-ragu),Rawan Pucuk (High Risk),> 1 Miliar,Persis di VWAP,Akumulasi Pro (Smart Money),Gorengan Sepi (< 5M),Sepi (< 50%),Mark-Up (Fase Pesta),Normal,Normal,Sideways / Stagnan,TP: 81 | CL: 67,Normal,Tidak Ideal (< 1:1),Death Cross (Awal Bearish),Netral / Sepi Berita,Normal / Sedang Transisi,Mendekati Fibo 38.2%,4,WAIT & SEE,HOLD / NEUTRAL,0.0,Kondisi pasar normal,TIDAK ADA,2026-09-03 15:24:34,Biasa / Mengikuti Pasar
15:24,IRSX,Token Mati (Perlu Update),Mid Cap (Lapis 2),Overvalued (Mahal),93.087555,8.279028,404.0,370,330,420,0.4975124378109453,62152200,Tembus MA20,64,Positif,Uptrend,Bullish,Strong Bullish,Perfect Uptrend (5>20>50),Normal,Akumulasi (Naik),Normal,Seimbang / Adu Mekanik,Normal,Tinggi,Normal,Rawan Pucuk (High Risk),> 1 Miliar,Di Atas VWAP (Kuat),Akumulasi Pro (Smart Money),Ritel Aktif (5M - 50M),Normal (50-150%),Mark-Up (Fase Pesta),Normal,Normal,Naik 1 Hari Beruntun,TP: 438 | CL: 380,Normal,Tidak Ideal (< 1:1),Overbought (Jenuh Beli - Rawan),Netral / Sepi Berita,Normal / Sedang Transisi,Mengambang (Jauh dari Fibo),7,BELI,HOLD / NEUTRAL,0.0,Kondisi pasar normal,TIDAK ADA,2026-09-03 15:24:34,Biasa / Mengikuti Pasar
15:24,VAST,Transaksi Sepi (Skip Broksum),Small Cap (Lapis 3),Fair Value (Wajar),0.0,0.87594104,116.0,114,110,124,0.8695652173913043,1869200,Normal,54,Positif,Uptrend,Bearish,Bullish MACD,Strong Downtrend (5<20<50),Normal,Akumulasi (Naik),Normal,Dominan Beli (Hajar Kanan),Squeeze,Rendah,Doji (Ragu-ragu),Area Tengah,< 1 Miliar,Di Atas VWAP (Kuat),Distribusi Pro (Guyuran),Gorengan Sepi (< 5M),Normal (50-150%),Accumulation (Kumpul Barang),Spesialis Tiang Jemuran (Banting Pucuk),Jarum Bawah (Sinyal Pantulan Kuat),Naik 3 Hari Beruntun,TP: 121 | CL: 112,Normal,Menengah (1:1),Netral / Sideways,Netral / Sepi Berita,Normal / Sedang Transisi,Golden Rebound Fibo 38.2% 🎯,6,WAIT & SEE,HOLD / NEUTRAL,0.0,Kondisi pasar normal,TIDAK ADA,2026-09-03 15:24:34,Biasa / Mengikuti Pasar
15:24,CHIP,Transaksi Sepi (Skip Broksum),Small Cap (Lapis 3),Overvalued (Mahal),113.760216,9.241325,835.0,874,805,945,1.2121212121212122,75900,Normal,32,Positif,Downtrend,Bearish,Strong Bearish,Strong Downtrend (5<20<50),Normal,Distribusi (Turun),Normal,Dominan Beli (Hajar Kanan),Normal,Sedang,Hammer (Potensi Reversal),Area Tengah,< 1 Miliar,Persis di VWAP,Akumulasi Pro (Smart Money),Gorengan Sepi (< 5M),Normal (50-150%),Mark-Down (Fase Runtuh),Solid (Jarang Dibanting),Jarum Bawah (Sinyal Pantulan Kuat),Naik 1 Hari Beruntun,TP: 891 | CL: 797,Normal,Sangat Menarik (> 1:3),Golden Cross (Awal Bullish),Netral / Sepi Berita,Normal / Sedang Transisi,Mendekati Fibo Bottom / 100%,2,WAIT & SEE,HOLD / NEUTRAL,0.0,Kondisi pasar normal,TIDAK ADA,2026-09-03 15:24:34,Biasa / Mengikuti Pasar
15:24,HALO,Transaksi Sepi (Skip Broksum),Small Cap (Lapis 3),Fair Value (Wajar),0.0,1.7275419,70.0,69,65,76,1.4492753623188406,3803300,Normal,55,Positif,Uptrend,Bullish,Bearish MACD,Perfect Uptrend (5>20>50),Normal,Akumulasi (Naik),Normal,Seimbang / Adu Mekanik,Normal,Sedang,Normal,Area Tengah,< 1 Miliar,Persis di VWAP,Akumulasi Pro (Smart Money),Gorengan Sepi (< 5M),Normal (50-150%),Mark-Up (Fase Pesta),Normal,Normal,Naik 1 Hari Beruntun,TP: 74 | CL: 66,Open = Low (Bullish Kuat),Menengah (1:1),Golden Cross (Awal Bullish),Netral / Sepi Berita,Normal / Sedang Transisi,Mendekati Fibo 38.2%,5,WAIT & SEE,HOLD / NEUTRAL,0.0,Kondisi pasar normal,TIDAK ADA,2026-09-03 15:24:34,Biasa / Mengikuti Pasar
15:24,KING,Transaksi Sepi (Skip Broksum),Small Cap (Lapis 3),Overvalued (Mahal),0.0,11.559832,310.0,283,250,310,9.929078014184398,576900,Tembus MA20,59,Positif,Uptrend,Bullish,Bullish MACD,Awal Reversal (5>20),Normal,Akumulasi (Naik),Normal,Dominan Beli (Hajar Kanan),Breakout Upper,Tinggi,Normal,Rawan Pucuk (High Risk),< 1 Miliar,Di Atas VWAP (Kuat),Akumulasi Pro (Smart Money),Gorengan Sepi (< 5M),Anomali Tinggi (150-300%),Accumulation (Kumpul Barang),Normal,Normal,Naik 1 Hari Beruntun,TP: 343 | CL: 288,Normal,Tidak Ideal (< 1:1),Netral / Sideways,Netral / Sepi Berita,Normal / Sedang Transisi,Mengambang (Jauh dari Fibo),8,BELI,HOLD / NEUTRAL,0.0,Kondisi pasar normal,TIDAK ADA,2026-09-03 15:24:34,Biasa / Mengikuti Pasar
15:24,PGEO,Token Mati (Perlu Update),Big Cap (Lapis 1),Overvalued (Mahal),16.747183,21666.666,1040.0,1057,1000,1140,0.4830917874396135,8492400,Normal,51,Positif,Downtrend,Bearish,Bearish MACD,Konsolidasi / Transisi,Normal,Akumulasi (Naik),Normal,Seimbang / Adu Mekanik,Normal,Sedang,Normal,Area Tengah,> 1 Miliar,Persis di VWAP,Distribusi Pro (Guyuran),Ritel Aktif (5M - 50M),Normal (50-150%),Distribution (Fase Jualan),Normal,Normal,Naik 1 Hari Beruntun,TP: 1086 | CL: 1008,Normal,Ideal (1:2),Golden Cross (Awal Bullish),Netral / Sepi Berita,Supply Kering (Siap Pump) 🏜️,Mendekati Fibo 38.2%,3,WAIT & SEE,HOLD / NEUTRAL,0.0,Kondisi pasar normal,TIDAK ADA,2026-09-03 15:24:34,Biasa / Mengikuti Pasar
15:24,FUTR,Token Mati (Perlu Update),Mid Cap (Lapis 2),Overvalued (Mahal),0.0,12.983966,330.0,336,282,382,-4.069767441860465,83271400,Normal,53,Negatif,Downtrend,Bullish,Bearish MACD,Perfect Uptrend (5>20>50),Normal,Distribusi (Turun),Normal,Dominan Jual (Guyur),Normal,Tinggi,Normal,Rawan Pucuk (High Risk),> 1 Miliar,Di Bawah VWAP (Lemah),Distribusi Pro (Guyuran),Ritel Aktif (5M - 50M),Normal (50-150%),Distribution (Fase Jualan),Normal,Normal,Turun 2 Hari Beruntun,TP: 376 | CL: 298,Normal,Menengah (1:1),Netral / Sideways,Netral / Sepi Berita,Normal / Sedang Transisi,Mendekati Fibo 23.6%,2,WAIT & SEE,HOLD / NEUTRAL,0.0,Kondisi pasar normal,TIDAK ADA,2026-09-03 15:24:34,Biasa / Mengikuti Pasar
15:24,BDKR,Transaksi Sepi (Skip Broksum),Small Cap (Lapis 3),Overvalued (Mahal),27.017546,0.8928675,154.0,159,152,171,-0.6451612903225806,6162100,Normal,46,Negatif,Downtrend,Bearish,Bearish MACD,Konsolidasi / Transisi,Normal,Distribusi (Turun),Normal,Dominan Jual (Guyur),Bottom Rebound,Sedang,Normal,Dekat Support (Low Risk),< 1 Miliar,Di Bawah VWAP (Lemah),Distribusi Pro (Guyuran),Gorengan Sepi (< 5M),Normal (50-150%),Distribution (Fase Jualan),Normal,Normal,Turun 1 Hari Beruntun,TP: 160 | CL: 149,Normal,Sangat Menarik (> 1:3),Oversold (Jenuh Jual - Peluang),Netral / Sepi Berita,Normal / Sedang Transisi,Golden Rebound Fibo 38.2% 🎯,0,WAIT & SEE,HOLD / NEUTRAL,0.0,Kondisi pasar normal,TIDAK ADA,2026-09-03 15:24:34,Biasa / Mengikuti Pasar
15:24,PTMP,Transaksi Sepi (Skip Broksum),Small Cap (Lapis 3),Fair Value (Wajar),0.0,1.2285926,66.0,65,61,85,1.5384615384615385,7698700,Normal,55,Positif,Uptrend,Bearish,Bearish MACD,Konsolidasi / Transisi,Normal,Distribusi (Turun),Normal,Seimbang / Adu Mekanik,Normal,Sedang,Normal,Area Tengah,< 1 Miliar,Persis di VWAP,Distribusi Pro (Guyuran),Gorengan Sepi (< 5M),Sepi (< 50%),Mark-Up (Fase Pesta),Spesialis Tiang Jemuran (Banting Pucuk),Normal,Naik 1 Hari Beruntun,TP: 70 | CL: 63,Open = Low (Bullish Kuat),Sangat Menarik (> 1:3),Netral / Sideways,Netral / Sepi Berita,Supply Kering (Siap Pump) 🏜️,Mendekati Fibo 61.8% (Golden Ratio),3,WAIT & SEE,HOLD / NEUTRAL,0.0,Kondisi pasar normal,TIDAK ADA,2026-09-03 15:24:34,Biasa / Mengikuti Pasar
15:24,SAGE,Transaksi Sepi (Skip Broksum),Small Cap (Lapis 3),Fair Value (Wajar),0.0,0.8201589,29.0,30,28,33,0.0,1105900,Normal,43,Negatif,Downtrend,Bearish,Strong Bearish,Konsolidasi / Transisi,Normal,Akumulasi (Naik),Normal,Dominan Beli (Hajar Kanan),Normal,Tinggi,Doji (Ragu-ragu),Area Tengah,< 1 Miliar,Persis di VWAP,Akumulasi Pro (Smart Money),Gorengan Sepi (< 5M),Sepi (< 50%),Distribution (Fase Jualan),Normal,Jarum Bawah (Sinyal Pantulan Kuat),Sideways / Stagnan,TP: 30 | CL: 28,Normal,Sangat Menarik (> 1:3),Netral / Sideways,Netral / Sepi Berita,Normal / Sedang Transisi,Mengambang (Jauh dari Fibo),2,WAIT & SEE,HOLD / NEUTRAL,0.0,Kondisi pasar normal,TIDAK ADA,2026-09-03 15:24:34,Biasa / Mengikuti Pasar
15:24,TRON,Token Mati (Perlu Update),Small Cap (Lapis 3),Fair Value (Wajar),0.0,1.702986,103.0,101,94,111,0.9803921568627451,42811800,Tembus MA20,52,Positif,Uptrend,Bearish,Strong Bearish,Strong Downtrend (5<20<50),Normal,Akumulasi (Naik),Normal,Seimbang / Adu Mekanik,Normal,Sedang,Normal,Area Tengah,> 1 Miliar,Persis di VWAP,Distribusi Pro (Guyuran),Gorengan Sepi (< 5M),Normal (50-150%),Accumulation (Kumpul Barang),Spesialis Tiang Jemuran (Banting Pucuk),Normal,Naik 2 Hari Beruntun,TP: 111 | CL: 97,Normal,Tidak Ideal (< 1:1),Netral / Sideways,Netral / Sepi Berita,Normal / Sedang Transisi,Mendekati Fibo 50.0%,5,WAIT & SEE,HOLD / NEUTRAL,0.0,Kondisi pasar normal,TIDAK ADA,2026-09-03 15:24:34,Biasa / Mengikuti Pasar
15:24,CUAN,Token Mati (Perlu Update),Big Cap (Lapis 1),Overvalued (Mahal),39.956333,305000.0,915.0,808,665,955,1.1049723756906076,845219700,Tembus MA20,68,Positif,Uptrend,Bullish,Strong Bullish,Perfect Uptrend (5>20>50),Normal,Akumulasi (Naik),Normal,Dominan Jual (Guyur),Normal,Tinggi,Doji (Ragu-ragu),Rawan Pucuk (High Risk),> 1 Miliar,Di Atas VWAP (Kuat),Akumulasi Pro (Smart Money),Sultan (> 50M/hari),Anomali Tinggi (150-300%),Mark-Up (Fase Pesta),Spesialis Tiang Jemuran (Banting Pucuk),Normal,Naik 1 Hari Beruntun,TP: 993 | CL: 862,Normal,Tidak Ideal (< 1:1),Death Cross (Awal Bearish),Netral / Sepi Berita,Normal / Sedang Transisi,Mengambang (Jauh dari Fibo),7,BELI,HOLD / NEUTRAL,0.0,Kondisi pasar normal,TIDAK ADA,2026-09-03 15:24:34,🔥 ANOMALI BANDAR (Siap Ledakan)
15:24,NSSS,Token Mati (Perlu Update),Big Cap (Lapis 1),Overvalued (Mahal),31.517094,9.260713,880.0,908,780,1110,-2.2222222222222223,6954200,Normal,51,Negatif,Downtrend,Bearish,Bearish MACD,Konsolidasi / Transisi,Normal,Akumulasi (Naik),Normal,Dominan Jual (Guyur),Normal,Tinggi,Normal,Rawan Pucuk (High Risk),> 1 Miliar,Persis di VWAP,Distribusi Pro (Guyuran),Ritel Aktif (5M - 50M),Normal (50-150%),Distribution (Fase Jualan),Normal,Normal,Turun 1 Hari Beruntun,TP: 962 | CL: 825,Normal,Ideal (1:2),Netral / Sideways,Netral / Sepi Berita,Normal / Sedang Transisi,Dekat Support Fibo 38.2%,2,WAIT & SEE,HOLD / NEUTRAL,0.0,Kondisi pasar normal,TIDAK ADA,2026-09-03 15:24:34,Biasa / Mengikuti Pasar
15:24,GTRA,Transaksi Sepi (Skip Broksum),Small Cap (Lapis 3),Fair Value (Wajar),0.0,1.2679529,272.0,239,214,332,-2.158273381294964,2985300,Tembus MA20,69,Negatif,Uptrend,Bullish,Strong Bullish,Perfect Uptrend (5>20>50),Normal,Akumulasi (Naik),Normal,Seimbang / Adu Mekanik,Normal,Tinggi,Normal,Rawan Pucuk (High Risk),< 1 Miliar,Di Bawah VWAP (Lemah),Distribusi Pro (Guyuran),Gorengan Sepi (< 5M),Normal (50-150%),Mark-Up (Fase Pesta),Spesialis Tiang Jemuran (Banting Pucuk),Normal,Turun 1 Hari Beruntun,TP: 298 | CL: 254,Normal,Menengah (1:1),Netral / Sideways,Netral / Sepi Berita,Supply Banjir (Distribusi) 🌊,Mendekati Fibo 38.2%,6,WAIT & SEE,HOLD / NEUTRAL,0.0,Kondisi pasar normal,TIDAK ADA,2026-09-03 15:24:34,Biasa / Mengikuti Pasar
15:24,HAJJ,Transaksi Sepi (Skip Broksum),Small Cap (Lapis 3),Fair Value (Wajar),0.0,1.2287228,109.0,110,104,121,-0.9090909090909091,5082900,Normal,50,Negatif,Downtrend,Bullish,Bearish MACD,Perfect Uptrend (5>20>50),Normal,Distribusi (Turun),Normal,Seimbang / Adu Mekanik,Normal,Sedang,Normal,Area Tengah,< 1 Miliar,Di Bawah VWAP (Lemah),Distribusi Pro (Guyuran),Gorengan Sepi (< 5M),Normal (50-150%),Distribution (Fase Jualan),Normal,Normal,Turun 2 Hari Beruntun,TP: 116 | CL: 103,Open = High (Tekanan Jual),Ideal (1:2),Netral / Sideways,Netral / Sepi Berita,Normal / Sedang Transisi,Mendekati Fibo 38.2%,1,WAIT & SEE,HOLD / NEUTRAL,0.0,Kondisi pasar normal,TIDAK ADA,2026-09-03 15:24:34,Biasa / Mengikuti Pasar
15:24,JATI,Transaksi Sepi (Skip Broksum),Small Cap (Lapis 3),Fair Value (Wajar),0.0,1.9502944,109.0,102,96,111,0.0,7905500,Normal,68,Negatif,Uptrend,Bullish,Strong Bullish,Perfect Uptrend (5>20>50),Normal,Akumulasi (Naik),Normal,Seimbang / Adu Mekanik,Normal,Sedang,Doji (Ragu-ragu),Rawan Pucuk (High Risk),< 1 Miliar,Di Atas VWAP (Kuat),Akumulasi Pro (Smart Money),Gorengan Sepi (< 5M),Normal (50-150%),Mark-Up (Fase Pesta),Normal,Jarum Bawah (Sinyal Pantulan Kuat),Sideways / Stagnan,TP: 115 | CL: 104,Normal,Tidak Ideal (< 1:1),Overbought (Jenuh Beli - Rawan),Netral / Sepi Berita,Normal / Sedang Transisi,Mendekati Fibo 38.2%,5,WAIT & SEE,HOLD / NEUTRAL,0.0,Kondisi pasar normal,TIDAK ADA,2026-09-03 15:24:34,Biasa / Mengikuti Pasar
15:24,TYRE,Transaksi Sepi (Skip Broksum),Small Cap (Lapis 3),Fair Value (Wajar),0.0,1.1540387,113.0,113,109,121,0.8928571428571428,895100,Tembus MA20,51,Positif,Downtrend,Bearish,Strong Bearish,Konsolidasi / Transisi,Normal,Distribusi (Turun),Normal,Dominan Jual (Guyur),Squeeze,Rendah,Doji (Ragu-ragu),Area Tengah,< 1 Miliar,Persis di VWAP,Akumulasi Pro (Smart Money),Gorengan Sepi (< 5M),Normal (50-150%),Distribution (Fase Jualan),Spesialis Tiang Jemuran (Banting Pucuk),Normal,Naik 1 Hari Beruntun,TP: 119 | CL: 109,Normal,Ideal (1:2),Golden Cross (Awal Bullish),Netral / Sepi Berita,Normal / Sedang Transisi,Dekat Support Fibo 50.0%,3,WAIT & SEE,HOLD / NEUTRAL,0.0,Kondisi pasar normal,TIDAK ADA,2026-09-03 15:24:34,Biasa / Mengikuti Pasar
15:24,MPXL,Transaksi Sepi (Skip Broksum),Small Cap (Lapis 3),Overvalued (Mahal),0.0,3.6398096,169.0,165,153,175,0.0,199100,Normal,63,Negatif,Uptrend,Bullish,Bearish MACD,Perfect Uptrend (5>20>50),Normal,Akumulasi (Naik),Normal,Seimbang / Adu Mekanik,Normal,Sedang,Doji (Ragu-ragu),Rawan Pucuk (High Risk),< 1 Miliar,Persis di VWAP,Akumulasi Pro (Smart Money),Gorengan Sepi (< 5M),Sepi (< 50%),Mark-Up (Fase Pesta),Normal,Normal,Sideways / Stagnan,TP: 176 | CL: 163,Normal,Tidak Ideal (< 1:1),Death Cross (Awal Bearish),Netral / Sepi Berita,Normal / Sedang Transisi,Dekat Support Fibo 23.6%,4,WAIT & SEE,HOLD / NEUTRAL,0.0,Kondisi pasar normal,TIDAK ADA,2026-09-03 15:24:34,Biasa / Mengikuti Pasar
15:24,SMIL,Token Mati (Perlu Update),Mid Cap (Lapis 2),Overvalued (Mahal),47.64097,4.700219,414.0,399,352,432,-0.4807692307692308,25504400,Normal,65,Negatif,Uptrend,Bullish,Bearish MACD,Perfect Uptrend (5>20>50),Normal,Akumulasi (Naik),Normal,Seimbang / Adu Mekanik,Normal,Tinggi,Normal,Rawan Pucuk (High Risk),> 1 Miliar,Persis di VWAP,Akumulasi Pro (Smart Money),Ritel Aktif (5M - 50M),Normal (50-150%),Mark-Up (Fase Pesta),Normal,Jarum Bawah (Sinyal Pantulan Kuat),Turun 1 Hari Beruntun,TP: 437 | CL: 398,Normal,Tidak Ideal (< 1:1),Overbought (Jenuh Beli - Rawan),Netral / Sepi Berita,Normal / Sedang Transisi,Mengambang (Jauh dari Fibo),4,WAIT & SEE,HOLD / NEUTRAL,0.0,Kondisi pasar normal,TIDAK ADA,2026-09-03 15:24:34,Biasa / Mengikuti Pasar
15:24,KLAS,Transaksi Sepi (Skip Broksum),Small Cap (Lapis 3),Fair Value (Wajar),0.0,1.2050639,90.0,82,75,91,1.1235955056179776,3055600,Normal,83,Positif,Uptrend,Bullish,Strong Bullish,Perfect Uptrend (5>20>50),Normal,Akumulasi (Naik),Normal,Seimbang / Adu Mekanik,Normal,Tinggi,Normal,Rawan Pucuk (High Risk),< 1 Miliar,Di Atas VWAP (Kuat),Akumulasi Pro (Smart Money),Gorengan Sepi (< 5M),Sepi (< 50%),Mark-Up (Fase Pesta),Normal,Normal,Naik 1 Hari Beruntun,TP: 95 | CL: 86,Open = Low (Bullish Kuat),Tidak Ideal (< 1:1),Overbought (Jenuh Beli - Rawan),Netral / Sepi Berita,Normal / Sedang Transisi,Mengambang (Jauh dari Fibo),6,WAIT & SEE,HOLD / NEUTRAL,0.0,Kondisi pasar normal,TIDAK ADA,2026-09-03 15:24:34,Biasa / Mengikuti Pasar
15:24,MAXI,Transaksi Sepi (Skip Broksum),Small Cap (Lapis 3),Overvalued (Mahal),0.0,3.705076,50.0,50,50,50,0.0,12800,Normal,0,Negatif,Downtrend,Bearish,Bearish MACD,Konsolidasi / Transisi,Normal,Netral,Normal,Tidak Ada Transaksi,Squeeze,Rendah,Doji (Ragu-ragu),Dekat Support (Low Risk),< 1 Miliar,Persis di VWAP,Netral,Gorengan Sepi (< 5M),Sepi (< 50%),Sideways,Solid (Jarang Dibanting),Normal,Sideways / Stagnan,TP: 51 | CL: 49,Normal,Di Area Support,Oversold (Jenuh Jual - Peluang),Netral / Sepi Berita,Normal / Sedang Transisi,Golden Rebound Fibo Bottom / 100% 🎯,0,WAIT & SEE,HOLD / NEUTRAL,0.0,Kondisi pasar normal,TIDAK ADA,2026-09-03 15:24:34,🔥 ANOMALI BANDAR (Siap Ledakan)
15:24,VKTR,Token Mati (Perlu Update),Big Cap (Lapis 1),Overvalued (Mahal),0.0,38.411488,910.0,888,745,1005,-2.6737967914438503,85044400,Normal,56,Negatif,Uptrend,Bullish,Bearish MACD,Perfect Uptrend (5>20>50),Normal,Akumulasi (Naik),Normal,Dominan Jual (Guyur),Normal,Tinggi,Normal,Rawan Pucuk (High Risk),> 1 Miliar,Di Bawah VWAP (Lemah),Distribusi Pro (Guyuran),Sultan (> 50M/hari),Normal (50-150%),Mark-Up (Fase Pesta),Spesialis Tiang Jemuran (Banting Pucuk),Normal,Turun 1 Hari Beruntun,TP: 1006 | CL: 845,Normal,Tidak Ideal (< 1:1),Death Cross (Awal Bearish),Netral / Sepi Berita,Normal / Sedang Transisi,Mendekati Fibo 23.6%,4,WAIT & SEE,HOLD / NEUTRAL,0.0,Kondisi pasar normal,TIDAK ADA,2026-09-03 15:24:34,Biasa / Mengikuti Pasar
15:24,RELF,Transaksi Sepi (Skip Broksum),Small Cap (Lapis 3),Fair Value (Wajar),0.0,0.8134427,35.0,34,33,36,0.0,2808500,Tembus MA20,50,Negatif,Uptrend,Bearish,Strong Bearish,Konsolidasi / Transisi,Normal,Akumulasi (Naik),Normal,Dominan Beli (Hajar Kanan),Squeeze,Rendah,Doji (Ragu-ragu),Area Tengah,< 1 Miliar,Di Atas VWAP (Kuat),Akumulasi Pro (Smart Money),Gorengan Sepi (< 5M),Normal (50-150%),Mark-Up (Fase Pesta),Normal,Jarum Bawah (Sinyal Pantulan Kuat),Sideways / Stagnan,TP: 37 | CL: 33,Normal,Tidak Ideal (< 1:1),Netral / Sideways,Netral / Sepi Berita,Normal / Sedang Transisi,Golden Rebound Fibo 61.8% (Golden Ratio) 🎯,4,WAIT & SEE,HOLD / NEUTRAL,0.0,Kondisi pasar normal,TIDAK ADA,2026-09-03 15:24:34,Biasa / Mengikuti Pasar
15:24,AMMN,Token Mati (Perlu Update),Big Cap (Lapis 1),Overvalued (Mahal),30.29882,57368.42,4350.0,4351,4140,4600,1.873536299765808,24399200,Normal,54,Positif,Downtrend,Death Cross,Bearish MACD,Konsolidasi / Transisi,Normal,Distribusi (Turun),Normal,Dominan Beli (Hajar Kanan),Normal,Sedang,Normal,Area Tengah,> 1 Miliar,Persis di VWAP,Distribusi Pro (Guyuran),Sultan (> 50M/hari),Sepi (< 50%),Distribution (Fase Jualan),Normal,Jarum Bawah (Sinyal Pantulan Kuat),Naik 1 Hari Beruntun,TP: 4568 | CL: 4204,Normal,Menengah (1:1),Golden Cross (Awal Bullish),Netral / Sepi Berita,Normal / Sedang Transisi,Mendekati Fibo 23.6%,3,WAIT & SEE,HOLD / NEUTRAL,0.0,Kondisi pasar normal,TIDAK ADA,2026-09-03 15:24:34,Biasa / Mengikuti Pasar
15:24,CRSN,Transaksi Sepi (Skip Broksum),Small Cap (Lapis 3),Fair Value (Wajar),0.0,1.7025613,139.0,125,107,142,-0.7142857142857143,381600,Normal,71,Negatif,Uptrend,Bullish,Strong Bullish,Perfect Uptrend (5>20>50),Normal,Akumulasi (Naik),Normal,Seimbang / Adu Mekanik,Normal,Tinggi,Normal,Rawan Pucuk (High Risk),< 1 Miliar,Di Atas VWAP (Kuat),Akumulasi Pro (Smart Money),Gorengan Sepi (< 5M),Sepi (< 50%),Mark-Up (Fase Pesta),Spesialis Tiang Jemuran (Banting Pucuk),Normal,Turun 1 Hari Beruntun,TP: 151 | CL: 130,Open = High (Tekanan Jual),Tidak Ideal (< 1:1),Overbought (Jenuh Beli - Rawan),Netral / Sepi Berita,Normal / Sedang Transisi,Mengambang (Jauh dari Fibo),5,WAIT & SEE,HOLD / NEUTRAL,0.0,Kondisi pasar normal,TIDAK ADA,2026-09-03 15:24:34,Biasa / Mengikuti Pasar
15:24,GRPM,Token Mati (Perlu Update),Small Cap (Lapis 3),Overvalued (Mahal),0.0,3.4976914,177.0,198,160,256,-6.349206349206349,15745600,Tembus MA20,36,Negatif,Downtrend,Bearish,Bullish MACD,Strong Downtrend (5<20<50),Distribusi Kuat,Akumulasi (Naik),Normal,Seimbang / Adu Mekanik,Normal,Tinggi,Normal,Rawan Pucuk (High Risk),> 1 Miliar,Di Bawah VWAP (Lemah),Akumulasi Pro (Smart Money),Gorengan Sepi (< 5M),Anomali Tinggi (150-300%),Mark-Down (Fase Runtuh),Solid (Jarang Dibanting),Normal,Turun 3 Hari Beruntun,TP: 200 | CL: 161,Open = High (Tekanan Jual),Sangat Menarik (> 1:3),Netral / Sideways,Netral / Sepi Berita,Normal / Sedang Transisi,Mengambang (Jauh dari Fibo),3,WAIT & SEE,HOLD / NEUTRAL,0.0,Kondisi pasar normal,TIDAK ADA,2026-09-03 15:24:34,Biasa / Mengikuti Pasar
15:24,WIDI,Transaksi Sepi (Skip Broksum),Small Cap (Lapis 3),Fair Value (Wajar),0.0,0.9457297,26.0,25,24,29,-3.7037037037037033,4417800,Normal,49,Negatif,Uptrend,Bullish,Strong Bullish,Awal Reversal (5>20),Normal,Akumulasi (Naik),Normal,Dominan Jual (Guyur),Normal,Tinggi,Normal,Area Tengah,< 1 Miliar,Di Bawah VWAP (Lemah),Akumulasi Pro (Smart Money),Gorengan Sepi (< 5M),Sepi (< 50%),Accumulation (Kumpul Barang),Normal,Normal,Turun 1 Hari Beruntun,TP: 28 | CL: 24,Open = High (Tekanan Jual),Ideal (1:2),Netral / Sideways,Netral / Sepi Berita,Normal / Sedang Transisi,Mengambang (Jauh dari Fibo),4,WAIT & SEE,HOLD / NEUTRAL,0.0,Kondisi pasar normal,TIDAK ADA,2026-09-03 15:24:34,Biasa / Mengikuti Pasar
15:24,TGUK,Transaksi Sepi (Skip Broksum),Small Cap (Lapis 3),Overvalued (Mahal),0.0,3.0403666,65.0,83,60,137,1.5625,5076200,Normal,24,Positif,Downtrend,Bearish,Strong Bearish,Strong Downtrend (5<20<50),Normal,Akumulasi (Naik),Gap Down (-3.1%),Dominan Beli (Hajar Kanan),Normal,Tinggi,Normal,Area Tengah,< 1 Miliar,Persis di VWAP,Akumulasi Pro (Smart Money),Gorengan Sepi (< 5M),Normal (50-150%),Mark-Down (Fase Runtuh),Normal,Normal,Naik 1 Hari Beruntun,TP: 75 | CL: 58,Open = Low (Bullish Kuat),Sangat Menarik (> 1:3),Oversold (Jenuh Jual - Peluang),Netral / Sepi Berita,Normal / Sedang Transisi,Mengambang (Jauh dari Fibo),3,WAIT & SEE,HOLD / NEUTRAL,0.0,Kondisi pasar normal,TIDAK ADA,2026-09-03 15:24:34,Biasa / Mengikuti Pasar
15:24,INET,Token Mati (Perlu Update),Mid Cap (Lapis 2),Overvalued (Mahal),145.99156,2.128353,346.0,288,212,376,-0.5747126436781609,242768100,Normal,69,Negatif,Uptrend,Bullish,Strong Bullish,Perfect Uptrend (5>20>50),Normal,Akumulasi (Naik),Normal,Dominan Jual (Guyur),Normal,Tinggi,Normal,Rawan Pucuk (High Risk),> 1 Miliar,Di Bawah VWAP (Lemah),Distribusi Pro (Guyuran),Sultan (> 50M/hari),Sepi (< 50%),Mark-Up (Fase Pesta),Spesialis Tiang Jemuran (Banting Pucuk),Normal,Turun 2 Hari Beruntun,TP: 392 | CL: 314,Normal,Tidak Ideal (< 1:1),Overbought (Jenuh Beli - Rawan),Netral / Sepi Berita,Normal / Sedang Transisi,Mengambang (Jauh dari Fibo),5,WAIT & SEE,HOLD / NEUTRAL,0.0,Kondisi pasar normal,TIDAK ADA,2026-09-03 15:24:34,Biasa / Mengikuti Pasar
15:24,MAHA,Transaksi Sepi (Skip Broksum),Mid Cap (Lapis 2),Undervalued (Murah),6.445916,1.3050629,146.0,146,142,155,-0.6802721088435374,4745900,Tembus MA20,53,Negatif,Downtrend,Death Cross,Bearish MACD,Konsolidasi / Transisi,Normal,Distribusi (Turun),Normal,Seimbang / Adu Mekanik,Squeeze,Rendah,Doji (Ragu-ragu),Dekat Support (Low Risk),< 1 Miliar,Persis di VWAP,Distribusi Pro (Guyuran),Gorengan Sepi (< 5M),Normal (50-150%),Distribution (Fase Jualan),Spesialis Tiang Jemuran (Banting Pucuk),Normal,Turun 1 Hari Beruntun,TP: 151 | CL: 142,Normal,Ideal (1:2),Netral / Sideways,Netral / Sepi Berita,Normal / Sedang Transisi,Dekat Support Fibo 23.6%,2,WAIT & SEE,HOLD / NEUTRAL,0.0,Kondisi pasar normal,TIDAK ADA,2026-09-03 15:24:34,Biasa / Mengikuti Pasar
15:24,RMKO,Token Mati (Perlu Update),Small Cap (Lapis 3),Overvalued (Mahal),0.0,3.1152349,326.0,291,240,360,3.821656050955414,22566900,Tembus MA20,62,Positif,Uptrend,Bullish,Strong Bullish,Awal Reversal (5>20),Akumulasi Kuat,Akumulasi (Naik),Gap Up (+3.2%),Dominan Jual (Guyur),Breakout Upper,Tinggi,Doji (Ragu-ragu),Rawan Pucuk (High Risk),> 1 Miliar,Di Atas VWAP (Kuat),Distribusi Pro (Guyuran),Ritel Aktif (5M - 50M),Anomali Tinggi (150-300%),Accumulation (Kumpul Barang),Spesialis Tiang Jemuran (Banting Pucuk),Normal,Naik 1 Hari Beruntun,TP: 362 | CL: 301,Normal,Tidak Ideal (< 1:1),Death Cross (Awal Bearish),Netral / Sepi Berita,Normal / Sedang Transisi,Mengambang (Jauh dari Fibo),9,BELI,HOLD / NEUTRAL,0.0,Kondisi pasar normal,TIDAK ADA,2026-09-03 15:24:34,Biasa / Mengikuti Pasar
15:24,CNMA,Token Mati (Perlu Update),Mid Cap (Lapis 2),Fair Value (Wajar),13.191489,2.0721464,93.0,93,91,103,1.0869565217391304,14341700,Normal,51,Positif,Downtrend,Bearish,Bearish MACD,Konsolidasi / Transisi,Normal,Distribusi (Turun),Normal,Dominan Beli (Hajar Kanan),Squeeze,Rendah,Marubozu (Strong Bullish),Dekat Support (Low Risk),> 1 Miliar,Persis di VWAP,Akumulasi Pro (Smart Money),Gorengan Sepi (< 5M),Normal (50-150%),Distribution (Fase Jualan),Normal,Normal,Naik 1 Hari Beruntun,TP: 96 | CL: 90,Open = Low (Bullish Kuat),Sangat Menarik (> 1:3),Golden Cross (Awal Bullish),Netral / Sepi Berita,Normal / Sedang Transisi,Dekat Support Fibo 50.0%,3,WAIT & SEE,HOLD / NEUTRAL,0.0,Kondisi pasar normal,TIDAK ADA,2026-09-03 15:24:34,Biasa / Mengikuti Pasar
15:24,FOLK,Token Mati (Perlu Update),Small Cap (Lapis 3),Overvalued (Mahal),0.0,5.1140122,172.0,187,152,228,5.521472392638037,24888600,Tembus MA20,41,Positif,Downtrend,Bearish,Strong Bearish,Strong Downtrend (5<20<50),Akumulasi Kuat,Distribusi (Turun),Normal,Seimbang / Adu Mekanik,Normal,Tinggi,Normal,Rawan Pucuk (High Risk),> 1 Miliar,Di Atas VWAP (Kuat),Distribusi Pro (Guyuran),Gorengan Sepi (< 5M),Normal (50-150%),Mark-Down (Fase Runtuh),Spesialis Tiang Jemuran (Banting Pucuk),Normal,Naik 1 Hari Beruntun,TP: 201 | CL: 152,Normal,Ideal (1:2),Golden Cross (Awal Bullish),Netral / Sepi Berita,Normal / Sedang Transisi,Dekat Support Fibo 61.8% (Golden Ratio),3,WAIT & SEE,HOLD / NEUTRAL,0.0,Kondisi pasar normal,TIDAK ADA,2026-09-03 15:24:34,Biasa / Mengikuti Pasar
15:24,HBAT,Transaksi Sepi (Skip Broksum),Small Cap (Lapis 3),Overvalued (Mahal),0.0,3.4669063,274.0,237,204,304,-1.4388489208633095,694800,Normal,58,Negatif,Uptrend,Bullish,Strong Bullish,Awal Reversal (5>20),Normal,Distribusi (Turun),Gap Up (+2.9%),Dominan Jual (Guyur),Normal,Tinggi,Normal,Rawan Pucuk (High Risk),< 1 Miliar,Persis di VWAP,Distribusi Pro (Guyuran),Gorengan Sepi (< 5M),Normal (50-150%),Accumulation (Kumpul Barang),Normal,Normal,Turun 1 Hari Beruntun,TP: 306 | CL: 252,Normal,Tidak Ideal (< 1:1),Netral / Sideways,Netral / Sepi Berita,Normal / Sedang Transisi,Mendekati Fibo 78.6%,5,WAIT & SEE,HOLD / NEUTRAL,0.0,Kondisi pasar normal,TIDAK ADA,2026-09-03 15:24:34,Biasa / Mengikuti Pasar
15:24,GRIA,Transaksi Sepi (Skip Broksum),Mid Cap (Lapis 2),Overvalued (Mahal),182.7957,3.145876,170.0,164,136,238,0.0,2773400,Normal,55,Negatif,Uptrend,Bullish,Bearish MACD,Perfect Uptrend (5>20>50),Normal,Distribusi (Turun),Normal,Seimbang / Adu Mekanik,Normal,Tinggi,Normal,Rawan Pucuk (High Risk),< 1 Miliar,Di Bawah VWAP (Lemah),Distribusi Pro (Guyuran),Gorengan Sepi (< 5M),Sepi (< 50%),Mark-Up (Fase Pesta),Spesialis Tiang Jemuran (Banting Pucuk),Normal,Sideways / Stagnan,TP: 191 | CL: 155,Open = High (Tekanan Jual),Ideal (1:2),Netral / Sideways,Netral / Sepi Berita,Normal / Sedang Transisi,Dekat Support Fibo 50.0%,3,WAIT & SEE,HOLD / NEUTRAL,0.0,Kondisi pasar normal,TIDAK ADA,2026-09-03 15:24:34,Biasa / Mengikuti Pasar
15:24,PPRI,Transaksi Sepi (Skip Broksum),Small Cap (Lapis 3),Fair Value (Wajar),0.0,1.5349612,140.0,143,132,152,2.18978102189781,2779700,Normal,45,Positif,Downtrend,Bearish,Strong Bearish,Strong Downtrend (5<20<50),Normal,Distribusi (Turun),Normal,Dominan Beli (Hajar Kanan),Normal,Sedang,Normal,Area Tengah,< 1 Miliar,Di Atas VWAP (Kuat),Distribusi Pro (Guyuran),Gorengan Sepi (< 5M),Normal (50-150%),Mark-Down (Fase Runtuh),Normal,Normal,Naik 3 Hari Beruntun,TP: 148 | CL: 134,Normal,Ideal (1:2),Golden Cross (Awal Bullish),Netral / Sepi Berita,Normal / Sedang Transisi,Dekat Support Fibo 50.0%,2,WAIT & SEE,HOLD / NEUTRAL,0.0,Kondisi pasar normal,TIDAK ADA,2026-09-03 15:24:34,Biasa / Mengikuti Pasar
15:24,ERAL,Token Mati (Perlu Update),Mid Cap (Lapis 2),Undervalued (Murah),9.957499,0.93966115,330.0,304,286,338,5.095541401273886,28222300,Tembus MA20,67,Positif,Uptrend,Bullish,Strong Bullish,Perfect Uptrend (5>20>50),Akumulasi Kuat,Akumulasi (Naik),Normal,Seimbang / Adu Mekanik,Breakout Upper,Sedang,Normal,Rawan Pucuk (High Risk),> 1 Miliar,Di Atas VWAP (Kuat),Akumulasi Pro (Smart Money),Gorengan Sepi (< 5M),Ledakan Ekstrem (> 300%),Mark-Up (Fase Pesta),Normal,Normal,Naik 3 Hari Beruntun,TP: 348 | CL: 317,Open = Low (Bullish Kuat),Tidak Ideal (< 1:1),Netral / Sideways,Netral / Sepi Berita,Normal / Sedang Transisi,Mengambang (Jauh dari Fibo),8,BELI,HOLD / NEUTRAL,0.0,Kondisi pasar normal,TIDAK ADA,2026-09-03 15:24:34,Biasa / Mengikuti Pasar
15:24,CYBR,Token Mati (Perlu Update),Mid Cap (Lapis 2),Overvalued (Mahal),119.41964,23.189285,540.0,556,525,605,0.0,27107300,Normal,41,Negatif,Downtrend,Bearish,Strong Bearish,Strong Downtrend (5<20<50),Normal,Distribusi (Turun),Normal,Seimbang / Adu Mekanik,Normal,Sedang,Doji (Ragu-ragu),Dekat Support (Low Risk),> 1 Miliar,Persis di VWAP,Distribusi Pro (Guyuran),Ritel Aktif (5M - 50M),Normal (50-150%),Mark-Down (Fase Runtuh),Solid (Jarang Dibanting),Jarum Bawah (Sinyal Pantulan Kuat),Sideways / Stagnan,TP: 567 | CL: 521,Normal,Sangat Menarik (> 1:3),Netral / Sideways,Netral / Sepi Berita,Normal / Sedang Transisi,Golden Rebound Fibo 78.6% 🎯,0,WAIT & SEE,HOLD / NEUTRAL,0.0,Kondisi pasar normal,TIDAK ADA,2026-09-03 15:24:34,Biasa / Mengikuti Pasar
15:24,MUTU,Token Mati (Perlu Update),Small Cap (Lapis 3),Fair Value (Wajar),0.0,1.59724,126.0,119,109,146,-0.7874015748031495,15172700,Normal,62,Negatif,Uptrend,Bullish,Strong Bullish,Perfect Uptrend (5>20>50),Normal,Distribusi (Turun),Normal,Seimbang / Adu Mekanik,Normal,Tinggi,Normal,Rawan Pucuk (High Risk),> 1 Miliar,Di Bawah VWAP (Lemah),Distribusi Pro (Guyuran),Gorengan Sepi (< 5M),Sepi (< 50%),Mark-Up (Fase Pesta),Spesialis Tiang Jemuran (Banting Pucuk),Normal,Turun 1 Hari Beruntun,TP: 138 | CL: 118,Normal,Menengah (1:1),Netral / Sideways,Netral / Sepi Berita,Normal / Sedang Transisi,Mendekati Fibo 50.0%,4,WAIT & SEE,HOLD / NEUTRAL,0.0,Kondisi pasar normal,TIDAK ADA,2026-09-03 15:24:34,Biasa / Mengikuti Pasar
15:24,LMAX,Transaksi Sepi (Skip Broksum),Small Cap (Lapis 3),Fair Value (Wajar),0.0,1.3829855,109.0,111,102,121,0.0,226400,Normal,48,Negatif,Downtrend,Bearish,Strong Bearish,Konsolidasi / Transisi,Normal,Akumulasi (Naik),Normal,Dominan Beli (Hajar Kanan),Normal,Sedang,Normal,Area Tengah,< 1 Miliar,Persis di VWAP,Distribusi Pro (Guyuran),Gorengan Sepi (< 5M),Sepi (< 50%),Distribution (Fase Jualan),Normal,Normal,Sideways / Stagnan,TP: 117 | CL: 103,Normal,Ideal (1:2),Golden Cross (Awal Bullish),Netral / Sepi Berita,Normal / Sedang Transisi,Mendekati Fibo 38.2%,2,WAIT & SEE,HOLD / NEUTRAL,0.0,Kondisi pasar normal,TIDAK ADA,2026-09-03 15:24:34,Biasa / Mengikuti Pasar
15:24,HUMI,Token Mati (Perlu Update),Mid Cap (Lapis 2),Overvalued (Mahal),277.35852,18375.0,148.0,147,127,160,-1.9867549668874174,63681300,Normal,55,Negatif,Uptrend,Bearish,Bearish MACD,Konsolidasi / Transisi,Normal,Akumulasi (Naik),Normal,Dominan Jual (Guyur),Normal,Tinggi,Normal,Rawan Pucuk (High Risk),> 1 Miliar,Persis di VWAP,Akumulasi Pro (Smart Money),Ritel Aktif (5M - 50M),Normal (50-150%),Mark-Up (Fase Pesta),Normal,Normal,Turun 1 Hari Beruntun,TP: 159 | CL: 140,Normal,Tidak Ideal (< 1:1),Death Cross (Awal Bearish),Netral / Sepi Berita,Normal / Sedang Transisi,Mendekati Fibo 23.6%,3,WAIT & SEE,HOLD / NEUTRAL,0.0,Kondisi pasar normal,TIDAK ADA,2026-09-03 15:24:34,Biasa / Mengikuti Pasar
15:24,MSIE,Token Mati (Perlu Update),Small Cap (Lapis 3),Fair Value (Wajar),0.0,1.4271754,112.0,101,86,138,-4.273504273504273,23106600,Tembus MA20,60,Negatif,Uptrend,Bullish,Strong Bullish,Perfect Uptrend (5>20>50),Distribusi Kuat,Distribusi (Turun),Normal,Seimbang / Adu Mekanik,Normal,Tinggi,Normal,Rawan Pucuk (High Risk),> 1 Miliar,Di Bawah VWAP (Lemah),Distribusi Pro (Guyuran),Gorengan Sepi (< 5M),Anomali Tinggi (150-300%),Mark-Up (Fase Pesta),Solid (Jarang Dibanting),Normal,Turun 2 Hari Beruntun,TP: 124 | CL: 103,Normal,Menengah (1:1),Netral / Sideways,Netral / Sepi Berita,Supply Banjir (Distribusi) 🌊,Mengambang (Jauh dari Fibo),5,WAIT & SEE,HOLD / NEUTRAL,0.0,Kondisi pasar normal,TIDAK ADA,2026-09-03 15:24:34,Biasa / Mengikuti Pasar
15:24,RSCH,Token Mati (Perlu Update),Small Cap (Lapis 3),Overvalued (Mahal),0.0,8.005454,364.0,327,302,366,5.813953488372093,25059000,Tembus MA20,72,Positif,Uptrend,Bullish,Strong Bullish,Perfect Uptrend (5>20>50),Normal,Akumulasi (Naik),Normal,Dominan Beli (Hajar Kanan),Breakout Upper,Tinggi,Marubozu (Strong Bullish),Rawan Pucuk (High Risk),> 1 Miliar,Di Atas VWAP (Kuat),Akumulasi Pro (Smart Money),Ritel Aktif (5M - 50M),Normal (50-150%),Mark-Up (Fase Pesta),Normal,Normal,Naik 2 Hari Beruntun,TP: 386 | CL: 349,Normal,Tidak Ideal (< 1:1),Netral / Sideways,Netral / Sepi Berita,Normal / Sedang Transisi,Mendekati Fibo 23.6%,8,BELI,HOLD / NEUTRAL,0.0,Kondisi pasar normal,TIDAK ADA,2026-09-03 15:24:34,Biasa / Mengikuti Pasar
15:24,BABY,Transaksi Sepi (Skip Broksum),Small Cap (Lapis 3),Fair Value (Wajar),0.0,1.0039638,212.0,212,182,284,-0.9345794392523363,900000,Normal,53,Negatif,Downtrend,Bullish,Bearish MACD,Perfect Uptrend (5>20>50),Normal,Distribusi (Turun),Normal,Dominan Jual (Guyur),Normal,Tinggi,Normal,Rawan Pucuk (High Risk),< 1 Miliar,Persis di VWAP,Distribusi Pro (Guyuran),Gorengan Sepi (< 5M),Sepi (< 50%),Distribution (Fase Jualan),Spesialis Tiang Jemuran (Banting Pucuk),Normal,Turun 1 Hari Beruntun,TP: 239 | CL: 193,Normal,Ideal (1:2),Oversold (Jenuh Jual - Peluang),Netral / Sepi Berita,Normal / Sedang Transisi,Mengambang (Jauh dari Fibo),2,WAIT & SEE,HOLD / NEUTRAL,0.0,Kondisi pasar normal,TIDAK ADA,2026-09-03 15:24:34,Biasa / Mengikuti Pasar
15:24,AEGS,Transaksi Sepi (Skip Broksum),Small Cap (Lapis 3),Fair Value (Wajar),0.0,0.6815941,47.0,43,39,52,2.1739130434782608,2556100,Normal,61,Positif,Uptrend,Bullish,Strong Bullish,Perfect Uptrend (5>20>50),Normal,Distribusi (Turun),Normal,Seimbang / Adu Mekanik,Normal,Tinggi,Normal,Rawan Pucuk (High Risk),< 1 Miliar,Di Atas VWAP (Kuat),Akumulasi Pro (Smart Money),Gorengan Sepi (< 5M),Sepi (< 50%),Mark-Up (Fase Pesta),Normal,Normal,Naik 1 Hari Beruntun,TP: 52 | CL: 43,Normal,Tidak Ideal (< 1:1),Netral / Sideways,Netral / Sepi Berita,Normal / Sedang Transisi,Mendekati Fibo 38.2%,5,WAIT & SEE,HOLD / NEUTRAL,0.0,Kondisi pasar normal,TIDAK ADA,2026-09-03 15:24:34,Biasa / Mengikuti Pasar
15:24,IOTF,Token Mati (Perlu Update),Small Cap (Lapis 3),Fair Value (Wajar),0.0,2.1929085,65.0,63,52,79,3.1746031746031744,100188500,Normal,57,Positif,Uptrend,Bearish,Bearish MACD,Konsolidasi / Transisi,Normal,Akumulasi (Naik),Normal,Seimbang / Adu Mekanik,Normal,Tinggi,Normal,Rawan Pucuk (High Risk),> 1 Miliar,Persis di VWAP,Distribusi Pro (Guyuran),Gorengan Sepi (< 5M),Anomali Tinggi (150-300%),Mark-Up (Fase Pesta),Spesialis Tiang Jemuran (Banting Pucuk),Normal,Naik 1 Hari Beruntun,TP: 72 | CL: 59,Open = Low (Bullish Kuat),Menengah (1:1),Golden Cross (Awal Bullish),Netral / Sepi Berita,Normal / Sedang Transisi,Dekat Support Fibo 50.0%,4,WAIT & SEE,HOLD / NEUTRAL,0.0,Kondisi pasar normal,TIDAK ADA,2026-09-03 15:24:34,Biasa / Mengikuti Pasar
15:24,KOCI,Transaksi Sepi (Skip Broksum),Small Cap (Lapis 3),Overvalued (Mahal),0.0,3.484435,106.0,106,99,114,-0.9345794392523363,3933400,Normal,52,Negatif,Downtrend,Bearish,Bearish MACD,Konsolidasi / Transisi,Normal,Akumulasi (Naik),Normal,Seimbang / Adu Mekanik,Normal,Sedang,Normal,Area Tengah,< 1 Miliar,Di Atas VWAP (Kuat),Akumulasi Pro (Smart Money),Gorengan Sepi (< 5M),Sepi (< 50%),Distribution (Fase Jualan),Spesialis Tiang Jemuran (Banting Pucuk),Normal,Turun 1 Hari Beruntun,TP: 112 | CL: 101,Normal,Menengah (1:1),Netral / Sideways,Netral / Sepi Berita,Normal / Sedang Transisi,Mendekati Fibo 50.0%,2,WAIT & SEE,HOLD / NEUTRAL,0.0,Kondisi pasar normal,TIDAK ADA,2026-09-03 15:24:34,Biasa / Mengikuti Pasar
15:24,PTPS,Transaksi Sepi (Skip Broksum),Small Cap (Lapis 3),Fair Value (Wajar),0.0,1.9020007,164.0,155,145,179,-1.7964071856287425,4361800,Tembus MA20,66,Negatif,Uptrend,Bullish,Strong Bullish,Perfect Uptrend (5>20>50),Normal,Akumulasi (Naik),Normal,Seimbang / Adu Mekanik,Normal,Sedang,Normal,Rawan Pucuk (High Risk),< 1 Miliar,Di Bawah VWAP (Lemah),Distribusi Pro (Guyuran),Gorengan Sepi (< 5M),Normal (50-150%),Mark-Up (Fase Pesta),Normal,Normal,Turun 1 Hari Beruntun,TP: 173 | CL: 157,Open = High (Tekanan Jual),Tidak Ideal (< 1:1),Netral / Sideways,Netral / Sepi Berita,Supply Banjir (Distribusi) 🌊,Mendekati Fibo 23.6%,6,WAIT & SEE,HOLD / NEUTRAL,0.0,Kondisi pasar normal,TIDAK ADA,2026-09-03 15:24:34,Biasa / Mengikuti Pasar
15:24,BREN,Token Mati (Perlu Update),Big Cap (Lapis 1),Overvalued (Mahal),164.87279,674000.0,3360.0,3437,3250,3940,0.2985074626865672,16213900,Normal,47,Positif,Downtrend,Bearish,Strong Bearish,Konsolidasi / Transisi,Normal,Distribusi (Turun),Normal,Dominan Jual (Guyur),Normal,Sedang,Doji (Ragu-ragu),Area Tengah,> 1 Miliar,Persis di VWAP,Distribusi Pro (Guyuran),Sultan (> 50M/hari),Normal (50-150%),Distribution (Fase Jualan),Normal,Normal,Naik 1 Hari Beruntun,TP: 3559 | CL: 3227,Normal,Sangat Menarik (> 1:3),Oversold (Jenuh Jual - Peluang),Netral / Sepi Berita,Normal / Sedang Transisi,Golden Rebound Fibo 78.6% 🎯,1,WAIT & SEE,HOLD / NEUTRAL,0.0,Kondisi pasar normal,TIDAK ADA,2026-09-03 15:24:34,Biasa / Mengikuti Pasar
15:24,STRK,Transaksi Sepi (Skip Broksum),Small Cap (Lapis 3),Overvalued (Mahal),0.0,6.611095,69.0,64,57,77,1.4705882352941175,5598800,Normal,58,Positif,Uptrend,Bullish,Strong Bullish,Awal Reversal (5>20),Normal,Akumulasi (Naik),Normal,Dominan Beli (Hajar Kanan),Normal,Tinggi,Doji (Ragu-ragu),Rawan Pucuk (High Risk),< 1 Miliar,Di Bawah VWAP (Lemah),Akumulasi Pro (Smart Money),Gorengan Sepi (< 5M),Sepi (< 50%),Accumulation (Kumpul Barang),Spesialis Tiang Jemuran (Banting Pucuk),Jarum Bawah (Sinyal Pantulan Kuat),Naik 1 Hari Beruntun,TP: 76 | CL: 64,Normal,Tidak Ideal (< 1:1),Netral / Sideways,Netral / Sepi Berita,Normal / Sedang Transisi,Golden Rebound Fibo 61.8% (Golden Ratio) 🎯,7,BELI,HOLD / NEUTRAL,0.0,Kondisi pasar normal,TIDAK ADA,2026-09-03 15:24:34,Biasa / Mengikuti Pasar
15:24,KOKA,Transaksi Sepi (Skip Broksum),Small Cap (Lapis 3),Overvalued (Mahal),0.0,3.5218804,181.0,185,168,224,0.0,4515600,Normal,50,Negatif,Downtrend,Bearish,Bearish MACD,Konsolidasi / Transisi,Normal,Akumulasi (Naik),Normal,Dominan Jual (Guyur),Normal,Tinggi,Doji (Ragu-ragu),Area Tengah,< 1 Miliar,Persis di VWAP,Distribusi Pro (Guyuran),Gorengan Sepi (< 5M),Sepi (< 50%),Distribution (Fase Jualan),Spesialis Tiang Jemuran (Banting Pucuk),Normal,Sideways / Stagnan,TP: 197 | CL: 169,Normal,Sangat Menarik (> 1:3),Golden Cross (Awal Bullish),Netral / Sepi Berita,Normal / Sedang Transisi,Dekat Support Fibo 50.0%,1,WAIT & SEE,HOLD / NEUTRAL,0.0,Kondisi pasar normal,TIDAK ADA,2026-09-03 15:24:34,Biasa / Mengikuti Pasar
15:24,LOPI,Transaksi Sepi (Skip Broksum),Small Cap (Lapis 3),Fair Value (Wajar),0.0,1.4229876,79.0,77,63,92,1.282051282051282,1283900,Normal,59,Positif,Uptrend,Bullish,Bearish MACD,Perfect Uptrend (5>20>50),Normal,Akumulasi (Naik),Normal,Seimbang / Adu Mekanik,Normal,Tinggi,Doji (Ragu-ragu),Rawan Pucuk (High Risk),< 1 Miliar,Di Atas VWAP (Kuat),Distribusi Pro (Guyuran),Gorengan Sepi (< 5M),Sepi (< 50%),Mark-Up (Fase Pesta),Spesialis Tiang Jemuran (Banting Pucuk),Normal,Naik 1 Hari Beruntun,TP: 89 | CL: 72,Normal,Tidak Ideal (< 1:1),Netral / Sideways,Netral / Sepi Berita,Normal / Sedang Transisi,Mendekati Fibo 38.2%,5,WAIT & SEE,HOLD / NEUTRAL,0.0,Kondisi pasar normal,TIDAK ADA,2026-09-03 15:24:34,Biasa / Mengikuti Pasar
15:24,RGAS,Token Mati (Perlu Update),Small Cap (Lapis 3),Fair Value (Wajar),0.0,1.653348,119.0,200,113,280,-1.6528925619834711,108349600,Normal,30,Negatif,Downtrend,Bearish,Strong Bearish,Strong Downtrend (5<20<50),Normal,Distribusi (Turun),Normal,Seimbang / Adu Mekanik,Bottom Rebound,Tinggi,Normal,Area Tengah,> 1 Miliar,Di Bawah VWAP (Lemah),Distribusi Pro (Guyuran),Ritel Aktif (5M - 50M),Sepi (< 50%),Mark-Down (Fase Runtuh),Normal,Jarum Bawah (Sinyal Pantulan Kuat),Turun 6 Hari Beruntun,TP: 155 | CL: 94,Normal,Sangat Menarik (> 1:3),Oversold (Jenuh Jual - Peluang),Netral / Sepi Berita,Normal / Sedang Transisi,Mengambang (Jauh dari Fibo),0,WAIT & SEE,HOLD / NEUTRAL,0.0,Kondisi pasar normal,TIDAK ADA,2026-09-03 15:24:34,🔥 ANOMALI BANDAR (Siap Ledakan)
15:24,MSTI,Token Mati (Perlu Update),Mid Cap (Lapis 2),Fair Value (Wajar),7.597929,1.9536676,1350.0,1333,1310,1395,0.7462686567164178,1565800,Tembus MA20,57,Positif,Uptrend,Bullish,Strong Bullish,Perfect Uptrend (5>20>50),Normal,Akumulasi (Naik),Normal,Seimbang / Adu Mekanik,Squeeze,Rendah,Normal,Area Tengah,> 1 Miliar,Persis di VWAP,Distribusi Pro (Guyuran),Gorengan Sepi (< 5M),Normal (50-150%),Mark-Up (Fase Pesta),Normal,Normal,Naik 1 Hari Beruntun,TP: 1390 | CL: 1322,Normal,Menengah (1:1),Netral / Sideways,Netral / Sepi Berita,Normal / Sedang Transisi,Dekat Support Fibo 23.6%,7,BELI,HOLD / NEUTRAL,0.0,Kondisi pasar normal,TIDAK ADA,2026-09-03 15:24:34,Biasa / Mengikuti Pasar
15:24,IKPM,Transaksi Sepi (Skip Broksum),Small Cap (Lapis 3),Fair Value (Wajar),0.0,1.4670671,193.0,195,183,252,-0.5154639175257731,178900,Normal,50,Negatif,Downtrend,Bearish,Bearish MACD,Konsolidasi / Transisi,Normal,Akumulasi (Naik),Normal,Dominan Jual (Guyur),Normal,Sedang,Normal,Area Tengah,< 1 Miliar,Di Bawah VWAP (Lemah),Distribusi Pro (Guyuran),Gorengan Sepi (< 5M),Sepi (< 50%),Distribution (Fase Jualan),Spesialis Tiang Jemuran (Banting Pucuk),Normal,Turun 1 Hari Beruntun,TP: 213 | CL: 179,Normal,Sangat Menarik (> 1:3),Oversold (Jenuh Jual - Peluang),Netral / Sepi Berita,Normal / Sedang Transisi,Mendekati Fibo 78.6%,1,WAIT & SEE,HOLD / NEUTRAL,0.0,Kondisi pasar normal,TIDAK ADA,2026-09-03 15:24:34,Biasa / Mengikuti Pasar
15:24,AYAM,Token Mati (Perlu Update),Mid Cap (Lapis 2),Overvalued (Mahal),1266.6667,9.344027,494.0,469,440,500,1.646090534979424,16356200,Normal,69,Positif,Uptrend,Bullish,Bearish MACD,Perfect Uptrend (5>20>50),Normal,Akumulasi (Naik),Normal,Seimbang / Adu Mekanik,Normal,Sedang,Normal,Rawan Pucuk (High Risk),> 1 Miliar,Di Atas VWAP (Kuat),Akumulasi Pro (Smart Money),Ritel Aktif (5M - 50M),Normal (50-150%),Mark-Up (Fase Pesta),Normal,Normal,Naik 3 Hari Beruntun,TP: 518 | CL: 477,Open = Low (Bullish Kuat),Tidak Ideal (< 1:1),Netral / Sideways,Netral / Sepi Berita,Normal / Sedang Transisi,Mengambang (Jauh dari Fibo),5,WAIT & SEE,HOLD / NEUTRAL,0.0,Kondisi pasar normal,TIDAK ADA,2026-09-03 15:24:34,Biasa / Mengikuti Pasar
15:24,SURI,Transaksi Sepi (Skip Broksum),Small Cap (Lapis 3),Overvalued (Mahal),546.6666,1.5005399,82.0,77,71,88,0.0,3593200,Normal,79,Negatif,Uptrend,Bullish,Strong Bullish,Perfect Uptrend (5>20>50),Normal,Akumulasi (Naik),Normal,Seimbang / Adu Mekanik,Normal,Tinggi,Doji (Ragu-ragu),Rawan Pucuk (High Risk),< 1 Miliar,Di Atas VWAP (Kuat),Akumulasi Pro (Smart Money),Gorengan Sepi (< 5M),Normal (50-150%),Mark-Up (Fase Pesta),Spesialis Tiang Jemuran (Banting Pucuk),Jarum Bawah (Sinyal Pantulan Kuat),Sideways / Stagnan,TP: 87 | CL: 78,Normal,Tidak Ideal (< 1:1),Netral / Sideways,Netral / Sepi Berita,Normal / Sedang Transisi,Mendekati Fibo 23.6%,5,WAIT & SEE,HOLD / NEUTRAL,0.0,Kondisi pasar normal,TIDAK ADA,2026-09-03 15:24:34,Biasa / Mengikuti Pasar
15:24,ASLI,Token Mati (Perlu Update),Mid Cap (Lapis 2),Overvalued (Mahal),0.0,6.1793027,364.0,244,186,390,0.0,35651400,Normal,79,Negatif,Uptrend,Bullish,Strong Bullish,Perfect Uptrend (5>20>50),Normal,Akumulasi (Naik),Normal,Seimbang / Adu Mekanik,Breakout Upper,Tinggi,Doji (Ragu-ragu),Rawan Pucuk (High Risk),> 1 Miliar,Di Atas VWAP (Kuat),Akumulasi Pro (Smart Money),Ritel Aktif (5M - 50M),Normal (50-150%),Mark-Up (Fase Pesta),Spesialis Tiang Jemuran (Banting Pucuk),Normal,Sideways / Stagnan,TP: 420 | CL: 326,Normal,Tidak Ideal (< 1:1),Overbought (Jenuh Beli - Rawan),Netral / Sepi Berita,Normal / Sedang Transisi,Mengambang (Jauh dari Fibo),5,WAIT & SEE,HOLD / NEUTRAL,0.0,Kondisi pasar normal,TIDAK ADA,2026-09-03 15:24:34,Biasa / Mengikuti Pasar
15:24,GRPH,Token Mati (Perlu Update),Small Cap (Lapis 3),Fair Value (Wajar),0.0,1.447472,114.0,76,58,126,18.75,418625800,Tembus MA20,82,Positif,Uptrend,Bullish,Strong Bullish,Perfect Uptrend (5>20>50),Akumulasi Kuat,Akumulasi (Naik),Normal,Seimbang / Adu Mekanik,Breakout Upper,Tinggi,Normal,Rawan Pucuk (High Risk),> 1 Miliar,Di Atas VWAP (Kuat),Distribusi Pro (Guyuran),Ritel Aktif (5M - 50M),Anomali Tinggi (150-300%),Mark-Up (Fase Pesta),Normal,Normal,Naik 1 Hari Beruntun,TP: 134 | CL: 100,Open = Low (Bullish Kuat),Tidak Ideal (< 1:1),Netral / Sideways,Netral / Sepi Berita,Normal / Sedang Transisi,Mendekati Fibo 23.6%,8,BELI,HOLD / NEUTRAL,0.0,Kondisi pasar normal,TIDAK ADA,2026-09-03 15:24:34,⚠️ Anomali (Sudah Terbang)
15:24,SMGA,Token Mati (Perlu Update),Small Cap (Lapis 3),Fair Value (Wajar),0.0,1.8016912,89.0,79,71,94,2.2988505747126435,15408600,Normal,70,Positif,Uptrend,Bullish,Strong Bullish,Perfect Uptrend (5>20>50),Normal,Akumulasi (Naik),Normal,Seimbang / Adu Mekanik,Normal,Tinggi,Normal,Rawan Pucuk (High Risk),> 1 Miliar,Di Atas VWAP (Kuat),Distribusi Pro (Guyuran),Gorengan Sepi (< 5M),Normal (50-150%),Mark-Up (Fase Pesta),Normal,Normal,Naik 1 Hari Beruntun,TP: 97 | CL: 83,Open = Low (Bullish Kuat),Tidak Ideal (< 1:1),Netral / Sideways,Netral / Sepi Berita,Normal / Sedang Transisi,Mengambang (Jauh dari Fibo),6,WAIT & SEE,HOLD / NEUTRAL,0.0,Kondisi pasar normal,TIDAK ADA,2026-09-03 15:24:34,Biasa / Mengikuti Pasar
15:24,UNTD,Token Mati (Perlu Update),Small Cap (Lapis 3),Fair Value (Wajar),0.0,1.0056096,83.0,82,78,92,1.2195121951219512,19617800,Normal,56,Positif,Uptrend,Golden Cross,Bearish MACD,Perfect Uptrend (5>20>50),Normal,Akumulasi (Naik),Normal,Seimbang / Adu Mekanik,Squeeze,Rendah,Doji (Ragu-ragu),Area Tengah,> 1 Miliar,Persis di VWAP,Distribusi Pro (Guyuran),Gorengan Sepi (< 5M),Normal (50-150%),Mark-Up (Fase Pesta),Spesialis Tiang Jemuran (Banting Pucuk),Jarum Bawah (Sinyal Pantulan Kuat),Naik 1 Hari Beruntun,TP: 90 | CL: 78,Normal,Ideal (1:2),Golden Cross (Awal Bullish),Netral / Sepi Berita,Normal / Sedang Transisi,Golden Rebound Fibo 23.6% 🎯,5,WAIT & SEE,HOLD / NEUTRAL,0.0,Kondisi pasar normal,TIDAK ADA,2026-09-03 15:24:34,Biasa / Mengikuti Pasar
15:24,TOSK,Token Mati (Perlu Update),Small Cap (Lapis 3),Fair Value (Wajar),0.0,2.0679057,74.0,72,68,85,-2.631578947368421,22594500,Tembus MA20,63,Negatif,Uptrend,Bullish,Bearish MACD,Perfect Uptrend (5>20>50),Normal,Akumulasi (Naik),Normal,Seimbang / Adu Mekanik,Normal,Sedang,Normal,Area Tengah,> 1 Miliar,Di Bawah VWAP (Lemah),Distribusi Pro (Guyuran),Gorengan Sepi (< 5M),Normal (50-150%),Mark-Up (Fase Pesta),Spesialis Tiang Jemuran (Banting Pucuk),Normal,Turun 1 Hari Beruntun,TP: 78 | CL: 71,Open = High (Tekanan Jual),Ideal (1:2),Netral / Sideways,Netral / Sepi Berita,Supply Banjir (Distribusi) 🌊,Mendekati Fibo 38.2%,5,WAIT & SEE,HOLD / NEUTRAL,0.0,Kondisi pasar normal,TIDAK ADA,2026-09-03 15:24:34,Biasa / Mengikuti Pasar
15:24,MPIX,Token Mati (Perlu Update),Small Cap (Lapis 3),Fair Value (Wajar),0.0,1.1222796,115.0,101,93,126,5.5045871559633035,16378700,Normal,68,Positif,Uptrend,Bullish,Strong Bullish,Perfect Uptrend (5>20>50),Normal,Akumulasi (Naik),Normal,Dominan Beli (Hajar Kanan),Normal,Tinggi,Normal,Rawan Pucuk (High Risk),> 1 Miliar,Persis di VWAP,Akumulasi Pro (Smart Money),Ritel Aktif (5M - 50M),Normal (50-150%),Mark-Up (Fase Pesta),Normal,Normal,Naik 1 Hari Beruntun,TP: 125 | CL: 108,Open = Low (Bullish Kuat),Tidak Ideal (< 1:1),Netral / Sideways,Netral / Sepi Berita,Normal / Sedang Transisi,Dekat Support Fibo 23.6%,7,BELI,HOLD / NEUTRAL,0.0,Kondisi pasar normal,TIDAK ADA,2026-09-03 15:24:34,Biasa / Mengikuti Pasar
15:24,ALII,Transaksi Sepi (Skip Broksum),Big Cap (Lapis 1),Overvalued (Mahal),28.40909,5.722218,775.0,791,755,855,0.0,611300,Normal,49,Negatif,Downtrend,Bearish,Bearish MACD,Konsolidasi / Transisi,Normal,Distribusi (Turun),Normal,Seimbang / Adu Mekanik,Normal,Sedang,Normal,Dekat Support (Low Risk),< 1 Miliar,Persis di VWAP,Distribusi Pro (Guyuran),Gorengan Sepi (< 5M),Normal (50-150%),Distribution (Fase Jualan),Normal,Normal,Sideways / Stagnan,TP: 823 | CL: 742,Open = Low (Bullish Kuat),Sangat Menarik (> 1:3),Golden Cross (Awal Bullish),Netral / Sepi Berita,Normal / Sedang Transisi,Dekat Support Fibo 61.8% (Golden Ratio),0,WAIT & SEE,HOLD / NEUTRAL,0.0,Kondisi pasar normal,TIDAK ADA,2026-09-03 15:24:34,Biasa / Mengikuti Pasar
15:24,MKAP,Transaksi Sepi (Skip Broksum),Mid Cap (Lapis 2),Overvalued (Mahal),125.0,10.708993,1120.0,1152,1120,1200,0.0,300,Normal,26,Negatif,Downtrend,Bearish,Strong Bearish,Strong Downtrend (5<20<50),Normal,Distribusi (Turun),Normal,Tidak Ada Transaksi,Squeeze,Rendah,Doji (Ragu-ragu),Dekat Support (Low Risk),< 1 Miliar,Persis di VWAP,Distribusi Pro (Guyuran),Gorengan Sepi (< 5M),Sepi (< 50%),Mark-Down (Fase Runtuh),Normal,Normal,Sideways / Stagnan,TP: 1133 | CL: 1110,Normal,Di Area Support,Oversold (Jenuh Jual - Peluang),Netral / Sepi Berita,Supply Kering (Siap Pump) 🏜️,Mendekati Fibo 78.6%,0,WAIT & SEE,HOLD / NEUTRAL,0.0,Kondisi pasar normal,TIDAK ADA,2026-09-03 15:24:34,Biasa / Mengikuti Pasar
15:24,MEJA,Token Mati (Perlu Update),Small Cap (Lapis 3),Overvalued (Mahal),0.0,3.9051507,112.0,114,94,136,0.9009009009009009,12875500,Normal,53,Positif,Downtrend,Death Cross,Bearish MACD,Konsolidasi / Transisi,Normal,Distribusi (Turun),Normal,Dominan Beli (Hajar Kanan),Normal,Tinggi,Normal,Rawan Pucuk (High Risk),> 1 Miliar,Di Bawah VWAP (Lemah),Distribusi Pro (Guyuran),Gorengan Sepi (< 5M),Sepi (< 50%),Distribution (Fase Jualan),Solid (Jarang Dibanting),Normal,Naik 1 Hari Beruntun,TP: 127 | CL: 101,Normal,Menengah (1:1),Golden Cross (Awal Bullish),Netral / Sepi Berita,Normal / Sedang Transisi,Dekat Support Fibo 38.2%,3,WAIT & SEE,HOLD / NEUTRAL,0.0,Kondisi pasar normal,TIDAK ADA,2026-09-03 15:24:34,Biasa / Mengikuti Pasar
15:24,LIVE,Token Mati (Perlu Update),Small Cap (Lapis 3),Fair Value (Wajar),0.0,2.5857823,189.0,199,183,248,-0.5263157894736842,6161700,Normal,36,Negatif,Downtrend,Bearish,Strong Bearish,Strong Downtrend (5<20<50),Normal,Distribusi (Turun),Normal,Dominan Jual (Guyur),Normal,Tinggi,Normal,Area Tengah,> 1 Miliar,Di Bawah VWAP (Lemah),Distribusi Pro (Guyuran),Gorengan Sepi (< 5M),Normal (50-150%),Mark-Down (Fase Runtuh),Normal,Normal,Turun 3 Hari Beruntun,TP: 201 | CL: 180,Open = High (Tekanan Jual),Sangat Menarik (> 1:3),Golden Cross (Awal Bullish),Netral / Sepi Berita,Normal / Sedang Transisi,Mendekati Fibo Bottom / 100%,0,WAIT & SEE,HOLD / NEUTRAL,0.0,Kondisi pasar normal,TIDAK ADA,2026-09-03 15:24:34,Biasa / Mengikuti Pasar
15:24,HYGN,Transaksi Sepi (Skip Broksum),Small Cap (Lapis 3),Fair Value (Wajar),0.0,2.7078097,182.0,174,160,186,0.0,2327300,Tembus MA20,72,Negatif,Uptrend,Bullish,Strong Bullish,Perfect Uptrend (5>20>50),Normal,Akumulasi (Naik),Normal,Dominan Jual (Guyur),Normal,Tinggi,Doji (Ragu-ragu),Rawan Pucuk (High Risk),< 1 Miliar,Persis di VWAP,Akumulasi Pro (Smart Money),Gorengan Sepi (< 5M),Normal (50-150%),Mark-Up (Fase Pesta),Spesialis Tiang Jemuran (Banting Pucuk),Normal,Sideways / Stagnan,TP: 188 | CL: 177,Normal,Tidak Ideal (< 1:1),Death Cross (Awal Bearish),Netral / Sepi Berita,Normal / Sedang Transisi,Mengambang (Jauh dari Fibo),6,WAIT & SEE,HOLD / NEUTRAL,0.0,Kondisi pasar normal,TIDAK ADA,2026-09-03 15:24:34,Biasa / Mengikuti Pasar
15:24,BAIK,Token Mati (Perlu Update),Small Cap (Lapis 3),Fair Value (Wajar),0.0,2.227153,274.0,374,258,770,5.384615384615385,16778200,Normal,19,Positif,Downtrend,Bearish,Strong Bearish,Strong Downtrend (5<20<50),Normal,Distribusi (Turun),Normal,Seimbang / Adu Mekanik,Normal,Tinggi,Normal,Area Tengah,> 1 Miliar,Di Atas VWAP (Kuat),Distribusi Pro (Guyuran),Gorengan Sepi (< 5M),Normal (50-150%),Mark-Down (Fase Runtuh),Normal,Normal,Naik 1 Hari Beruntun,TP: 314 | CL: 246,Normal,Sangat Menarik (> 1:3),Oversold (Jenuh Jual - Peluang),Netral / Sepi Berita,Normal / Sedang Transisi,Mengambang (Jauh dari Fibo),1,WAIT & SEE,HOLD / NEUTRAL,0.0,Kondisi pasar normal,TIDAK ADA,2026-09-03 15:24:34,⚠️ Anomali (Sudah Terbang)
15:24,VISI,Transaksi Sepi (Skip Broksum),Mid Cap (Lapis 2),Overvalued (Mahal),0.0,16.514442,980.0,956,880,1110,-1.0101010101010102,467600,Normal,55,Negatif,Uptrend,Bullish,Strong Bullish,Perfect Uptrend (5>20>50),Normal,Distribusi (Turun),Normal,Seimbang / Adu Mekanik,Normal,Sedang,Normal,Rawan Pucuk (High Risk),< 1 Miliar,Di Bawah VWAP (Lemah),Distribusi Pro (Guyuran),Gorengan Sepi (< 5M),Sepi (< 50%),Mark-Up (Fase Pesta),Spesialis Tiang Jemuran (Banting Pucuk),Normal,Turun 1 Hari Beruntun,TP: 1079 | CL: 913,Normal,Menengah (1:1),Netral / Sideways,Netral / Sepi Berita,Normal / Sedang Transisi,Mendekati Fibo 61.8% (Golden Ratio),4,WAIT & SEE,HOLD / NEUTRAL,0.0,Kondisi pasar normal,TIDAK ADA,2026-09-03 15:24:34,Biasa / Mengikuti Pasar
15:24,AREA,Transaksi Sepi (Skip Broksum),Small Cap (Lapis 3),Overvalued (Mahal),0.0,3.5149384,338.0,301,256,398,-0.5882352941176471,1750800,Normal,65,Negatif,Uptrend,Bullish,Strong Bullish,Perfect Uptrend (5>20>50),Normal,Distribusi (Turun),Normal,Seimbang / Adu Mekanik,Normal,Tinggi,Normal,Rawan Pucuk (High Risk),< 1 Miliar,Persis di VWAP,Distribusi Pro (Guyuran),Gorengan Sepi (< 5M),Sepi (< 50%),Mark-Up (Fase Pesta),Spesialis Tiang Jemuran (Banting Pucuk),Normal,Turun 3 Hari Beruntun,TP: 386 | CL: 305,Normal,Tidak Ideal (< 1:1),Death Cross (Awal Bearish),Netral / Sepi Berita,Normal / Sedang Transisi,Mendekati Fibo 38.2%,4,WAIT & SEE,HOLD / NEUTRAL,0.0,Kondisi pasar normal,TIDAK ADA,2026-09-03 15:24:34,Biasa / Mengikuti Pasar
15:24,MHKI,Transaksi Sepi (Skip Broksum),Small Cap (Lapis 3),Fair Value (Wajar),22.087746,1.1232065,146.0,139,130,155,0.6896551724137931,2226200,Normal,59,Positif,Uptrend,Bullish,Strong Bullish,Perfect Uptrend (5>20>50),Normal,Akumulasi (Naik),Normal,Seimbang / Adu Mekanik,Normal,Tinggi,Doji (Ragu-ragu),Rawan Pucuk (High Risk),< 1 Miliar,Di Bawah VWAP (Lemah),Akumulasi Pro (Smart Money),Gorengan Sepi (< 5M),Sepi (< 50%),Mark-Up (Fase Pesta),Normal,Normal,Naik 1 Hari Beruntun,TP: 155 | CL: 139,Normal,Tidak Ideal (< 1:1),Death Cross (Awal Bearish),Netral / Sepi Berita,Normal / Sedang Transisi,Mendekati Fibo 23.6%,6,WAIT & SEE,HOLD / NEUTRAL,0.0,Kondisi pasar normal,TIDAK ADA,2026-09-03 15:24:34,Biasa / Mengikuti Pasar
15:24,ATLA,Transaksi Sepi (Skip Broksum),Small Cap (Lapis 3),Overvalued (Mahal),166.66666,1.8630301,50.0,50,50,52,0.0,338700,Normal,48,Negatif,Downtrend,Bearish,Strong Bearish,Konsolidasi / Transisi,Normal,Netral,Normal,Tidak Ada Transaksi,Squeeze,Rendah,Doji (Ragu-ragu),Dekat Support (Low Risk),< 1 Miliar,Persis di VWAP,Netral,Gorengan Sepi (< 5M),Normal (50-150%),Sideways,Spesialis Tiang Jemuran (Banting Pucuk),Normal,Sideways / Stagnan,TP: 50 | CL: 49,Normal,Di Area Support,Oversold (Jenuh Jual - Peluang),Netral / Sepi Berita,Supply Kering (Siap Pump) 🏜️,Golden Rebound Fibo Bottom / 100% 🎯,0,WAIT & SEE,HOLD / NEUTRAL,0.0,Kondisi pasar normal,TIDAK ADA,2026-09-03 15:24:34,Biasa / Mengikuti Pasar
15:24,DATA,Token Mati (Perlu Update),Mid Cap (Lapis 2),Overvalued (Mahal),19.895628,6.0721693,1830.0,1890,1785,1990,1.6666666666666667,1384100,Normal,42,Positif,Downtrend,Bearish,Strong Bearish,Strong Downtrend (5<20<50),Normal,Distribusi (Turun),Normal,Dominan Beli (Hajar Kanan),Normal,Sedang,Normal,Dekat Support (Low Risk),> 1 Miliar,Persis di VWAP,Distribusi Pro (Guyuran),Gorengan Sepi (< 5M),Normal (50-150%),Mark-Down (Fase Runtuh),Normal,Normal,Naik 1 Hari Beruntun,TP: 1933 | CL: 1761,Normal,Sangat Menarik (> 1:3),Golden Cross (Awal Bullish),Netral / Sepi Berita,Normal / Sedang Transisi,Mengambang (Jauh dari Fibo),2,WAIT & SEE,HOLD / NEUTRAL,0.0,Kondisi pasar normal,TIDAK ADA,2026-09-03 15:24:34,Biasa / Mengikuti Pasar
15:24,SOLA,Token Mati (Perlu Update),Small Cap (Lapis 3),Fair Value (Wajar),0.0,1.6091357,94.0,91,87,106,1.0752688172043012,29074200,Tembus MA20,50,Positif,Uptrend,Bullish,Bullish MACD,Awal Reversal (5>20),Normal,Akumulasi (Naik),Normal,Seimbang / Adu Mekanik,Normal,Sedang,Normal,Area Tengah,> 1 Miliar,Persis di VWAP,Distribusi Pro (Guyuran),Gorengan Sepi (< 5M),Anomali Tinggi (150-300%),Accumulation (Kumpul Barang),Spesialis Tiang Jemuran (Banting Pucuk),Normal,Naik 2 Hari Beruntun,TP: 100 | CL: 89,Normal,Ideal (1:2),Golden Cross (Awal Bullish),Netral / Sepi Berita,Normal / Sedang Transisi,Dekat Support Fibo 61.8% (Golden Ratio),6,WAIT & SEE,HOLD / NEUTRAL,0.0,Kondisi pasar normal,TIDAK ADA,2026-09-03 15:24:34,Biasa / Mengikuti Pasar
15:24,BATR,Transaksi Sepi (Skip Broksum),Small Cap (Lapis 3),Fair Value (Wajar),0.0,1.7370094,94.0,94,90,103,0.0,317500,Normal,52,Negatif,Downtrend,Bearish,Bearish MACD,Konsolidasi / Transisi,Normal,Distribusi (Turun),Normal,Seimbang / Adu Mekanik,Normal,Sedang,Normal,Area Tengah,< 1 Miliar,Persis di VWAP,Akumulasi Pro (Smart Money),Gorengan Sepi (< 5M),Sepi (< 50%),Distribution (Fase Jualan),Normal,Normal,Sideways / Stagnan,TP: 99 | CL: 90,Open = High (Tekanan Jual),Ideal (1:2),Golden Cross (Awal Bullish),Netral / Sepi Berita,Supply Kering (Siap Pump) 🏜️,Mendekati Fibo 38.2%,1,WAIT & SEE,HOLD / NEUTRAL,0.0,Kondisi pasar normal,TIDAK ADA,2026-09-03 15:24:34,Biasa / Mengikuti Pasar
15:24,SPRE,Transaksi Sepi (Skip Broksum),Small Cap (Lapis 3),Fair Value (Wajar),0.0,1.4701418,92.0,89,79,95,0.0,2981200,Tembus MA20,57,Negatif,Uptrend,Bullish,Bearish MACD,Perfect Uptrend (5>20>50),Normal,Akumulasi (Naik),Normal,Seimbang / Adu Mekanik,Normal,Sedang,Doji (Ragu-ragu),Rawan Pucuk (High Risk),< 1 Miliar,Di Atas VWAP (Kuat),Akumulasi Pro (Smart Money),Gorengan Sepi (< 5M),Anomali Tinggi (150-300%),Mark-Up (Fase Pesta),Solid (Jarang Dibanting),Normal,Sideways / Stagnan,TP: 102 | CL: 85,Normal,Tidak Ideal (< 1:1),Overbought (Jenuh Beli - Rawan),Netral / Sepi Berita,Normal / Sedang Transisi,Mendekati Fibo 23.6%,5,WAIT & SEE,HOLD / NEUTRAL,0.0,Kondisi pasar normal,TIDAK ADA,2026-09-03 15:24:34,Biasa / Mengikuti Pasar
15:24,PART,Token Mati (Perlu Update),Small Cap (Lapis 3),Fair Value (Wajar),0.0,1.622258,113.0,104,95,123,0.0,41936700,Tembus MA20,61,Negatif,Uptrend,Bullish,Strong Bullish,Perfect Uptrend (5>20>50),Normal,Akumulasi (Naik),Normal,Dominan Jual (Guyur),Normal,Tinggi,Doji (Ragu-ragu),Rawan Pucuk (High Risk),> 1 Miliar,Di Bawah VWAP (Lemah),Distribusi Pro (Guyuran),Gorengan Sepi (< 5M),Normal (50-150%),Mark-Up (Fase Pesta),Spesialis Tiang Jemuran (Banting Pucuk),Normal,Sideways / Stagnan,TP: 123 | CL: 105,Normal,Tidak Ideal (< 1:1),Death Cross (Awal Bearish),Netral / Sepi Berita,Normal / Sedang Transisi,Mendekati Fibo 23.6%,6,WAIT & SEE,HOLD / NEUTRAL,0.0,Kondisi pasar normal,TIDAK ADA,2026-09-03 15:24:34,Biasa / Mengikuti Pasar
15:24,GOLF,Transaksi Sepi (Skip Broksum),Mid Cap (Lapis 2),Overvalued (Mahal),59.12409,0.39360705,162.0,162,157,175,0.0,2286400,Normal,49,Negatif,Downtrend,Bearish,Bullish MACD,Strong Downtrend (5<20<50),Normal,Akumulasi (Naik),Normal,Seimbang / Adu Mekanik,Squeeze,Rendah,Doji (Ragu-ragu),Area Tengah,< 1 Miliar,Persis di VWAP,Akumulasi Pro (Smart Money),Gorengan Sepi (< 5M),Normal (50-150%),Mark-Down (Fase Runtuh),Spesialis Tiang Jemuran (Banting Pucuk),Jarum Bawah (Sinyal Pantulan Kuat),Sideways / Stagnan,TP: 168 | CL: 157,Normal,Ideal (1:2),Netral / Sideways,Netral / Sepi Berita,Normal / Sedang Transisi,Mendekati Fibo 38.2%,2,WAIT & SEE,HOLD / NEUTRAL,0.0,Kondisi pasar normal,TIDAK ADA,2026-09-03 15:24:34,Biasa / Mengikuti Pasar
15:24,ISEA,Transaksi Sepi (Skip Broksum),Small Cap (Lapis 3),Fair Value (Wajar),0.0,0.6302306,86.0,82,78,103,0.0,6708900,Normal,60,Negatif,Uptrend,Bullish,Strong Bullish,Perfect Uptrend (5>20>50),Normal,Akumulasi (Naik),Normal,Seimbang / Adu Mekanik,Normal,Sedang,Normal,Rawan Pucuk (High Risk),< 1 Miliar,Di Bawah VWAP (Lemah),Distribusi Pro (Guyuran),Gorengan Sepi (< 5M),Sepi (< 50%),Mark-Up (Fase Pesta),Spesialis Tiang Jemuran (Banting Pucuk),Normal,Sideways / Stagnan,TP: 95 | CL: 80,Open = High (Tekanan Jual),Ideal (1:2),Golden Cross (Awal Bullish),Netral / Sepi Berita,Normal / Sedang Transisi,Dekat Support Fibo 38.2%,5,WAIT & SEE,HOLD / NEUTRAL,0.0,Kondisi pasar normal,TIDAK ADA,2026-09-03 15:24:34,Biasa / Mengikuti Pasar
15:24,BLES,Token Mati (Perlu Update),Mid Cap (Lapis 2),Undervalued (Murah),7.9346094,1.4146684,198.0,206,190,230,0.5076142131979695,12518400,Normal,52,Positif,Downtrend,Bearish,Bearish MACD,Konsolidasi / Transisi,Normal,Distribusi (Turun),Normal,Seimbang / Adu Mekanik,Normal,Sedang,Normal,Area Tengah,> 1 Miliar,Di Bawah VWAP (Lemah),Distribusi Pro (Guyuran),Gorengan Sepi (< 5M),Normal (50-150%),Distribution (Fase Jualan),Normal,Normal,Naik 1 Hari Beruntun,TP: 211 | CL: 189,Normal,Sangat Menarik (> 1:3),Oversold (Jenuh Jual - Peluang),Netral / Sepi Berita,Normal / Sedang Transisi,Mengambang (Jauh dari Fibo),2,WAIT & SEE,HOLD / NEUTRAL,0.0,Kondisi pasar normal,TIDAK ADA,2026-09-03 15:24:34,Biasa / Mengikuti Pasar
15:24,GUNA,Transaksi Sepi (Skip Broksum),Small Cap (Lapis 3),Fair Value (Wajar),0.0,0.8953213,218.0,212,197,236,0.9259259259259258,118900,Normal,65,Positif,Uptrend,Bullish,Bearish MACD,Perfect Uptrend (5>20>50),Normal,Distribusi (Turun),Normal,Seimbang / Adu Mekanik,Normal,Sedang,Normal,Rawan Pucuk (High Risk),< 1 Miliar,Persis di VWAP,Distribusi Pro (Guyuran),Gorengan Sepi (< 5M),Sepi (< 50%),Mark-Up (Fase Pesta),Normal,Normal,Naik 1 Hari Beruntun,TP: 233 | CL: 207,Normal,Tidak Ideal (< 1:1),Netral / Sideways,Netral / Sepi Berita,Normal / Sedang Transisi,Mendekati Fibo 23.6%,4,WAIT & SEE,HOLD / NEUTRAL,0.0,Kondisi pasar normal,TIDAK ADA,2026-09-03 15:24:34,Biasa / Mengikuti Pasar
15:24,LABS,Transaksi Sepi (Skip Broksum),Small Cap (Lapis 3),Overvalued (Mahal),0.0,4.133898,164.0,164,153,204,0.0,504600,Normal,55,Negatif,Downtrend,Bearish,Bearish MACD,Konsolidasi / Transisi,Normal,Akumulasi (Naik),Normal,Seimbang / Adu Mekanik,Normal,Tinggi,Doji (Ragu-ragu),Area Tengah,< 1 Miliar,Persis di VWAP,Akumulasi Pro (Smart Money),Gorengan Sepi (< 5M),Normal (50-150%),Distribution (Fase Jualan),Normal,Normal,Sideways / Stagnan,TP: 174 | CL: 157,Normal,Sangat Menarik (> 1:3),Oversold (Jenuh Jual - Peluang),Netral / Sepi Berita,Normal / Sedang Transisi,Mendekati Fibo 61.8% (Golden Ratio),2,WAIT & SEE,HOLD / NEUTRAL,0.0,Kondisi pasar normal,TIDAK ADA,2026-09-03 15:24:34,Biasa / Mengikuti Pasar
15:24,DOSS,Transaksi Sepi (Skip Broksum),Small Cap (Lapis 3),Fair Value (Wajar),0.0,1.3569705,171.0,170,156,185,0.5882352941176471,655700,Normal,62,Positif,Uptrend,Bullish,Bearish MACD,Perfect Uptrend (5>20>50),Normal,Distribusi (Turun),Normal,Seimbang / Adu Mekanik,Normal,Sedang,Normal,Area Tengah,< 1 Miliar,Persis di VWAP,Distribusi Pro (Guyuran),Gorengan Sepi (< 5M),Sepi (< 50%),Mark-Up (Fase Pesta),Spesialis Tiang Jemuran (Banting Pucuk),Normal,Naik 1 Hari Beruntun,TP: 184 | CL: 162,Normal,Tidak Ideal (< 1:1),Netral / Sideways,Netral / Sepi Berita,Supply Kering (Siap Pump) 🏜️,Mendekati Fibo 38.2%,4,WAIT & SEE,HOLD / NEUTRAL,0.0,Kondisi pasar normal,TIDAK ADA,2026-09-03 15:24:34,Biasa / Mengikuti Pasar
15:24,NEST,Token Mati (Perlu Update),Small Cap (Lapis 3),Overvalued (Mahal),124.36975,8.006059,740.0,705,670,760,0.6802721088435374,8555600,Tembus MA20,65,Positif,Uptrend,Bullish,Strong Bullish,Perfect Uptrend (5>20>50),Akumulasi Kuat,Akumulasi (Naik),Normal,Dominan Jual (Guyur),Normal,Sedang,Normal,Rawan Pucuk (High Risk),> 1 Miliar,Di Atas VWAP (Kuat),Akumulasi Pro (Smart Money),Gorengan Sepi (< 5M),Anomali Tinggi (150-300%),Mark-Up (Fase Pesta),Normal,Normal,Naik 1 Hari Beruntun,TP: 767 | CL: 721,Open = Low (Bullish Kuat),Tidak Ideal (< 1:1),Death Cross (Awal Bearish),Netral / Sepi Berita,Normal / Sedang Transisi,Mendekati Fibo 23.6%,8,BELI,HOLD / NEUTRAL,0.0,Kondisi pasar normal,TIDAK ADA,2026-09-03 15:24:34,Biasa / Mengikuti Pasar
15:24,VERN,Token Mati (Perlu Update),Mid Cap (Lapis 2),Fair Value (Wajar),0.0,2.1241934,236.0,229,197,258,-5.6000000000000005,10364500,Normal,57,Negatif,Uptrend,Bullish,Bearish MACD,Perfect Uptrend (5>20>50),Normal,Distribusi (Turun),Normal,Dominan Jual (Guyur),Normal,Tinggi,Normal,Rawan Pucuk (High Risk),> 1 Miliar,Di Bawah VWAP (Lemah),Distribusi Pro (Guyuran),Gorengan Sepi (< 5M),Normal (50-150%),Mark-Up (Fase Pesta),Normal,Normal,Turun 2 Hari Beruntun,TP: 258 | CL: 221,Open = High (Tekanan Jual),Tidak Ideal (< 1:1),Death Cross (Awal Bearish),Netral / Sepi Berita,Normal / Sedang Transisi,Mendekati Fibo 23.6%,3,WAIT & SEE,HOLD / NEUTRAL,0.0,Kondisi pasar normal,TIDAK ADA,2026-09-03 15:24:34,Biasa / Mengikuti Pasar
15:24,DAAZ,Transaksi Sepi (Skip Broksum),Mid Cap (Lapis 2),Fair Value (Wajar),12.122097,1.9746108,1660.0,1689,1490,1940,-0.5988023952095809,402800,Normal,50,Negatif,Downtrend,Death Cross,Bearish MACD,Konsolidasi / Transisi,Normal,Akumulasi (Naik),Normal,Seimbang / Adu Mekanik,Normal,Sedang,Normal,Rawan Pucuk (High Risk),< 1 Miliar,Di Bawah VWAP (Lemah),Distribusi Pro (Guyuran),Gorengan Sepi (< 5M),Normal (50-150%),Distribution (Fase Jualan),Spesialis Tiang Jemuran (Banting Pucuk),Normal,Turun 2 Hari Beruntun,TP: 1786 | CL: 1575,Normal,Ideal (1:2),Netral / Sideways,Netral / Sepi Berita,Normal / Sedang Transisi,Dekat Support Fibo 61.8% (Golden Ratio),1,WAIT & SEE,HOLD / NEUTRAL,0.0,Kondisi pasar normal,TIDAK ADA,2026-09-03 15:24:34,Biasa / Mengikuti Pasar
15:24,BOAT,Transaksi Sepi (Skip Broksum),Small Cap (Lapis 3),Overvalued (Mahal),0.0,20000.0,140.0,140,130,160,-2.097902097902098,5896100,Tembus MA20,54,Negatif,Downtrend,Bullish,Bearish MACD,Perfect Uptrend (5>20>50),Normal,Akumulasi (Naik),Normal,Dominan Jual (Guyur),Normal,Sedang,Normal,Area Tengah,< 1 Miliar,Di Bawah VWAP (Lemah),Distribusi Pro (Guyuran),Gorengan Sepi (< 5M),Normal (50-150%),Distribution (Fase Jualan),Spesialis Tiang Jemuran (Banting Pucuk),Normal,Turun 3 Hari Beruntun,TP: 148 | CL: 134,Normal,Ideal (1:2),Netral / Sideways,Netral / Sepi Berita,Normal / Sedang Transisi,Mengambang (Jauh dari Fibo),4,WAIT & SEE,HOLD / NEUTRAL,0.0,Kondisi pasar normal,TIDAK ADA,2026-09-03 15:24:34,Biasa / Mengikuti Pasar
15:24,NAIK,Transaksi Sepi (Skip Broksum),Small Cap (Lapis 3),Undervalued (Murah),10.444445,1.4682682,93.0,91,86,103,-1.0638297872340425,1994600,Normal,55,Negatif,Uptrend,Bullish,Strong Bullish,Perfect Uptrend (5>20>50),Normal,Akumulasi (Naik),Normal,Dominan Jual (Guyur),Normal,Sedang,Normal,Area Tengah,< 1 Miliar,Di Bawah VWAP (Lemah),Distribusi Pro (Guyuran),Gorengan Sepi (< 5M),Sepi (< 50%),Mark-Up (Fase Pesta),Spesialis Tiang Jemuran (Banting Pucuk),Normal,Turun 2 Hari Beruntun,TP: 99 | CL: 88,Normal,Menengah (1:1),Netral / Sideways,Netral / Sepi Berita,Normal / Sedang Transisi,Mendekati Fibo 38.2%,5,WAIT & SEE,HOLD / NEUTRAL,0.0,Kondisi pasar normal,TIDAK ADA,2026-09-03 15:24:34,Biasa / Mengikuti Pasar
15:24,AADI,Token Mati (Perlu Update),Big Cap (Lapis 1),Overvalued (Mahal),6.0490465,24887.893,11125.0,9833,8950,11325,4.460093896713615,15835900,Tembus MA20,75,Positif,Uptrend,Bullish,Strong Bullish,Perfect Uptrend (5>20>50),Normal,Akumulasi (Naik),Normal,Seimbang / Adu Mekanik,Normal,Tinggi,Normal,Rawan Pucuk (High Risk),> 1 Miliar,Di Atas VWAP (Kuat),Akumulasi Pro (Smart Money),Sultan (> 50M/hari),Normal (50-150%),Mark-Up (Fase Pesta),Normal,Normal,Naik 1 Hari Beruntun,TP: 11719 | CL: 10728,Open = Low (Bullish Kuat),Tidak Ideal (< 1:1),Overbought (Jenuh Beli - Rawan),Netral / Sepi Berita,Normal / Sedang Transisi,Mengambang (Jauh dari Fibo),7,BELI,HOLD / NEUTRAL,0.0,Kondisi pasar normal,TIDAK ADA,2026-09-03 15:24:34,Biasa / Mengikuti Pasar
15:24,MDIY,Token Mati (Perlu Update),Big Cap (Lapis 1),Overvalued (Mahal),20.156183,5.5768704,955.0,945,905,975,-0.5208333333333333,1205200,Tembus MA20,57,Negatif,Uptrend,Bullish,Strong Bullish,Perfect Uptrend (5>20>50),Distribusi Kuat,Distribusi (Turun),Normal,Seimbang / Adu Mekanik,Squeeze,Rendah,Normal,Area Tengah,> 1 Miliar,Persis di VWAP,Akumulasi Pro (Smart Money),Gorengan Sepi (< 5M),Anomali Tinggi (150-300%),Mark-Up (Fase Pesta),Normal,Normal,Turun 2 Hari Beruntun,TP: 985 | CL: 934,Open = High (Tekanan Jual),Tidak Ideal (< 1:1),Death Cross (Awal Bearish),Netral / Sepi Berita,Normal / Sedang Transisi,Dekat Support Fibo 38.2%,5,WAIT & SEE,HOLD / NEUTRAL,0.0,Kondisi pasar normal,TIDAK ADA,2026-09-03 15:24:34,Biasa / Mengikuti Pasar
15:24,KSIX,Transaksi Sepi (Skip Broksum),Small Cap (Lapis 3),Fair Value (Wajar),0.0,0.7198434,424.0,407,320,500,2.4154589371980677,506400,Normal,69,Positif,Uptrend,Bullish,Bearish MACD,Perfect Uptrend (5>20>50),Normal,Distribusi (Turun),Normal,Seimbang / Adu Mekanik,Normal,Tinggi,Normal,Rawan Pucuk (High Risk),< 1 Miliar,Di Atas VWAP (Kuat),Distribusi Pro (Guyuran),Gorengan Sepi (< 5M),Normal (50-150%),Mark-Up (Fase Pesta),Normal,Normal,Naik 1 Hari Beruntun,TP: 462 | CL: 398,Normal,Tidak Ideal (< 1:1),Golden Cross (Awal Bullish),Netral / Sepi Berita,Normal / Sedang Transisi,Mendekati Fibo 38.2%,4,WAIT & SEE,HOLD / NEUTRAL,0.0,Kondisi pasar normal,TIDAK ADA,2026-09-03 15:24:34,Biasa / Mengikuti Pasar
15:24,RATU,Token Mati (Perlu Update),Big Cap (Lapis 1),Overvalued (Mahal),30.807318,213333.34,4490.0,4565,4110,5225,2.5114155251141552,11435300,Tembus MA20,47,Positif,Downtrend,Bearish,Bullish MACD,Strong Downtrend (5<20<50),Normal,Distribusi (Turun),Normal,Seimbang / Adu Mekanik,Normal,Tinggi,Normal,Area Tengah,> 1 Miliar,Di Atas VWAP (Kuat),Distribusi Pro (Guyuran),Sultan (> 50M/hari),Normal (50-150%),Mark-Down (Fase Runtuh),Normal,Normal,Naik 1 Hari Beruntun,TP: 4796 | CL: 4285,Normal,Ideal (1:2),Netral / Sideways,Netral / Sepi Berita,Normal / Sedang Transisi,Dekat Support Fibo 61.8% (Golden Ratio),3,WAIT & SEE,HOLD / NEUTRAL,0.0,Kondisi pasar normal,TIDAK ADA,2026-09-03 15:24:34,Biasa / Mengikuti Pasar
15:24,YOII,Transaksi Sepi (Skip Broksum),Small Cap (Lapis 3),Fair Value (Wajar),0.0,1.2814102,82.0,82,79,87,0.0,2068700,Normal,45,Negatif,Downtrend,Bearish,Strong Bearish,Strong Downtrend (5<20<50),Normal,Akumulasi (Naik),Normal,Dominan Beli (Hajar Kanan),Squeeze,Rendah,Doji (Ragu-ragu),Area Tengah,< 1 Miliar,Persis di VWAP,Akumulasi Pro (Smart Money),Gorengan Sepi (< 5M),Normal (50-150%),Mark-Down (Fase Runtuh),Solid (Jarang Dibanting),Jarum Bawah (Sinyal Pantulan Kuat),Sideways / Stagnan,TP: 86 | CL: 79,Normal,Ideal (1:2),Netral / Sideways,Netral / Sepi Berita,Normal / Sedang Transisi,Golden Rebound Fibo 50.0% 🎯,2,WAIT & SEE,HOLD / NEUTRAL,0.0,Kondisi pasar normal,TIDAK ADA,2026-09-03 15:24:34,Biasa / Mengikuti Pasar
15:24,HGII,Transaksi Sepi (Skip Broksum),Small Cap (Lapis 3),Fair Value (Wajar),0.0,1.1778867,139.0,128,118,168,-1.4184397163120568,2179800,Normal,66,Negatif,Uptrend,Bullish,Strong Bullish,Perfect Uptrend (5>20>50),Normal,Akumulasi (Naik),Normal,Seimbang / Adu Mekanik,Normal,Tinggi,Normal,Rawan Pucuk (High Risk),< 1 Miliar,Di Bawah VWAP (Lemah),Distribusi Pro (Guyuran),Gorengan Sepi (< 5M),Sepi (< 50%),Mark-Up (Fase Pesta),Spesialis Tiang Jemuran (Banting Pucuk),Normal,Turun 1 Hari Beruntun,TP: 151 | CL: 130,Normal,Menengah (1:1),Netral / Sideways,Netral / Sepi Berita,Normal / Sedang Transisi,Dekat Support Fibo 50.0%,5,WAIT & SEE,HOLD / NEUTRAL,0.0,Kondisi pasar normal,TIDAK ADA,2026-09-03 15:24:34,Biasa / Mengikuti Pasar
15:24,BRRC,Transaksi Sepi (Skip Broksum),Small Cap (Lapis 3),Fair Value (Wajar),0.0,0.87118137,75.0,69,57,101,0.0,11202800,Normal,61,Negatif,Uptrend,Bullish,Strong Bullish,Perfect Uptrend (5>20>50),Normal,Distribusi (Turun),Normal,Dominan Beli (Hajar Kanan),Normal,Tinggi,Doji (Ragu-ragu),Rawan Pucuk (High Risk),< 1 Miliar,Persis di VWAP,Distribusi Pro (Guyuran),Gorengan Sepi (< 5M),Sepi (< 50%),Mark-Up (Fase Pesta),Spesialis Tiang Jemuran (Banting Pucuk),Jarum Bawah (Sinyal Pantulan Kuat),Sideways / Stagnan,TP: 86 | CL: 67,Normal,Menengah (1:1),Netral / Sideways,Netral / Sepi Berita,Normal / Sedang Transisi,Mengambang (Jauh dari Fibo),5,WAIT & SEE,HOLD / NEUTRAL,0.0,Kondisi pasar normal,TIDAK ADA,2026-09-03 15:24:34,Biasa / Mengikuti Pasar
15:24,DGWG,Token Mati (Perlu Update),Mid Cap (Lapis 2),Fair Value (Wajar),7.5233746,1.8229812,348.0,332,302,368,1.1627906976744187,13390500,Normal,63,Positif,Uptrend,Bullish,Strong Bullish,Perfect Uptrend (5>20>50),Normal,Akumulasi (Naik),Normal,Seimbang / Adu Mekanik,Normal,Tinggi,Normal,Rawan Pucuk (High Risk),> 1 Miliar,Persis di VWAP,Akumulasi Pro (Smart Money),Gorengan Sepi (< 5M),Normal (50-150%),Mark-Up (Fase Pesta),Normal,Normal,Naik 1 Hari Beruntun,TP: 367 | CL: 335,Open = Low (Bullish Kuat),Tidak Ideal (< 1:1),Netral / Sideways,Netral / Sepi Berita,Normal / Sedang Transisi,Mendekati Fibo 23.6%,6,WAIT & SEE,HOLD / NEUTRAL,0.0,Kondisi pasar normal,TIDAK ADA,2026-09-03 15:24:34,Biasa / Mengikuti Pasar
15:24,CBDK,Token Mati (Perlu Update),Big Cap (Lapis 1),Fair Value (Wajar),9.195866,2.1950357,4110.0,3806,3580,4220,7.591623036649215,10615500,Tembus MA20,67,Positif,Uptrend,Bullish,Strong Bullish,Perfect Uptrend (5>20>50),Akumulasi Kuat,Akumulasi (Naik),Normal,Dominan Beli (Hajar Kanan),Breakout Upper,Sedang,Normal,Rawan Pucuk (High Risk),> 1 Miliar,Di Atas VWAP (Kuat),Akumulasi Pro (Smart Money),Ritel Aktif (5M - 50M),Ledakan Ekstrem (> 300%),Mark-Up (Fase Pesta),Normal,Normal,Naik 1 Hari Beruntun,TP: 4315 | CL: 3972,Normal,Tidak Ideal (< 1:1),Netral / Sideways,Netral / Sepi Berita,Normal / Sedang Transisi,Mendekati Fibo 23.6%,9,BELI,HOLD / NEUTRAL,0.0,Kondisi pasar normal,TIDAK ADA,2026-09-03 15:24:34,Biasa / Mengikuti Pasar
15:24,OBAT,Transaksi Sepi (Skip Broksum),Small Cap (Lapis 3),Fair Value (Wajar),0.0,1.1798884,238.0,241,232,256,1.7094017094017095,158500,Normal,45,Positif,Downtrend,Bearish,Strong Bearish,Strong Downtrend (5<20<50),Normal,Distribusi (Turun),Normal,Dominan Jual (Guyur),Squeeze,Rendah,Normal,Dekat Support (Low Risk),< 1 Miliar,Persis di VWAP,Distribusi Pro (Guyuran),Gorengan Sepi (< 5M),Normal (50-150%),Mark-Down (Fase Runtuh),Normal,Normal,Naik 1 Hari Beruntun,TP: 248 | CL: 230,Open = Low (Bullish Kuat),Sangat Menarik (> 1:3),Netral / Sideways,Netral / Sepi Berita,Normal / Sedang Transisi,Dekat Support Fibo 50.0%,1,WAIT & SEE,HOLD / NEUTRAL,0.0,Kondisi pasar normal,TIDAK ADA,2026-09-03 15:24:34,Biasa / Mengikuti Pasar
15:24,MINE,Token Mati (Perlu Update),Mid Cap (Lapis 2),Undervalued (Murah),6.801126,1.2147157,290.0,239,220,312,15.079365079365079,20904700,Tembus MA20,81,Positif,Uptrend,Bullish,Strong Bullish,Perfect Uptrend (5>20>50),Akumulasi Kuat,Akumulasi (Naik),Normal,Seimbang / Adu Mekanik,Breakout Upper,Tinggi,Normal,Rawan Pucuk (High Risk),> 1 Miliar,Di Atas VWAP (Kuat),Akumulasi Pro (Smart Money),Gorengan Sepi (< 5M),Ledakan Ekstrem (> 300%),Mark-Up (Fase Pesta),Solid (Jarang Dibanting),Normal,Naik 4 Hari Beruntun,TP: 310 | CL: 276,Open = Low (Bullish Kuat),Tidak Ideal (< 1:1),Death Cross (Awal Bearish),Netral / Sepi Berita,Normal / Sedang Transisi,Dekat Support Fibo 23.6%,8,BELI,HOLD / NEUTRAL,0.0,Kondisi pasar normal,TIDAK ADA,2026-09-03 15:24:34,⚠️ Anomali (Sudah Terbang)
15:24,ASPR,Token Mati (Perlu Update),Small Cap (Lapis 3),Fair Value (Wajar),0.0,2.3103168,151.0,153,140,167,-1.3071895424836601,16078900,Normal,47,Negatif,Downtrend,Death Cross,Strong Bearish,Konsolidasi / Transisi,Normal,Distribusi (Turun),Normal,Seimbang / Adu Mekanik,Normal,Sedang,Normal,Area Tengah,> 1 Miliar,Di Bawah VWAP (Lemah),Distribusi Pro (Guyuran),Gorengan Sepi (< 5M),Normal (50-150%),Distribution (Fase Jualan),Normal,Normal,Turun 1 Hari Beruntun,TP: 164 | CL: 142,Open = High (Tekanan Jual),Menengah (1:1),Netral / Sideways,Netral / Sepi Berita,Normal / Sedang Transisi,Mengambang (Jauh dari Fibo),0,WAIT & SEE,HOLD / NEUTRAL,0.0,Kondisi pasar normal,TIDAK ADA,2026-09-03 15:24:34,Biasa / Mengikuti Pasar
15:24,PSAT,Transaksi Sepi (Skip Broksum),Mid Cap (Lapis 2),Fair Value (Wajar),0.0,1.0097228,890.0,897,855,940,-1.6574585635359116,44300,Normal,53,Negatif,Downtrend,Bearish,Bearish MACD,Konsolidasi / Transisi,Normal,Akumulasi (Naik),Normal,Dominan Jual (Guyur),Squeeze,Rendah,Normal,Area Tengah,< 1 Miliar,Persis di VWAP,Distribusi Pro (Guyuran),Gorengan Sepi (< 5M),Normal (50-150%),Distribution (Fase Jualan),Solid (Jarang Dibanting),Normal,Turun 1 Hari Beruntun,TP: 928 | CL: 864,Normal,Menengah (1:1),Netral / Sideways,Netral / Sepi Berita,Normal / Sedang Transisi,Dekat Support Fibo 23.6%,2,WAIT & SEE,HOLD / NEUTRAL,0.0,Kondisi pasar normal,TIDAK ADA,2026-09-03 15:24:34,Biasa / Mengikuti Pasar
15:24,COIN,Token Mati (Perlu Update),Big Cap (Lapis 1),Overvalued (Mahal),0.0,8.076916,825.0,762,655,1095,0.0,34861700,Normal,59,Negatif,Uptrend,Bullish,Strong Bullish,Perfect Uptrend (5>20>50),Normal,Akumulasi (Naik),Normal,Dominan Jual (Guyur),Normal,Tinggi,Doji (Ragu-ragu),Rawan Pucuk (High Risk),> 1 Miliar,Di Bawah VWAP (Lemah),Distribusi Pro (Guyuran),Sultan (> 50M/hari),Sepi (< 50%),Mark-Up (Fase Pesta),Spesialis Tiang Jemuran (Banting Pucuk),Normal,Sideways / Stagnan,TP: 957 | CL: 736,Normal,Ideal (1:2),Netral / Sideways,Netral / Sepi Berita,Normal / Sedang Transisi,Mengambang (Jauh dari Fibo),5,WAIT & SEE,HOLD / NEUTRAL,0.0,Kondisi pasar normal,TIDAK ADA,2026-09-03 15:24:34,Biasa / Mengikuti Pasar
15:24,CDIA,Token Mati (Perlu Update),Big Cap (Lapis 1),Overvalued (Mahal),69.93007,87499.99,700.0,691,640,735,1.4492753623188406,55586500,Normal,54,Positif,Uptrend,Bearish,Bearish MACD,Konsolidasi / Transisi,Normal,Akumulasi (Naik),Normal,Seimbang / Adu Mekanik,Normal,Sedang,Doji (Ragu-ragu),Area Tengah,> 1 Miliar,Di Atas VWAP (Kuat),Distribusi Pro (Guyuran),Ritel Aktif (5M - 50M),Normal (50-150%),Mark-Up (Fase Pesta),Spesialis Tiang Jemuran (Banting Pucuk),Normal,Naik 1 Hari Beruntun,TP: 748 | CL: 667,Normal,Tidak Ideal (< 1:1),Netral / Sideways,Netral / Sepi Berita,Normal / Sedang Transisi,Mendekati Fibo 61.8% (Golden Ratio),4,WAIT & SEE,HOLD / NEUTRAL,0.0,Kondisi pasar normal,TIDAK ADA,2026-09-03 15:24:34,Biasa / Mengikuti Pasar
15:24,BLOG,Transaksi Sepi (Skip Broksum),Mid Cap (Lapis 2),Fair Value (Wajar),8.512545,2.047557,380.0,380,356,388,0.5291005291005291,206700,Normal,55,Positif,Downtrend,Bullish,Bearish MACD,Perfect Uptrend (5>20>50),Normal,Akumulasi (Naik),Normal,Dominan Beli (Hajar Kanan),Squeeze,Rendah,Doji (Ragu-ragu),Area Tengah,< 1 Miliar,Persis di VWAP,Distribusi Pro (Guyuran),Gorengan Sepi (< 5M),Normal (50-150%),Distribution (Fase Jualan),Normal,Jarum Bawah (Sinyal Pantulan Kuat),Naik 1 Hari Beruntun,TP: 389 | CL: 374,Normal,Tidak Ideal (< 1:1),Netral / Sideways,Netral / Sepi Berita,Normal / Sedang Transisi,Golden Rebound Fibo 23.6% 🎯,5,WAIT & SEE,HOLD / NEUTRAL,0.0,Kondisi pasar normal,TIDAK ADA,2026-09-03 15:24:34,Biasa / Mengikuti Pasar
15:24,MERI,Transaksi Sepi (Skip Broksum),Small Cap (Lapis 3),Fair Value (Wajar),0.0,2.8850892,123.0,120,111,140,0.0,1590200,Normal,62,Negatif,Uptrend,Bullish,Bearish MACD,Perfect Uptrend (5>20>50),Normal,Akumulasi (Naik),Normal,Seimbang / Adu Mekanik,Normal,Sedang,Doji (Ragu-ragu),Rawan Pucuk (High Risk),< 1 Miliar,Persis di VWAP,Distribusi Pro (Guyuran),Gorengan Sepi (< 5M),Sepi (< 50%),Mark-Up (Fase Pesta),Spesialis Tiang Jemuran (Banting Pucuk),Normal,Sideways / Stagnan,TP: 134 | CL: 115,Normal,Menengah (1:1),Netral / Sideways,Netral / Sepi Berita,Supply Kering (Siap Pump) 🏜️,Mendekati Fibo 38.2%,4,WAIT & SEE,HOLD / NEUTRAL,0.0,Kondisi pasar normal,TIDAK ADA,2026-09-03 15:24:34,Biasa / Mengikuti Pasar
15:24,KAQI,Token Mati (Perlu Update),Small Cap (Lapis 3),Fair Value (Wajar),0.0,1.6367408,101.0,95,86,109,-1.9417475728155338,57018700,Tembus MA20,60,Negatif,Uptrend,Bullish,Strong Bullish,Perfect Uptrend (5>20>50),Normal,Akumulasi (Naik),Normal,Seimbang / Adu Mekanik,Normal,Sedang,Normal,Rawan Pucuk (High Risk),> 1 Miliar,Persis di VWAP,Akumulasi Pro (Smart Money),Ritel Aktif (5M - 50M),Normal (50-150%),Mark-Up (Fase Pesta),Normal,Normal,Turun 1 Hari Beruntun,TP: 109 | CL: 95,Normal,Tidak Ideal (< 1:1),Netral / Sideways,Netral / Sepi Berita,Supply Banjir (Distribusi) 🌊,Dekat Support Fibo 23.6%,6,WAIT & SEE,HOLD / NEUTRAL,0.0,Kondisi pasar normal,TIDAK ADA,2026-09-03 15:24:34,Biasa / Mengikuti Pasar
15:24,YUPI,Transaksi Sepi (Skip Broksum),Big Cap (Lapis 1),Overvalued (Mahal),18.282663,6.555429,1335.0,1328,1249,1482,0.0,68200,Normal,50,Negatif,Uptrend,Bullish,Strong Bullish,Perfect Uptrend (5>20>50),Normal,Distribusi (Turun),Normal,Dominan Beli (Hajar Kanan),Normal,Tinggi,Hammer (Potensi Reversal),Area Tengah,< 1 Miliar,Di Bawah VWAP (Lemah),Distribusi Pro (Guyuran),Gorengan Sepi (< 5M),Sepi (< 50%),Mark-Up (Fase Pesta),Normal,Jarum Bawah (Sinyal Pantulan Kuat),Sideways / Stagnan,TP: 1416 | CL: 1280,Normal,Ideal (1:2),Netral / Sideways,Netral / Sepi Berita,Normal / Sedang Transisi,Mengambang (Jauh dari Fibo),4,WAIT & SEE,HOLD / NEUTRAL,0.0,Kondisi pasar normal,TIDAK ADA,2026-09-03 15:24:34,Biasa / Mengikuti Pasar
15:24,FORE,Token Mati (Perlu Update),Mid Cap (Lapis 2),Overvalued (Mahal),69.84668,9.913439,820.0,810,755,875,0.6134969325153374,4510900,Normal,59,Positif,Uptrend,Bullish,Bearish MACD,Perfect Uptrend (5>20>50),Normal,Distribusi (Turun),Normal,Dominan Beli (Hajar Kanan),Normal,Sedang,Hammer (Potensi Reversal),Area Tengah,> 1 Miliar,Di Bawah VWAP (Lemah),Distribusi Pro (Guyuran),Ritel Aktif (5M - 50M),Normal (50-150%),Mark-Up (Fase Pesta),Spesialis Tiang Jemuran (Banting Pucuk),Jarum Bawah (Sinyal Pantulan Kuat),Naik 1 Hari Beruntun,TP: 874 | CL: 783,Open = High (Tekanan Jual),Tidak Ideal (< 1:1),Netral / Sideways,Netral / Sepi Berita,Normal / Sedang Transisi,Golden Rebound Fibo 23.6% 🎯,5,WAIT & SEE,HOLD / NEUTRAL,0.0,Kondisi pasar normal,TIDAK ADA,2026-09-03 15:24:34,Biasa / Mengikuti Pasar
15:24,MDLA,Transaksi Sepi (Skip Broksum),Mid Cap (Lapis 2),Undervalued (Murah),7.0724244,0.94785005,208.0,208,204,214,0.0,1690200,Tembus MA20,50,Negatif,Downtrend,Bearish,Bearish MACD,Konsolidasi / Transisi,Normal,Distribusi (Turun),Normal,Seimbang / Adu Mekanik,Squeeze,Rendah,Doji (Ragu-ragu),Dekat Support (Low Risk),< 1 Miliar,Persis di VWAP,Akumulasi Pro (Smart Money),Gorengan Sepi (< 5M),Normal (50-150%),Distribution (Fase Jualan),Normal,Normal,Sideways / Stagnan,TP: 213 | CL: 204,Normal,Ideal (1:2),Netral / Sideways,Netral / Sepi Berita,Normal / Sedang Transisi,Mendekati Fibo 38.2%,1,WAIT & SEE,HOLD / NEUTRAL,0.0,Kondisi pasar normal,TIDAK ADA,2026-09-03 15:24:34,Biasa / Mengikuti Pasar
15:24,DKHH,Token Mati (Perlu Update),Small Cap (Lapis 3),Fair Value (Wajar),0.0,0.82112706,69.0,64,60,75,2.9850746268656714,70159200,Tembus MA20,68,Positif,Uptrend,Bullish,Strong Bullish,Perfect Uptrend (5>20>50),Akumulasi Kuat,Akumulasi (Naik),Normal,Seimbang / Adu Mekanik,Breakout Upper,Sedang,Normal,Rawan Pucuk (High Risk),> 1 Miliar,Di Atas VWAP (Kuat),Distribusi Pro (Guyuran),Gorengan Sepi (< 5M),Anomali Tinggi (150-300%),Mark-Up (Fase Pesta),Spesialis Tiang Jemuran (Banting Pucuk),Normal,Naik 1 Hari Beruntun,TP: 74 | CL: 65,Normal,Tidak Ideal (< 1:1),Death Cross (Awal Bearish),Netral / Sepi Berita,Normal / Sedang Transisi,Mendekati Fibo 38.2%,8,BELI,HOLD / NEUTRAL,0.0,Kondisi pasar normal,TIDAK ADA,2026-09-03 15:24:34,Biasa / Mengikuti Pasar
15:24,AYLS,Transaksi Sepi (Skip Broksum),Small Cap (Lapis 3),Overvalued (Mahal),0.0,4.1524506,157.0,155,145,167,-0.6329113924050633,4335700,Tembus MA20,56,Negatif,Uptrend,Bearish,Bearish MACD,Konsolidasi / Transisi,Normal,Akumulasi (Naik),Normal,Seimbang / Adu Mekanik,Normal,Sedang,Normal,Area Tengah,< 1 Miliar,Persis di VWAP,Distribusi Pro (Guyuran),Gorengan Sepi (< 5M),Normal (50-150%),Mark-Up (Fase Pesta),Solid (Jarang Dibanting),Jarum Bawah (Sinyal Pantulan Kuat),Turun 1 Hari Beruntun,TP: 166 | CL: 150,Normal,Tidak Ideal (< 1:1),Netral / Sideways,Netral / Sepi Berita,Supply Banjir (Distribusi) 🌊,Mendekati Fibo 50.0%,4,WAIT & SEE,HOLD / NEUTRAL,0.0,Kondisi pasar normal,TIDAK ADA,2026-09-03 15:24:34,Biasa / Mengikuti Pasar
15:24,DADA,Transaksi Sepi (Skip Broksum),Small Cap (Lapis 3),Undervalued (Murah),14.947683,1.0235415,50.0,50,50,50,0.0,535800,Tembus MA20,0,Negatif,Downtrend,Bearish,Bearish MACD,Konsolidasi / Transisi,Normal,Netral,Normal,Tidak Ada Transaksi,Squeeze,Rendah,Doji (Ragu-ragu),Dekat Support (Low Risk),< 1 Miliar,Persis di VWAP,Netral,Gorengan Sepi (< 5M),Anomali Tinggi (150-300%),Sideways,Solid (Jarang Dibanting),Normal,Sideways / Stagnan,TP: 51 | CL: 49,Normal,Di Area Support,Oversold (Jenuh Jual - Peluang),Netral / Sepi Berita,Normal / Sedang Transisi,Normal / Sideways,1,WAIT & SEE,HOLD / NEUTRAL,0.0,Kondisi pasar normal,TIDAK ADA,2026-09-03 15:24:34,🔥 ANOMALI BANDAR (Siap Ledakan)
15:24,ASPI,Transaksi Sepi (Skip Broksum),Small Cap (Lapis 3),Overvalued (Mahal),0.0,5.9941745,426.0,404,358,438,0.4716981132075472,1833200,Tembus MA20,59,Positif,Uptrend,Golden Cross,Bullish MACD,Awal Reversal (5>20),Normal,Akumulasi (Naik),Normal,Dominan Beli (Hajar Kanan),Normal,Tinggi,Doji (Ragu-ragu),Rawan Pucuk (High Risk),< 1 Miliar,Di Atas VWAP (Kuat),Akumulasi Pro (Smart Money),Gorengan Sepi (< 5M),Anomali Tinggi (150-300%),Accumulation (Kumpul Barang),Spesialis Tiang Jemuran (Banting Pucuk),Jarum Bawah (Sinyal Pantulan Kuat),Naik 4 Hari Beruntun,TP: 459 | CL: 403,Normal,Tidak Ideal (< 1:1),Overbought (Jenuh Beli - Rawan),Netral / Sepi Berita,Normal / Sedang Transisi,Mengambang (Jauh dari Fibo),8,BELI,HOLD / NEUTRAL,0.0,Kondisi pasar normal,TIDAK ADA,2026-09-03 15:24:34,Biasa / Mengikuti Pasar
15:24,ESTA,Transaksi Sepi (Skip Broksum),Small Cap (Lapis 3),Fair Value (Wajar),0.0,2.447442,178.0,174,165,193,2.8901734104046244,1439300,Tembus MA20,53,Positif,Uptrend,Bearish,Bullish MACD,Strong Downtrend (5<20<50),Normal,Akumulasi (Naik),Normal,Seimbang / Adu Mekanik,Normal,Sedang,Normal,Area Tengah,< 1 Miliar,Persis di VWAP,Distribusi Pro (Guyuran),Gorengan Sepi (< 5M),Anomali Tinggi (150-300%),Accumulation (Kumpul Barang),Spesialis Tiang Jemuran (Banting Pucuk),Normal,Naik 1 Hari Beruntun,TP: 190 | CL: 169,Normal,Menengah (1:1),Golden Cross (Awal Bullish),Netral / Sepi Berita,Normal / Sedang Transisi,Mendekati Fibo 78.6%,6,WAIT & SEE,HOLD / NEUTRAL,0.0,Kondisi pasar normal,TIDAK ADA,2026-09-03 15:24:34,Biasa / Mengikuti Pasar
15:24,BESS,Transaksi Sepi (Skip Broksum),Mid Cap (Lapis 2),Overvalued (Mahal),268.99698,4.7613153,885.0,904,805,970,-0.5617977528089888,486300,Tembus MA20,44,Negatif,Downtrend,Bearish,Strong Bearish,Strong Downtrend (5<20<50),Normal,Distribusi (Turun),Normal,Seimbang / Adu Mekanik,Squeeze,Rendah,Normal,Area Tengah,< 1 Miliar,Di Bawah VWAP (Lemah),Distribusi Pro (Guyuran),Gorengan Sepi (< 5M),Normal (50-150%),Mark-Down (Fase Runtuh),Spesialis Tiang Jemuran (Banting Pucuk),Normal,Turun 3 Hari Beruntun,TP: 965 | CL: 831,Normal,Menengah (1:1),Netral / Sideways,Netral / Sepi Berita,Supply Banjir (Distribusi) 🌊,Mendekati Fibo 78.6%,1,WAIT & SEE,HOLD / NEUTRAL,0.0,Kondisi pasar normal,TIDAK ADA,2026-09-03 15:24:34,Biasa / Mengikuti Pasar
15:24,AMAN,Transaksi Sepi (Skip Broksum),Small Cap (Lapis 3),Fair Value (Wajar),19.28512,1.0575306,232.0,236,220,254,3.571428571428571,453600,Tembus MA20,43,Positif,Downtrend,Bearish,Strong Bearish,Strong Downtrend (5<20<50),Normal,Akumulasi (Naik),Normal,Dominan Beli (Hajar Kanan),Normal,Tinggi,Normal,Area Tengah,< 1 Miliar,Di Atas VWAP (Kuat),Distribusi Pro (Guyuran),Gorengan Sepi (< 5M),Normal (50-150%),Mark-Down (Fase Runtuh),Spesialis Tiang Jemuran (Banting Pucuk),Normal,Naik 2 Hari Beruntun,TP: 244 | CL: 223,Open = Low (Bullish Kuat),Ideal (1:2),Netral / Sideways,Netral / Sepi Berita,Normal / Sedang Transisi,Dekat Support Fibo 61.8% (Golden Ratio),4,WAIT & SEE,HOLD / NEUTRAL,0.0,Kondisi pasar normal,TIDAK ADA,2026-09-03 15:24:34,Biasa / Mengikuti Pasar
15:24,CARE,Transaksi Sepi (Skip Broksum),Big Cap (Lapis 1),Overvalued (Mahal),2511.111,4.9693265,452.0,435,418,460,-0.4405286343612335,143400,Normal,81,Negatif,Uptrend,Bullish,Strong Bullish,Perfect Uptrend (5>20>50),Normal,Akumulasi (Naik),Normal,Dominan Jual (Guyur),Normal,Sedang,Normal,Area Tengah,< 1 Miliar,Persis di VWAP,Distribusi Pro (Guyuran),Gorengan Sepi (< 5M),Normal (50-150%),Mark-Up (Fase Pesta),Spesialis Tiang Jemuran (Banting Pucuk),Normal,Turun 1 Hari Beruntun,TP: 466 | CL: 442,Open = High (Tekanan Jual),Tidak Ideal (< 1:1),Death Cross (Awal Bearish),Netral / Sepi Berita,Normal / Sedang Transisi,Mendekati Fibo 23.6%,5,WAIT & SEE,HOLD / NEUTRAL,0.0,Kondisi pasar normal,TIDAK ADA,2026-09-03 15:24:34,Biasa / Mengikuti Pasar
15:24,PIPA,Token Mati (Perlu Update),Small Cap (Lapis 3),Overvalued (Mahal),0.0,10.619563,199.0,158,118,222,-6.132075471698113,162680000,Normal,67,Negatif,Uptrend,Bullish,Strong Bullish,Perfect Uptrend (5>20>50),Normal,Akumulasi (Naik),Gap Down (-2.8%),Dominan Jual (Guyur),Normal,Tinggi,Normal,Rawan Pucuk (High Risk),> 1 Miliar,Di Bawah VWAP (Lemah),Distribusi Pro (Guyuran),Ritel Aktif (5M - 50M),Sepi (< 50%),Mark-Up (Fase Pesta),Normal,Normal,Turun 1 Hari Beruntun,TP: 233 | CL: 176,Normal,Tidak Ideal (< 1:1),Death Cross (Awal Bearish),Netral / Sepi Berita,Normal / Sedang Transisi,Mendekati Fibo 23.6%,5,WAIT & SEE,HOLD / NEUTRAL,0.0,Kondisi pasar normal,TIDAK ADA,2026-09-03 15:24:34,Biasa / Mengikuti Pasar
15:24,NCKL,Token Mati (Perlu Update),Big Cap (Lapis 1),Undervalued (Murah),5.701625,1.3854572,970.0,942,900,990,2.6455026455026456,39581800,Normal,61,Positif,Uptrend,Bullish,Bearish MACD,Perfect Uptrend (5>20>50),Normal,Distribusi (Turun),Normal,Dominan Beli (Hajar Kanan),Squeeze,Rendah,Normal,Area Tengah,> 1 Miliar,Persis di VWAP,Distribusi Pro (Guyuran),Ritel Aktif (5M - 50M),Normal (50-150%),Mark-Up (Fase Pesta),Spesialis Tiang Jemuran (Banting Pucuk),Normal,Naik 1 Hari Beruntun,TP: 1018 | CL: 937,Open = Low (Bullish Kuat),Tidak Ideal (< 1:1),Netral / Sideways,Netral / Sepi Berita,Normal / Sedang Transisi,Mendekati Fibo 23.6%,5,WAIT & SEE,HOLD / NEUTRAL,0.0,Kondisi pasar normal,TIDAK ADA,2026-09-03 15:24:34,Biasa / Mengikuti Pasar
15:24,AWAN,Transaksi Sepi (Skip Broksum),Small Cap (Lapis 3),Overvalued (Mahal),0.0,7.8573446,167.0,163,150,176,-1.7647058823529411,434200,Normal,56,Negatif,Uptrend,Bullish,Strong Bullish,Perfect Uptrend (5>20>50),Normal,Akumulasi (Naik),Normal,Dominan Jual (Guyur),Normal,Tinggi,Normal,Rawan Pucuk (High Risk),< 1 Miliar,Di Bawah VWAP (Lemah),Akumulasi Pro (Smart Money),Gorengan Sepi (< 5M),Sepi (< 50%),Mark-Up (Fase Pesta),Normal,Normal,Turun 2 Hari Beruntun,TP: 178 | CL: 159,Normal,Tidak Ideal (< 1:1),Death Cross (Awal Bearish),Netral / Sepi Berita,Normal / Sedang Transisi,Mendekati Fibo 38.2%,5,WAIT & SEE,HOLD / NEUTRAL,0.0,Kondisi pasar normal,TIDAK ADA,2026-09-03 15:24:34,Biasa / Mengikuti Pasar
15:24,MBMA,Token Mati (Perlu Update),Big Cap (Lapis 1),Overvalued (Mahal),51.02041,35000.0,530.0,541,500,595,0.9523809523809524,81209600,Normal,49,Positif,Downtrend,Death Cross,Bearish MACD,Konsolidasi / Transisi,Normal,Distribusi (Turun),Normal,Seimbang / Adu Mekanik,Normal,Sedang,Doji (Ragu-ragu),Area Tengah,> 1 Miliar,Di Bawah VWAP (Lemah),Distribusi Pro (Guyuran),Sultan (> 50M/hari),Normal (50-150%),Distribution (Fase Jualan),Spesialis Tiang Jemuran (Banting Pucuk),Normal,Naik 1 Hari Beruntun,TP: 578 | CL: 497,Normal,Ideal (1:2),Netral / Sideways,Netral / Sepi Berita,Normal / Sedang Transisi,Dekat Support Fibo 38.2%,1,WAIT & SEE,HOLD / NEUTRAL,0.0,Kondisi pasar normal,TIDAK ADA,2026-09-03 15:24:34,Biasa / Mengikuti Pasar
15:24,RAAM,Transaksi Sepi (Skip Broksum),Mid Cap (Lapis 2),Fair Value (Wajar),0.0,1.0345439,188.0,190,181,204,-1.0526315789473684,3215500,Tembus MA20,44,Negatif,Downtrend,Bearish,Bullish MACD,Strong Downtrend (5<20<50),Normal,Akumulasi (Naik),Normal,Seimbang / Adu Mekanik,Normal,Sedang,Normal,Area Tengah,< 1 Miliar,Persis di VWAP,Akumulasi Pro (Smart Money),Gorengan Sepi (< 5M),Anomali Tinggi (150-300%),Mark-Down (Fase Runtuh),Normal,Normal,Turun 1 Hari Beruntun,TP: 200 | CL: 179,Normal,Ideal (1:2),Netral / Sideways,Netral / Sepi Berita,Normal / Sedang Transisi,Mengambang (Jauh dari Fibo),3,WAIT & SEE,HOLD / NEUTRAL,0.0,Kondisi pasar normal,TIDAK ADA,2026-09-03 15:24:34,Biasa / Mengikuti Pasar
15:24,CGAS,Transaksi Sepi (Skip Broksum),Small Cap (Lapis 3),Undervalued (Murah),11.535523,0.9973053,152.0,151,147,156,0.6622516556291391,2568500,Normal,53,Positif,Uptrend,Bearish,Strong Bearish,Konsolidasi / Transisi,Normal,Akumulasi (Naik),Normal,Dominan Beli (Hajar Kanan),Squeeze,Rendah,Normal,Area Tengah,< 1 Miliar,Persis di VWAP,Distribusi Pro (Guyuran),Gorengan Sepi (< 5M),Normal (50-150%),Mark-Up (Fase Pesta),Spesialis Tiang Jemuran (Banting Pucuk),Normal,Naik 1 Hari Beruntun,TP: 157 | CL: 148,Normal,Tidak Ideal (< 1:1),Netral / Sideways,Netral / Sepi Berita,Normal / Sedang Transisi,Dekat Support Fibo 50.0%,5,WAIT & SEE,HOLD / NEUTRAL,0.0,Kondisi pasar normal,TIDAK ADA,2026-09-03 15:24:34,Biasa / Mengikuti Pasar
15:24,NICE,Token Mati (Perlu Update),Mid Cap (Lapis 2),Overvalued (Mahal),0.0,10.835056,376.0,296,246,420,11.904761904761903,18945900,Tembus MA20,70,Positif,Uptrend,Bullish,Strong Bullish,Perfect Uptrend (5>20>50),Akumulasi Kuat,Distribusi (Turun),Normal,Dominan Beli (Hajar Kanan),Normal,Tinggi,Normal,Rawan Pucuk (High Risk),> 1 Miliar,Di Atas VWAP (Kuat),Distribusi Pro (Guyuran),Gorengan Sepi (< 5M),Normal (50-150%),Mark-Up (Fase Pesta),Normal,Normal,Naik 1 Hari Beruntun,TP: 420 | CL: 346,Normal,Tidak Ideal (< 1:1),Netral / Sideways,Netral / Sepi Berita,Normal / Sedang Transisi,Dekat Support Fibo 23.6%,8,BELI,HOLD / NEUTRAL,0.0,Kondisi pasar normal,TIDAK ADA,2026-09-03 15:24:34,Biasa / Mengikuti Pasar
15:24,MSJA,Token Mati (Perlu Update),Mid Cap (Lapis 2),Overvalued (Mahal),27.676893,31571.428,442.0,431,400,458,-1.7777777777777777,12689700,Normal,58,Negatif,Uptrend,Bullish,Strong Bullish,Perfect Uptrend (5>20>50),Normal,Akumulasi (Naik),Normal,Seimbang / Adu Mekanik,Normal,Sedang,Normal,Rawan Pucuk (High Risk),> 1 Miliar,Persis di VWAP,Akumulasi Pro (Smart Money),Ritel Aktif (5M - 50M),Normal (50-150%),Mark-Up (Fase Pesta),Normal,Normal,Turun 1 Hari Beruntun,TP: 466 | CL: 425,Normal,Tidak Ideal (< 1:1),Death Cross (Awal Bearish),Netral / Sepi Berita,Normal / Sedang Transisi,Dekat Support Fibo 23.6%,5,WAIT & SEE,HOLD / NEUTRAL,0.0,Kondisi pasar normal,TIDAK ADA,2026-09-03 15:24:34,Biasa / Mengikuti Pasar
15:24,SMLE,Token Mati (Perlu Update),Small Cap (Lapis 3),Overvalued (Mahal),0.0,4.2184625,189.0,170,146,194,3.8461538461538463,56884400,Tembus MA20,66,Positif,Uptrend,Bullish,Strong Bullish,Perfect Uptrend (5>20>50),Akumulasi Kuat,Akumulasi (Naik),Normal,Seimbang / Adu Mekanik,Breakout Upper,Tinggi,Normal,Rawan Pucuk (High Risk),> 1 Miliar,Di Atas VWAP (Kuat),Akumulasi Pro (Smart Money),Ritel Aktif (5M - 50M),Anomali Tinggi (150-300%),Mark-Up (Fase Pesta),Normal,Normal,Naik 2 Hari Beruntun,TP: 210 | CL: 174,Normal,Tidak Ideal (< 1:1),Overbought (Jenuh Beli - Rawan),Netral / Sepi Berita,Normal / Sedang Transisi,Mengambang (Jauh dari Fibo),8,BELI,HOLD / NEUTRAL,0.0,Kondisi pasar normal,TIDAK ADA,2026-09-03 15:24:34,Biasa / Mengikuti Pasar
15:24,ACRO,Transaksi Sepi (Skip Broksum),Small Cap (Lapis 3),Fair Value (Wajar),0.0,1.278626,67.0,63,60,69,0.0,3736300,Normal,73,Negatif,Uptrend,Bullish,Strong Bullish,Perfect Uptrend (5>20>50),Normal,Akumulasi (Naik),Normal,Seimbang / Adu Mekanik,Normal,Sedang,Doji (Ragu-ragu),Rawan Pucuk (High Risk),< 1 Miliar,Di Atas VWAP (Kuat),Distribusi Pro (Guyuran),Gorengan Sepi (< 5M),Sepi (< 50%),Mark-Up (Fase Pesta),Spesialis Tiang Jemuran (Banting Pucuk),Normal,Sideways / Stagnan,TP: 70 | CL: 64,Normal,Tidak Ideal (< 1:1),Netral / Sideways,Netral / Sepi Berita,Normal / Sedang Transisi,Mendekati Fibo 23.6%,5,WAIT & SEE,HOLD / NEUTRAL,0.0,Kondisi pasar normal,TIDAK ADA,2026-09-03 15:24:34,Biasa / Mengikuti Pasar
15:24,MANG,Transaksi Sepi (Skip Broksum),Small Cap (Lapis 3),Fair Value (Wajar),0.0,1.0792836,37.0,38,36,41,-2.631578947368421,6404000,Normal,41,Negatif,Downtrend,Bearish,Strong Bearish,Strong Downtrend (5<20<50),Normal,Distribusi (Turun),Gap Down (-2.6%),Dominan Jual (Guyur),Bottom Rebound,Sedang,Doji (Ragu-ragu),Dekat Support (Low Risk),< 1 Miliar,Di Bawah VWAP (Lemah),Distribusi Pro (Guyuran),Gorengan Sepi (< 5M),Normal (50-150%),Mark-Down (Fase Runtuh),Normal,Normal,Turun 1 Hari Beruntun,TP: 39 | CL: 35,Normal,Sangat Menarik (> 1:3),Netral / Sideways,Netral / Sepi Berita,Normal / Sedang Transisi,Mendekati Fibo Bottom / 100%,0,WAIT & SEE,HOLD / NEUTRAL,0.0,Kondisi pasar normal,TIDAK ADA,2026-09-03 15:24:34,Biasa / Mengikuti Pasar
15:24,WIFI,Token Mati (Perlu Update),Big Cap (Lapis 1),Fair Value (Wajar),20.661158,1.4935733,2110.0,2028,1885,2250,0.4761904761904762,12939400,Normal,57,Positif,Uptrend,Bullish,Strong Bullish,Perfect Uptrend (5>20>50),Normal,Akumulasi (Naik),Normal,Seimbang / Adu Mekanik,Normal,Tinggi,Normal,Rawan Pucuk (High Risk),> 1 Miliar,Persis di VWAP,Distribusi Pro (Guyuran),Sultan (> 50M/hari),Sepi (< 50%),Mark-Up (Fase Pesta),Normal,Normal,Naik 1 Hari Beruntun,TP: 2270 | CL: 2003,Normal,Tidak Ideal (< 1:1),Death Cross (Awal Bearish),Netral / Sepi Berita,Normal / Sedang Transisi,Mendekati Fibo 23.6%,6,WAIT & SEE,HOLD / NEUTRAL,0.0,Kondisi pasar normal,TIDAK ADA,2026-09-03 15:24:34,Biasa / Mengikuti Pasar
15:24,FAPA,Transaksi Sepi (Skip Broksum),Big Cap (Lapis 1),Overvalued (Mahal),20.507597,6.250897,7450.0,7415,6375,8950,-0.33444816053511706,2100,Normal,58,Negatif,Uptrend,Bullish,Strong Bullish,Perfect Uptrend (5>20>50),Normal,Distribusi (Turun),Normal,Dominan Jual (Guyur),Squeeze,Rendah,Normal,Rawan Pucuk (High Risk),< 1 Miliar,Di Bawah VWAP (Lemah),Distribusi Pro (Guyuran),Gorengan Sepi (< 5M),Sepi (< 50%),Mark-Up (Fase Pesta),Spesialis Tiang Jemuran (Banting Pucuk),Normal,Turun 1 Hari Beruntun,TP: 7771 | CL: 7235,Normal,Menengah (1:1),Netral / Sideways,Netral / Sepi Berita,Supply Banjir (Distribusi) 🌊,Dekat Support Fibo 61.8% (Golden Ratio),4,WAIT & SEE,HOLD / NEUTRAL,0.0,Kondisi pasar normal,TIDAK ADA,2026-09-03 15:24:34,Biasa / Mengikuti Pasar
15:24,DCII,Transaksi Sepi (Skip Broksum),Big Cap (Lapis 1),Overvalued (Mahal),435.10388,103.085724,200200.0,202623,185050,207500,0.07498125468632841,100,Normal,51,Positif,Downtrend,Bearish,Bearish MACD,Konsolidasi / Transisi,Normal,Distribusi (Turun),Normal,Tidak Ada Transaksi,Squeeze,Rendah,Doji (Ragu-ragu),Area Tengah,< 1 Miliar,Di Atas VWAP (Kuat),Akumulasi Pro (Smart Money),Gorengan Sepi (< 5M),Sepi (< 50%),Distribution (Fase Jualan),Normal,Normal,Naik 2 Hari Beruntun,TP: 203516 | CL: 197989,Normal,Tidak Ideal (< 1:1),Netral / Sideways,Netral / Sepi Berita,Normal / Sedang Transisi,Dekat Support Fibo 23.6%,2,WAIT & SEE,HOLD / NEUTRAL,0.0,Kondisi pasar normal,TIDAK ADA,2026-09-03 15:24:34,Biasa / Mengikuti Pasar
15:24,KETR,Token Mati (Perlu Update),Mid Cap (Lapis 2),Overvalued (Mahal),33.112583,1.9678751,850.0,677,540,925,0.0,18315900,Normal,71,Negatif,Uptrend,Bullish,Strong Bullish,Perfect Uptrend (5>20>50),Normal,Akumulasi (Naik),Normal,Seimbang / Adu Mekanik,Normal,Tinggi,Normal,Rawan Pucuk (High Risk),> 1 Miliar,Di Bawah VWAP (Lemah),Distribusi Pro (Guyuran),Sultan (> 50M/hari),Sepi (< 50%),Mark-Up (Fase Pesta),Spesialis Tiang Jemuran (Banting Pucuk),Normal,Sideways / Stagnan,TP: 953 | CL: 781,Open = High (Tekanan Jual),Tidak Ideal (< 1:1),Netral / Sideways,Netral / Sepi Berita,Normal / Sedang Transisi,Mendekati Fibo 23.6%,5,WAIT & SEE,HOLD / NEUTRAL,0.0,Kondisi pasar normal,TIDAK ADA,2026-09-03 15:24:34,Biasa / Mengikuti Pasar
15:24,DGNS,Token Mati (Perlu Update),Small Cap (Lapis 3),Fair Value (Wajar),5.0538173,1.5648143,262.0,234,214,300,7.377049180327869,13582100,Tembus MA20,72,Positif,Uptrend,Bullish,Strong Bullish,Perfect Uptrend (5>20>50),Akumulasi Kuat,Akumulasi (Naik),Normal,Seimbang / Adu Mekanik,Breakout Upper,Tinggi,Normal,Rawan Pucuk (High Risk),> 1 Miliar,Di Atas VWAP (Kuat),Distribusi Pro (Guyuran),Gorengan Sepi (< 5M),Ledakan Ekstrem (> 300%),Mark-Up (Fase Pesta),Spesialis Tiang Jemuran (Banting Pucuk),Normal,Naik 1 Hari Beruntun,TP: 287 | CL: 245,Normal,Tidak Ideal (< 1:1),Death Cross (Awal Bearish),Netral / Sepi Berita,Normal / Sedang Transisi,Dekat Support Fibo 38.2%,8,BELI,HOLD / NEUTRAL,0.0,Kondisi pasar normal,TIDAK ADA,2026-09-03 15:24:34,Biasa / Mengikuti Pasar
15:24,UFOE,Transaksi Sepi (Skip Broksum),Small Cap (Lapis 3),Overvalued (Mahal),28.319582,1.7263455,148.0,142,134,178,-0.6711409395973155,1723900,Normal,66,Negatif,Uptrend,Bullish,Strong Bullish,Perfect Uptrend (5>20>50),Normal,Akumulasi (Naik),Normal,Seimbang / Adu Mekanik,Normal,Sedang,Normal,Rawan Pucuk (High Risk),< 1 Miliar,Di Bawah VWAP (Lemah),Distribusi Pro (Guyuran),Gorengan Sepi (< 5M),Sepi (< 50%),Mark-Up (Fase Pesta),Normal,Jarum Bawah (Sinyal Pantulan Kuat),Turun 1 Hari Beruntun,TP: 159 | CL: 140,Normal,Ideal (1:2),Netral / Sideways,Netral / Sepi Berita,Supply Banjir (Distribusi) 🌊,Mendekati Fibo 61.8% (Golden Ratio),5,WAIT & SEE,HOLD / NEUTRAL,0.0,Kondisi pasar normal,TIDAK ADA,2026-09-03 15:24:34,Biasa / Mengikuti Pasar
15:24,CHEK,Transaksi Sepi (Skip Broksum),Small Cap (Lapis 3),Fair Value (Wajar),0.0,2.6876369,134.0,134,129,142,-0.7407407407407408,253300,Normal,53,Negatif,Downtrend,Bearish,Bearish MACD,Konsolidasi / Transisi,Normal,Distribusi (Turun),Gap Up (+3.0%),Dominan Jual (Guyur),Squeeze,Rendah,Normal,Area Tengah,< 1 Miliar,Persis di VWAP,Akumulasi Pro (Smart Money),Gorengan Sepi (< 5M),Normal (50-150%),Sideways,Normal,Normal,Turun 1 Hari Beruntun,TP: 139 | CL: 130,Open = High (Tekanan Jual),Ideal (1:2),Netral / Sideways,Netral / Sepi Berita,Supply Kering (Siap Pump) 🏜️,Golden Rebound Fibo 50.0% 🎯,2,WAIT & SEE,HOLD / NEUTRAL,0.0,Kondisi pasar normal,TIDAK ADA,2026-09-03 15:24:34,Biasa / Mengikuti Pasar
15:24,PMUI,Transaksi Sepi (Skip Broksum),Small Cap (Lapis 3),Fair Value (Wajar),0.0,1.4483176,104.0,99,93,116,0.9708737864077669,2420300,Normal,63,Positif,Uptrend,Bullish,Strong Bullish,Perfect Uptrend (5>20>50),Normal,Akumulasi (Naik),Normal,Seimbang / Adu Mekanik,Normal,Sedang,Normal,Rawan Pucuk (High Risk),< 1 Miliar,Di Bawah VWAP (Lemah),Akumulasi Pro (Smart Money),Gorengan Sepi (< 5M),Sepi (< 50%),Mark-Up (Fase Pesta),Normal,Normal,Naik 1 Hari Beruntun,TP: 112 | CL: 98,Open = Low (Bullish Kuat),Menengah (1:1),Netral / Sideways,Netral / Sepi Berita,Normal / Sedang Transisi,Dekat Support Fibo 23.6%,6,WAIT & SEE,HOLD / NEUTRAL,0.0,Kondisi pasar normal,TIDAK ADA,2026-09-03 15:24:34,Biasa / Mengikuti Pasar
15:24,EMAS,Token Mati (Perlu Update),Big Cap (Lapis 1),Overvalued (Mahal),0.0,340000.0,8525.0,8177,6925,9700,0.29411764705882354,11031600,Normal,61,Positif,Uptrend,Bullish,Bearish MACD,Perfect Uptrend (5>20>50),Normal,Akumulasi (Naik),Gap Up (+2.4%),Dominan Jual (Guyur),Normal,Tinggi,Normal,Rawan Pucuk (High Risk),> 1 Miliar,Di Bawah VWAP (Lemah),Akumulasi Pro (Smart Money),Sultan (> 50M/hari),Sepi (< 50%),Mark-Up (Fase Pesta),Normal,Normal,Naik 1 Hari Beruntun,TP: 9272 | CL: 8026,Normal,Tidak Ideal (< 1:1),Netral / Sideways,Netral / Sepi Berita,Normal / Sedang Transisi,Mengambang (Jauh dari Fibo),6,WAIT & SEE,HOLD / NEUTRAL,0.0,Kondisi pasar normal,TIDAK ADA,2026-09-03 15:24:34,Biasa / Mengikuti Pasar
15:24,PJHB,Transaksi Sepi (Skip Broksum),Small Cap (Lapis 3),Fair Value (Wajar),0.0,0.82480013,188.0,179,167,220,0.53475935828877,1432200,Normal,63,Positif,Uptrend,Bullish,Strong Bullish,Perfect Uptrend (5>20>50),Normal,Akumulasi (Naik),Normal,Seimbang / Adu Mekanik,Normal,Sedang,Normal,Rawan Pucuk (High Risk),< 1 Miliar,Persis di VWAP,Distribusi Pro (Guyuran),Gorengan Sepi (< 5M),Sepi (< 50%),Mark-Up (Fase Pesta),Spesialis Tiang Jemuran (Banting Pucuk),Normal,Naik 1 Hari Beruntun,TP: 200 | CL: 179,Open = High (Tekanan Jual),Ideal (1:2),Golden Cross (Awal Bullish),Netral / Sepi Berita,Normal / Sedang Transisi,Dekat Support Fibo 38.2%,6,WAIT & SEE,HOLD / NEUTRAL,0.0,Kondisi pasar normal,TIDAK ADA,2026-09-03 15:24:34,Biasa / Mengikuti Pasar
15:24,RLCO,Token Mati (Perlu Update),Big Cap (Lapis 1),Overvalued (Mahal),328.99493,43.7479,4550.0,4544,4110,5175,2.0179372197309418,786200,Tembus MA20,55,Positif,Uptrend,Bearish,Bearish MACD,Konsolidasi / Transisi,Normal,Akumulasi (Naik),Normal,Seimbang / Adu Mekanik,Normal,Tinggi,Normal,Rawan Pucuk (High Risk),> 1 Miliar,Di Atas VWAP (Kuat),Akumulasi Pro (Smart Money),Gorengan Sepi (< 5M),Normal (50-150%),Mark-Up (Fase Pesta),Normal,Normal,Naik 2 Hari Beruntun,TP: 4800 | CL: 4382,Open = Low (Bullish Kuat),Menengah (1:1),Netral / Sideways,Netral / Sepi Berita,Normal / Sedang Transisi,Mendekati Fibo 38.2%,5,WAIT & SEE,HOLD / NEUTRAL,0.0,Kondisi pasar normal,TIDAK ADA,2026-09-03 15:24:34,Biasa / Mengikuti Pasar
15:24,SUPA,Token Mati (Perlu Update),Big Cap (Lapis 1),Overvalued (Mahal),68.652855,2.2170815,530.0,547,505,605,-1.8518518518518516,13525600,Normal,41,Negatif,Downtrend,Bearish,Bullish MACD,Strong Downtrend (5<20<50),Normal,Akumulasi (Naik),Normal,Seimbang / Adu Mekanik,Normal,Tinggi,Normal,Area Tengah,> 1 Miliar,Persis di VWAP,Akumulasi Pro (Smart Money),Ritel Aktif (5M - 50M),Normal (50-150%),Mark-Down (Fase Runtuh),Solid (Jarang Dibanting),Normal,Turun 1 Hari Beruntun,TP: 561 | CL: 509,Open = High (Tekanan Jual),Sangat Menarik (> 1:3),Golden Cross (Awal Bullish),Netral / Sepi Berita,Normal / Sedang Transisi,Mengambang (Jauh dari Fibo),2,WAIT & SEE,HOLD / NEUTRAL,0.0,Kondisi pasar normal,TIDAK ADA,2026-09-03 15:24:34,Biasa / Mengikuti Pasar
15:24,WBSA,Token Mati (Perlu Update),Mid Cap (Lapis 2),Overvalued (Mahal),0.0,13.1686325,710.0,674,630,755,-4.054054054054054,11458700,Normal,58,Negatif,Uptrend,Bullish,Strong Bullish,Perfect Uptrend (5>20>50),Normal,Akumulasi (Naik),Normal,Dominan Jual (Guyur),Normal,Tinggi,Normal,Rawan Pucuk (High Risk),> 1 Miliar,Persis di VWAP,Akumulasi Pro (Smart Money),Ritel Aktif (5M - 50M),Normal (50-150%),Mark-Up (Fase Pesta),Solid (Jarang Dibanting),Normal,Turun 1 Hari Beruntun,TP: 763 | CL: 674,Open = High (Tekanan Jual),Tidak Ideal (< 1:1),Death Cross (Awal Bearish),Netral / Sepi Berita,Normal / Sedang Transisi,Dekat Support Fibo 50.0%,5,WAIT & SEE,HOLD / NEUTRAL,0.0,Kondisi pasar normal,TIDAK ADA,2026-09-03 15:24:34,Biasa / Mengikuti Pasar
15:24,WMPP,Token Mati (Perlu Update),Small Cap (Lapis 3),Overvalued (Mahal),23.741007,3.8123844,33.0,32,26,41,10.0,103852600,Tembus MA20,57,Positif,Uptrend,Bearish,Bearish MACD,Konsolidasi / Transisi,Normal,Akumulasi (Naik),Gap Up (+10.0%),Dominan Beli (Hajar Kanan),Normal,Tinggi,Doji (Ragu-ragu),Rawan Pucuk (High Risk),> 1 Miliar,Di Atas VWAP (Kuat),Akumulasi Pro (Smart Money),Gorengan Sepi (< 5M),Anomali Tinggi (150-300%),Mark-Up (Fase Pesta),Normal,Jarum Bawah (Sinyal Pantulan Kuat),Naik 3 Hari Beruntun,TP: 36 | CL: 30,Normal,Menengah (1:1),Golden Cross (Awal Bullish),Netral / Sepi Berita,Normal / Sedang Transisi,Mengambang (Jauh dari Fibo),7,BELI,HOLD / NEUTRAL,0.0,Kondisi pasar normal,TIDAK ADA,2026-09-03 15:24:34,Biasa / Mengikuti Pasar
15:24,RMKE,Token Mati (Perlu Update),Mid Cap (Lapis 2),Overvalued (Mahal),29.7464,4.896762,432.0,417,390,446,-1.36986301369863,100903000,Tembus MA20,54,Negatif,Uptrend,Bullish,Strong Bullish,Awal Reversal (5>20),Normal,Akumulasi (Naik),Normal,Seimbang / Adu Mekanik,Normal,Sedang,Normal,Rawan Pucuk (High Risk),> 1 Miliar,Persis di VWAP,Akumulasi Pro (Smart Money),Ritel Aktif (5M - 50M),Normal (50-150%),Accumulation (Kumpul Barang),Normal,Normal,Turun 1 Hari Beruntun,TP: 457 | CL: 415,Open = High (Tekanan Jual),Tidak Ideal (< 1:1),Death Cross (Awal Bearish),Netral / Sepi Berita,Normal / Sedang Transisi,Mengambang (Jauh dari Fibo),6,WAIT & SEE,HOLD / NEUTRAL,0.0,Kondisi pasar normal,TIDAK ADA,2026-09-03 15:24:34,Biasa / Mengikuti Pasar
15:24,OBMD,Transaksi Sepi (Skip Broksum),Small Cap (Lapis 3),Fair Value (Wajar),0.0,0.7150284,185.0,192,178,210,2.209944751381215,874100,Normal,46,Positif,Downtrend,Bearish,Bearish MACD,Konsolidasi / Transisi,Normal,Distribusi (Turun),Normal,Seimbang / Adu Mekanik,Bottom Rebound,Sedang,Normal,Area Tengah,< 1 Miliar,Persis di VWAP,Distribusi Pro (Guyuran),Gorengan Sepi (< 5M),Normal (50-150%),Distribution (Fase Jualan),Normal,Normal,Naik 1 Hari Beruntun,TP: 200 | CL: 174,Open = Low (Bullish Kuat),Sangat Menarik (> 1:3),Golden Cross (Awal Bullish),Netral / Sepi Berita,Normal / Sedang Transisi,Dekat Support Fibo 61.8% (Golden Ratio),1,WAIT & SEE,HOLD / NEUTRAL,0.0,Kondisi pasar normal,TIDAK ADA,2026-09-03 15:24:34,Biasa / Mengikuti Pasar
15:24,AVIA,Token Mati (Perlu Update),Big Cap (Lapis 1),Fair Value (Wajar),11.588785,2.287246,372.0,346,322,376,1.639344262295082,10015300,Normal,68,Positif,Uptrend,Bullish,Strong Bullish,Perfect Uptrend (5>20>50),Normal,Akumulasi (Naik),Normal,Seimbang / Adu Mekanik,Normal,Tinggi,Normal,Rawan Pucuk (High Risk),> 1 Miliar,Di Atas VWAP (Kuat),Akumulasi Pro (Smart Money),Ritel Aktif (5M - 50M),Normal (50-150%),Mark-Up (Fase Pesta),Normal,Normal,Naik 2 Hari Beruntun,TP: 388 | CL: 360,Normal,Tidak Ideal (< 1:1),Overbought (Jenuh Beli - Rawan),Netral / Sepi Berita,Normal / Sedang Transisi,Mendekati Fibo 23.6%,6,WAIT & SEE,HOLD / NEUTRAL,0.0,Kondisi pasar normal,TIDAK ADA,2026-09-03 15:24:34,Biasa / Mengikuti Pasar
15:24,NASI,Transaksi Sepi (Skip Broksum),Small Cap (Lapis 3),Overvalued (Mahal),29.803299,2.2020612,150.0,139,130,175,-1.3157894736842104,1582400,Normal,66,Negatif,Uptrend,Bullish,Strong Bullish,Perfect Uptrend (5>20>50),Normal,Akumulasi (Naik),Normal,Seimbang / Adu Mekanik,Normal,Tinggi,Normal,Rawan Pucuk (High Risk),< 1 Miliar,Di Bawah VWAP (Lemah),Distribusi Pro (Guyuran),Gorengan Sepi (< 5M),Sepi (< 50%),Mark-Up (Fase Pesta),Spesialis Tiang Jemuran (Banting Pucuk),Normal,Turun 2 Hari Beruntun,TP: 164 | CL: 140,Open = High (Tekanan Jual),Menengah (1:1),Netral / Sideways,Netral / Sepi Berita,Supply Banjir (Distribusi) 🌊,Mendekati Fibo 38.2%,5,WAIT & SEE,HOLD / NEUTRAL,0.0,Kondisi pasar normal,TIDAK ADA,2026-09-03 15:24:34,Biasa / Mengikuti Pasar
15:24,BSML,Token Mati (Perlu Update),Small Cap (Lapis 3),Overvalued (Mahal),157.52802,7.246276,520.0,517,505,545,0.9708737864077669,9325300,Normal,54,Positif,Uptrend,Bearish,Bearish MACD,Konsolidasi / Transisi,Normal,Akumulasi (Naik),Normal,Seimbang / Adu Mekanik,Squeeze,Rendah,Doji (Ragu-ragu),Dekat Support (Low Risk),> 1 Miliar,Persis di VWAP,Distribusi Pro (Guyuran),Ritel Aktif (5M - 50M),Normal (50-150%),Mark-Up (Fase Pesta),Normal,Jarum Bawah (Sinyal Pantulan Kuat),Naik 1 Hari Beruntun,TP: 541 | CL: 505,Normal,Ideal (1:2),Golden Cross (Awal Bullish),Netral / Sepi Berita,Normal / Sedang Transisi,Mendekati Fibo 23.6%,4,WAIT & SEE,HOLD / NEUTRAL,0.0,Kondisi pasar normal,TIDAK ADA,2026-09-03 15:24:34,Biasa / Mengikuti Pasar
15:24,DRMA,Transaksi Sepi (Skip Broksum),Mid Cap (Lapis 2),Fair Value (Wajar),6.689189,1.7069408,995.0,993,945,1040,-0.5,992200,Tembus MA20,56,Negatif,Uptrend,Bullish,Bearish MACD,Perfect Uptrend (5>20>50),Normal,Akumulasi (Naik),Normal,Seimbang / Adu Mekanik,Normal,Sedang,Normal,Area Tengah,< 1 Miliar,Di Bawah VWAP (Lemah),Distribusi Pro (Guyuran),Gorengan Sepi (< 5M),Normal (50-150%),Mark-Up (Fase Pesta),Spesialis Tiang Jemuran (Banting Pucuk),Normal,Turun 3 Hari Beruntun,TP: 1022 | CL: 976,Normal,Tidak Ideal (< 1:1),Netral / Sideways,Netral / Sepi Berita,Normal / Sedang Transisi,Dekat Support Fibo 23.6%,5,WAIT & SEE,HOLD / NEUTRAL,0.0,Kondisi pasar normal,TIDAK ADA,2026-09-03 15:24:34,Biasa / Mengikuti Pasar
15:24,ADMF,Transaksi Sepi (Skip Broksum),Big Cap (Lapis 1),Undervalued (Murah),5.8006577,0.689403,8700.0,8686,8525,8800,-0.28653295128939826,65400,Normal,60,Negatif,Uptrend,Bullish,Bearish MACD,Perfect Uptrend (5>20>50),Normal,Distribusi (Turun),Normal,Dominan Beli (Hajar Kanan),Squeeze,Rendah,Hammer (Potensi Reversal),Dekat Support (Low Risk),< 1 Miliar,Persis di VWAP,Akumulasi Pro (Smart Money),Gorengan Sepi (< 5M),Normal (50-150%),Mark-Up (Fase Pesta),Spesialis Tiang Jemuran (Banting Pucuk),Jarum Bawah (Sinyal Pantulan Kuat),Turun 1 Hari Beruntun,TP: 8868 | CL: 8587,Open = High (Tekanan Jual),Tidak Ideal (< 1:1),Death Cross (Awal Bearish),Netral / Sepi Berita,Normal / Sedang Transisi,Golden Rebound Fibo 23.6% 🎯,4,WAIT & SEE,HOLD / NEUTRAL,0.0,Kondisi pasar normal,TIDAK ADA,2026-09-03 15:24:34,Biasa / Mengikuti Pasar
15:24,ADMG,Token Mati (Perlu Update),Mid Cap (Lapis 2),Overvalued (Mahal),19.694868,9466.667,284.0,253,220,310,5.970149253731343,9341500,Tembus MA20,75,Positif,Uptrend,Bullish,Strong Bullish,Perfect Uptrend (5>20>50),Akumulasi Kuat,Akumulasi (Naik),Normal,Seimbang / Adu Mekanik,Breakout Upper,Tinggi,Normal,Rawan Pucuk (High Risk),> 1 Miliar,Di Atas VWAP (Kuat),Akumulasi Pro (Smart Money),Gorengan Sepi (< 5M),Ledakan Ekstrem (> 300%),Mark-Up (Fase Pesta),Spesialis Tiang Jemuran (Banting Pucuk),Normal,Naik 3 Hari Beruntun,TP: 302 | CL: 271,Normal,Tidak Ideal (< 1:1),Netral / Sideways,Netral / Sepi Berita,Normal / Sedang Transisi,Dekat Support Fibo 23.6%,8,BELI,HOLD / NEUTRAL,0.0,Kondisi pasar normal,TIDAK ADA,2026-09-03 15:24:34,Biasa / Mengikuti Pasar
15:24,ADRO,Token Mati (Perlu Update),Big Cap (Lapis 1),Overvalued (Mahal),7.614355,17000.0,2720.0,2600,2460,2860,2.6415094339622645,64890400,Tembus MA20,59,Positif,Uptrend,Bullish,Strong Bullish,Perfect Uptrend (5>20>50),Normal,Distribusi (Turun),Normal,Dominan Beli (Hajar Kanan),Normal,Tinggi,Marubozu (Strong Bullish),Rawan Pucuk (High Risk),> 1 Miliar,Persis di VWAP,Akumulasi Pro (Smart Money),Sultan (> 50M/hari),Normal (50-150%),Mark-Up (Fase Pesta),Normal,Normal,Naik 1 Hari Beruntun,TP: 2850 | CL: 2632,Open = Low (Bullish Kuat),Tidak Ideal (< 1:1),Netral / Sideways,Netral / Sepi Berita,Normal / Sedang Transisi,Dekat Support Fibo 23.6%,7,BELI,HOLD / NEUTRAL,0.0,Kondisi pasar normal,TIDAK ADA,2026-09-03 15:24:34,Biasa / Mengikuti Pasar
15:24,AGII,Transaksi Sepi (Skip Broksum),Mid Cap (Lapis 2),Overvalued (Mahal),91.51515,2.4461067,3020.0,2916,2710,3070,0.6666666666666667,63400,Normal,58,Positif,Uptrend,Bullish,Strong Bullish,Perfect Uptrend (5>20>50),Normal,Akumulasi (Naik),Normal,Seimbang / Adu Mekanik,Normal,Sedang,Normal,Rawan Pucuk (High Risk),< 1 Miliar,Di Atas VWAP (Kuat),Akumulasi Pro (Smart Money),Gorengan Sepi (< 5M),Sepi (< 50%),Mark-Up (Fase Pesta),Normal,Normal,Naik 1 Hari Beruntun,TP: 3155 | CL: 2930,Normal,Tidak Ideal (< 1:1),Overbought (Jenuh Beli - Rawan),Netral / Sepi Berita,Normal / Sedang Transisi,Mendekati Fibo 50.0%,6,WAIT & SEE,HOLD / NEUTRAL,0.0,Kondisi pasar normal,TIDAK ADA,2026-09-03 15:24:34,Biasa / Mengikuti Pasar
15:24,AGRO,Token Mati (Perlu Update),Mid Cap (Lapis 2),Fair Value (Wajar),0.0,1.3113478,155.0,149,143,158,1.3071895424836601,8526900,Tembus MA20,61,Positif,Uptrend,Golden Cross,Strong Bullish,Perfect Uptrend (5>20>50),Normal,Akumulasi (Naik),Normal,Seimbang / Adu Mekanik,Squeeze,Rendah,Normal,Area Tengah,> 1 Miliar,Di Atas VWAP (Kuat),Distribusi Pro (Guyuran),Gorengan Sepi (< 5M),Normal (50-150%),Mark-Up (Fase Pesta),Normal,Normal,Naik 5 Hari Beruntun,TP: 162 | CL: 149,Normal,Tidak Ideal (< 1:1),Netral / Sideways,Netral / Sepi Berita,Normal / Sedang Transisi,Dekat Support Fibo 23.6%,7,BELI,HOLD / NEUTRAL,0.0,Kondisi pasar normal,TIDAK ADA,2026-09-03 15:24:34,Biasa / Mengikuti Pasar
15:24,AGRS,Token Mati (Perlu Update),Mid Cap (Lapis 2),Undervalued (Murah),11.722913,0.5336697,66.0,61,58,68,6.451612903225806,48803300,Tembus MA20,70,Positif,Uptrend,Bullish,Strong Bullish,Perfect Uptrend (5>20>50),Akumulasi Kuat,Akumulasi (Naik),Normal,Dominan Beli (Hajar Kanan),Breakout Upper,Sedang,Normal,Rawan Pucuk (High Risk),> 1 Miliar,Di Atas VWAP (Kuat),Akumulasi Pro (Smart Money),Gorengan Sepi (< 5M),Ledakan Ekstrem (> 300%),Mark-Up (Fase Pesta),Normal,Normal,Naik 2 Hari Beruntun,TP: 69 | CL: 63,Normal,Tidak Ideal (< 1:1),Netral / Sideways,Netral / Sepi Berita,Normal / Sedang Transisi,Mendekati Fibo 23.6%,9,BELI,HOLD / NEUTRAL,0.0,Kondisi pasar normal,TIDAK ADA,2026-09-03 15:24:34,Biasa / Mengikuti Pasar
15:24,AHAP,Token Mati (Perlu Update),Small Cap (Lapis 3),Fair Value (Wajar),0.0,2.843575,100.0,98,91,110,-1.9607843137254901,12105600,Normal,54,Negatif,Uptrend,Bullish,Bearish MACD,Perfect Uptrend (5>20>50),Normal,Akumulasi (Naik),Normal,Dominan Jual (Guyur),Normal,Tinggi,Normal,Area Tengah,> 1 Miliar,Di Bawah VWAP (Lemah),Akumulasi Pro (Smart Money),Gorengan Sepi (< 5M),Normal (50-150%),Mark-Up (Fase Pesta),Solid (Jarang Dibanting),Normal,Turun 2 Hari Beruntun,TP: 108 | CL: 94,Open = High (Tekanan Jual),Menengah (1:1),Netral / Sideways,Netral / Sepi Berita,Normal / Sedang Transisi,Mengambang (Jauh dari Fibo),4,WAIT & SEE,HOLD / NEUTRAL,0.0,Kondisi pasar normal,TIDAK ADA,2026-09-03 15:24:34,Biasa / Mengikuti Pasar
15:24,AIMS,Transaksi Sepi (Skip Broksum),Small Cap (Lapis 3),Overvalued (Mahal),27.073393,389.9614,505.0,407,362,630,-1.9417475728155338,1186200,Tembus MA20,75,Negatif,Uptrend,Bullish,Strong Bullish,Perfect Uptrend (5>20>50),Normal,Akumulasi (Naik),Gap Up (+6.8%),Dominan Jual (Guyur),Breakout Upper,Tinggi,Normal,Rawan Pucuk (High Risk),< 1 Miliar,Persis di VWAP,Akumulasi Pro (Smart Money),Gorengan Sepi (< 5M),Normal (50-150%),Mark-Up (Fase Pesta),Normal,Normal,Turun 1 Hari Beruntun,TP: 562 | CL: 466,Normal,Tidak Ideal (< 1:1),Death Cross (Awal Bearish),Netral / Sepi Berita,Supply Banjir (Distribusi) 🌊,Dekat Support Fibo 38.2%,7,BELI,HOLD / NEUTRAL,0.0,Kondisi pasar normal,TIDAK ADA,2026-09-03 15:24:34,Biasa / Mengikuti Pasar
15:24,PNSE,Transaksi Sepi (Skip Broksum),Small Cap (Lapis 3),Overvalued (Mahal),0.0,3.391946,500.0,494,470,535,0.8064516129032258,8700,Normal,52,Positif,Uptrend,Bullish,Bullish MACD,Awal Reversal (5>20),Normal,Distribusi (Turun),Gap Down (-2.0%),Dominan Beli (Hajar Kanan),Squeeze,Rendah,Marubozu (Strong Bullish),Area Tengah,< 1 Miliar,Di Atas VWAP (Kuat),Akumulasi Pro (Smart Money),Gorengan Sepi (< 5M),Sepi (< 50%),Accumulation (Kumpul Barang),Spesialis Tiang Jemuran (Banting Pucuk),Normal,Naik 1 Hari Beruntun,TP: 532 | CL: 478,Open = Low (Bullish Kuat),Menengah (1:1),Golden Cross (Awal Bullish),Netral / Sepi Berita,Supply Kering (Siap Pump) 🏜️,Mendekati Fibo 78.6%,6,WAIT & SEE,HOLD / NEUTRAL,0.0,Kondisi pasar normal,TIDAK ADA,2026-09-03 15:24:34,Biasa / Mengikuti Pasar
15:24,PPRO,Transaksi Sepi (Skip Broksum),Small Cap (Lapis 3),Fair Value (Wajar),0.0,-0.23144466,16.0,16,15,18,6.666666666666667,11673500,Normal,47,Positif,Downtrend,Bearish,Strong Bearish,Strong Downtrend (5<20<50),Normal,Akumulasi (Naik),Normal,Dominan Beli (Hajar Kanan),Normal,Tinggi,Marubozu (Strong Bullish),Area Tengah,< 1 Miliar,Di Atas VWAP (Kuat),Akumulasi Pro (Smart Money),Gorengan Sepi (< 5M),Normal (50-150%),Mark-Down (Fase Runtuh),Solid (Jarang Dibanting),Normal,Naik 1 Hari Beruntun,TP: 17 | CL: 15,Open = Low (Bullish Kuat),Ideal (1:2),Golden Cross (Awal Bullish),Netral / Sepi Berita,Normal / Sedang Transisi,Mendekati Fibo 50.0%,3,WAIT & SEE,HOLD / NEUTRAL,0.0,Kondisi pasar normal,TIDAK ADA,2026-09-03 15:24:34,Biasa / Mengikuti Pasar
